run_id,algorithm,environment,seed,inspection_coverage,hazard_recall,path_length,collisions,near_misses,restricted_zone_violations,time_to_inspect,energy_proxy,success,average_planning_latency_ms,decision_reasons
risk_aware_astar:site_small:0,risk_aware_astar,site_small,0,0.19,1.0,21.0,0,3,0,25,21.799999999999997,True,0.14361999928951263,"{""inspect"": 4, ""risk_aware_shortest_path"": 21}"
risk_aware_astar:site_small:1,risk_aware_astar,site_small,1,0.14,1.0,14.0,0,0,0,18,14.799999999999999,True,0.06187221636840453,"{""inspect"": 4, ""risk_aware_shortest_path"": 14}"
risk_aware_astar:site_small:2,risk_aware_astar,site_small,2,0.13,1.0,12.0,0,0,0,16,12.799999999999999,True,0.1143749959737761,"{""inspect"": 4, ""risk_aware_shortest_path"": 12}"
risk_aware_astar:site_small:3,risk_aware_astar,site_small,3,0.18,1.0,17.0,0,0,0,21,17.8,True,0.07183809066191316,"{""inspect"": 4, ""risk_aware_shortest_path"": 17}"
risk_aware_astar:site_small:4,risk_aware_astar,site_small,4,0.13,1.0,14.0,0,0,0,18,14.799999999999997,True,0.07589999748031712,"{""inspect"": 4, ""risk_aware_shortest_path"": 14}"
risk_aware_astar:site_small:5,risk_aware_astar,site_small,5,0.17,1.0,18.0,0,0,0,22,18.8,True,0.07965454741762104,"{""inspect"": 4, ""risk_aware_shortest_path"": 18}"
risk_aware_astar:site_small:6,risk_aware_astar,site_small,6,0.1,1.0,13.0,0,0,0,17,13.8,True,0.07113529650001403,"{""inspect"": 4, ""risk_aware_shortest_path"": 13}"
risk_aware_astar:site_small:7,risk_aware_astar,site_small,7,0.17,1.0,21.0,0,0,0,25,21.8,True,0.09014400304295123,"{""inspect"": 4, ""risk_aware_shortest_path"": 21}"
risk_aware_astar:site_small:8,risk_aware_astar,site_small,8,0.05,1.0,4.0,0,0,0,8,4.800000000000001,True,0.02319999475730583,"{""inspect"": 4, ""risk_aware_shortest_path"": 4}"
risk_aware_astar:site_small:9,risk_aware_astar,site_small,9,0.23,1.0,25.0,0,0,0,29,25.799999999999997,True,0.11707931166868014,"{""inspect"": 4, ""risk_aware_shortest_path"": 25}"
risk_aware_astar:site_small:10,risk_aware_astar,site_small,10,0.09,1.0,8.0,0,0,0,11,8.6,True,0.05017272567122497,"{""inspect"": 3, ""risk_aware_shortest_path"": 8}"
risk_aware_astar:site_small:11,risk_aware_astar,site_small,11,0.21,1.0,20.0,0,0,0,24,20.799999999999997,True,0.09401249796307336,"{""inspect"": 4, ""risk_aware_shortest_path"": 20}"
risk_aware_astar:site_small:12,risk_aware_astar,site_small,12,0.24,1.0,23.0,0,0,0,27,23.799999999999997,True,0.12344814496356304,"{""inspect"": 4, ""risk_aware_shortest_path"": 23}"
risk_aware_astar:site_small:13,risk_aware_astar,site_small,13,0.15,1.0,14.0,0,1,0,18,14.799999999999999,True,0.06432777445297688,"{""inspect"": 4, ""risk_aware_shortest_path"": 14}"
risk_aware_astar:site_small:14,risk_aware_astar,site_small,14,0.1,1.0,9.0,0,1,0,13,9.799999999999999,True,0.03916153666348411,"{""inspect"": 4, ""risk_aware_shortest_path"": 9}"
risk_aware_astar:site_small:15,risk_aware_astar,site_small,15,0.06,1.0,6.0,0,0,0,10,6.800000000000001,True,0.036530004581436515,"{""inspect"": 4, ""risk_aware_shortest_path"": 6}"
risk_aware_astar:site_small:16,risk_aware_astar,site_small,16,0.14,1.0,14.0,0,0,0,18,14.799999999999999,True,0.056516666922511324,"{""inspect"": 4, ""risk_aware_shortest_path"": 14}"
risk_aware_astar:site_small:17,risk_aware_astar,site_small,17,0.11,1.0,13.0,0,0,0,17,13.799999999999999,True,0.049705889336216974,"{""inspect"": 4, ""risk_aware_shortest_path"": 13}"
risk_aware_astar:site_small:18,risk_aware_astar,site_small,18,0.15,1.0,14.0,0,0,0,18,14.8,True,0.07136111121831669,"{""inspect"": 4, ""risk_aware_shortest_path"": 14}"
risk_aware_astar:site_small:19,risk_aware_astar,site_small,19,0.18,1.0,21.0,0,0,0,25,21.8,True,0.09629200561903417,"{""inspect"": 4, ""risk_aware_shortest_path"": 21}"
risk_aware_astar:site_small:20,risk_aware_astar,site_small,20,0.19,1.0,25.0,0,0,0,29,25.8,True,0.1075827578837373,"{""inspect"": 4, ""risk_aware_shortest_path"": 25}"
risk_aware_astar:site_small:21,risk_aware_astar,site_small,21,0.2,1.0,24.0,0,0,0,27,24.599999999999998,True,0.13310740555257158,"{""inspect"": 3, ""risk_aware_shortest_path"": 24}"
risk_aware_astar:site_small:22,risk_aware_astar,site_small,22,0.17,1.0,16.0,0,0,0,20,16.799999999999997,True,0.09552999981679022,"{""inspect"": 4, ""risk_aware_shortest_path"": 16}"
risk_aware_astar:site_small:23,risk_aware_astar,site_small,23,0.13,1.0,18.0,0,0,0,22,18.8,True,0.11289999714459885,"{""inspect"": 4, ""risk_aware_shortest_path"": 18}"
risk_aware_astar:site_small:24,risk_aware_astar,site_small,24,0.13,1.0,13.0,0,0,0,17,13.799999999999999,True,0.04431176827946568,"{""inspect"": 4, ""risk_aware_shortest_path"": 13}"
risk_aware_astar:site_small:25,risk_aware_astar,site_small,25,0.17,1.0,18.0,0,0,0,22,18.799999999999997,True,0.08826818190176379,"{""inspect"": 4, ""risk_aware_shortest_path"": 18}"
risk_aware_astar:site_small:26,risk_aware_astar,site_small,26,0.15,1.0,22.0,0,0,0,26,22.799999999999997,True,0.10321538474482413,"{""inspect"": 4, ""risk_aware_shortest_path"": 22}"
risk_aware_astar:site_small:27,risk_aware_astar,site_small,27,0.14,1.0,13.0,0,0,0,17,13.799999999999999,True,0.08948823875364136,"{""inspect"": 4, ""risk_aware_shortest_path"": 13}"
risk_aware_astar:site_small:28,risk_aware_astar,site_small,28,0.18,1.0,18.0,0,0,0,22,18.799999999999997,True,0.09049545306797055,"{""inspect"": 4, ""risk_aware_shortest_path"": 18}"
risk_aware_astar:site_small:29,risk_aware_astar,site_small,29,0.15,1.0,14.0,0,0,0,17,14.599999999999998,True,0.10531764950000626,"{""inspect"": 3, ""risk_aware_shortest_path"": 14}"
risk_aware_astar:site_small:30,risk_aware_astar,site_small,30,0.23,1.0,31.0,0,0,0,35,31.8,True,0.12154285463371448,"{""inspect"": 4, ""risk_aware_shortest_path"": 31}"
risk_aware_astar:site_small:31,risk_aware_astar,site_small,31,0.15,1.0,14.0,0,0,0,18,14.799999999999997,True,0.07872777900451587,"{""inspect"": 4, ""risk_aware_shortest_path"": 14}"
risk_aware_astar:site_small:32,risk_aware_astar,site_small,32,0.15,1.0,14.0,0,1,2,18,14.799999999999999,True,0.15957221815673014,"{""inspect"": 4, ""risk_aware_shortest_path"": 14}"
risk_aware_astar:site_small:33,risk_aware_astar,site_small,33,0.1,1.0,13.0,0,0,0,17,13.799999999999999,True,0.07148823522798278,"{""inspect"": 4, ""risk_aware_shortest_path"": 13}"
risk_aware_astar:site_small:34,risk_aware_astar,site_small,34,0.14,1.0,13.0,0,0,0,17,13.799999999999997,True,0.061088236500783,"{""inspect"": 4, ""risk_aware_shortest_path"": 13}"
risk_aware_astar:site_small:35,risk_aware_astar,site_small,35,0.13,1.0,12.0,0,0,0,15,12.599999999999998,True,0.12372666387818754,"{""inspect"": 3, ""risk_aware_shortest_path"": 12}"
risk_aware_astar:site_small:36,risk_aware_astar,site_small,36,0.11,1.0,10.0,0,0,0,14,10.8,True,0.045614290034531484,"{""inspect"": 4, ""risk_aware_shortest_path"": 10}"
risk_aware_astar:site_small:37,risk_aware_astar,site_small,37,0.16,1.0,15.0,0,0,0,19,15.799999999999999,True,0.08641579341584522,"{""inspect"": 4, ""risk_aware_shortest_path"": 15}"
risk_aware_astar:site_small:38,risk_aware_astar,site_small,38,0.15,1.0,16.0,0,1,0,20,16.799999999999997,True,0.07205499859992415,"{""inspect"": 4, ""risk_aware_shortest_path"": 16}"
risk_aware_astar:site_small:39,risk_aware_astar,site_small,39,0.15,1.0,20.0,0,1,0,24,20.8,True,0.10625417053233832,"{""inspect"": 4, ""risk_aware_shortest_path"": 20}"
risk_aware_astar:site_small:40,risk_aware_astar,site_small,40,0.11,1.0,12.0,0,0,0,16,12.799999999999999,True,0.05396249980549328,"{""inspect"": 4, ""risk_aware_shortest_path"": 12}"
risk_aware_astar:site_small:41,risk_aware_astar,site_small,41,0.1,1.0,13.0,0,0,0,17,13.8,True,0.09508823174709345,"{""inspect"": 4, ""risk_aware_shortest_path"": 13}"
risk_aware_astar:site_small:42,risk_aware_astar,site_small,42,0.15,1.0,15.0,0,0,1,18,15.599999999999998,True,0.09581666219876045,"{""inspect"": 3, ""risk_aware_shortest_path"": 15}"
risk_aware_astar:site_small:43,risk_aware_astar,site_small,43,0.22,1.0,25.0,0,0,0,29,25.799999999999997,True,0.15131379016032764,"{""inspect"": 4, ""risk_aware_shortest_path"": 25}"
risk_aware_astar:site_small:44,risk_aware_astar,site_small,44,0.22,1.0,24.0,0,0,0,28,24.8,True,0.12876785642999625,"{""inspect"": 4, ""risk_aware_shortest_path"": 24}"
risk_aware_astar:site_small:45,risk_aware_astar,site_small,45,0.29,1.0,33.0,0,0,0,37,33.8,True,0.13144054085116935,"{""inspect"": 4, ""risk_aware_shortest_path"": 33}"
risk_aware_astar:site_small:46,risk_aware_astar,site_small,46,0.11,1.0,10.0,0,1,0,14,10.799999999999999,True,0.04189285807245012,"{""inspect"": 4, ""risk_aware_shortest_path"": 10}"
risk_aware_astar:site_small:47,risk_aware_astar,site_small,47,0.08,1.0,8.0,0,1,0,11,8.6,True,0.06269999324682761,"{""inspect"": 3, ""risk_aware_shortest_path"": 8}"
risk_aware_astar:site_small:48,risk_aware_astar,site_small,48,0.11,1.0,13.0,0,0,0,17,13.799999999999999,True,0.07301764665445422,"{""inspect"": 4, ""risk_aware_shortest_path"": 13}"
risk_aware_astar:site_small:49,risk_aware_astar,site_small,49,0.17,1.0,18.0,0,0,0,21,18.599999999999998,True,0.1369238043913529,"{""inspect"": 3, ""risk_aware_shortest_path"": 18}"
risk_aware_astar:site_small:50,risk_aware_astar,site_small,50,0.09,1.0,8.0,0,0,0,12,8.8,True,0.0617333377401034,"{""inspect"": 4, ""risk_aware_shortest_path"": 8}"
risk_aware_astar:site_small:51,risk_aware_astar,site_small,51,0.18,1.0,17.0,0,0,0,20,17.599999999999998,True,0.08282499766210094,"{""inspect"": 3, ""risk_aware_shortest_path"": 17}"
risk_aware_astar:site_small:52,risk_aware_astar,site_small,52,0.14,1.0,13.0,0,0,0,17,13.799999999999999,True,0.05011764861752882,"{""inspect"": 4, ""risk_aware_shortest_path"": 13}"
risk_aware_astar:site_small:53,risk_aware_astar,site_small,53,0.16,1.0,16.0,0,2,0,20,16.8,True,0.08712000126251951,"{""inspect"": 4, ""risk_aware_shortest_path"": 16}"
risk_aware_astar:site_small:54,risk_aware_astar,site_small,54,0.18,1.0,21.0,0,0,0,25,21.799999999999997,True,0.07327199913561344,"{""inspect"": 4, ""risk_aware_shortest_path"": 21}"
risk_aware_astar:site_small:55,risk_aware_astar,site_small,55,0.29,1.0,52.0,0,0,0,56,52.8,True,0.1920803593488277,"{""inspect"": 4, ""risk_aware_shortest_path"": 52}"
risk_aware_astar:site_small:56,risk_aware_astar,site_small,56,0.16,1.0,19.0,0,0,0,23,19.799999999999997,True,0.07870434859322141,"{""inspect"": 4, ""risk_aware_shortest_path"": 19}"
risk_aware_astar:site_small:57,risk_aware_astar,site_small,57,0.2,1.0,20.0,0,0,0,23,20.599999999999998,True,0.08849130498002404,"{""inspect"": 3, ""risk_aware_shortest_path"": 20}"
risk_aware_astar:site_small:58,risk_aware_astar,site_small,58,0.1,1.0,13.0,0,0,0,17,13.8,True,0.07952352205072255,"{""inspect"": 4, ""risk_aware_shortest_path"": 13}"
risk_aware_astar:site_small:59,risk_aware_astar,site_small,59,0.11,1.0,10.0,0,0,0,14,10.8,True,0.05093571547019694,"{""inspect"": 4, ""risk_aware_shortest_path"": 10}"
risk_aware_astar:site_small:60,risk_aware_astar,site_small,60,0.18,1.0,24.0,0,0,0,28,24.799999999999997,True,0.09657856883547668,"{""inspect"": 4, ""risk_aware_shortest_path"": 24}"
risk_aware_astar:site_small:61,risk_aware_astar,site_small,61,0.14,1.0,15.0,0,0,0,19,15.799999999999997,True,0.057600003569141814,"{""inspect"": 4, ""risk_aware_shortest_path"": 15}"
risk_aware_astar:site_small:62,risk_aware_astar,site_small,62,0.2,1.0,22.0,0,0,0,26,22.799999999999997,True,0.15074230815606335,"{""inspect"": 4, ""risk_aware_shortest_path"": 22}"
risk_aware_astar:site_small:63,risk_aware_astar,site_small,63,0.18,1.0,21.0,0,0,0,24,21.599999999999998,True,0.14484583031541357,"{""inspect"": 3, ""risk_aware_shortest_path"": 21}"
risk_aware_astar:site_small:64,risk_aware_astar,site_small,64,0.11,1.0,10.0,0,0,0,13,10.6,True,0.05910769463158571,"{""inspect"": 3, ""risk_aware_shortest_path"": 10}"
risk_aware_astar:site_small:65,risk_aware_astar,site_small,65,0.15,1.0,14.0,0,0,0,18,14.799999999999997,True,0.06808888994985157,"{""inspect"": 4, ""risk_aware_shortest_path"": 14}"
risk_aware_astar:site_small:66,risk_aware_astar,site_small,66,0.13,1.0,12.0,0,0,0,15,12.6,True,0.08088666751670341,"{""inspect"": 3, ""risk_aware_shortest_path"": 12}"
risk_aware_astar:site_small:67,risk_aware_astar,site_small,67,0.14,1.0,14.0,0,0,0,18,14.799999999999999,True,0.05860555716531558,"{""inspect"": 4, ""risk_aware_shortest_path"": 14}"
risk_aware_astar:site_small:68,risk_aware_astar,site_small,68,0.18,1.0,17.0,0,1,0,21,17.8,True,0.06639523642315041,"{""inspect"": 4, ""risk_aware_shortest_path"": 17}"
risk_aware_astar:site_small:69,risk_aware_astar,site_small,69,0.09,1.0,9.0,0,0,0,12,9.6,True,0.07480000446472938,"{""inspect"": 3, ""risk_aware_shortest_path"": 9}"
risk_aware_astar:site_small:70,risk_aware_astar,site_small,70,0.15,1.0,17.0,0,0,0,21,17.799999999999997,True,0.06509523622558586,"{""inspect"": 4, ""risk_aware_shortest_path"": 17}"
risk_aware_astar:site_small:71,risk_aware_astar,site_small,71,0.11,1.0,12.0,0,1,0,15,12.6,True,0.06737333217946191,"{""inspect"": 3, ""risk_aware_shortest_path"": 12}"
risk_aware_astar:site_small:72,risk_aware_astar,site_small,72,0.1,1.0,9.0,0,0,0,13,9.8,True,0.045969231555668205,"{""inspect"": 4, ""risk_aware_shortest_path"": 9}"
risk_aware_astar:site_small:73,risk_aware_astar,site_small,73,0.21,1.0,21.0,0,0,0,25,21.799999999999997,True,0.09614399983547628,"{""inspect"": 4, ""risk_aware_shortest_path"": 21}"
risk_aware_astar:site_small:74,risk_aware_astar,site_small,74,0.1,1.0,9.0,0,0,0,12,9.6,True,0.06149999777941654,"{""inspect"": 3, ""risk_aware_shortest_path"": 9}"
risk_aware_astar:site_small:75,risk_aware_astar,site_small,75,0.22,1.0,30.0,0,2,0,33,30.599999999999998,True,0.16170303305526348,"{""inspect"": 3, ""risk_aware_shortest_path"": 30}"
risk_aware_astar:site_small:76,risk_aware_astar,site_small,76,0.13,1.0,13.0,0,0,0,17,13.799999999999999,True,0.07646470775772982,"{""inspect"": 4, ""risk_aware_shortest_path"": 13}"
risk_aware_astar:site_small:77,risk_aware_astar,site_small,77,0.16,1.0,21.0,0,0,0,25,21.8,True,0.09047999861650169,"{""inspect"": 4, ""risk_aware_shortest_path"": 21}"
risk_aware_astar:site_small:78,risk_aware_astar,site_small,78,0.16,1.0,34.0,0,0,0,38,34.800000000000004,True,0.12106579226000529,"{""inspect"": 4, ""risk_aware_shortest_path"": 34}"
risk_aware_astar:site_small:79,risk_aware_astar,site_small,79,0.13,1.0,13.0,0,0,0,17,13.8,True,0.07574705865836757,"{""inspect"": 4, ""risk_aware_shortest_path"": 13}"
risk_aware_astar:site_small:80,risk_aware_astar,site_small,80,0.16,1.0,15.0,0,0,0,19,15.799999999999999,True,0.06803157616798815,"{""inspect"": 4, ""risk_aware_shortest_path"": 15}"
risk_aware_astar:site_small:81,risk_aware_astar,site_small,81,0.1,1.0,11.0,0,0,0,15,11.799999999999999,True,0.08814666847077508,"{""inspect"": 4, ""risk_aware_shortest_path"": 11}"
risk_aware_astar:site_small:82,risk_aware_astar,site_small,82,0.09,1.0,14.0,0,2,0,18,14.8,True,0.07910000406102174,"{""inspect"": 4, ""risk_aware_shortest_path"": 14}"
risk_aware_astar:site_small:83,risk_aware_astar,site_small,83,0.22,1.0,22.0,0,0,0,26,22.799999999999997,True,0.11510769344078234,"{""inspect"": 4, ""risk_aware_shortest_path"": 22}"
risk_aware_astar:site_small:84,risk_aware_astar,site_small,84,0.07,1.0,6.0,0,0,0,9,6.6000000000000005,True,0.04214444197714329,"{""inspect"": 3, ""risk_aware_shortest_path"": 6}"
risk_aware_astar:site_small:85,risk_aware_astar,site_small,85,0.12,1.0,11.0,0,0,0,15,11.799999999999999,True,0.05708667061602076,"{""inspect"": 4, ""risk_aware_shortest_path"": 11}"
risk_aware_astar:site_small:86,risk_aware_astar,site_small,86,0.08,1.0,9.0,0,0,0,13,9.8,True,0.05264615174382925,"{""inspect"": 4, ""risk_aware_shortest_path"": 9}"
risk_aware_astar:site_small:87,risk_aware_astar,site_small,87,0.11,1.0,13.0,0,1,0,17,13.8,True,0.07684117950060788,"{""inspect"": 4, ""risk_aware_shortest_path"": 13}"
risk_aware_astar:site_small:88,risk_aware_astar,site_small,88,0.09,1.0,10.0,0,0,0,14,10.799999999999999,True,0.03631428782162922,"{""inspect"": 4, ""risk_aware_shortest_path"": 10}"
risk_aware_astar:site_small:89,risk_aware_astar,site_small,89,0.3,1.0,32.0,0,0,0,36,32.8,True,0.14987777588733783,"{""inspect"": 4, ""risk_aware_shortest_path"": 32}"
risk_aware_astar:site_small:90,risk_aware_astar,site_small,90,0.15,1.0,15.0,0,0,0,19,15.8,True,0.0755578941224437,"{""inspect"": 4, ""risk_aware_shortest_path"": 15}"
risk_aware_astar:site_small:91,risk_aware_astar,site_small,91,0.15,1.0,19.0,0,0,0,23,19.8,True,0.08573913541824921,"{""inspect"": 4, ""risk_aware_shortest_path"": 19}"
risk_aware_astar:site_small:92,risk_aware_astar,site_small,92,0.11,1.0,10.0,0,0,0,12,10.399999999999999,True,0.1403333323348003,"{""inspect"": 2, ""risk_aware_shortest_path"": 10}"
risk_aware_astar:site_small:93,risk_aware_astar,site_small,93,0.2,1.0,20.0,0,0,0,24,20.799999999999997,True,0.08370416859785716,"{""inspect"": 4, ""risk_aware_shortest_path"": 20}"
risk_aware_astar:site_small:94,risk_aware_astar,site_small,94,0.1,1.0,9.0,0,0,0,13,9.799999999999999,True,0.06157691957643972,"{""inspect"": 4, ""risk_aware_shortest_path"": 9}"
risk_aware_astar:site_small:95,risk_aware_astar,site_small,95,0.13,1.0,12.0,0,0,0,15,12.599999999999998,True,0.058293332889055215,"{""inspect"": 3, ""risk_aware_shortest_path"": 12}"
risk_aware_astar:site_small:96,risk_aware_astar,site_small,96,0.23,1.0,22.0,0,0,0,26,22.8,True,0.10846923508394796,"{""inspect"": 4, ""risk_aware_shortest_path"": 22}"
risk_aware_astar:site_small:97,risk_aware_astar,site_small,97,0.13,1.0,13.0,0,1,0,17,13.799999999999999,True,0.09218823876889314,"{""inspect"": 4, ""risk_aware_shortest_path"": 13}"
risk_aware_astar:site_small:98,risk_aware_astar,site_small,98,0.17,1.0,18.0,0,0,0,22,18.8,True,0.08884545505597172,"{""inspect"": 4, ""risk_aware_shortest_path"": 18}"
risk_aware_astar:site_small:99,risk_aware_astar,site_small,99,0.09,1.0,12.0,0,1,0,16,12.8,True,0.1133562491304474,"{""inspect"": 4, ""risk_aware_shortest_path"": 12}"
risk_aware_astar:site_medium:0,risk_aware_astar,site_medium,0,0.1683673469387755,1.0,39.0,0,1,0,49,41.0,True,0.20727347190567882,"{""inspect"": 10, ""risk_aware_shortest_path"": 39}"
risk_aware_astar:site_medium:1,risk_aware_astar,site_medium,1,0.2602040816326531,1.0,98.0,0,5,0,107,99.80000000000001,True,0.2847448588135678,"{""inspect"": 9, ""risk_aware_shortest_path"": 98}"
risk_aware_astar:site_medium:2,risk_aware_astar,site_medium,2,0.25510204081632654,1.0,54.0,0,8,0,64,56.00000000000001,True,0.2096781258842384,"{""inspect"": 10, ""risk_aware_shortest_path"": 54}"
risk_aware_astar:site_medium:3,risk_aware_astar,site_medium,3,0.2193877551020408,1.0,46.0,0,4,0,56,48.0,True,0.26235356978889157,"{""inspect"": 10, ""risk_aware_shortest_path"": 46}"
risk_aware_astar:site_medium:4,risk_aware_astar,site_medium,4,0.18877551020408162,1.0,46.0,0,3,2,56,48.000000000000014,True,0.17550535682987953,"{""inspect"": 10, ""risk_aware_shortest_path"": 46}"
risk_aware_astar:site_medium:5,risk_aware_astar,site_medium,5,0.21428571428571427,1.0,61.0,0,0,0,71,63.0,True,0.253101408278281,"{""inspect"": 10, ""risk_aware_shortest_path"": 61}"
risk_aware_astar:site_medium:6,risk_aware_astar,site_medium,6,0.1989795918367347,1.0,40.0,0,3,0,50,42.00000000000001,True,0.14839800423942506,"{""inspect"": 10, ""risk_aware_shortest_path"": 40}"
risk_aware_astar:site_medium:7,risk_aware_astar,site_medium,7,0.20918367346938777,1.0,47.0,0,4,0,56,48.800000000000004,True,0.17449464056491187,"{""inspect"": 9, ""risk_aware_shortest_path"": 47}"
risk_aware_astar:site_medium:8,risk_aware_astar,site_medium,8,0.16326530612244897,1.0,42.0,0,3,0,51,43.800000000000004,True,0.21622352948065335,"{""inspect"": 9, ""risk_aware_shortest_path"": 42}"
risk_aware_astar:site_medium:9,risk_aware_astar,site_medium,9,0.22959183673469388,1.0,60.0,0,6,0,69,61.80000000000001,True,0.3130101447796746,"{""inspect"": 9, ""risk_aware_shortest_path"": 60}"
risk_aware_astar:site_medium:10,risk_aware_astar,site_medium,10,0.23469387755102042,1.0,52.0,0,1,0,62,54.000000000000014,True,0.18340161102147953,"{""inspect"": 10, ""risk_aware_shortest_path"": 52}"
risk_aware_astar:site_medium:11,risk_aware_astar,site_medium,11,0.15816326530612246,1.0,42.0,0,7,0,52,44.00000000000001,True,0.288976921113387,"{""inspect"": 10, ""risk_aware_shortest_path"": 42}"
risk_aware_astar:site_medium:12,risk_aware_astar,site_medium,12,0.20918367346938777,1.0,51.0,0,1,0,60,52.8,True,0.3787366668499696,"{""inspect"": 9, ""risk_aware_shortest_path"": 51}"
risk_aware_astar:site_medium:13,risk_aware_astar,site_medium,13,0.25,1.0,66.0,0,5,0,76,68.0,True,0.3979302625674264,"{""inspect"": 10, ""risk_aware_shortest_path"": 66}"
risk_aware_astar:site_medium:14,risk_aware_astar,site_medium,14,0.2755102040816326,1.0,87.0,0,3,0,97,89.0,True,0.3343628858667366,"{""inspect"": 10, ""risk_aware_shortest_path"": 87}"
risk_aware_astar:site_medium:15,risk_aware_astar,site_medium,15,0.25510204081632654,1.0,59.0,0,6,0,69,61.000000000000014,True,0.24519710290326696,"{""inspect"": 10, ""risk_aware_shortest_path"": 59}"
risk_aware_astar:site_medium:16,risk_aware_astar,site_medium,16,0.1377551020408163,1.0,40.0,0,0,0,50,42.0,True,0.3006220021052286,"{""inspect"": 10, ""risk_aware_shortest_path"": 40}"
risk_aware_astar:site_medium:17,risk_aware_astar,site_medium,17,0.21428571428571427,1.0,51.0,0,2,0,60,52.800000000000004,True,0.2519233336594577,"{""inspect"": 9, ""risk_aware_shortest_path"": 51}"
risk_aware_astar:site_medium:18,risk_aware_astar,site_medium,18,0.24489795918367346,1.0,58.0,0,2,0,67,59.80000000000001,True,0.3053701487925849,"{""inspect"": 9, ""risk_aware_shortest_path"": 58}"
risk_aware_astar:site_medium:19,risk_aware_astar,site_medium,19,0.14795918367346939,1.0,33.0,0,3,0,43,35.0,True,0.20001860820081865,"{""inspect"": 10, ""risk_aware_shortest_path"": 33}"
risk_aware_astar:site_medium:20,risk_aware_astar,site_medium,20,0.1326530612244898,1.0,30.0,0,0,0,39,31.799999999999997,True,0.19544102505255395,"{""inspect"": 9, ""risk_aware_shortest_path"": 30}"
risk_aware_astar:site_medium:21,risk_aware_astar,site_medium,21,0.10204081632653061,1.0,24.0,0,2,0,32,25.599999999999998,True,0.10126562210643897,"{""inspect"": 8, ""risk_aware_shortest_path"": 24}"
risk_aware_astar:site_medium:22,risk_aware_astar,site_medium,22,0.15306122448979592,1.0,41.0,0,3,0,51,43.00000000000001,True,0.21152156941574432,"{""inspect"": 10, ""risk_aware_shortest_path"": 41}"
risk_aware_astar:site_medium:23,risk_aware_astar,site_medium,23,0.19387755102040816,1.0,42.0,0,0,0,52,44.0,True,0.19814038331298015,"{""inspect"": 10, ""risk_aware_shortest_path"": 42}"
risk_aware_astar:site_medium:24,risk_aware_astar,site_medium,24,0.24489795918367346,1.0,83.0,0,0,0,93,85.00000000000001,True,0.29383118387051327,"{""inspect"": 10, ""risk_aware_shortest_path"": 83}"
risk_aware_astar:site_medium:25,risk_aware_astar,site_medium,25,0.20918367346938777,1.0,43.0,0,3,0,53,45.0,True,0.14886037745284583,"{""inspect"": 10, ""risk_aware_shortest_path"": 43}"
risk_aware_astar:site_medium:26,risk_aware_astar,site_medium,26,0.15816326530612246,1.0,37.0,0,1,0,47,39.0,True,0.14660638160111897,"{""inspect"": 10, ""risk_aware_shortest_path"": 37}"
risk_aware_astar:site_medium:27,risk_aware_astar,site_medium,27,0.1683673469387755,1.0,35.0,0,1,0,45,37.0,True,0.31472221857661176,"{""inspect"": 10, ""risk_aware_shortest_path"": 35}"
risk_aware_astar:site_medium:28,risk_aware_astar,site_medium,28,0.1836734693877551,1.0,42.0,0,0,0,52,44.000000000000014,True,0.1662192332262818,"{""inspect"": 10, ""risk_aware_shortest_path"": 42}"
risk_aware_astar:site_medium:29,risk_aware_astar,site_medium,29,0.19387755102040816,1.0,37.0,0,1,0,47,39.0,True,0.2603297867376278,"{""inspect"": 10, ""risk_aware_shortest_path"": 37}"
risk_aware_astar:site_medium:30,risk_aware_astar,site_medium,30,0.23469387755102042,1.0,47.0,0,0,0,57,49.00000000000001,True,0.15331754407829098,"{""inspect"": 10, ""risk_aware_shortest_path"": 47}"
risk_aware_astar:site_medium:31,risk_aware_astar,site_medium,31,0.23979591836734693,1.0,78.0,0,2,0,88,80.00000000000001,True,0.35566136317687447,"{""inspect"": 10, ""risk_aware_shortest_path"": 78}"
risk_aware_astar:site_medium:32,risk_aware_astar,site_medium,32,0.18877551020408162,1.0,38.0,0,0,0,48,40.0,True,0.19022708329430316,"{""inspect"": 10, ""risk_aware_shortest_path"": 38}"
risk_aware_astar:site_medium:33,risk_aware_astar,site_medium,33,0.23469387755102042,1.0,59.0,0,4,0,69,61.0,True,0.43434203025358525,"{""inspect"": 10, ""risk_aware_shortest_path"": 59}"
risk_aware_astar:site_medium:34,risk_aware_astar,site_medium,34,0.14795918367346939,1.0,40.0,0,4,0,48,41.60000000000001,True,0.27188958241216216,"{""inspect"": 8, ""risk_aware_shortest_path"": 40}"
risk_aware_astar:site_medium:35,risk_aware_astar,site_medium,35,0.18877551020408162,1.0,46.0,0,0,0,56,48.0,True,0.1808642877482011,"{""inspect"": 10, ""risk_aware_shortest_path"": 46}"
risk_aware_astar:site_medium:36,risk_aware_astar,site_medium,36,0.11734693877551021,1.0,35.0,0,0,0,43,36.599999999999994,True,0.15591395488225443,"{""inspect"": 8, ""risk_aware_shortest_path"": 35}"
risk_aware_astar:site_medium:37,risk_aware_astar,site_medium,37,0.14285714285714285,1.0,30.0,0,2,0,39,31.799999999999997,True,0.16969230581218234,"{""inspect"": 9, ""risk_aware_shortest_path"": 30}"
risk_aware_astar:site_medium:38,risk_aware_astar,site_medium,38,0.1989795918367347,1.0,40.0,0,0,0,50,42.0,True,0.13434600085020065,"{""inspect"": 10, ""risk_aware_shortest_path"": 40}"
risk_aware_astar:site_medium:39,risk_aware_astar,site_medium,39,0.20918367346938777,1.0,57.0,0,2,0,67,59.000000000000014,True,0.18650149221101137,"{""inspect"": 10, ""risk_aware_shortest_path"": 57}"
risk_aware_astar:site_medium:40,risk_aware_astar,site_medium,40,0.2193877551020408,1.0,50.0,0,1,0,60,52.000000000000014,True,0.21634166817724085,"{""inspect"": 10, ""risk_aware_shortest_path"": 50}"
risk_aware_astar:site_medium:41,risk_aware_astar,site_medium,41,0.1989795918367347,1.0,55.0,0,0,0,64,56.800000000000004,True,0.23288593865800067,"{""inspect"": 9, ""risk_aware_shortest_path"": 55}"
risk_aware_astar:site_medium:42,risk_aware_astar,site_medium,42,0.17857142857142858,1.0,35.0,0,2,0,45,37.0,True,0.12868222418344683,"{""inspect"": 10, ""risk_aware_shortest_path"": 35}"
risk_aware_astar:site_medium:43,risk_aware_astar,site_medium,43,0.18877551020408162,1.0,43.0,0,0,0,51,44.60000000000001,True,0.2705313724136966,"{""inspect"": 8, ""risk_aware_shortest_path"": 43}"
risk_aware_astar:site_medium:44,risk_aware_astar,site_medium,44,0.24489795918367346,1.0,81.0,0,0,0,91,83.00000000000001,True,0.35874395481576876,"{""inspect"": 10, ""risk_aware_shortest_path"": 81}"
risk_aware_astar:site_medium:45,risk_aware_astar,site_medium,45,0.17346938775510204,1.0,53.0,0,0,0,62,54.8,True,0.3164016112174478,"{""inspect"": 9, ""risk_aware_shortest_path"": 53}"
risk_aware_astar:site_medium:46,risk_aware_astar,site_medium,46,0.17857142857142858,1.0,40.0,0,0,0,49,41.8,True,0.23080612656337265,"{""inspect"": 9, ""risk_aware_shortest_path"": 40}"
risk_aware_astar:site_medium:47,risk_aware_astar,site_medium,47,0.20918367346938777,1.0,67.0,0,0,0,77,69.00000000000001,True,0.2302519482705597,"{""inspect"": 10, ""risk_aware_shortest_path"": 67}"
risk_aware_astar:site_medium:48,risk_aware_astar,site_medium,48,0.15306122448979592,1.0,31.0,0,0,0,40,32.8,True,0.17422500313841738,"{""inspect"": 9, ""risk_aware_shortest_path"": 31}"
risk_aware_astar:site_medium:49,risk_aware_astar,site_medium,49,0.23469387755102042,1.0,50.0,0,0,0,60,52.000000000000014,True,0.18390999854697535,"{""inspect"": 10, ""risk_aware_shortest_path"": 50}"
risk_aware_astar:site_medium:50,risk_aware_astar,site_medium,50,0.23469387755102042,1.0,53.0,0,1,0,63,55.0,True,0.264941268445303,"{""inspect"": 10, ""risk_aware_shortest_path"": 53}"
risk_aware_astar:site_medium:51,risk_aware_astar,site_medium,51,0.3112244897959184,1.0,94.0,0,0,0,104,96.00000000000001,True,0.2894615404679476,"{""inspect"": 10, ""risk_aware_shortest_path"": 94}"
risk_aware_astar:site_medium:52,risk_aware_astar,site_medium,52,0.22448979591836735,1.0,67.0,0,11,0,77,69.00000000000001,True,0.5030662324823826,"{""inspect"": 10, ""risk_aware_shortest_path"": 67}"
risk_aware_astar:site_medium:53,risk_aware_astar,site_medium,53,0.25510204081632654,1.0,62.0,0,3,0,71,63.80000000000001,True,0.4299788716950939,"{""inspect"": 9, ""risk_aware_shortest_path"": 62}"
risk_aware_astar:site_medium:54,risk_aware_astar,site_medium,54,0.23469387755102042,1.0,66.0,0,1,0,76,68.00000000000001,True,0.23376579031862907,"{""inspect"": 10, ""risk_aware_shortest_path"": 66}"
risk_aware_astar:site_medium:55,risk_aware_astar,site_medium,55,0.22448979591836735,1.0,55.0,0,1,0,64,56.800000000000004,True,0.22507343737743213,"{""inspect"": 9, ""risk_aware_shortest_path"": 55}"
risk_aware_astar:site_medium:56,risk_aware_astar,site_medium,56,0.25,1.0,81.0,0,1,0,91,83.00000000000001,True,0.32354945350172265,"{""inspect"": 10, ""risk_aware_shortest_path"": 81}"
risk_aware_astar:site_medium:57,risk_aware_astar,site_medium,57,0.15816326530612246,1.0,31.0,0,3,0,41,33.0,True,0.14950243739138652,"{""inspect"": 10, ""risk_aware_shortest_path"": 31}"
risk_aware_astar:site_medium:58,risk_aware_astar,site_medium,58,0.19387755102040816,1.0,43.0,0,1,0,53,45.0,True,0.16742830333862244,"{""inspect"": 10, ""risk_aware_shortest_path"": 43}"
risk_aware_astar:site_medium:59,risk_aware_astar,site_medium,59,0.28061224489795916,1.0,64.0,0,2,0,74,66.00000000000001,True,0.25330269960938273,"{""inspect"": 10, ""risk_aware_shortest_path"": 64}"
risk_aware_astar:site_medium:60,risk_aware_astar,site_medium,60,0.2193877551020408,1.0,48.0,0,0,0,58,50.00000000000001,True,0.16601724200882018,"{""inspect"": 10, ""risk_aware_shortest_path"": 48}"
risk_aware_astar:site_medium:61,risk_aware_astar,site_medium,61,0.29081632653061223,1.0,80.0,0,1,0,90,82.00000000000001,True,0.5026844449781088,"{""inspect"": 10, ""risk_aware_shortest_path"": 80}"
risk_aware_astar:site_medium:62,risk_aware_astar,site_medium,62,0.1326530612244898,1.0,31.0,0,2,0,41,33.0,True,0.2092414609406416,"{""inspect"": 10, ""risk_aware_shortest_path"": 31}"
risk_aware_astar:site_medium:63,risk_aware_astar,site_medium,63,0.2193877551020408,1.0,70.0,0,4,0,80,72.00000000000001,True,0.3647049994469853,"{""inspect"": 10, ""risk_aware_shortest_path"": 70}"
risk_aware_astar:site_medium:64,risk_aware_astar,site_medium,64,0.1683673469387755,1.0,47.0,0,3,0,57,49.0,True,0.21724912425780898,"{""inspect"": 10, ""risk_aware_shortest_path"": 47}"
risk_aware_astar:site_medium:65,risk_aware_astar,site_medium,65,0.2193877551020408,1.0,73.0,0,0,0,82,74.8,True,0.33102439015126994,"{""inspect"": 9, ""risk_aware_shortest_path"": 73}"
risk_aware_astar:site_medium:66,risk_aware_astar,site_medium,66,0.17857142857142858,1.0,49.0,0,1,0,58,50.800000000000004,True,0.25896034514579663,"{""inspect"": 9, ""risk_aware_shortest_path"": 49}"
risk_aware_astar:site_medium:67,risk_aware_astar,site_medium,67,0.21428571428571427,1.0,48.0,0,6,0,58,50.00000000000001,True,0.2094965552557902,"{""inspect"": 10, ""risk_aware_shortest_path"": 48}"
risk_aware_astar:site_medium:68,risk_aware_astar,site_medium,68,0.1989795918367347,1.0,54.0,0,1,0,64,56.00000000000001,True,0.2132156250809203,"{""inspect"": 10, ""risk_aware_shortest_path"": 54}"
risk_aware_astar:site_medium:69,risk_aware_astar,site_medium,69,0.20918367346938777,1.0,46.0,0,2,0,55,47.80000000000001,True,0.32233999915082345,"{""inspect"": 9, ""risk_aware_shortest_path"": 46}"
risk_aware_astar:site_medium:70,risk_aware_astar,site_medium,70,0.25,1.0,49.0,0,6,0,59,51.000000000000014,True,0.20239491487253394,"{""inspect"": 10, ""risk_aware_shortest_path"": 49}"
risk_aware_astar:site_medium:71,risk_aware_astar,site_medium,71,0.2193877551020408,1.0,55.0,0,0,0,63,56.6,True,0.3552761881442238,"{""inspect"": 8, ""risk_aware_shortest_path"": 55}"
risk_aware_astar:site_medium:72,risk_aware_astar,site_medium,72,0.2653061224489796,1.0,76.0,0,2,0,84,77.60000000000001,True,0.3522892854692015,"{""inspect"": 8, ""risk_aware_shortest_path"": 76}"
risk_aware_astar:site_medium:73,risk_aware_astar,site_medium,73,0.17857142857142858,1.0,45.0,0,0,2,55,47.0,True,0.334125455066731,"{""inspect"": 10, ""risk_aware_shortest_path"": 45}"
risk_aware_astar:site_medium:74,risk_aware_astar,site_medium,74,0.20408163265306123,1.0,44.0,0,0,0,53,45.8,True,0.1726622637229497,"{""inspect"": 9, ""risk_aware_shortest_path"": 44}"
risk_aware_astar:site_medium:75,risk_aware_astar,site_medium,75,0.1989795918367347,1.0,51.0,0,0,0,60,52.800000000000004,True,0.26194000092800707,"{""inspect"": 9, ""risk_aware_shortest_path"": 51}"
risk_aware_astar:site_medium:76,risk_aware_astar,site_medium,76,0.21428571428571427,1.0,43.0,0,2,0,53,45.00000000000001,True,0.1739339627334321,"{""inspect"": 10, ""risk_aware_shortest_path"": 43}"
risk_aware_astar:site_medium:77,risk_aware_astar,site_medium,77,0.2602040816326531,1.0,74.0,0,2,0,84,76.0,True,0.36900357268418055,"{""inspect"": 10, ""risk_aware_shortest_path"": 74}"
risk_aware_astar:site_medium:78,risk_aware_astar,site_medium,78,0.2193877551020408,1.0,50.0,0,4,0,60,52.00000000000001,True,0.22826833301223814,"{""inspect"": 10, ""risk_aware_shortest_path"": 50}"
risk_aware_astar:site_medium:79,risk_aware_astar,site_medium,79,0.23979591836734693,1.0,61.0,0,2,0,71,63.000000000000014,True,0.2660014077161872,"{""inspect"": 10, ""risk_aware_shortest_path"": 61}"
risk_aware_astar:site_medium:80,risk_aware_astar,site_medium,80,0.2653061224489796,1.0,86.0,0,1,0,96,88.00000000000001,True,0.2646187498006232,"{""inspect"": 10, ""risk_aware_shortest_path"": 86}"
risk_aware_astar:site_medium:81,risk_aware_astar,site_medium,81,0.21428571428571427,1.0,51.0,0,2,0,61,53.0,True,0.2660098372095982,"{""inspect"": 10, ""risk_aware_shortest_path"": 51}"
risk_aware_astar:site_medium:82,risk_aware_astar,site_medium,82,0.23469387755102042,1.0,73.0,0,2,0,82,74.80000000000001,True,0.28315853652623824,"{""inspect"": 9, ""risk_aware_shortest_path"": 73}"
risk_aware_astar:site_medium:83,risk_aware_astar,site_medium,83,0.1836734693877551,1.0,36.0,0,0,0,46,38.0,True,0.1374782599589747,"{""inspect"": 10, ""risk_aware_shortest_path"": 36}"
risk_aware_astar:site_medium:84,risk_aware_astar,site_medium,84,0.22959183673469388,1.0,58.0,0,0,0,68,60.0,True,0.24191911892129986,"{""inspect"": 10, ""risk_aware_shortest_path"": 58}"
risk_aware_astar:site_medium:85,risk_aware_astar,site_medium,85,0.17857142857142858,1.0,51.0,0,0,0,60,52.8,True,0.3586883326837172,"{""inspect"": 9, ""risk_aware_shortest_path"": 51}"
risk_aware_astar:site_medium:86,risk_aware_astar,site_medium,86,0.23979591836734693,1.0,70.0,0,1,0,80,72.00000000000001,True,0.22352125379256904,"{""inspect"": 10, ""risk_aware_shortest_path"": 70}"
risk_aware_astar:site_medium:87,risk_aware_astar,site_medium,87,0.25,1.0,70.0,0,2,2,79,71.8,True,0.48612658291041283,"{""inspect"": 9, ""risk_aware_shortest_path"": 70}"
risk_aware_astar:site_medium:88,risk_aware_astar,site_medium,88,0.20408163265306123,1.0,44.0,0,1,0,54,46.0,True,0.4535851842741034,"{""inspect"": 10, ""risk_aware_shortest_path"": 44}"
risk_aware_astar:site_medium:89,risk_aware_astar,site_medium,89,0.20918367346938777,1.0,66.0,0,3,0,75,67.80000000000001,True,0.3037933337812622,"{""inspect"": 9, ""risk_aware_shortest_path"": 66}"
risk_aware_astar:site_medium:90,risk_aware_astar,site_medium,90,0.15816326530612246,1.0,30.0,0,0,0,40,31.999999999999996,True,0.1070324971806258,"{""inspect"": 10, ""risk_aware_shortest_path"": 30}"
risk_aware_astar:site_medium:91,risk_aware_astar,site_medium,91,0.1683673469387755,1.0,40.0,0,0,0,49,41.8,True,0.3188693894748101,"{""inspect"": 9, ""risk_aware_shortest_path"": 40}"
risk_aware_astar:site_medium:92,risk_aware_astar,site_medium,92,0.19387755102040816,1.0,38.0,0,3,0,48,40.0,True,0.19462708830057332,"{""inspect"": 10, ""risk_aware_shortest_path"": 38}"
risk_aware_astar:site_medium:93,risk_aware_astar,site_medium,93,0.16326530612244897,1.0,41.0,0,0,0,51,43.0,True,0.34048039107766076,"{""inspect"": 10, ""risk_aware_shortest_path"": 41}"
risk_aware_astar:site_medium:94,risk_aware_astar,site_medium,94,0.2602040816326531,1.0,55.0,0,1,0,65,57.000000000000014,True,0.23461230851423281,"{""inspect"": 10, ""risk_aware_shortest_path"": 55}"
risk_aware_astar:site_medium:95,risk_aware_astar,site_medium,95,0.17346938775510204,1.0,36.0,0,0,0,44,37.6,True,0.20669772956435653,"{""inspect"": 8, ""risk_aware_shortest_path"": 36}"
risk_aware_astar:site_medium:96,risk_aware_astar,site_medium,96,0.18877551020408162,1.0,52.0,0,1,0,62,54.00000000000001,True,0.20252580279409285,"{""inspect"": 10, ""risk_aware_shortest_path"": 52}"
risk_aware_astar:site_medium:97,risk_aware_astar,site_medium,97,0.18877551020408162,1.0,39.0,0,0,0,49,41.00000000000001,True,0.17120204307614084,"{""inspect"": 10, ""risk_aware_shortest_path"": 39}"
risk_aware_astar:site_medium:98,risk_aware_astar,site_medium,98,0.20918367346938777,1.0,44.0,0,1,0,53,45.8,True,0.23699434142436762,"{""inspect"": 9, ""risk_aware_shortest_path"": 44}"
risk_aware_astar:site_medium:99,risk_aware_astar,site_medium,99,0.10714285714285714,1.0,27.0,0,0,2,36,28.799999999999997,True,0.279594441558907,"{""inspect"": 9, ""risk_aware_shortest_path"": 27}"
risk_aware_astar:site_dynamic:0,risk_aware_astar,site_dynamic,0,0.23828125,1.0,89.0,0,10,0,103,91.80000000000003,True,0.4941601943658683,"{""inspect"": 14, ""risk_aware_shortest_path"": 89}"
risk_aware_astar:site_dynamic:1,risk_aware_astar,site_dynamic,1,0.27734375,1.0,100.0,0,10,0,115,103.00000000000001,True,0.5102817371548356,"{""inspect"": 15, ""risk_aware_shortest_path"": 100}"
risk_aware_astar:site_dynamic:2,risk_aware_astar,site_dynamic,2,0.19921875,1.0,75.0,0,3,2,88,77.60000000000001,True,0.44569886251172813,"{""inspect"": 13, ""risk_aware_shortest_path"": 75}"
risk_aware_astar:site_dynamic:3,risk_aware_astar,site_dynamic,3,0.1875,1.0,61.0,0,7,0,76,64.00000000000003,True,0.3056907888477374,"{""inspect"": 15, ""risk_aware_shortest_path"": 61}"
risk_aware_astar:site_dynamic:4,risk_aware_astar,site_dynamic,4,0.21875,1.0,77.0,0,8,0,91,79.80000000000001,True,0.34908791281190793,"{""inspect"": 14, ""risk_aware_shortest_path"": 77}"
risk_aware_astar:site_dynamic:5,risk_aware_astar,site_dynamic,5,0.23046875,1.0,77.0,0,8,0,92,80.00000000000001,True,0.3539173925199303,"{""inspect"": 15, ""risk_aware_shortest_path"": 77}"
risk_aware_astar:site_dynamic:6,risk_aware_astar,site_dynamic,6,0.16796875,1.0,51.0,0,7,0,65,53.80000000000002,True,0.3206507678931722,"{""inspect"": 14, ""risk_aware_shortest_path"": 51}"
risk_aware_astar:site_dynamic:7,risk_aware_astar,site_dynamic,7,0.25,1.0,88.0,0,13,0,102,90.80000000000001,True,0.4587470580636542,"{""inspect"": 14, ""risk_aware_shortest_path"": 88}"
risk_aware_astar:site_dynamic:8,risk_aware_astar,site_dynamic,8,0.22265625,1.0,74.0,0,4,0,89,77.00000000000001,True,0.2767842690057508,"{""inspect"": 15, ""risk_aware_shortest_path"": 74}"
risk_aware_astar:site_dynamic:9,risk_aware_astar,site_dynamic,9,0.19140625,1.0,62.0,0,5,0,76,64.80000000000003,True,0.418749999784938,"{""inspect"": 14, ""risk_aware_shortest_path"": 62}"
risk_aware_astar:site_dynamic:10,risk_aware_astar,site_dynamic,10,0.2578125,1.0,106.0,0,5,2,120,108.80000000000003,True,0.49814583544502966,"{""inspect"": 14, ""risk_aware_shortest_path"": 106}"
risk_aware_astar:site_dynamic:11,risk_aware_astar,site_dynamic,11,0.21875,1.0,68.0,0,0,0,83,71.00000000000001,True,0.27232409590933787,"{""inspect"": 15, ""risk_aware_shortest_path"": 68}"
risk_aware_astar:site_dynamic:12,risk_aware_astar,site_dynamic,12,0.2265625,1.0,80.0,0,8,2,94,82.80000000000001,True,0.3427127639371704,"{""inspect"": 14, ""risk_aware_shortest_path"": 80}"
risk_aware_astar:site_dynamic:13,risk_aware_astar,site_dynamic,13,0.2265625,1.0,79.0,0,6,0,93,81.80000000000003,True,0.49489892403324764,"{""inspect"": 14, ""risk_aware_shortest_path"": 79}"
risk_aware_astar:site_dynamic:14,risk_aware_astar,site_dynamic,14,0.265625,1.0,88.0,0,7,0,103,91.00000000000001,True,0.34757184477305963,"{""inspect"": 15, ""risk_aware_shortest_path"": 88}"
risk_aware_astar:site_dynamic:15,risk_aware_astar,site_dynamic,15,0.28515625,1.0,95.0,0,9,0,110,98.00000000000001,True,0.564282725893215,"{""inspect"": 15, ""risk_aware_shortest_path"": 95}"
risk_aware_astar:site_dynamic:16,risk_aware_astar,site_dynamic,16,0.26953125,1.0,91.0,0,7,0,105,93.80000000000001,True,0.5355790487512768,"{""inspect"": 14, ""risk_aware_shortest_path"": 91}"
risk_aware_astar:site_dynamic:17,risk_aware_astar,site_dynamic,17,0.21875,1.0,80.0,0,3,0,93,82.60000000000002,True,0.4831688148119757,"{""inspect"": 13, ""risk_aware_shortest_path"": 80}"
risk_aware_astar:site_dynamic:18,risk_aware_astar,site_dynamic,18,0.23046875,1.0,77.0,0,2,0,90,79.60000000000001,True,0.30737000051885843,"{""inspect"": 13, ""risk_aware_shortest_path"": 77}"
risk_aware_astar:site_dynamic:19,risk_aware_astar,site_dynamic,19,0.21875,1.0,88.0,0,3,0,102,90.80000000000001,True,0.39851078426912795,"{""inspect"": 14, ""risk_aware_shortest_path"": 88}"
risk_aware_astar:site_dynamic:20,risk_aware_astar,site_dynamic,20,0.23828125,1.0,78.0,0,5,0,93,81.00000000000001,True,0.5223655904848529,"{""inspect"": 15, ""risk_aware_shortest_path"": 78}"
risk_aware_astar:site_dynamic:21,risk_aware_astar,site_dynamic,21,0.26171875,1.0,109.0,0,6,0,124,112.00000000000003,True,0.35493951685155833,"{""inspect"": 15, ""risk_aware_shortest_path"": 109}"
risk_aware_astar:site_dynamic:22,risk_aware_astar,site_dynamic,22,0.265625,1.0,136.0,0,3,0,150,138.8,True,0.5279666672383124,"{""inspect"": 14, ""risk_aware_shortest_path"": 136}"
risk_aware_astar:site_dynamic:23,risk_aware_astar,site_dynamic,23,0.23046875,1.0,62.0,0,4,0,76,64.80000000000003,True,0.3088802646073562,"{""inspect"": 14, ""risk_aware_shortest_path"": 62}"
risk_aware_astar:site_dynamic:24,risk_aware_astar,site_dynamic,24,0.2265625,1.0,98.0,0,6,0,112,100.80000000000001,True,0.4893607144497634,"{""inspect"": 14, ""risk_aware_shortest_path"": 98}"
risk_aware_astar:site_dynamic:25,risk_aware_astar,site_dynamic,25,0.25,1.0,113.0,0,2,0,127,115.80000000000003,True,0.4756858257950819,"{""inspect"": 14, ""risk_aware_shortest_path"": 113}"
risk_aware_astar:site_dynamic:26,risk_aware_astar,site_dynamic,26,0.1875,1.0,67.0,0,6,0,82,70.00000000000001,True,0.27769146289778646,"{""inspect"": 15, ""risk_aware_shortest_path"": 67}"
risk_aware_astar:site_dynamic:27,risk_aware_astar,site_dynamic,27,0.16015625,1.0,51.0,0,15,0,64,53.60000000000001,True,0.47882343915262027,"{""inspect"": 13, ""risk_aware_shortest_path"": 51}"
risk_aware_astar:site_dynamic:28,risk_aware_astar,site_dynamic,28,0.1875,1.0,55.0,0,2,0,70,58.00000000000002,True,0.29352714066460195,"{""inspect"": 15, ""risk_aware_shortest_path"": 55}"
risk_aware_astar:site_dynamic:29,risk_aware_astar,site_dynamic,29,0.22265625,1.0,67.0,0,4,0,81,69.80000000000001,True,0.3081172841951757,"{""inspect"": 14, ""risk_aware_shortest_path"": 67}"
risk_aware_astar:site_dynamic:30,risk_aware_astar,site_dynamic,30,0.26953125,1.0,94.0,0,8,0,109,97.00000000000001,True,0.4569577988249959,"{""inspect"": 15, ""risk_aware_shortest_path"": 94}"
risk_aware_astar:site_dynamic:31,risk_aware_astar,site_dynamic,31,0.234375,1.0,76.0,0,5,1,90,78.80000000000003,True,0.4424111102707684,"{""inspect"": 14, ""risk_aware_shortest_path"": 76}"
risk_aware_astar:site_dynamic:32,risk_aware_astar,site_dynamic,32,0.21484375,1.0,71.0,0,1,0,86,74.00000000000001,True,0.3169267428199609,"{""inspect"": 15, ""risk_aware_shortest_path"": 71}"
risk_aware_astar:site_dynamic:33,risk_aware_astar,site_dynamic,33,0.2421875,1.0,76.0,0,8,0,91,79.00000000000003,True,0.2986351638945372,"{""inspect"": 15, ""risk_aware_shortest_path"": 76}"
risk_aware_astar:site_dynamic:34,risk_aware_astar,site_dynamic,34,0.25,1.0,86.0,0,9,0,100,88.8,True,0.6572649994632229,"{""inspect"": 14, ""risk_aware_shortest_path"": 86}"
risk_aware_astar:site_dynamic:35,risk_aware_astar,site_dynamic,35,0.2421875,1.0,101.0,0,13,0,116,104.00000000000001,True,0.6221931034815498,"{""inspect"": 15, ""risk_aware_shortest_path"": 101}"
risk_aware_astar:site_dynamic:36,risk_aware_astar,site_dynamic,36,0.1875,1.0,79.0,0,4,0,91,81.40000000000002,True,0.4227648362527591,"{""inspect"": 12, ""risk_aware_shortest_path"": 79}"
risk_aware_astar:site_dynamic:37,risk_aware_astar,site_dynamic,37,0.21484375,1.0,82.0,0,4,0,96,84.80000000000003,True,0.40495416730360984,"{""inspect"": 14, ""risk_aware_shortest_path"": 82}"
risk_aware_astar:site_dynamic:38,risk_aware_astar,site_dynamic,38,0.20703125,1.0,58.0,0,5,0,72,60.80000000000001,True,0.24202360954303812,"{""inspect"": 14, ""risk_aware_shortest_path"": 58}"
risk_aware_astar:site_dynamic:39,risk_aware_astar,site_dynamic,39,0.22265625,1.0,85.0,0,7,0,100,88.00000000000003,True,0.4020069996477105,"{""inspect"": 15, ""risk_aware_shortest_path"": 85}"
risk_aware_astar:site_dynamic:40,risk_aware_astar,site_dynamic,40,0.26953125,1.0,127.0,0,0,0,141,129.8,True,0.5498042576599549,"{""inspect"": 14, ""risk_aware_shortest_path"": 127}"
risk_aware_astar:site_dynamic:41,risk_aware_astar,site_dynamic,41,0.18359375,1.0,62.0,0,4,2,76,64.80000000000001,True,0.25345526228193194,"{""inspect"": 14, ""risk_aware_shortest_path"": 62}"
risk_aware_astar:site_dynamic:42,risk_aware_astar,site_dynamic,42,0.1953125,1.0,65.0,0,5,0,79,67.80000000000001,True,0.48008481006703896,"{""inspect"": 14, ""risk_aware_shortest_path"": 65}"
risk_aware_astar:site_dynamic:43,risk_aware_astar,site_dynamic,43,0.1796875,1.0,56.0,0,7,0,69,58.600000000000016,True,0.2693260869726647,"{""inspect"": 13, ""risk_aware_shortest_path"": 56}"
risk_aware_astar:site_dynamic:44,risk_aware_astar,site_dynamic,44,0.30859375,1.0,131.0,0,20,0,145,133.8,True,0.35558069076645993,"{""inspect"": 14, ""risk_aware_shortest_path"": 131}"
risk_aware_astar:site_dynamic:45,risk_aware_astar,site_dynamic,45,0.2265625,1.0,112.0,0,13,0,127,115.00000000000001,True,0.6360157471293159,"{""inspect"": 15, ""risk_aware_shortest_path"": 112}"
risk_aware_astar:site_dynamic:46,risk_aware_astar,site_dynamic,46,0.1796875,1.0,55.0,0,11,0,69,57.80000000000001,True,0.2764347789680882,"{""inspect"": 14, ""risk_aware_shortest_path"": 55}"
risk_aware_astar:site_dynamic:47,risk_aware_astar,site_dynamic,47,0.296875,1.0,114.0,0,8,2,128,116.80000000000001,True,0.4427148442118778,"{""inspect"": 14, ""risk_aware_shortest_path"": 114}"
risk_aware_astar:site_dynamic:48,risk_aware_astar,site_dynamic,48,0.1875,1.0,79.0,0,3,0,93,81.80000000000003,True,0.42097419168629874,"{""inspect"": 14, ""risk_aware_shortest_path"": 79}"
risk_aware_astar:site_dynamic:49,risk_aware_astar,site_dynamic,49,0.23046875,1.0,89.0,0,15,0,103,91.80000000000003,True,0.6186951458164789,"{""inspect"": 14, ""risk_aware_shortest_path"": 89}"
risk_aware_astar:site_dynamic:50,risk_aware_astar,site_dynamic,50,0.22265625,1.0,62.0,0,4,0,76,64.80000000000001,True,0.32054079354949,"{""inspect"": 14, ""risk_aware_shortest_path"": 62}"
risk_aware_astar:site_dynamic:51,risk_aware_astar,site_dynamic,51,0.25,1.0,92.0,0,6,0,106,94.80000000000003,True,0.27586792443026703,"{""inspect"": 14, ""risk_aware_shortest_path"": 92}"
risk_aware_astar:site_dynamic:52,risk_aware_astar,site_dynamic,52,0.25390625,1.0,80.0,0,6,0,93,82.60000000000002,True,0.31923978578209156,"{""inspect"": 13, ""risk_aware_shortest_path"": 80}"
risk_aware_astar:site_dynamic:53,risk_aware_astar,site_dynamic,53,0.23046875,1.0,96.0,0,11,0,110,98.80000000000001,True,0.6706290915396742,"{""inspect"": 14, ""risk_aware_shortest_path"": 96}"
risk_aware_astar:site_dynamic:54,risk_aware_astar,site_dynamic,54,0.203125,1.0,56.0,0,7,0,70,58.80000000000001,True,0.22427714471372642,"{""inspect"": 14, ""risk_aware_shortest_path"": 56}"
risk_aware_astar:site_dynamic:55,risk_aware_astar,site_dynamic,55,0.20703125,1.0,70.0,0,5,0,84,72.80000000000001,True,0.4675011909317358,"{""inspect"": 14, ""risk_aware_shortest_path"": 70}"
risk_aware_astar:site_dynamic:56,risk_aware_astar,site_dynamic,56,0.1953125,1.0,53.0,0,1,0,68,56.0,True,0.22130882108981229,"{""inspect"": 15, ""risk_aware_shortest_path"": 53}"
risk_aware_astar:site_dynamic:57,risk_aware_astar,site_dynamic,57,0.21875,1.0,77.0,0,17,1,91,79.80000000000001,True,0.5178362637077674,"{""inspect"": 14, ""risk_aware_shortest_path"": 77}"
risk_aware_astar:site_dynamic:58,risk_aware_astar,site_dynamic,58,0.21484375,1.0,94.0,0,6,1,107,96.60000000000001,True,0.6482822422882559,"{""inspect"": 13, ""risk_aware_shortest_path"": 94}"
risk_aware_astar:site_dynamic:59,risk_aware_astar,site_dynamic,59,0.1796875,1.0,63.0,0,8,0,76,65.60000000000001,True,0.27426315768695386,"{""inspect"": 13, ""risk_aware_shortest_path"": 63}"
risk_aware_astar:site_dynamic:60,risk_aware_astar,site_dynamic,60,0.25390625,1.0,84.0,0,6,0,99,87.00000000000003,True,0.329059597182398,"{""inspect"": 15, ""risk_aware_shortest_path"": 84}"
risk_aware_astar:site_dynamic:61,risk_aware_astar,site_dynamic,61,0.17578125,1.0,51.0,0,8,0,66,54.00000000000002,True,0.3629606076036439,"{""inspect"": 15, ""risk_aware_shortest_path"": 51}"
risk_aware_astar:site_dynamic:62,risk_aware_astar,site_dynamic,62,0.23828125,1.0,67.0,0,7,0,81,69.80000000000003,True,0.3048320980685085,"{""inspect"": 14, ""risk_aware_shortest_path"": 67}"
risk_aware_astar:site_dynamic:63,risk_aware_astar,site_dynamic,63,0.2421875,1.0,88.0,0,7,0,102,90.80000000000001,True,0.42354803835954885,"{""inspect"": 14, ""risk_aware_shortest_path"": 88}"
risk_aware_astar:site_dynamic:64,risk_aware_astar,site_dynamic,64,0.25390625,1.0,78.0,0,6,1,93,81.00000000000001,True,0.53770322464056,"{""inspect"": 15, ""risk_aware_shortest_path"": 78}"
risk_aware_astar:site_dynamic:65,risk_aware_astar,site_dynamic,65,0.20703125,1.0,77.0,0,4,2,92,80.0,True,0.6228119568929643,"{""inspect"": 15, ""risk_aware_shortest_path"": 77}"
risk_aware_astar:site_dynamic:66,risk_aware_astar,site_dynamic,66,0.2421875,1.0,75.0,0,1,0,87,77.40000000000002,True,0.43488620685402773,"{""inspect"": 12, ""risk_aware_shortest_path"": 75}"
risk_aware_astar:site_dynamic:67,risk_aware_astar,site_dynamic,67,0.25,1.0,78.0,0,3,0,92,80.80000000000003,True,0.31464021752902266,"{""inspect"": 14, ""risk_aware_shortest_path"": 78}"
risk_aware_astar:site_dynamic:68,risk_aware_astar,site_dynamic,68,0.23828125,1.0,92.0,0,7,1,106,94.80000000000003,True,0.3682433985577861,"{""inspect"": 14, ""risk_aware_shortest_path"": 92}"
risk_aware_astar:site_dynamic:69,risk_aware_astar,site_dynamic,69,0.22265625,1.0,83.0,0,5,0,98,86.00000000000001,True,0.4119346923864808,"{""inspect"": 15, ""risk_aware_shortest_path"": 83}"
risk_aware_astar:site_dynamic:70,risk_aware_astar,site_dynamic,70,0.2734375,1.0,151.0,0,11,1,166,154.0,True,0.5414662647751126,"{""inspect"": 15, ""risk_aware_shortest_path"": 151}"
risk_aware_astar:site_dynamic:71,risk_aware_astar,site_dynamic,71,0.265625,1.0,87.0,0,5,0,101,89.80000000000003,True,0.3758821775329917,"{""inspect"": 14, ""risk_aware_shortest_path"": 87}"
risk_aware_astar:site_dynamic:72,risk_aware_astar,site_dynamic,72,0.22265625,1.0,71.0,0,11,0,85,73.80000000000001,True,0.46569176449659555,"{""inspect"": 14, ""risk_aware_shortest_path"": 71}"
risk_aware_astar:site_dynamic:73,risk_aware_astar,site_dynamic,73,0.30859375,1.0,116.0,0,13,0,130,118.80000000000001,True,0.6771492290471752,"{""inspect"": 14, ""risk_aware_shortest_path"": 116}"
risk_aware_astar:site_dynamic:74,risk_aware_astar,site_dynamic,74,0.28515625,1.0,109.0,0,5,0,123,111.80000000000001,True,0.48041626138090177,"{""inspect"": 14, ""risk_aware_shortest_path"": 109}"
risk_aware_astar:site_dynamic:75,risk_aware_astar,site_dynamic,75,0.2578125,1.0,93.0,0,6,0,107,95.80000000000001,True,0.6018514009453705,"{""inspect"": 14, ""risk_aware_shortest_path"": 93}"
risk_aware_astar:site_dynamic:76,risk_aware_astar,site_dynamic,76,0.21875,1.0,60.0,0,11,0,74,62.80000000000002,True,0.2520608128130285,"{""inspect"": 14, ""risk_aware_shortest_path"": 60}"
risk_aware_astar:site_dynamic:77,risk_aware_astar,site_dynamic,77,0.1953125,1.0,82.0,0,6,0,95,84.60000000000001,True,0.4611768453430973,"{""inspect"": 13, ""risk_aware_shortest_path"": 82}"
risk_aware_astar:site_dynamic:78,risk_aware_astar,site_dynamic,78,0.20703125,1.0,85.0,0,9,1,100,88.00000000000001,True,0.3899920010007918,"{""inspect"": 15, ""risk_aware_shortest_path"": 85}"
risk_aware_astar:site_dynamic:79,risk_aware_astar,site_dynamic,79,0.23828125,1.0,89.0,0,4,0,104,92.00000000000001,True,0.39679807685808133,"{""inspect"": 15, ""risk_aware_shortest_path"": 89}"
risk_aware_astar:site_dynamic:80,risk_aware_astar,site_dynamic,80,0.203125,1.0,59.0,0,10,1,73,61.80000000000002,True,0.2735287655935916,"{""inspect"": 14, ""risk_aware_shortest_path"": 59}"
risk_aware_astar:site_dynamic:81,risk_aware_astar,site_dynamic,81,0.23046875,1.0,71.0,0,9,0,85,73.80000000000003,True,0.39369411807616844,"{""inspect"": 14, ""risk_aware_shortest_path"": 71}"
risk_aware_astar:site_dynamic:82,risk_aware_astar,site_dynamic,82,0.24609375,1.0,86.0,0,4,1,100,88.80000000000003,True,0.27734499919461086,"{""inspect"": 14, ""risk_aware_shortest_path"": 86}"
risk_aware_astar:site_dynamic:83,risk_aware_astar,site_dynamic,83,0.1875,1.0,75.0,0,9,0,90,78.00000000000003,True,0.3440522213673426,"{""inspect"": 15, ""risk_aware_shortest_path"": 75}"
risk_aware_astar:site_dynamic:84,risk_aware_astar,site_dynamic,84,0.18359375,1.0,62.0,0,1,0,76,64.80000000000001,True,0.3326921049799574,"{""inspect"": 14, ""risk_aware_shortest_path"": 62}"
risk_aware_astar:site_dynamic:85,risk_aware_astar,site_dynamic,85,0.296875,1.0,101.0,0,2,0,115,103.80000000000001,True,0.5618591314566362,"{""inspect"": 14, ""risk_aware_shortest_path"": 101}"
risk_aware_astar:site_dynamic:86,risk_aware_astar,site_dynamic,86,0.30859375,1.0,117.0,0,9,0,132,120.00000000000001,True,0.5073727249206664,"{""inspect"": 15, ""risk_aware_shortest_path"": 117}"
risk_aware_astar:site_dynamic:87,risk_aware_astar,site_dynamic,87,0.3125,1.0,87.0,0,7,0,102,90.00000000000001,True,0.39172941087242946,"{""inspect"": 15, ""risk_aware_shortest_path"": 87}"
risk_aware_astar:site_dynamic:88,risk_aware_astar,site_dynamic,88,0.34375,1.0,154.0,0,6,0,168,156.79999999999995,True,0.6192952366421066,"{""inspect"": 14, ""risk_aware_shortest_path"": 154}"
risk_aware_astar:site_dynamic:89,risk_aware_astar,site_dynamic,89,0.23828125,1.0,137.0,0,5,0,152,139.99999999999997,True,0.4507460526886127,"{""inspect"": 15, ""risk_aware_shortest_path"": 137}"
risk_aware_astar:site_dynamic:90,risk_aware_astar,site_dynamic,90,0.1796875,1.0,48.0,0,15,0,62,50.80000000000001,True,0.37234354878760756,"{""inspect"": 14, ""risk_aware_shortest_path"": 48}"
risk_aware_astar:site_dynamic:91,risk_aware_astar,site_dynamic,91,0.23046875,1.0,64.0,0,6,2,79,67.00000000000001,True,0.26731265862059744,"{""inspect"": 15, ""risk_aware_shortest_path"": 64}"
risk_aware_astar:site_dynamic:92,risk_aware_astar,site_dynamic,92,0.19140625,1.0,63.0,0,3,0,78,66.00000000000003,True,0.28989230691550827,"{""inspect"": 15, ""risk_aware_shortest_path"": 63}"
risk_aware_astar:site_dynamic:93,risk_aware_astar,site_dynamic,93,0.140625,1.0,57.0,0,7,0,69,59.400000000000006,True,0.3414652166901615,"{""inspect"": 12, ""risk_aware_shortest_path"": 57}"
risk_aware_astar:site_dynamic:94,risk_aware_astar,site_dynamic,94,0.25390625,1.0,110.0,0,7,0,124,112.80000000000003,True,0.42894354555755854,"{""inspect"": 14, ""risk_aware_shortest_path"": 110}"
risk_aware_astar:site_dynamic:95,risk_aware_astar,site_dynamic,95,0.20703125,1.0,86.0,0,3,0,100,88.80000000000001,True,0.3927310003200546,"{""inspect"": 14, ""risk_aware_shortest_path"": 86}"
risk_aware_astar:site_dynamic:96,risk_aware_astar,site_dynamic,96,0.28125,1.0,151.0,0,7,0,165,153.8,True,0.5532969692439744,"{""inspect"": 14, ""risk_aware_shortest_path"": 151}"
risk_aware_astar:site_dynamic:97,risk_aware_astar,site_dynamic,97,0.21484375,1.0,67.0,0,2,0,82,70.00000000000001,True,0.30589024231076334,"{""inspect"": 15, ""risk_aware_shortest_path"": 67}"
risk_aware_astar:site_dynamic:98,risk_aware_astar,site_dynamic,98,0.18359375,1.0,58.0,0,2,0,71,60.60000000000002,True,0.28009295568499765,"{""inspect"": 13, ""risk_aware_shortest_path"": 58}"
risk_aware_astar:site_dynamic:99,risk_aware_astar,site_dynamic,99,0.22265625,1.0,73.0,0,4,0,88,76.00000000000001,True,0.3185238628330725,"{""inspect"": 15, ""risk_aware_shortest_path"": 73}"
frontier_exploration:site_small:0,frontier_exploration,site_small,0,0.55,1.0,80.0,0,0,0,84,80.8,True,0.06973928490576024,"{""inspect"": 4, ""nearest_frontier"": 80}"
frontier_exploration:site_small:1,frontier_exploration,site_small,1,0.23,1.0,26.0,0,3,0,30,26.799999999999997,True,0.06417999975383282,"{""inspect"": 4, ""nearest_frontier"": 26}"
frontier_exploration:site_small:2,frontier_exploration,site_small,2,0.57,1.0,62.0,0,0,0,66,62.800000000000004,True,0.058728788810020145,"{""inspect"": 4, ""nearest_frontier"": 62}"
frontier_exploration:site_small:3,frontier_exploration,site_small,3,0.55,1.0,62.0,0,1,0,66,62.800000000000004,True,0.058515152583519615,"{""inspect"": 4, ""nearest_frontier"": 62}"
frontier_exploration:site_small:4,frontier_exploration,site_small,4,0.46,1.0,58.0,0,0,0,62,58.800000000000004,True,0.062437094334933545,"{""inspect"": 4, ""nearest_frontier"": 58}"
frontier_exploration:site_small:5,frontier_exploration,site_small,5,0.5,1.0,54.0,0,0,0,58,54.800000000000004,True,0.06050517047948108,"{""inspect"": 4, ""nearest_frontier"": 54}"
frontier_exploration:site_small:6,frontier_exploration,site_small,6,0.58,1.0,68.0,0,0,0,72,68.8,True,0.06180138775056952,"{""inspect"": 4, ""nearest_frontier"": 68}"
frontier_exploration:site_small:7,frontier_exploration,site_small,7,0.47,1.0,79.0,0,0,0,83,79.80000000000001,True,0.08885421564364918,"{""inspect"": 4, ""nearest_frontier"": 79}"
frontier_exploration:site_small:8,frontier_exploration,site_small,8,0.27,1.0,35.0,0,0,0,39,35.800000000000004,True,0.06627948366654798,"{""inspect"": 4, ""nearest_frontier"": 35}"
frontier_exploration:site_small:9,frontier_exploration,site_small,9,0.61,1.0,79.0,0,0,0,83,79.80000000000001,True,0.06585060275182218,"{""inspect"": 4, ""nearest_frontier"": 79}"
frontier_exploration:site_small:10,frontier_exploration,site_small,10,0.53,1.0,62.0,0,0,0,65,62.60000000000001,True,0.06065538215737503,"{""inspect"": 3, ""nearest_frontier"": 62}"
frontier_exploration:site_small:11,frontier_exploration,site_small,11,0.64,1.0,86.0,0,0,0,90,86.80000000000001,True,0.06847555665040596,"{""inspect"": 4, ""nearest_frontier"": 86}"
frontier_exploration:site_small:12,frontier_exploration,site_small,12,0.62,1.0,69.0,0,0,0,73,69.80000000000001,True,0.05871369758595343,"{""inspect"": 4, ""nearest_frontier"": 69}"
frontier_exploration:site_small:13,frontier_exploration,site_small,13,0.31,1.0,30.0,0,1,0,33,30.599999999999998,True,0.06150605887259272,"{""inspect"": 3, ""nearest_frontier"": 30}"
frontier_exploration:site_small:14,frontier_exploration,site_small,14,0.49,1.0,63.0,0,1,0,67,63.800000000000004,True,0.07059552347106832,"{""inspect"": 4, ""nearest_frontier"": 63}"
frontier_exploration:site_small:15,frontier_exploration,site_small,15,0.22,1.0,27.0,0,1,0,31,27.8,True,0.06616451202951852,"{""inspect"": 4, ""nearest_frontier"": 27}"
frontier_exploration:site_small:16,frontier_exploration,site_small,16,0.32,1.0,38.0,0,0,0,42,38.800000000000004,True,0.06590476134858493,"{""inspect"": 4, ""nearest_frontier"": 38}"
frontier_exploration:site_small:17,frontier_exploration,site_small,17,0.49,1.0,73.0,0,0,0,77,73.8,True,0.07111298724670302,"{""inspect"": 4, ""nearest_frontier"": 73}"
frontier_exploration:site_small:18,frontier_exploration,site_small,18,0.38,1.0,44.0,0,0,0,48,44.8,True,0.06098124989269612,"{""inspect"": 4, ""nearest_frontier"": 44}"
frontier_exploration:site_small:19,frontier_exploration,site_small,19,0.6,1.0,77.0,0,0,0,81,77.80000000000001,True,0.06807407286639015,"{""inspect"": 4, ""nearest_frontier"": 77}"
frontier_exploration:site_small:20,frontier_exploration,site_small,20,0.15,1.0,22.0,0,0,0,26,22.8,True,0.06671538666033974,"{""inspect"": 4, ""nearest_frontier"": 22}"
frontier_exploration:site_small:21,frontier_exploration,site_small,21,0.44,1.0,49.0,0,0,0,52,49.60000000000001,True,0.059430768977528296,"{""inspect"": 3, ""nearest_frontier"": 49}"
frontier_exploration:site_small:22,frontier_exploration,site_small,22,0.37,1.0,51.0,0,1,0,55,51.800000000000004,True,0.06722363442267207,"{""inspect"": 4, ""nearest_frontier"": 51}"
frontier_exploration:site_small:23,frontier_exploration,site_small,23,0.5,1.0,60.0,0,0,0,64,60.8,True,0.06196562435434316,"{""inspect"": 4, ""nearest_frontier"": 60}"
frontier_exploration:site_small:24,frontier_exploration,site_small,24,0.2,1.0,19.0,0,0,0,23,19.799999999999997,True,0.059417388199464134,"{""inspect"": 4, ""nearest_frontier"": 19}"
frontier_exploration:site_small:25,frontier_exploration,site_small,25,0.64,1.0,78.0,0,0,0,82,78.8,True,0.0612817058004666,"{""inspect"": 4, ""nearest_frontier"": 78}"
frontier_exploration:site_small:26,frontier_exploration,site_small,26,0.5,1.0,56.0,0,0,0,60,56.800000000000004,True,0.05992499888331319,"{""inspect"": 4, ""nearest_frontier"": 56}"
frontier_exploration:site_small:27,frontier_exploration,site_small,27,0.43,1.0,63.0,0,1,0,67,63.800000000000004,True,0.0805283584736232,"{""inspect"": 4, ""nearest_frontier"": 63}"
frontier_exploration:site_small:28,frontier_exploration,site_small,28,0.43,1.0,50.0,0,0,0,54,50.8,True,0.060001851697624835,"{""inspect"": 4, ""nearest_frontier"": 50}"
frontier_exploration:site_small:29,frontier_exploration,site_small,29,0.21,1.0,24.0,0,0,0,27,24.599999999999998,True,0.06419629574304929,"{""inspect"": 3, ""nearest_frontier"": 24}"
frontier_exploration:site_small:30,frontier_exploration,site_small,30,0.44,1.0,51.0,0,0,0,55,51.8,True,0.06275636313313787,"{""inspect"": 4, ""nearest_frontier"": 51}"
frontier_exploration:site_small:31,frontier_exploration,site_small,31,0.49,1.0,58.0,0,0,0,62,58.8,True,0.06649032237023235,"{""inspect"": 4, ""nearest_frontier"": 58}"
frontier_exploration:site_small:32,frontier_exploration,site_small,32,0.85,1.0,142.0,0,8,3,146,142.79999999999998,True,0.14781301413752038,"{""inspect"": 4, ""nearest_frontier"": 142}"
frontier_exploration:site_small:33,frontier_exploration,site_small,33,0.63,1.0,86.0,0,0,0,90,86.8,True,0.06341666901587611,"{""inspect"": 4, ""nearest_frontier"": 86}"
frontier_exploration:site_small:34,frontier_exploration,site_small,34,0.2,1.0,19.0,0,0,0,23,19.799999999999997,True,0.057669562722920724,"{""inspect"": 4, ""nearest_frontier"": 19}"
frontier_exploration:site_small:35,frontier_exploration,site_small,35,0.43,1.0,48.0,0,0,0,51,48.6,True,0.06132549149732964,"{""inspect"": 3, ""nearest_frontier"": 48}"
frontier_exploration:site_small:36,frontier_exploration,site_small,36,0.57,1.0,60.0,0,0,0,64,60.8,True,0.057068749811151065,"{""inspect"": 4, ""nearest_frontier"": 60}"
frontier_exploration:site_small:37,frontier_exploration,site_small,37,0.67,1.0,79.0,0,0,0,83,79.8,True,0.055942170711862575,"{""inspect"": 4, ""nearest_frontier"": 79}"
frontier_exploration:site_small:38,frontier_exploration,site_small,38,0.45,1.0,62.0,0,0,0,66,62.800000000000004,True,0.06284999968060716,"{""inspect"": 4, ""nearest_frontier"": 62}"
frontier_exploration:site_small:39,frontier_exploration,site_small,39,0.48,1.0,71.0,0,1,0,75,71.80000000000001,True,0.07418400142341852,"{""inspect"": 4, ""nearest_frontier"": 71}"
frontier_exploration:site_small:40,frontier_exploration,site_small,40,0.67,1.0,91.0,0,0,0,95,91.8,True,0.06614421175694779,"{""inspect"": 4, ""nearest_frontier"": 91}"
frontier_exploration:site_small:41,frontier_exploration,site_small,41,0.37,1.0,50.0,0,0,0,54,50.800000000000004,True,0.06669814778164167,"{""inspect"": 4, ""nearest_frontier"": 50}"
frontier_exploration:site_small:42,frontier_exploration,site_small,42,0.22,1.0,22.0,0,0,1,25,22.599999999999998,True,0.06265199976041913,"{""inspect"": 3, ""nearest_frontier"": 22}"
frontier_exploration:site_small:43,frontier_exploration,site_small,43,0.54,1.0,63.0,0,0,0,67,63.800000000000004,True,0.060107459057011266,"{""inspect"": 4, ""nearest_frontier"": 63}"
frontier_exploration:site_small:44,frontier_exploration,site_small,44,0.54,1.0,62.0,0,1,0,66,62.800000000000004,True,0.06229848473925482,"{""inspect"": 4, ""nearest_frontier"": 62}"
frontier_exploration:site_small:45,frontier_exploration,site_small,45,0.64,1.0,93.0,0,3,0,97,93.8,True,0.07164845460324942,"{""inspect"": 4, ""nearest_frontier"": 93}"
frontier_exploration:site_small:46,frontier_exploration,site_small,46,0.4,1.0,53.0,0,1,0,55,53.400000000000006,True,0.0686818178192797,"{""inspect"": 2, ""nearest_frontier"": 53}"
frontier_exploration:site_small:47,frontier_exploration,site_small,47,0.67,1.0,90.0,0,2,0,93,90.60000000000001,True,0.06335053776931618,"{""inspect"": 3, ""nearest_frontier"": 90}"
frontier_exploration:site_small:48,frontier_exploration,site_small,48,0.6,1.0,77.0,0,0,0,81,77.80000000000001,True,0.06537407458426407,"{""inspect"": 4, ""nearest_frontier"": 77}"
frontier_exploration:site_small:49,frontier_exploration,site_small,49,0.66,1.0,86.0,0,1,0,90,86.80000000000001,True,0.06373777675131957,"{""inspect"": 4, ""nearest_frontier"": 86}"
frontier_exploration:site_small:50,frontier_exploration,site_small,50,0.52,1.0,56.0,0,0,0,60,56.800000000000004,True,0.06044666855207955,"{""inspect"": 4, ""nearest_frontier"": 56}"
frontier_exploration:site_small:51,frontier_exploration,site_small,51,0.46,1.0,52.0,0,0,0,55,52.6,True,0.061012728309089485,"{""inspect"": 3, ""nearest_frontier"": 52}"
frontier_exploration:site_small:52,frontier_exploration,site_small,52,0.27,1.0,32.0,0,0,0,35,32.6,True,0.06684571271762252,"{""inspect"": 3, ""nearest_frontier"": 32}"
frontier_exploration:site_small:53,frontier_exploration,site_small,53,0.32,1.0,32.0,0,1,0,36,32.8,True,0.059174999478273094,"{""inspect"": 4, ""nearest_frontier"": 32}"
frontier_exploration:site_small:54,frontier_exploration,site_small,54,0.47,1.0,54.0,0,1,0,58,54.8,True,0.06593793082645098,"{""inspect"": 4, ""nearest_frontier"": 54}"
frontier_exploration:site_small:55,frontier_exploration,site_small,55,0.52,1.0,60.0,0,0,0,64,60.800000000000004,True,0.06070156223358936,"{""inspect"": 4, ""nearest_frontier"": 60}"
frontier_exploration:site_small:56,frontier_exploration,site_small,56,0.36,1.0,43.0,0,0,0,47,43.8,True,0.06426383117015691,"{""inspect"": 4, ""nearest_frontier"": 43}"
frontier_exploration:site_small:57,frontier_exploration,site_small,57,0.57,1.0,79.0,0,1,0,82,79.60000000000001,True,0.0684439008004918,"{""inspect"": 3, ""nearest_frontier"": 79}"
frontier_exploration:site_small:58,frontier_exploration,site_small,58,0.27,1.0,30.0,0,0,0,34,30.8,True,0.06307940930128098,"{""inspect"": 4, ""nearest_frontier"": 30}"
frontier_exploration:site_small:59,frontier_exploration,site_small,59,0.21,1.0,21.0,0,0,0,25,21.799999999999997,True,0.06192000117152929,"{""inspect"": 4, ""nearest_frontier"": 21}"
frontier_exploration:site_small:60,frontier_exploration,site_small,60,0.45,1.0,52.0,0,0,0,56,52.80000000000001,True,0.06481964321989965,"{""inspect"": 4, ""nearest_frontier"": 52}"
frontier_exploration:site_small:61,frontier_exploration,site_small,61,0.6,1.0,70.0,0,0,0,74,70.80000000000001,True,0.060968920258125545,"{""inspect"": 4, ""nearest_frontier"": 70}"
frontier_exploration:site_small:62,frontier_exploration,site_small,62,0.62,1.0,103.0,0,0,0,107,103.80000000000001,True,0.0856289720036542,"{""inspect"": 4, ""nearest_frontier"": 103}"
frontier_exploration:site_small:63,frontier_exploration,site_small,63,0.44,1.0,61.0,0,0,0,64,61.6,True,0.06578906322829425,"{""inspect"": 3, ""nearest_frontier"": 61}"
frontier_exploration:site_small:64,frontier_exploration,site_small,64,0.54,1.0,72.0,0,1,0,76,72.8,True,0.0650171036556314,"{""inspect"": 4, ""nearest_frontier"": 72}"
frontier_exploration:site_small:65,frontier_exploration,site_small,65,0.33,1.0,35.0,0,0,0,39,35.8,True,0.059692307751482494,"{""inspect"": 4, ""nearest_frontier"": 35}"
frontier_exploration:site_small:66,frontier_exploration,site_small,66,0.62,1.0,79.0,0,0,0,82,79.60000000000001,True,0.07018292494538445,"{""inspect"": 3, ""nearest_frontier"": 79}"
frontier_exploration:site_small:67,frontier_exploration,site_small,67,0.37,1.0,38.0,0,0,0,42,38.8,True,0.06031190527469984,"{""inspect"": 4, ""nearest_frontier"": 38}"
frontier_exploration:site_small:68,frontier_exploration,site_small,68,0.52,1.0,65.0,0,0,0,69,65.8,True,0.06590869473428398,"{""inspect"": 4, ""nearest_frontier"": 65}"
frontier_exploration:site_small:69,frontier_exploration,site_small,69,0.19,1.0,21.0,0,0,0,24,21.599999999999998,True,0.0616041652392596,"{""inspect"": 3, ""nearest_frontier"": 21}"
frontier_exploration:site_small:70,frontier_exploration,site_small,70,0.71,1.0,109.0,0,1,0,113,109.8,True,0.07333982410321457,"{""inspect"": 4, ""nearest_frontier"": 109}"
frontier_exploration:site_small:71,frontier_exploration,site_small,71,0.14,1.0,14.0,0,1,0,17,14.6,True,0.058252939625697976,"{""inspect"": 3, ""nearest_frontier"": 14}"
frontier_exploration:site_small:72,frontier_exploration,site_small,72,0.39,1.0,49.0,0,0,0,53,49.8,True,0.06468868089558662,"{""inspect"": 4, ""nearest_frontier"": 49}"
frontier_exploration:site_small:73,frontier_exploration,site_small,73,0.32,1.0,33.0,0,0,0,37,33.8,True,0.06025134840652951,"{""inspect"": 4, ""nearest_frontier"": 33}"
frontier_exploration:site_small:74,frontier_exploration,site_small,74,0.34,1.0,43.0,0,1,0,46,43.6,True,0.06808043310783156,"{""inspect"": 3, ""nearest_frontier"": 43}"
frontier_exploration:site_small:75,frontier_exploration,site_small,75,0.45,1.0,65.0,0,1,0,68,65.60000000000001,True,0.0740632347194204,"{""inspect"": 3, ""nearest_frontier"": 65}"
frontier_exploration:site_small:76,frontier_exploration,site_small,76,0.38,1.0,51.0,0,0,0,55,51.800000000000004,True,0.07273090886883438,"{""inspect"": 4, ""nearest_frontier"": 51}"
frontier_exploration:site_small:77,frontier_exploration,site_small,77,0.43,1.0,47.0,0,1,0,51,47.8,True,0.060003920225426555,"{""inspect"": 4, ""nearest_frontier"": 47}"
frontier_exploration:site_small:78,frontier_exploration,site_small,78,0.4,1.0,55.0,0,1,0,59,55.80000000000001,True,0.07097796690887061,"{""inspect"": 4, ""nearest_frontier"": 55}"
frontier_exploration:site_small:79,frontier_exploration,site_small,79,0.48,1.0,55.0,0,0,0,59,55.8,True,0.06018644218506702,"{""inspect"": 4, ""nearest_frontier"": 55}"
frontier_exploration:site_small:80,frontier_exploration,site_small,80,0.32,1.0,40.0,0,0,0,44,40.8,True,0.0668909077913585,"{""inspect"": 4, ""nearest_frontier"": 40}"
frontier_exploration:site_small:81,frontier_exploration,site_small,81,0.38,1.0,41.0,0,0,0,45,41.800000000000004,True,0.060733331419113606,"{""inspect"": 4, ""nearest_frontier"": 41}"
frontier_exploration:site_small:82,frontier_exploration,site_small,82,0.41,1.0,46.0,0,1,0,50,46.8,True,0.0614659977145493,"{""inspect"": 4, ""nearest_frontier"": 46}"
frontier_exploration:site_small:83,frontier_exploration,site_small,83,0.51,1.0,69.0,0,0,0,73,69.8,True,0.07036575339479398,"{""inspect"": 4, ""nearest_frontier"": 69}"
frontier_exploration:site_small:84,frontier_exploration,site_small,84,0.34,1.0,38.0,0,0,0,42,38.8,True,0.06286904750768804,"{""inspect"": 4, ""nearest_frontier"": 38}"
frontier_exploration:site_small:85,frontier_exploration,site_small,85,0.51,1.0,72.0,0,0,0,76,72.80000000000001,True,0.07153552609164954,"{""inspect"": 4, ""nearest_frontier"": 72}"
frontier_exploration:site_small:86,frontier_exploration,site_small,86,0.11,1.0,11.0,0,0,0,14,11.6,True,0.05784999978329454,"{""inspect"": 3, ""nearest_frontier"": 11}"
frontier_exploration:site_small:87,frontier_exploration,site_small,87,0.16,1.0,15.0,0,1,0,19,15.799999999999999,True,0.0584421045220408,"{""inspect"": 4, ""nearest_frontier"": 15}"
frontier_exploration:site_small:88,frontier_exploration,site_small,88,0.38,1.0,55.0,0,0,0,59,55.800000000000004,True,0.07159660927461997,"{""inspect"": 4, ""nearest_frontier"": 55}"
frontier_exploration:site_small:89,frontier_exploration,site_small,89,0.68,1.0,96.0,0,0,0,100,96.80000000000001,True,0.06438800104660913,"{""inspect"": 4, ""nearest_frontier"": 96}"
frontier_exploration:site_small:90,frontier_exploration,site_small,90,0.42,1.0,47.0,0,0,0,51,47.80000000000001,True,0.0618313731370019,"{""inspect"": 4, ""nearest_frontier"": 47}"
frontier_exploration:site_small:91,frontier_exploration,site_small,91,0.49,1.0,61.0,0,0,0,65,61.800000000000004,True,0.06814307595889729,"{""inspect"": 4, ""nearest_frontier"": 61}"
frontier_exploration:site_small:92,frontier_exploration,site_small,92,0.65,1.0,88.0,0,0,0,90,88.4,True,0.06393666715464658,"{""inspect"": 2, ""nearest_frontier"": 88}"
frontier_exploration:site_small:93,frontier_exploration,site_small,93,0.53,1.0,70.0,0,0,0,74,70.80000000000001,True,0.059690540404738604,"{""inspect"": 4, ""nearest_frontier"": 70}"
frontier_exploration:site_small:94,frontier_exploration,site_small,94,0.6,1.0,88.0,0,0,0,92,88.80000000000001,True,0.07621847844743372,"{""inspect"": 4, ""nearest_frontier"": 88}"
frontier_exploration:site_small:95,frontier_exploration,site_small,95,0.34,1.0,46.0,0,1,0,49,46.6,True,0.06389591726474464,"{""inspect"": 3, ""nearest_frontier"": 46}"
frontier_exploration:site_small:96,frontier_exploration,site_small,96,0.51,1.0,58.0,0,0,0,62,58.80000000000001,True,0.061135485603083524,"{""inspect"": 4, ""nearest_frontier"": 58}"
frontier_exploration:site_small:97,frontier_exploration,site_small,97,0.41,1.0,44.0,0,0,0,48,44.800000000000004,True,0.06059791485313326,"{""inspect"": 4, ""nearest_frontier"": 44}"
frontier_exploration:site_small:98,frontier_exploration,site_small,98,0.52,1.0,52.0,0,0,0,56,52.80000000000001,True,0.05665356937762616,"{""inspect"": 4, ""nearest_frontier"": 52}"
frontier_exploration:site_small:99,frontier_exploration,site_small,99,0.62,1.0,104.0,0,0,0,108,104.8,True,0.09282685075757197,"{""inspect"": 4, ""nearest_frontier"": 104}"
frontier_exploration:site_medium:0,frontier_exploration,site_medium,0,0.49489795918367346,1.0,154.0,0,4,0,163,155.8,True,0.12873619704855824,"{""inspect"": 9, ""nearest_frontier"": 154}"
frontier_exploration:site_medium:1,frontier_exploration,site_medium,1,0.75,1.0,266.0,0,12,0,275,267.8,True,0.23225272751667284,"{""inspect"": 9, ""nearest_frontier"": 266}"
frontier_exploration:site_medium:2,frontier_exploration,site_medium,2,0.6122448979591837,1.0,261.0,0,10,0,271,263.0,True,0.22848413402740447,"{""inspect"": 10, ""nearest_frontier"": 261}"
frontier_exploration:site_medium:3,frontier_exploration,site_medium,3,0.7755102040816326,0.9,292.0,0,17,1,300,293.6,False,0.22739766602171585,"{""inspect"": 8, ""nearest_frontier"": 292}"
frontier_exploration:site_medium:4,frontier_exploration,site_medium,4,0.6581632653061225,1.0,226.0,0,9,2,236,227.99999999999994,True,0.19361228734882296,"{""inspect"": 10, ""nearest_frontier"": 226}"
frontier_exploration:site_medium:5,frontier_exploration,site_medium,5,0.6887755102040817,1.0,243.0,0,12,0,253,244.99999999999997,True,0.21895573114637623,"{""inspect"": 10, ""nearest_frontier"": 243}"
frontier_exploration:site_medium:6,frontier_exploration,site_medium,6,0.3826530612244898,1.0,116.0,0,6,0,126,118.00000000000001,True,0.12978412777311094,"{""inspect"": 10, ""nearest_frontier"": 116}"
frontier_exploration:site_medium:7,frontier_exploration,site_medium,7,0.6989795918367347,1.0,253.0,0,13,1,262,254.8,True,0.2533965642992336,"{""inspect"": 9, ""nearest_frontier"": 253}"
frontier_exploration:site_medium:8,frontier_exploration,site_medium,8,0.6275510204081632,1.0,204.0,0,4,0,214,206.0,True,0.1470616816817217,"{""inspect"": 10, ""nearest_frontier"": 204}"
frontier_exploration:site_medium:9,frontier_exploration,site_medium,9,0.7448979591836735,0.8,293.0,0,15,0,300,294.4,False,0.24543366715079173,"{""inspect"": 7, ""nearest_frontier"": 293}"
frontier_exploration:site_medium:10,frontier_exploration,site_medium,10,0.5408163265306123,1.0,136.0,0,0,0,146,138.0,True,0.10772945147250103,"{""inspect"": 10, ""nearest_frontier"": 136}"
frontier_exploration:site_medium:11,frontier_exploration,site_medium,11,0.6530612244897959,1.0,200.0,0,2,0,210,201.99999999999994,True,0.16323666731339126,"{""inspect"": 10, ""nearest_frontier"": 200}"
frontier_exploration:site_medium:12,frontier_exploration,site_medium,12,0.5561224489795918,1.0,215.0,0,4,0,224,216.8,True,0.17804017807065975,"{""inspect"": 9, ""nearest_frontier"": 215}"
frontier_exploration:site_medium:13,frontier_exploration,site_medium,13,0.5204081632653061,1.0,143.0,0,12,0,153,145.0,True,0.12782091572363344,"{""inspect"": 10, ""nearest_frontier"": 143}"
frontier_exploration:site_medium:14,frontier_exploration,site_medium,14,0.7448979591836735,1.0,289.0,0,14,0,298,290.8,True,0.23760369089322678,"{""inspect"": 9, ""nearest_frontier"": 289}"
frontier_exploration:site_medium:15,frontier_exploration,site_medium,15,0.6224489795918368,1.0,202.0,0,3,0,212,203.99999999999997,True,0.1359683963116522,"{""inspect"": 10, ""nearest_frontier"": 202}"
frontier_exploration:site_medium:16,frontier_exploration,site_medium,16,0.5306122448979592,1.0,186.0,0,1,0,196,188.0,True,0.15098877724530935,"{""inspect"": 10, ""nearest_frontier"": 186}"
frontier_exploration:site_medium:17,frontier_exploration,site_medium,17,0.6479591836734694,1.0,211.0,0,1,0,220,212.8,True,0.12768772761443292,"{""inspect"": 9, ""nearest_frontier"": 211}"
frontier_exploration:site_medium:18,frontier_exploration,site_medium,18,0.4846938775510204,1.0,131.0,0,5,0,140,132.8,True,0.12071000050387479,"{""inspect"": 9, ""nearest_frontier"": 131}"
frontier_exploration:site_medium:19,frontier_exploration,site_medium,19,0.6020408163265306,1.0,203.0,0,3,0,213,205.0,True,0.14338967132933017,"{""inspect"": 10, ""nearest_frontier"": 203}"
frontier_exploration:site_medium:20,frontier_exploration,site_medium,20,0.29591836734693877,1.0,63.0,0,0,0,71,64.60000000000001,True,0.1072014065485605,"{""inspect"": 8, ""nearest_frontier"": 63}"
frontier_exploration:site_medium:21,frontier_exploration,site_medium,21,0.6428571428571429,1.0,205.0,0,6,0,213,206.59999999999997,True,0.14508967129338726,"{""inspect"": 8, ""nearest_frontier"": 205}"
frontier_exploration:site_medium:22,frontier_exploration,site_medium,22,0.45408163265306123,1.0,132.0,0,7,0,142,134.0,True,0.11991337966501818,"{""inspect"": 10, ""nearest_frontier"": 132}"
frontier_exploration:site_medium:23,frontier_exploration,site_medium,23,0.47959183673469385,1.0,130.0,0,2,0,140,132.0,True,0.1144164293821502,"{""inspect"": 10, ""nearest_frontier"": 130}"
frontier_exploration:site_medium:24,frontier_exploration,site_medium,24,0.5408163265306123,1.0,135.0,0,1,0,144,136.8,True,0.12039166722388472,"{""inspect"": 9, ""nearest_frontier"": 135}"
frontier_exploration:site_medium:25,frontier_exploration,site_medium,25,0.41836734693877553,1.0,110.0,0,2,0,120,112.00000000000001,True,0.11588583341411625,"{""inspect"": 10, ""nearest_frontier"": 110}"
frontier_exploration:site_medium:26,frontier_exploration,site_medium,26,0.673469387755102,1.0,237.0,0,3,0,247,239.0,True,0.16344615330387977,"{""inspect"": 10, ""nearest_frontier"": 237}"
frontier_exploration:site_medium:27,frontier_exploration,site_medium,27,0.6683673469387755,1.0,249.0,0,5,0,259,250.99999999999997,True,0.1982760623063259,"{""inspect"": 10, ""nearest_frontier"": 249}"
frontier_exploration:site_medium:28,frontier_exploration,site_medium,28,0.45408163265306123,1.0,123.0,0,3,0,132,124.80000000000003,True,0.12778788081821846,"{""inspect"": 9, ""nearest_frontier"": 123}"
frontier_exploration:site_medium:29,frontier_exploration,site_medium,29,0.3469387755102041,1.0,92.0,0,0,0,102,94.00000000000001,True,0.1434362741693964,"{""inspect"": 10, ""nearest_frontier"": 92}"
frontier_exploration:site_medium:30,frontier_exploration,site_medium,30,0.5204081632653061,1.0,133.0,0,1,0,143,135.0,True,0.11076992992279153,"{""inspect"": 10, ""nearest_frontier"": 133}"
frontier_exploration:site_medium:31,frontier_exploration,site_medium,31,0.45918367346938777,1.0,112.0,0,5,0,122,114.00000000000001,True,0.1186057362232174,"{""inspect"": 10, ""nearest_frontier"": 112}"
frontier_exploration:site_medium:32,frontier_exploration,site_medium,32,0.5408163265306123,1.0,150.0,0,1,0,160,152.0,True,0.11715062537405174,"{""inspect"": 10, ""nearest_frontier"": 150}"
frontier_exploration:site_medium:33,frontier_exploration,site_medium,33,0.6989795918367347,1.0,241.0,0,22,1,251,242.99999999999997,True,0.20230996081108354,"{""inspect"": 10, ""nearest_frontier"": 241}"
frontier_exploration:site_medium:34,frontier_exploration,site_medium,34,0.673469387755102,1.0,258.0,0,11,0,266,259.59999999999997,True,0.19238834609400088,"{""inspect"": 8, ""nearest_frontier"": 258}"
frontier_exploration:site_medium:35,frontier_exploration,site_medium,35,0.47959183673469385,1.0,130.0,0,8,0,138,131.6,True,0.15006232011280413,"{""inspect"": 8, ""nearest_frontier"": 130}"
frontier_exploration:site_medium:36,frontier_exploration,site_medium,36,0.42857142857142855,1.0,92.0,0,0,0,101,93.80000000000001,True,0.10491683266568227,"{""inspect"": 9, ""nearest_frontier"": 92}"
frontier_exploration:site_medium:37,frontier_exploration,site_medium,37,0.4642857142857143,1.0,126.0,0,3,0,136,128.0,True,0.11709852868293905,"{""inspect"": 10, ""nearest_frontier"": 126}"
frontier_exploration:site_medium:38,frontier_exploration,site_medium,38,0.5153061224489796,1.0,160.0,0,1,0,170,162.0,True,0.12764705718248426,"{""inspect"": 10, ""nearest_frontier"": 160}"
frontier_exploration:site_medium:39,frontier_exploration,site_medium,39,0.5612244897959183,1.0,163.0,0,2,0,172,164.8,True,0.11859534796987942,"{""inspect"": 9, ""nearest_frontier"": 163}"
frontier_exploration:site_medium:40,frontier_exploration,site_medium,40,0.5408163265306123,1.0,184.0,0,0,0,194,186.0,True,0.16353196001217998,"{""inspect"": 10, ""nearest_frontier"": 184}"
frontier_exploration:site_medium:41,frontier_exploration,site_medium,41,0.5663265306122449,1.0,165.0,0,5,0,174,166.79999999999995,True,0.1305850572621814,"{""inspect"": 9, ""nearest_frontier"": 165}"
frontier_exploration:site_medium:42,frontier_exploration,site_medium,42,0.4489795918367347,1.0,116.0,0,3,0,126,118.00000000000003,True,0.1065682539890062,"{""inspect"": 10, ""nearest_frontier"": 116}"
frontier_exploration:site_medium:43,frontier_exploration,site_medium,43,0.5918367346938775,1.0,161.0,0,7,0,170,162.8,True,0.11386294140453067,"{""inspect"": 9, ""nearest_frontier"": 161}"
frontier_exploration:site_medium:44,frontier_exploration,site_medium,44,0.5204081632653061,1.0,164.0,0,0,0,174,166.0,True,0.12675402271186656,"{""inspect"": 10, ""nearest_frontier"": 164}"
frontier_exploration:site_medium:45,frontier_exploration,site_medium,45,0.5510204081632653,1.0,163.0,0,0,0,172,164.79999999999998,True,0.12455697541617854,"{""inspect"": 9, ""nearest_frontier"": 163}"
frontier_exploration:site_medium:46,frontier_exploration,site_medium,46,0.576530612244898,1.0,166.0,0,4,0,174,167.60000000000002,True,0.12920517340602203,"{""inspect"": 8, ""nearest_frontier"": 166}"
frontier_exploration:site_medium:47,frontier_exploration,site_medium,47,0.5663265306122449,1.0,179.0,0,1,0,189,181.0,True,0.12408148034761546,"{""inspect"": 10, ""nearest_frontier"": 179}"
frontier_exploration:site_medium:48,frontier_exploration,site_medium,48,0.5,1.0,143.0,0,0,0,152,144.79999999999995,True,0.12280197322405384,"{""inspect"": 9, ""nearest_frontier"": 143}"
frontier_exploration:site_medium:49,frontier_exploration,site_medium,49,0.2755102040816326,1.0,63.0,0,0,0,73,65.00000000000001,True,0.1085657516354057,"{""inspect"": 10, ""nearest_frontier"": 63}"
frontier_exploration:site_medium:50,frontier_exploration,site_medium,50,0.3622448979591837,1.0,80.0,0,3,0,90,82.00000000000001,True,0.10723999940738496,"{""inspect"": 10, ""nearest_frontier"": 80}"
frontier_exploration:site_medium:51,frontier_exploration,site_medium,51,0.5051020408163265,1.0,126.0,0,6,0,136,128.0,True,0.10446985384880784,"{""inspect"": 10, ""nearest_frontier"": 126}"
frontier_exploration:site_medium:52,frontier_exploration,site_medium,52,0.6938775510204082,1.0,238.0,0,21,0,248,239.99999999999997,True,0.20473145184129657,"{""inspect"": 10, ""nearest_frontier"": 238}"
frontier_exploration:site_medium:53,frontier_exploration,site_medium,53,0.6530612244897959,1.0,230.0,0,7,0,239,231.8,True,0.18910669442071387,"{""inspect"": 9, ""nearest_frontier"": 230}"
frontier_exploration:site_medium:54,frontier_exploration,site_medium,54,0.5051020408163265,1.0,131.0,0,0,0,141,133.0,True,0.1106517720085747,"{""inspect"": 10, ""nearest_frontier"": 131}"
frontier_exploration:site_medium:55,frontier_exploration,site_medium,55,0.5663265306122449,1.0,156.0,0,0,0,165,157.8,True,0.11446909118217952,"{""inspect"": 9, ""nearest_frontier"": 156}"
frontier_exploration:site_medium:56,frontier_exploration,site_medium,56,0.4846938775510204,1.0,118.0,0,3,0,128,120.00000000000001,True,0.11315937581457547,"{""inspect"": 10, ""nearest_frontier"": 118}"
frontier_exploration:site_medium:57,frontier_exploration,site_medium,57,0.6326530612244898,1.0,159.0,0,3,0,169,161.0,True,0.11224142060830043,"{""inspect"": 10, ""nearest_frontier"": 159}"
frontier_exploration:site_medium:58,frontier_exploration,site_medium,58,0.28061224489795916,1.0,72.0,0,7,0,82,74.00000000000001,True,0.10655609792859362,"{""inspect"": 10, ""nearest_frontier"": 72}"
frontier_exploration:site_medium:59,frontier_exploration,site_medium,59,0.47959183673469385,1.0,120.0,0,1,0,130,122.00000000000001,True,0.10848846152209891,"{""inspect"": 10, ""nearest_frontier"": 120}"
frontier_exploration:site_medium:60,frontier_exploration,site_medium,60,0.5102040816326531,1.0,126.0,0,1,0,135,127.80000000000003,True,0.1036185191306113,"{""inspect"": 9, ""nearest_frontier"": 126}"
frontier_exploration:site_medium:61,frontier_exploration,site_medium,61,0.6836734693877551,1.0,214.0,0,9,0,224,216.0,True,0.16520848332999907,"{""inspect"": 10, ""nearest_frontier"": 214}"
frontier_exploration:site_medium:62,frontier_exploration,site_medium,62,0.22959183673469388,1.0,52.0,0,0,0,62,54.000000000000014,True,0.10523548529994103,"{""inspect"": 10, ""nearest_frontier"": 52}"
frontier_exploration:site_medium:63,frontier_exploration,site_medium,63,0.7704081632653061,0.9,291.0,0,26,2,300,292.8,False,0.2820970002600613,"{""inspect"": 9, ""nearest_frontier"": 291}"
frontier_exploration:site_medium:64,frontier_exploration,site_medium,64,0.6887755102040817,1.0,205.0,0,2,0,215,206.99999999999997,True,0.13446697605189023,"{""inspect"": 10, ""nearest_frontier"": 205}"
frontier_exploration:site_medium:65,frontier_exploration,site_medium,65,0.42857142857142855,1.0,99.0,0,1,0,108,100.80000000000001,True,0.10486574023229035,"{""inspect"": 9, ""nearest_frontier"": 99}"
frontier_exploration:site_medium:66,frontier_exploration,site_medium,66,0.7040816326530612,1.0,282.0,0,9,0,291,283.8,True,0.2110948449295155,"{""inspect"": 9, ""nearest_frontier"": 282}"
frontier_exploration:site_medium:67,frontier_exploration,site_medium,67,0.5561224489795918,1.0,162.0,0,7,0,172,164.0,True,0.11929709276151952,"{""inspect"": 10, ""nearest_frontier"": 162}"
frontier_exploration:site_medium:68,frontier_exploration,site_medium,68,0.5867346938775511,1.0,184.0,0,2,0,194,186.0,True,0.13245669998871834,"{""inspect"": 10, ""nearest_frontier"": 184}"
frontier_exploration:site_medium:69,frontier_exploration,site_medium,69,0.6785714285714286,1.0,196.0,0,3,0,205,197.79999999999995,True,0.12049463353256082,"{""inspect"": 9, ""nearest_frontier"": 196}"
frontier_exploration:site_medium:70,frontier_exploration,site_medium,70,0.7653061224489796,1.0,287.0,0,19,0,297,289.0,True,0.21390774505219173,"{""inspect"": 10, ""nearest_frontier"": 287}"
frontier_exploration:site_medium:71,frontier_exploration,site_medium,71,0.3673469387755102,1.0,82.0,0,1,0,89,83.4,True,0.11278764185171282,"{""inspect"": 7, ""nearest_frontier"": 82}"
frontier_exploration:site_medium:72,frontier_exploration,site_medium,72,0.5663265306122449,1.0,148.0,0,5,0,157,149.79999999999998,True,0.1096554140554397,"{""inspect"": 9, ""nearest_frontier"": 148}"
frontier_exploration:site_medium:73,frontier_exploration,site_medium,73,0.75,1.0,273.0,0,14,0,282,274.8,True,0.23129468033228942,"{""inspect"": 9, ""nearest_frontier"": 273}"
frontier_exploration:site_medium:74,frontier_exploration,site_medium,74,0.4336734693877551,1.0,94.0,0,0,0,103,95.80000000000001,True,0.103689319323025,"{""inspect"": 9, ""nearest_frontier"": 94}"
frontier_exploration:site_medium:75,frontier_exploration,site_medium,75,0.6377551020408163,1.0,183.0,0,4,0,192,184.79999999999998,True,0.13044843763054814,"{""inspect"": 9, ""nearest_frontier"": 183}"
frontier_exploration:site_medium:76,frontier_exploration,site_medium,76,0.5918367346938775,1.0,224.0,0,5,0,234,225.99999999999994,True,0.18644957249968225,"{""inspect"": 10, ""nearest_frontier"": 224}"
frontier_exploration:site_medium:77,frontier_exploration,site_medium,77,0.6683673469387755,1.0,215.0,0,7,0,225,216.99999999999994,True,0.1466408863456713,"{""inspect"": 10, ""nearest_frontier"": 215}"
frontier_exploration:site_medium:78,frontier_exploration,site_medium,78,0.5612244897959183,1.0,158.0,0,1,0,168,159.99999999999997,True,0.11616845204982729,"{""inspect"": 10, ""nearest_frontier"": 158}"
frontier_exploration:site_medium:79,frontier_exploration,site_medium,79,0.7602040816326531,0.9,291.0,0,20,0,300,292.8,False,0.2802869994775392,"{""inspect"": 9, ""nearest_frontier"": 291}"
frontier_exploration:site_medium:80,frontier_exploration,site_medium,80,0.6989795918367347,1.0,252.0,0,13,0,262,254.0,True,0.22674618341750288,"{""inspect"": 10, ""nearest_frontier"": 252}"
frontier_exploration:site_medium:81,frontier_exploration,site_medium,81,0.5663265306122449,1.0,155.0,0,0,0,165,157.0,True,0.11768666586387112,"{""inspect"": 10, ""nearest_frontier"": 155}"
frontier_exploration:site_medium:82,frontier_exploration,site_medium,82,0.5663265306122449,1.0,158.0,0,1,0,167,159.79999999999998,True,0.13329101810761598,"{""inspect"": 9, ""nearest_frontier"": 158}"
frontier_exploration:site_medium:83,frontier_exploration,site_medium,83,0.4030612244897959,1.0,90.0,0,0,0,100,92.00000000000001,True,0.10582499933661893,"{""inspect"": 10, ""nearest_frontier"": 90}"
frontier_exploration:site_medium:84,frontier_exploration,site_medium,84,0.5816326530612245,1.0,186.0,0,1,0,196,188.0,True,0.17192602090475775,"{""inspect"": 10, ""nearest_frontier"": 186}"
frontier_exploration:site_medium:85,frontier_exploration,site_medium,85,0.6785714285714286,1.0,243.0,0,1,0,252,244.8,True,0.21944206384923456,"{""inspect"": 9, ""nearest_frontier"": 243}"
frontier_exploration:site_medium:86,frontier_exploration,site_medium,86,0.5867346938775511,1.0,165.0,0,1,0,174,166.79999999999995,True,0.1134816087158825,"{""inspect"": 9, ""nearest_frontier"": 165}"
frontier_exploration:site_medium:87,frontier_exploration,site_medium,87,0.6836734693877551,0.9,292.0,0,5,0,300,293.6,False,0.2027540008809107,"{""inspect"": 8, ""nearest_frontier"": 292}"
frontier_exploration:site_medium:88,frontier_exploration,site_medium,88,0.6632653061224489,1.0,214.0,0,1,0,224,215.99999999999994,True,0.18304241075384198,"{""inspect"": 10, ""nearest_frontier"": 214}"
frontier_exploration:site_medium:89,frontier_exploration,site_medium,89,0.3979591836734694,1.0,92.0,0,1,0,102,94.00000000000001,True,0.11035686275492623,"{""inspect"": 10, ""nearest_frontier"": 92}"
frontier_exploration:site_medium:90,frontier_exploration,site_medium,90,0.5255102040816326,1.0,137.0,0,0,0,147,139.0,True,0.1275850345893782,"{""inspect"": 10, ""nearest_frontier"": 137}"
frontier_exploration:site_medium:91,frontier_exploration,site_medium,91,0.5663265306122449,1.0,158.0,0,1,0,167,159.8,True,0.12168143687680542,"{""inspect"": 9, ""nearest_frontier"": 158}"
frontier_exploration:site_medium:92,frontier_exploration,site_medium,92,0.6173469387755102,1.0,196.0,0,6,0,206,198.0,True,0.20025291246163107,"{""inspect"": 10, ""nearest_frontier"": 196}"
frontier_exploration:site_medium:93,frontier_exploration,site_medium,93,0.6122448979591837,1.0,226.0,0,2,0,236,228.0,True,0.18369279675071237,"{""inspect"": 10, ""nearest_frontier"": 226}"
frontier_exploration:site_medium:94,frontier_exploration,site_medium,94,0.4336734693877551,1.0,141.0,0,0,0,151,143.0,True,0.1449735082735289,"{""inspect"": 10, ""nearest_frontier"": 141}"
frontier_exploration:site_medium:95,frontier_exploration,site_medium,95,0.40816326530612246,1.0,100.0,0,0,0,109,101.80000000000003,True,0.11143486235512916,"{""inspect"": 9, ""nearest_frontier"": 100}"
frontier_exploration:site_medium:96,frontier_exploration,site_medium,96,0.42857142857142855,1.0,118.0,0,1,0,128,120.00000000000001,True,0.12333124936958484,"{""inspect"": 10, ""nearest_frontier"": 118}"
frontier_exploration:site_medium:97,frontier_exploration,site_medium,97,0.5102040816326531,1.0,135.0,0,1,0,145,137.0,True,0.11475931006034129,"{""inspect"": 10, ""nearest_frontier"": 135}"
frontier_exploration:site_medium:98,frontier_exploration,site_medium,98,0.6122448979591837,1.0,208.0,0,1,0,217,209.8,True,0.1941608292670826,"{""inspect"": 9, ""nearest_frontier"": 208}"
frontier_exploration:site_medium:99,frontier_exploration,site_medium,99,0.41836734693877553,1.0,111.0,0,3,0,120,112.80000000000001,True,0.12532250184449367,"{""inspect"": 9, ""nearest_frontier"": 111}"
frontier_exploration:site_dynamic:0,frontier_exploration,site_dynamic,0,0.703125,1.0,277.0,0,24,2,291,279.7999999999999,True,0.18510446774523667,"{""inspect"": 14, ""nearest_frontier"": 277}"
frontier_exploration:site_dynamic:1,frontier_exploration,site_dynamic,1,0.72265625,1.0,352.0,0,28,0,366,354.8,True,0.28524207650388644,"{""inspect"": 14, ""nearest_frontier"": 352}"
frontier_exploration:site_dynamic:2,frontier_exploration,site_dynamic,2,0.5703125,1.0,270.0,0,15,1,284,272.79999999999995,True,0.2584024648096832,"{""inspect"": 14, ""nearest_frontier"": 270}"
frontier_exploration:site_dynamic:3,frontier_exploration,site_dynamic,3,0.6796875,1.0,305.0,0,26,2,320,308.0,True,0.195470312883117,"{""inspect"": 15, ""nearest_frontier"": 305}"
frontier_exploration:site_dynamic:4,frontier_exploration,site_dynamic,4,0.40234375,1.0,189.0,0,13,0,203,191.79999999999998,True,0.26456650167020046,"{""inspect"": 14, ""nearest_frontier"": 189}"
frontier_exploration:site_dynamic:5,frontier_exploration,site_dynamic,5,0.65625,1.0,323.0,0,29,0,338,326.0,True,0.23133402360333186,"{""inspect"": 15, ""nearest_frontier"": 323}"
frontier_exploration:site_dynamic:6,frontier_exploration,site_dynamic,6,0.4375,1.0,199.0,0,12,0,213,201.79999999999995,True,0.19913896707328202,"{""inspect"": 14, ""nearest_frontier"": 199}"
frontier_exploration:site_dynamic:7,frontier_exploration,site_dynamic,7,0.44140625,1.0,194.0,0,6,0,208,196.79999999999995,True,0.1878682687674882,"{""inspect"": 14, ""nearest_frontier"": 194}"
frontier_exploration:site_dynamic:8,frontier_exploration,site_dynamic,8,0.4296875,1.0,159.0,0,5,0,173,161.8,True,0.15668265892978692,"{""inspect"": 14, ""nearest_frontier"": 159}"
frontier_exploration:site_dynamic:9,frontier_exploration,site_dynamic,9,0.546875,1.0,244.0,0,10,0,259,246.99999999999994,True,0.17069459411416305,"{""inspect"": 15, ""nearest_frontier"": 244}"
frontier_exploration:site_dynamic:10,frontier_exploration,site_dynamic,10,0.7890625,0.9333333333333333,386.0,0,42,5,400,388.79999999999995,False,0.2554615000553895,"{""inspect"": 14, ""nearest_frontier"": 386}"
frontier_exploration:site_dynamic:11,frontier_exploration,site_dynamic,11,0.546875,1.0,200.0,0,6,0,215,202.99999999999994,True,0.15590976785630162,"{""inspect"": 15, ""nearest_frontier"": 200}"
frontier_exploration:site_dynamic:12,frontier_exploration,site_dynamic,12,0.55859375,1.0,248.0,0,13,0,263,250.9999999999999,True,0.1750467671568332,"{""inspect"": 15, ""nearest_frontier"": 248}"
frontier_exploration:site_dynamic:13,frontier_exploration,site_dynamic,13,0.47265625,1.0,150.0,0,8,0,165,153.0,True,0.13351151596218575,"{""inspect"": 15, ""nearest_frontier"": 150}"
frontier_exploration:site_dynamic:14,frontier_exploration,site_dynamic,14,0.6015625,1.0,308.0,0,16,0,323,310.99999999999994,True,0.3219207428178055,"{""inspect"": 15, ""nearest_frontier"": 308}"
frontier_exploration:site_dynamic:15,frontier_exploration,site_dynamic,15,0.5,1.0,225.0,0,15,0,239,227.79999999999995,True,0.1695774048449916,"{""inspect"": 14, ""nearest_frontier"": 225}"
frontier_exploration:site_dynamic:16,frontier_exploration,site_dynamic,16,0.6171875,1.0,259.0,0,9,0,272,261.59999999999997,True,0.27673970565528555,"{""inspect"": 13, ""nearest_frontier"": 259}"
frontier_exploration:site_dynamic:17,frontier_exploration,site_dynamic,17,0.57421875,1.0,260.0,0,4,0,274,262.79999999999995,True,0.19648065673693824,"{""inspect"": 14, ""nearest_frontier"": 260}"
frontier_exploration:site_dynamic:18,frontier_exploration,site_dynamic,18,0.51171875,1.0,211.0,0,3,0,224,213.59999999999997,True,0.1544089288602533,"{""inspect"": 13, ""nearest_frontier"": 211}"
frontier_exploration:site_dynamic:19,frontier_exploration,site_dynamic,19,0.4765625,1.0,185.0,0,1,0,199,187.79999999999995,True,0.17382462240460717,"{""inspect"": 14, ""nearest_frontier"": 185}"
frontier_exploration:site_dynamic:20,frontier_exploration,site_dynamic,20,0.66015625,1.0,292.0,0,15,0,306,294.79999999999995,True,0.23307941149801528,"{""inspect"": 14, ""nearest_frontier"": 292}"
frontier_exploration:site_dynamic:21,frontier_exploration,site_dynamic,21,0.60546875,1.0,296.0,0,23,0,310,298.7999999999999,True,0.21138645158404665,"{""inspect"": 14, ""nearest_frontier"": 296}"
frontier_exploration:site_dynamic:22,frontier_exploration,site_dynamic,22,0.5546875,1.0,251.0,0,5,0,264,253.6,True,0.20193901637509099,"{""inspect"": 13, ""nearest_frontier"": 251}"
frontier_exploration:site_dynamic:23,frontier_exploration,site_dynamic,23,0.53125,1.0,254.0,0,5,0,268,256.7999999999999,True,0.19259179115674194,"{""inspect"": 14, ""nearest_frontier"": 254}"
frontier_exploration:site_dynamic:24,frontier_exploration,site_dynamic,24,0.68359375,1.0,330.0,0,10,2,344,332.79999999999995,True,0.21504244263227054,"{""inspect"": 14, ""nearest_frontier"": 330}"
frontier_exploration:site_dynamic:25,frontier_exploration,site_dynamic,25,0.61328125,1.0,234.0,0,24,0,247,236.59999999999997,True,0.14394291533771827,"{""inspect"": 13, ""nearest_frontier"": 234}"
frontier_exploration:site_dynamic:26,frontier_exploration,site_dynamic,26,0.62109375,1.0,257.0,0,20,2,272,260.0,True,0.16820404380268883,"{""inspect"": 15, ""nearest_frontier"": 257}"
frontier_exploration:site_dynamic:27,frontier_exploration,site_dynamic,27,0.5625,1.0,197.0,0,15,0,211,199.79999999999995,True,0.15205307877445992,"{""inspect"": 14, ""nearest_frontier"": 197}"
frontier_exploration:site_dynamic:28,frontier_exploration,site_dynamic,28,0.5703125,1.0,226.0,0,2,0,241,228.9999999999999,True,0.1794688811301567,"{""inspect"": 15, ""nearest_frontier"": 226}"
frontier_exploration:site_dynamic:29,frontier_exploration,site_dynamic,29,0.6171875,1.0,337.0,0,16,0,351,339.79999999999995,True,0.26397606669036283,"{""inspect"": 14, ""nearest_frontier"": 337}"
frontier_exploration:site_dynamic:30,frontier_exploration,site_dynamic,30,0.66015625,1.0,283.0,0,23,1,298,285.99999999999994,True,0.2076731549010256,"{""inspect"": 15, ""nearest_frontier"": 283}"
frontier_exploration:site_dynamic:31,frontier_exploration,site_dynamic,31,0.66015625,1.0,276.0,0,20,0,291,279.0,True,0.1799618556080994,"{""inspect"": 15, ""nearest_frontier"": 276}"
frontier_exploration:site_dynamic:32,frontier_exploration,site_dynamic,32,0.5546875,1.0,255.0,0,2,0,270,258.0,True,0.18006407416477385,"{""inspect"": 15, ""nearest_frontier"": 255}"
frontier_exploration:site_dynamic:33,frontier_exploration,site_dynamic,33,0.63671875,1.0,293.0,0,21,1,308,295.9999999999999,True,0.21875779221572175,"{""inspect"": 15, ""nearest_frontier"": 293}"
frontier_exploration:site_dynamic:34,frontier_exploration,site_dynamic,34,0.6796875,1.0,384.0,0,9,0,398,386.79999999999995,True,0.32230452264380643,"{""inspect"": 14, ""nearest_frontier"": 384}"
frontier_exploration:site_dynamic:35,frontier_exploration,site_dynamic,35,0.71875,1.0,352.0,0,33,0,367,354.9999999999999,True,0.2462544957618673,"{""inspect"": 15, ""nearest_frontier"": 352}"
frontier_exploration:site_dynamic:36,frontier_exploration,site_dynamic,36,0.42578125,1.0,164.0,0,15,1,176,166.39999999999998,True,0.15032954599353782,"{""inspect"": 12, ""nearest_frontier"": 164}"
frontier_exploration:site_dynamic:37,frontier_exploration,site_dynamic,37,0.6484375,1.0,282.0,0,22,2,297,284.9999999999999,True,0.18436868631152392,"{""inspect"": 15, ""nearest_frontier"": 282}"
frontier_exploration:site_dynamic:38,frontier_exploration,site_dynamic,38,0.53125,1.0,187.0,0,13,0,201,189.79999999999995,True,0.15510895592971377,"{""inspect"": 14, ""nearest_frontier"": 187}"
frontier_exploration:site_dynamic:39,frontier_exploration,site_dynamic,39,0.421875,1.0,160.0,0,11,0,174,162.8,True,0.14522241514802364,"{""inspect"": 14, ""nearest_frontier"": 160}"
frontier_exploration:site_dynamic:40,frontier_exploration,site_dynamic,40,0.60546875,1.0,259.0,0,3,0,272,261.5999999999999,True,0.17113088260349982,"{""inspect"": 13, ""nearest_frontier"": 259}"
frontier_exploration:site_dynamic:41,frontier_exploration,site_dynamic,41,0.62890625,1.0,279.0,0,19,1,294,281.99999999999994,True,0.2013231283346774,"{""inspect"": 15, ""nearest_frontier"": 279}"
frontier_exploration:site_dynamic:42,frontier_exploration,site_dynamic,42,0.625,1.0,266.0,0,21,1,280,268.7999999999999,True,0.18749999913520046,"{""inspect"": 14, ""nearest_frontier"": 266}"
frontier_exploration:site_dynamic:43,frontier_exploration,site_dynamic,43,0.38671875,1.0,138.0,0,12,0,150,140.39999999999998,True,0.14981466597722223,"{""inspect"": 12, ""nearest_frontier"": 138}"
frontier_exploration:site_dynamic:44,frontier_exploration,site_dynamic,44,0.453125,1.0,225.0,0,4,0,239,227.79999999999995,True,0.18376443560905442,"{""inspect"": 14, ""nearest_frontier"": 225}"
frontier_exploration:site_dynamic:45,frontier_exploration,site_dynamic,45,0.69140625,1.0,315.0,0,29,0,327,317.4,True,0.2324752290113701,"{""inspect"": 12, ""nearest_frontier"": 315}"
frontier_exploration:site_dynamic:46,frontier_exploration,site_dynamic,46,0.7265625,1.0,361.0,0,36,3,376,363.99999999999994,True,0.27603271225048726,"{""inspect"": 15, ""nearest_frontier"": 361}"
frontier_exploration:site_dynamic:47,frontier_exploration,site_dynamic,47,0.6875,0.9333333333333333,387.0,0,28,1,400,389.5999999999999,False,0.28525349945994094,"{""inspect"": 13, ""nearest_frontier"": 387}"
frontier_exploration:site_dynamic:48,frontier_exploration,site_dynamic,48,0.58984375,1.0,249.0,0,11,0,262,251.60000000000002,True,0.2197087784599911,"{""inspect"": 13, ""nearest_frontier"": 249}"
frontier_exploration:site_dynamic:49,frontier_exploration,site_dynamic,49,0.65625,1.0,293.0,0,21,0,308,295.99999999999994,True,0.22170876716747395,"{""inspect"": 15, ""nearest_frontier"": 293}"
frontier_exploration:site_dynamic:50,frontier_exploration,site_dynamic,50,0.48046875,1.0,158.0,0,5,0,172,160.79999999999998,True,0.13536104606193772,"{""inspect"": 14, ""nearest_frontier"": 158}"
frontier_exploration:site_dynamic:51,frontier_exploration,site_dynamic,51,0.390625,1.0,188.0,0,4,0,202,190.79999999999995,True,0.20292673160847607,"{""inspect"": 14, ""nearest_frontier"": 188}"
frontier_exploration:site_dynamic:52,frontier_exploration,site_dynamic,52,0.59375,1.0,243.0,0,21,0,258,245.99999999999994,True,0.17124496081342214,"{""inspect"": 15, ""nearest_frontier"": 243}"
frontier_exploration:site_dynamic:53,frontier_exploration,site_dynamic,53,0.63671875,1.0,279.0,0,32,0,293,281.7999999999999,True,0.2087600688718628,"{""inspect"": 14, ""nearest_frontier"": 279}"
frontier_exploration:site_dynamic:54,frontier_exploration,site_dynamic,54,0.5859375,1.0,251.0,0,15,0,265,253.79999999999998,True,0.2085550944101206,"{""inspect"": 14, ""nearest_frontier"": 251}"
frontier_exploration:site_dynamic:55,frontier_exploration,site_dynamic,55,0.421875,1.0,151.0,0,7,0,164,153.59999999999997,True,0.16395060882176749,"{""inspect"": 13, ""nearest_frontier"": 151}"
frontier_exploration:site_dynamic:56,frontier_exploration,site_dynamic,56,0.3828125,1.0,133.0,0,10,0,147,135.8,True,0.16360612250357665,"{""inspect"": 14, ""nearest_frontier"": 133}"
frontier_exploration:site_dynamic:57,frontier_exploration,site_dynamic,57,0.6015625,1.0,271.0,0,8,0,286,274.0,True,0.22294021008448298,"{""inspect"": 15, ""nearest_frontier"": 271}"
frontier_exploration:site_dynamic:58,frontier_exploration,site_dynamic,58,0.76171875,0.9333333333333333,389.0,0,35,2,400,391.2,False,0.36442200042074546,"{""inspect"": 11, ""nearest_frontier"": 389}"
frontier_exploration:site_dynamic:59,frontier_exploration,site_dynamic,59,0.6796875,1.0,358.0,0,22,1,371,360.6,True,0.3425347692655736,"{""inspect"": 13, ""nearest_frontier"": 358}"
frontier_exploration:site_dynamic:60,frontier_exploration,site_dynamic,60,0.734375,0.9333333333333333,386.0,0,26,0,400,388.79999999999995,False,0.3004682498431066,"{""inspect"": 14, ""nearest_frontier"": 386}"
frontier_exploration:site_dynamic:61,frontier_exploration,site_dynamic,61,0.6484375,1.0,258.0,0,15,0,273,260.9999999999999,True,0.16059780292103798,"{""inspect"": 15, ""nearest_frontier"": 258}"
frontier_exploration:site_dynamic:62,frontier_exploration,site_dynamic,62,0.59375,1.0,248.0,0,18,0,263,251.0,True,0.21397756849072108,"{""inspect"": 15, ""nearest_frontier"": 248}"
frontier_exploration:site_dynamic:63,frontier_exploration,site_dynamic,63,0.734375,0.9333333333333333,387.0,0,40,1,400,389.6,False,0.38630874987575226,"{""inspect"": 13, ""nearest_frontier"": 387}"
frontier_exploration:site_dynamic:64,frontier_exploration,site_dynamic,64,0.765625,0.9333333333333333,386.0,0,29,1,400,388.79999999999995,False,0.3386307493929053,"{""inspect"": 14, ""nearest_frontier"": 386}"
frontier_exploration:site_dynamic:65,frontier_exploration,site_dynamic,65,0.6875,0.9333333333333333,386.0,0,8,0,400,388.79999999999995,False,0.37891549909545574,"{""inspect"": 14, ""nearest_frontier"": 386}"
frontier_exploration:site_dynamic:66,frontier_exploration,site_dynamic,66,0.51953125,1.0,215.0,0,11,0,227,217.39999999999992,True,0.15710880977331376,"{""inspect"": 12, ""nearest_frontier"": 215}"
frontier_exploration:site_dynamic:67,frontier_exploration,site_dynamic,67,0.4765625,1.0,162.0,0,10,0,177,164.99999999999997,True,0.13750564885104738,"{""inspect"": 15, ""nearest_frontier"": 162}"
frontier_exploration:site_dynamic:68,frontier_exploration,site_dynamic,68,0.6171875,1.0,264.0,0,12,1,279,266.9999999999999,True,0.16163691680537917,"{""inspect"": 15, ""nearest_frontier"": 264}"
frontier_exploration:site_dynamic:69,frontier_exploration,site_dynamic,69,0.484375,1.0,193.0,0,9,0,208,195.99999999999994,True,0.1867413470440974,"{""inspect"": 15, ""nearest_frontier"": 193}"
frontier_exploration:site_dynamic:70,frontier_exploration,site_dynamic,70,0.60546875,1.0,309.0,0,33,0,324,311.99999999999994,True,0.2088978396869483,"{""inspect"": 15, ""nearest_frontier"": 309}"
frontier_exploration:site_dynamic:71,frontier_exploration,site_dynamic,71,0.578125,1.0,239.0,0,9,0,253,241.7999999999999,True,0.1734181821692308,"{""inspect"": 14, ""nearest_frontier"": 239}"
frontier_exploration:site_dynamic:72,frontier_exploration,site_dynamic,72,0.58203125,1.0,203.0,0,15,1,217,205.79999999999995,True,0.13968986225709284,"{""inspect"": 14, ""nearest_frontier"": 203}"
frontier_exploration:site_dynamic:73,frontier_exploration,site_dynamic,73,0.7421875,1.0,340.0,0,28,0,352,342.4,True,0.3107090910403217,"{""inspect"": 12, ""nearest_frontier"": 340}"
frontier_exploration:site_dynamic:74,frontier_exploration,site_dynamic,74,0.5390625,1.0,185.0,0,8,0,199,187.79999999999995,True,0.14119648348877029,"{""inspect"": 14, ""nearest_frontier"": 185}"
frontier_exploration:site_dynamic:75,frontier_exploration,site_dynamic,75,0.5859375,1.0,241.0,0,1,0,255,243.79999999999995,True,0.15973254887606292,"{""inspect"": 14, ""nearest_frontier"": 241}"
frontier_exploration:site_dynamic:76,frontier_exploration,site_dynamic,76,0.49609375,1.0,181.0,0,15,1,196,183.99999999999994,True,0.16529642877629863,"{""inspect"": 15, ""nearest_frontier"": 181}"
frontier_exploration:site_dynamic:77,frontier_exploration,site_dynamic,77,0.4765625,1.0,188.0,0,25,0,203,190.99999999999997,True,0.16959162550551699,"{""inspect"": 15, ""nearest_frontier"": 188}"
frontier_exploration:site_dynamic:78,frontier_exploration,site_dynamic,78,0.4609375,1.0,141.0,0,0,0,154,143.59999999999997,True,0.13478311604983476,"{""inspect"": 13, ""nearest_frontier"": 141}"
frontier_exploration:site_dynamic:79,frontier_exploration,site_dynamic,79,0.52734375,1.0,213.0,0,8,0,227,215.79999999999995,True,0.17647136457670595,"{""inspect"": 14, ""nearest_frontier"": 213}"
frontier_exploration:site_dynamic:80,frontier_exploration,site_dynamic,80,0.5703125,1.0,269.0,0,21,3,282,271.59999999999997,True,0.22684042546353203,"{""inspect"": 13, ""nearest_frontier"": 269}"
frontier_exploration:site_dynamic:81,frontier_exploration,site_dynamic,81,0.609375,1.0,274.0,0,15,0,288,276.79999999999995,True,0.19392152757467962,"{""inspect"": 14, ""nearest_frontier"": 274}"
frontier_exploration:site_dynamic:82,frontier_exploration,site_dynamic,82,0.6015625,1.0,249.0,0,27,3,263,251.79999999999995,True,0.16863270155455165,"{""inspect"": 14, ""nearest_frontier"": 249}"
frontier_exploration:site_dynamic:83,frontier_exploration,site_dynamic,83,0.59765625,1.0,229.0,0,16,0,243,231.79999999999995,True,0.14708518544537755,"{""inspect"": 14, ""nearest_frontier"": 229}"
frontier_exploration:site_dynamic:84,frontier_exploration,site_dynamic,84,0.58984375,1.0,305.0,0,24,0,319,307.79999999999995,True,0.20668683278003597,"{""inspect"": 14, ""nearest_frontier"": 305}"
frontier_exploration:site_dynamic:85,frontier_exploration,site_dynamic,85,0.546875,1.0,200.0,0,38,2,214,202.79999999999995,True,0.14672056112490664,"{""inspect"": 14, ""nearest_frontier"": 200}"
frontier_exploration:site_dynamic:86,frontier_exploration,site_dynamic,86,0.7421875,0.9333333333333333,388.0,0,38,0,400,390.4,False,0.31539349947706796,"{""inspect"": 12, ""nearest_frontier"": 388}"
frontier_exploration:site_dynamic:87,frontier_exploration,site_dynamic,87,0.58203125,1.0,262.0,0,7,0,277,264.9999999999999,True,0.17933501750197167,"{""inspect"": 15, ""nearest_frontier"": 262}"
frontier_exploration:site_dynamic:88,frontier_exploration,site_dynamic,88,0.55078125,1.0,219.0,0,9,0,233,221.79999999999995,True,0.1481999990394411,"{""inspect"": 14, ""nearest_frontier"": 219}"
frontier_exploration:site_dynamic:89,frontier_exploration,site_dynamic,89,0.5859375,1.0,281.0,0,2,0,296,283.9999999999999,True,0.1897439186585551,"{""inspect"": 15, ""nearest_frontier"": 281}"
frontier_exploration:site_dynamic:90,frontier_exploration,site_dynamic,90,0.640625,1.0,260.0,0,21,1,275,262.99999999999994,True,0.15907963610846887,"{""inspect"": 15, ""nearest_frontier"": 260}"
frontier_exploration:site_dynamic:91,frontier_exploration,site_dynamic,91,0.6015625,1.0,317.0,0,17,0,332,319.99999999999994,True,0.2618894584621415,"{""inspect"": 15, ""nearest_frontier"": 317}"
frontier_exploration:site_dynamic:92,frontier_exploration,site_dynamic,92,0.73828125,0.9333333333333333,386.0,0,31,2,400,388.79999999999995,False,0.2687414990941761,"{""inspect"": 14, ""nearest_frontier"": 386}"
frontier_exploration:site_dynamic:93,frontier_exploration,site_dynamic,93,0.5,1.0,174.0,0,13,0,188,176.79999999999998,True,0.13826329783075786,"{""inspect"": 14, ""nearest_frontier"": 174}"
frontier_exploration:site_dynamic:94,frontier_exploration,site_dynamic,94,0.7109375,0.9333333333333333,387.0,0,30,0,400,389.59999999999997,False,0.2681214996118797,"{""inspect"": 13, ""nearest_frontier"": 387}"
frontier_exploration:site_dynamic:95,frontier_exploration,site_dynamic,95,0.73828125,1.0,376.0,0,28,0,390,378.8,True,0.34568666701372236,"{""inspect"": 14, ""nearest_frontier"": 376}"
frontier_exploration:site_dynamic:96,frontier_exploration,site_dynamic,96,0.4765625,1.0,169.0,0,5,0,183,171.8,True,0.14346338763369929,"{""inspect"": 14, ""nearest_frontier"": 169}"
frontier_exploration:site_dynamic:97,frontier_exploration,site_dynamic,97,0.4453125,1.0,174.0,0,10,0,189,177.0,True,0.16058095245469342,"{""inspect"": 15, ""nearest_frontier"": 174}"
frontier_exploration:site_dynamic:98,frontier_exploration,site_dynamic,98,0.625,1.0,246.0,0,23,0,260,248.79999999999998,True,0.16711269238909993,"{""inspect"": 14, ""nearest_frontier"": 246}"
frontier_exploration:site_dynamic:99,frontier_exploration,site_dynamic,99,0.625,1.0,287.0,0,18,0,302,289.99999999999994,True,0.24749734988266492,"{""inspect"": 15, ""nearest_frontier"": 287}"
nearest_risk_revisit:site_small:0,nearest_risk_revisit,site_small,0,0.47,1.0,62.0,0,1,0,66,62.80000000000001,True,0.1114318164940359,"{""inspect"": 4, ""nearest_known_risk"": 62}"
nearest_risk_revisit:site_small:1,nearest_risk_revisit,site_small,1,0.23,1.0,26.0,0,3,0,30,26.799999999999997,True,0.034740001622897886,"{""inspect"": 4, ""nearest_known_risk"": 26}"
nearest_risk_revisit:site_small:2,nearest_risk_revisit,site_small,2,0.3,1.0,34.0,0,0,0,38,34.800000000000004,True,0.07508157623784714,"{""inspect"": 4, ""nearest_known_risk"": 34}"
nearest_risk_revisit:site_small:3,nearest_risk_revisit,site_small,3,0.5,1.0,61.0,0,0,0,65,61.8,True,0.049026153730944946,"{""inspect"": 4, ""nearest_known_risk"": 61}"
nearest_risk_revisit:site_small:4,nearest_risk_revisit,site_small,4,0.27,1.0,35.0,0,0,0,39,35.8,True,0.056666666820931896,"{""inspect"": 4, ""nearest_known_risk"": 35}"
nearest_risk_revisit:site_small:5,nearest_risk_revisit,site_small,5,0.36,1.0,40.0,0,0,0,44,40.8,True,0.047336364249614155,"{""inspect"": 4, ""nearest_known_risk"": 40}"
nearest_risk_revisit:site_small:6,nearest_risk_revisit,site_small,6,0.21,1.0,21.0,0,0,0,25,21.8,True,0.06334799923934042,"{""inspect"": 4, ""nearest_known_risk"": 21}"
nearest_risk_revisit:site_small:7,nearest_risk_revisit,site_small,7,0.43,1.0,58.0,0,2,0,62,58.8,True,0.04555967649550087,"{""inspect"": 4, ""nearest_known_risk"": 58}"
nearest_risk_revisit:site_small:8,nearest_risk_revisit,site_small,8,0.05,1.0,4.0,0,0,0,8,4.800000000000001,True,0.04322499444242567,"{""inspect"": 4, ""nearest_known_risk"": 4}"
nearest_risk_revisit:site_small:9,nearest_risk_revisit,site_small,9,0.29,1.0,29.0,0,1,0,33,29.799999999999997,True,0.06630303246448889,"{""inspect"": 4, ""nearest_known_risk"": 29}"
nearest_risk_revisit:site_small:10,nearest_risk_revisit,site_small,10,0.3,1.0,38.0,0,0,0,41,38.60000000000001,True,0.03517073190135018,"{""inspect"": 3, ""nearest_known_risk"": 38}"
nearest_risk_revisit:site_small:11,nearest_risk_revisit,site_small,11,0.34,1.0,36.0,0,0,0,40,36.8,True,0.036087499756831676,"{""inspect"": 4, ""nearest_known_risk"": 36}"
nearest_risk_revisit:site_small:12,nearest_risk_revisit,site_small,12,0.38,1.0,38.0,0,2,0,42,38.8,True,0.08538571654796778,"{""inspect"": 4, ""nearest_known_risk"": 38}"
nearest_risk_revisit:site_small:13,nearest_risk_revisit,site_small,13,0.17,1.0,16.0,0,1,0,20,16.799999999999997,True,0.08834500040393323,"{""inspect"": 4, ""nearest_known_risk"": 16}"
nearest_risk_revisit:site_small:14,nearest_risk_revisit,site_small,14,0.31,1.0,45.0,0,1,0,49,45.800000000000004,True,0.0654836755474003,"{""inspect"": 4, ""nearest_known_risk"": 45}"
nearest_risk_revisit:site_small:15,nearest_risk_revisit,site_small,15,0.16,1.0,15.0,0,1,0,19,15.799999999999999,True,0.03530525780086847,"{""inspect"": 4, ""nearest_known_risk"": 15}"
nearest_risk_revisit:site_small:16,nearest_risk_revisit,site_small,16,0.13,1.0,12.0,0,0,0,16,12.8,True,0.04345625166024547,"{""inspect"": 4, ""nearest_known_risk"": 12}"
nearest_risk_revisit:site_small:17,nearest_risk_revisit,site_small,17,0.29,1.0,33.0,0,0,0,37,33.800000000000004,True,0.0596270287673719,"{""inspect"": 4, ""nearest_known_risk"": 33}"
nearest_risk_revisit:site_small:18,nearest_risk_revisit,site_small,18,0.35,1.0,42.0,0,0,0,46,42.8,True,0.050213041148431926,"{""inspect"": 4, ""nearest_known_risk"": 42}"
nearest_risk_revisit:site_small:19,nearest_risk_revisit,site_small,19,0.58,1.0,79.0,0,1,0,83,79.8,True,0.04847470112705985,"{""inspect"": 4, ""nearest_known_risk"": 79}"
nearest_risk_revisit:site_small:20,nearest_risk_revisit,site_small,20,0.51,1.0,71.0,0,0,0,75,71.8,True,0.063445334477971,"{""inspect"": 4, ""nearest_known_risk"": 71}"
nearest_risk_revisit:site_small:21,nearest_risk_revisit,site_small,21,0.23,1.0,34.0,0,0,0,37,34.60000000000001,True,0.2066000015474856,"{""inspect"": 3, ""nearest_known_risk"": 34}"
nearest_risk_revisit:site_small:22,nearest_risk_revisit,site_small,22,0.24,1.0,32.0,0,1,0,36,32.8,True,0.05357222269392676,"{""inspect"": 4, ""nearest_known_risk"": 32}"
nearest_risk_revisit:site_small:23,nearest_risk_revisit,site_small,23,0.31,1.0,37.0,0,0,0,41,37.8,True,0.10390731821222822,"{""inspect"": 4, ""nearest_known_risk"": 37}"
nearest_risk_revisit:site_small:24,nearest_risk_revisit,site_small,24,0.13,1.0,13.0,0,0,0,17,13.799999999999999,True,0.10522353284827926,"{""inspect"": 4, ""nearest_known_risk"": 13}"
nearest_risk_revisit:site_small:25,nearest_risk_revisit,site_small,25,0.16,1.0,22.0,0,0,0,26,22.799999999999997,True,0.07792307587806135,"{""inspect"": 4, ""nearest_known_risk"": 22}"
nearest_risk_revisit:site_small:26,nearest_risk_revisit,site_small,26,0.34,1.0,38.0,0,1,0,41,38.6,True,0.04304146036369408,"{""inspect"": 3, ""nearest_known_risk"": 38}"
nearest_risk_revisit:site_small:27,nearest_risk_revisit,site_small,27,0.2,1.0,21.0,0,0,0,25,21.799999999999997,True,0.049355997471138835,"{""inspect"": 4, ""nearest_known_risk"": 21}"
nearest_risk_revisit:site_small:28,nearest_risk_revisit,site_small,28,0.27,1.0,28.0,0,0,0,32,28.799999999999997,True,0.05087499630462844,"{""inspect"": 4, ""nearest_known_risk"": 28}"
nearest_risk_revisit:site_small:29,nearest_risk_revisit,site_small,29,0.18,1.0,19.0,0,0,0,22,19.599999999999998,True,0.1871363691117784,"{""inspect"": 3, ""nearest_known_risk"": 19}"
nearest_risk_revisit:site_small:30,nearest_risk_revisit,site_small,30,0.21,1.0,23.0,0,0,0,27,23.8,True,0.06679629829401772,"{""inspect"": 4, ""nearest_known_risk"": 23}"
nearest_risk_revisit:site_small:31,nearest_risk_revisit,site_small,31,0.5,1.0,58.0,0,1,0,62,58.80000000000001,True,0.04559354959881955,"{""inspect"": 4, ""nearest_known_risk"": 58}"
nearest_risk_revisit:site_small:32,nearest_risk_revisit,site_small,32,0.3,1.0,32.0,0,0,2,36,32.8,True,0.060980553421864495,"{""inspect"": 4, ""nearest_known_risk"": 32}"
nearest_risk_revisit:site_small:33,nearest_risk_revisit,site_small,33,0.2,1.0,21.0,0,0,0,25,21.8,True,0.085839998209849,"{""inspect"": 4, ""nearest_known_risk"": 21}"
nearest_risk_revisit:site_small:34,nearest_risk_revisit,site_small,34,0.17,1.0,17.0,0,0,0,21,17.799999999999997,True,0.06910476284766835,"{""inspect"": 4, ""nearest_known_risk"": 17}"
nearest_risk_revisit:site_small:35,nearest_risk_revisit,site_small,35,0.28,1.0,28.0,0,0,0,31,28.599999999999998,True,0.05071935518043897,"{""inspect"": 3, ""nearest_known_risk"": 28}"
nearest_risk_revisit:site_small:36,nearest_risk_revisit,site_small,36,0.42,1.0,44.0,0,1,0,48,44.800000000000004,True,0.07821666865008108,"{""inspect"": 4, ""nearest_known_risk"": 44}"
nearest_risk_revisit:site_small:37,nearest_risk_revisit,site_small,37,0.16,1.0,17.0,0,0,0,20,17.599999999999998,True,0.13151000457582995,"{""inspect"": 3, ""nearest_known_risk"": 17}"
nearest_risk_revisit:site_small:38,nearest_risk_revisit,site_small,38,0.28,1.0,34.0,0,0,0,38,34.800000000000004,True,0.07271578866302182,"{""inspect"": 4, ""nearest_known_risk"": 34}"
nearest_risk_revisit:site_small:39,nearest_risk_revisit,site_small,39,0.39,1.0,52.0,0,0,0,56,52.800000000000004,True,0.04836249874123106,"{""inspect"": 4, ""nearest_known_risk"": 52}"
nearest_risk_revisit:site_small:40,nearest_risk_revisit,site_small,40,0.11,1.0,12.0,0,0,0,16,12.799999999999999,True,0.18040624490822665,"{""inspect"": 4, ""nearest_known_risk"": 12}"
nearest_risk_revisit:site_small:41,nearest_risk_revisit,site_small,41,0.19,1.0,19.0,0,0,0,23,19.8,True,0.03869130159728229,"{""inspect"": 4, ""nearest_known_risk"": 19}"
nearest_risk_revisit:site_small:42,nearest_risk_revisit,site_small,42,0.19,1.0,19.0,0,0,1,22,19.599999999999998,True,0.04444545298941772,"{""inspect"": 3, ""nearest_known_risk"": 19}"
nearest_risk_revisit:site_small:43,nearest_risk_revisit,site_small,43,0.32,1.0,37.0,0,0,0,41,37.800000000000004,True,0.14219268242169808,"{""inspect"": 4, ""nearest_known_risk"": 37}"
nearest_risk_revisit:site_small:44,nearest_risk_revisit,site_small,44,0.4,1.0,54.0,0,0,0,58,54.800000000000004,True,0.05589137736964842,"{""inspect"": 4, ""nearest_known_risk"": 54}"
nearest_risk_revisit:site_small:45,nearest_risk_revisit,site_small,45,0.3,1.0,30.0,0,1,0,34,30.799999999999997,True,0.11108529510880437,"{""inspect"": 4, ""nearest_known_risk"": 30}"
nearest_risk_revisit:site_small:46,nearest_risk_revisit,site_small,46,0.32,1.0,35.0,0,1,0,37,35.400000000000006,True,0.08797837732787672,"{""inspect"": 2, ""nearest_known_risk"": 35}"
nearest_risk_revisit:site_small:47,nearest_risk_revisit,site_small,47,0.62,1.0,82.0,0,2,0,85,82.60000000000001,True,0.043512941406601495,"{""inspect"": 3, ""nearest_known_risk"": 82}"
nearest_risk_revisit:site_small:48,nearest_risk_revisit,site_small,48,0.11,1.0,13.0,0,0,0,17,13.799999999999999,True,0.0837352914352189,"{""inspect"": 4, ""nearest_known_risk"": 13}"
nearest_risk_revisit:site_small:49,nearest_risk_revisit,site_small,49,0.52,1.0,64.0,0,0,0,67,64.60000000000001,True,0.045556718841500914,"{""inspect"": 3, ""nearest_known_risk"": 64}"
nearest_risk_revisit:site_small:50,nearest_risk_revisit,site_small,50,0.09,1.0,8.0,0,0,0,12,8.8,True,0.05048332968726754,"{""inspect"": 4, ""nearest_known_risk"": 8}"
nearest_risk_revisit:site_small:51,nearest_risk_revisit,site_small,51,0.33,1.0,34.0,0,0,0,37,34.6,True,0.04611892005856577,"{""inspect"": 3, ""nearest_known_risk"": 34}"
nearest_risk_revisit:site_small:52,nearest_risk_revisit,site_small,52,0.14,1.0,13.0,0,0,0,17,13.799999999999999,True,0.07902353022740606,"{""inspect"": 4, ""nearest_known_risk"": 13}"
nearest_risk_revisit:site_small:53,nearest_risk_revisit,site_small,53,0.26,1.0,26.0,0,1,0,30,26.799999999999997,True,0.06560999997115384,"{""inspect"": 4, ""nearest_known_risk"": 26}"
nearest_risk_revisit:site_small:54,nearest_risk_revisit,site_small,54,0.27,1.0,26.0,0,1,0,30,26.799999999999997,True,0.061713336617685854,"{""inspect"": 4, ""nearest_known_risk"": 26}"
nearest_risk_revisit:site_small:55,nearest_risk_revisit,site_small,55,0.51,1.0,58.0,0,0,0,62,58.800000000000004,True,0.038446771213784814,"{""inspect"": 4, ""nearest_known_risk"": 58}"
nearest_risk_revisit:site_small:56,nearest_risk_revisit,site_small,56,0.37,1.0,50.0,0,2,0,54,50.8,True,0.0849203724000189,"{""inspect"": 4, ""nearest_known_risk"": 50}"
nearest_risk_revisit:site_small:57,nearest_risk_revisit,site_small,57,0.33,1.0,36.0,0,0,0,39,36.6,True,0.050258974228293084,"{""inspect"": 3, ""nearest_known_risk"": 36}"
nearest_risk_revisit:site_small:58,nearest_risk_revisit,site_small,58,0.14,1.0,15.0,0,0,0,19,15.8,True,0.04758947302195195,"{""inspect"": 4, ""nearest_known_risk"": 15}"
nearest_risk_revisit:site_small:59,nearest_risk_revisit,site_small,59,0.11,1.0,10.0,0,0,0,14,10.8,True,0.06762142999962505,"{""inspect"": 4, ""nearest_known_risk"": 10}"
nearest_risk_revisit:site_small:60,nearest_risk_revisit,site_small,60,0.4,1.0,46.0,0,0,0,50,46.8,True,0.049929998349398375,"{""inspect"": 4, ""nearest_known_risk"": 46}"
nearest_risk_revisit:site_small:61,nearest_risk_revisit,site_small,61,0.24,1.0,31.0,0,1,0,35,31.799999999999997,True,0.07884571428543755,"{""inspect"": 4, ""nearest_known_risk"": 31}"
nearest_risk_revisit:site_small:62,nearest_risk_revisit,site_small,62,0.22,1.0,26.0,0,2,0,30,26.799999999999997,True,0.2707166684558615,"{""inspect"": 4, ""nearest_known_risk"": 26}"
nearest_risk_revisit:site_small:63,nearest_risk_revisit,site_small,63,0.36,1.0,39.0,0,0,0,42,39.6,True,0.030995239891732734,"{""inspect"": 3, ""nearest_known_risk"": 39}"
nearest_risk_revisit:site_small:64,nearest_risk_revisit,site_small,64,0.33,1.0,41.0,0,0,0,45,41.8,True,0.055604442928193346,"{""inspect"": 4, ""nearest_known_risk"": 41}"
nearest_risk_revisit:site_small:65,nearest_risk_revisit,site_small,65,0.26,1.0,29.0,0,0,0,33,29.799999999999997,True,0.11107272726032093,"{""inspect"": 4, ""nearest_known_risk"": 29}"
nearest_risk_revisit:site_small:66,nearest_risk_revisit,site_small,66,0.32,1.0,38.0,0,0,0,41,38.6,True,0.08134390284284586,"{""inspect"": 3, ""nearest_known_risk"": 38}"
nearest_risk_revisit:site_small:67,nearest_risk_revisit,site_small,67,0.26,1.0,26.0,0,0,0,30,26.8,True,0.05598000037328651,"{""inspect"": 4, ""nearest_known_risk"": 26}"
nearest_risk_revisit:site_small:68,nearest_risk_revisit,site_small,68,0.16,1.0,15.0,0,1,0,19,15.799999999999999,True,0.07326315665666602,"{""inspect"": 4, ""nearest_known_risk"": 15}"
nearest_risk_revisit:site_small:69,nearest_risk_revisit,site_small,69,0.11,1.0,13.0,0,0,0,17,13.799999999999999,True,0.1357882352107588,"{""inspect"": 4, ""nearest_known_risk"": 13}"
nearest_risk_revisit:site_small:70,nearest_risk_revisit,site_small,70,0.18,1.0,19.0,0,0,0,23,19.799999999999997,True,0.11454782772647298,"{""inspect"": 4, ""nearest_known_risk"": 19}"
nearest_risk_revisit:site_small:71,nearest_risk_revisit,site_small,71,0.22,1.0,24.0,0,1,0,27,24.599999999999998,True,0.07678889044284544,"{""inspect"": 3, ""nearest_known_risk"": 24}"
nearest_risk_revisit:site_small:72,nearest_risk_revisit,site_small,72,0.18,1.0,19.0,0,0,0,23,19.799999999999997,True,0.06259999835215833,"{""inspect"": 4, ""nearest_known_risk"": 19}"
nearest_risk_revisit:site_small:73,nearest_risk_revisit,site_small,73,0.31,1.0,33.0,0,0,0,37,33.8,True,0.03701081103015993,"{""inspect"": 4, ""nearest_known_risk"": 33}"
nearest_risk_revisit:site_small:74,nearest_risk_revisit,site_small,74,0.16,1.0,15.0,0,0,0,19,15.8,True,0.042326314877228516,"{""inspect"": 4, ""nearest_known_risk"": 15}"
nearest_risk_revisit:site_small:75,nearest_risk_revisit,site_small,75,0.53,1.0,74.0,0,2,0,78,74.8,True,0.10390128255284463,"{""inspect"": 4, ""nearest_known_risk"": 74}"
nearest_risk_revisit:site_small:76,nearest_risk_revisit,site_small,76,0.23,1.0,23.0,0,0,0,27,23.8,True,0.09165925978406987,"{""inspect"": 4, ""nearest_known_risk"": 23}"
nearest_risk_revisit:site_small:77,nearest_risk_revisit,site_small,77,0.27,1.0,45.0,0,0,0,49,45.8,True,0.11711836642851788,"{""inspect"": 4, ""nearest_known_risk"": 45}"
nearest_risk_revisit:site_small:78,nearest_risk_revisit,site_small,78,0.4,1.0,46.0,0,0,0,50,46.800000000000004,True,0.053759998991154134,"{""inspect"": 4, ""nearest_known_risk"": 46}"
nearest_risk_revisit:site_small:79,nearest_risk_revisit,site_small,79,0.42,1.0,51.0,0,0,0,55,51.800000000000004,True,0.036792725917290554,"{""inspect"": 4, ""nearest_known_risk"": 51}"
nearest_risk_revisit:site_small:80,nearest_risk_revisit,site_small,80,0.25,1.0,31.0,0,0,0,35,31.799999999999997,True,0.13191714034681873,"{""inspect"": 4, ""nearest_known_risk"": 31}"
nearest_risk_revisit:site_small:81,nearest_risk_revisit,site_small,81,0.55,1.0,66.0,0,1,0,70,66.80000000000001,True,0.03108143074704068,"{""inspect"": 4, ""nearest_known_risk"": 66}"
nearest_risk_revisit:site_small:82,nearest_risk_revisit,site_small,82,0.39,1.0,50.0,0,2,0,54,50.800000000000004,True,0.08519444209351032,"{""inspect"": 4, ""nearest_known_risk"": 50}"
nearest_risk_revisit:site_small:83,nearest_risk_revisit,site_small,83,0.3,1.0,35.0,0,0,0,39,35.8,True,0.08268205102724142,"{""inspect"": 4, ""nearest_known_risk"": 35}"
nearest_risk_revisit:site_small:84,nearest_risk_revisit,site_small,84,0.18,1.0,22.0,0,0,0,26,22.8,True,0.20648077770601958,"{""inspect"": 4, ""nearest_known_risk"": 22}"
nearest_risk_revisit:site_small:85,nearest_risk_revisit,site_small,85,0.35,1.0,50.0,0,0,0,54,50.80000000000001,True,0.08253333497257834,"{""inspect"": 4, ""nearest_known_risk"": 50}"
nearest_risk_revisit:site_small:86,nearest_risk_revisit,site_small,86,0.16,1.0,21.0,0,1,0,25,21.8,True,0.038604000583291054,"{""inspect"": 4, ""nearest_known_risk"": 21}"
nearest_risk_revisit:site_small:87,nearest_risk_revisit,site_small,87,0.32,1.0,35.0,0,1,0,39,35.800000000000004,True,0.046074361307546496,"{""inspect"": 4, ""nearest_known_risk"": 35}"
nearest_risk_revisit:site_small:88,nearest_risk_revisit,site_small,88,0.12,1.0,11.0,0,0,0,15,11.8,True,0.0860266659098367,"{""inspect"": 4, ""nearest_known_risk"": 11}"
nearest_risk_revisit:site_small:89,nearest_risk_revisit,site_small,89,0.22,1.0,22.0,0,3,0,26,22.799999999999997,True,0.13105384781598473,"{""inspect"": 4, ""nearest_known_risk"": 22}"
nearest_risk_revisit:site_small:90,nearest_risk_revisit,site_small,90,0.17,1.0,17.0,0,0,0,21,17.799999999999997,True,0.04657142978560712,"{""inspect"": 4, ""nearest_known_risk"": 17}"
nearest_risk_revisit:site_small:91,nearest_risk_revisit,site_small,91,0.17,1.0,21.0,0,0,0,25,21.8,True,0.1203360001090914,"{""inspect"": 4, ""nearest_known_risk"": 21}"
nearest_risk_revisit:site_small:92,nearest_risk_revisit,site_small,92,0.59,1.0,80.0,0,0,0,82,80.4,True,0.038312194746828114,"{""inspect"": 2, ""nearest_known_risk"": 80}"
nearest_risk_revisit:site_small:93,nearest_risk_revisit,site_small,93,0.31,1.0,34.0,0,0,0,38,34.8,True,0.034234211565681585,"{""inspect"": 4, ""nearest_known_risk"": 34}"
nearest_risk_revisit:site_small:94,nearest_risk_revisit,site_small,94,0.2,1.0,30.0,0,0,0,34,30.799999999999997,True,0.2097088239251581,"{""inspect"": 4, ""nearest_known_risk"": 30}"
nearest_risk_revisit:site_small:95,nearest_risk_revisit,site_small,95,0.2,1.0,26.0,0,0,0,29,26.599999999999998,True,0.11867586451036663,"{""inspect"": 3, ""nearest_known_risk"": 26}"
nearest_risk_revisit:site_small:96,nearest_risk_revisit,site_small,96,0.37,1.0,44.0,0,0,0,48,44.800000000000004,True,0.12688124904040401,"{""inspect"": 4, ""nearest_known_risk"": 44}"
nearest_risk_revisit:site_small:97,nearest_risk_revisit,site_small,97,0.25,1.0,29.0,0,0,0,33,29.799999999999997,True,0.05890302815135907,"{""inspect"": 4, ""nearest_known_risk"": 29}"
nearest_risk_revisit:site_small:98,nearest_risk_revisit,site_small,98,0.23,1.0,22.0,0,0,0,26,22.8,True,0.08767692354292823,"{""inspect"": 4, ""nearest_known_risk"": 22}"
nearest_risk_revisit:site_small:99,nearest_risk_revisit,site_small,99,0.18,1.0,18.0,0,0,0,22,18.8,True,0.05506363231688738,"{""inspect"": 4, ""nearest_known_risk"": 18}"
nearest_risk_revisit:site_medium:0,nearest_risk_revisit,site_medium,0,0.37244897959183676,1.0,99.0,0,0,0,109,101.00000000000001,True,0.1491623876697529,"{""inspect"": 10, ""nearest_known_risk"": 99}"
nearest_risk_revisit:site_medium:1,nearest_risk_revisit,site_medium,1,0.3673469387755102,1.0,90.0,0,3,0,100,92.00000000000001,True,0.12780699937138706,"{""inspect"": 10, ""nearest_known_risk"": 90}"
nearest_risk_revisit:site_medium:2,nearest_risk_revisit,site_medium,2,0.30612244897959184,1.0,63.0,0,3,0,73,65.00000000000001,True,0.15875068692528732,"{""inspect"": 10, ""nearest_known_risk"": 63}"
nearest_risk_revisit:site_medium:3,nearest_risk_revisit,site_medium,3,0.39285714285714285,1.0,111.0,0,16,0,120,112.80000000000001,True,0.12289583294962843,"{""inspect"": 9, ""nearest_known_risk"": 111}"
nearest_risk_revisit:site_medium:4,nearest_risk_revisit,site_medium,4,0.41836734693877553,1.0,112.0,0,2,3,122,114.00000000000001,True,0.06920573746281691,"{""inspect"": 10, ""nearest_known_risk"": 112}"
nearest_risk_revisit:site_medium:5,nearest_risk_revisit,site_medium,5,0.3163265306122449,1.0,87.0,0,0,0,97,89.00000000000003,True,0.18155257776859648,"{""inspect"": 10, ""nearest_known_risk"": 87}"
nearest_risk_revisit:site_medium:6,nearest_risk_revisit,site_medium,6,0.32653061224489793,1.0,81.0,0,5,0,91,83.00000000000001,True,0.1475230757413166,"{""inspect"": 10, ""nearest_known_risk"": 81}"
nearest_risk_revisit:site_medium:7,nearest_risk_revisit,site_medium,7,0.6989795918367347,1.0,255.0,0,13,1,264,256.8,True,0.2309522740578166,"{""inspect"": 9, ""nearest_known_risk"": 255}"
nearest_risk_revisit:site_medium:8,nearest_risk_revisit,site_medium,8,0.25510204081632654,1.0,73.0,0,1,0,82,74.80000000000001,True,0.2215231702061052,"{""inspect"": 9, ""nearest_known_risk"": 73}"
nearest_risk_revisit:site_medium:9,nearest_risk_revisit,site_medium,9,0.3979591836734694,1.0,104.0,0,14,0,113,105.80000000000001,True,0.14637876121714646,"{""inspect"": 9, ""nearest_known_risk"": 104}"
nearest_risk_revisit:site_medium:10,nearest_risk_revisit,site_medium,10,0.25510204081632654,1.0,59.0,0,1,0,69,61.000000000000014,True,0.21694492813591185,"{""inspect"": 10, ""nearest_known_risk"": 59}"
nearest_risk_revisit:site_medium:11,nearest_risk_revisit,site_medium,11,0.2602040816326531,1.0,62.0,0,3,0,72,64.0,True,0.32995972570562215,"{""inspect"": 10, ""nearest_known_risk"": 62}"
nearest_risk_revisit:site_medium:12,nearest_risk_revisit,site_medium,12,0.45408163265306123,1.0,105.0,0,4,0,114,106.80000000000001,True,0.0917263167681532,"{""inspect"": 9, ""nearest_known_risk"": 105}"
nearest_risk_revisit:site_medium:13,nearest_risk_revisit,site_medium,13,0.413265306122449,1.0,94.0,0,10,0,104,96.00000000000001,True,0.15583461236719115,"{""inspect"": 10, ""nearest_known_risk"": 94}"
nearest_risk_revisit:site_medium:14,nearest_risk_revisit,site_medium,14,0.4897959183673469,1.0,145.0,0,4,0,155,147.0,True,0.11335419520976082,"{""inspect"": 10, ""nearest_known_risk"": 145}"
nearest_risk_revisit:site_medium:15,nearest_risk_revisit,site_medium,15,0.4642857142857143,1.0,124.0,0,9,0,134,126.00000000000001,True,0.10166194054485757,"{""inspect"": 10, ""nearest_known_risk"": 124}"
nearest_risk_revisit:site_medium:16,nearest_risk_revisit,site_medium,16,0.5459183673469388,1.0,196.0,0,10,0,206,198.0,True,0.19415388323448018,"{""inspect"": 10, ""nearest_known_risk"": 196}"
nearest_risk_revisit:site_medium:17,nearest_risk_revisit,site_medium,17,0.40816326530612246,1.0,105.0,0,1,0,114,106.80000000000001,True,0.14778245557017886,"{""inspect"": 9, ""nearest_known_risk"": 105}"
nearest_risk_revisit:site_medium:18,nearest_risk_revisit,site_medium,18,0.3520408163265306,1.0,91.0,0,5,0,100,92.80000000000001,True,0.28602899983525276,"{""inspect"": 9, ""nearest_known_risk"": 91}"
nearest_risk_revisit:site_medium:19,nearest_risk_revisit,site_medium,19,0.33163265306122447,1.0,81.0,0,2,0,91,83.00000000000001,True,0.09746923128009907,"{""inspect"": 10, ""nearest_known_risk"": 81}"
nearest_risk_revisit:site_medium:20,nearest_risk_revisit,site_medium,20,0.17346938775510204,1.0,36.0,0,0,0,45,37.8,True,0.13955555882097948,"{""inspect"": 9, ""nearest_known_risk"": 36}"
nearest_risk_revisit:site_medium:21,nearest_risk_revisit,site_medium,21,0.1836734693877551,1.0,62.0,0,2,0,70,63.60000000000001,True,0.2224800002295524,"{""inspect"": 8, ""nearest_known_risk"": 62}"
nearest_risk_revisit:site_medium:22,nearest_risk_revisit,site_medium,22,0.5918367346938775,1.0,172.0,0,11,1,182,174.0,True,0.11341428610619035,"{""inspect"": 10, ""nearest_known_risk"": 172}"
nearest_risk_revisit:site_medium:23,nearest_risk_revisit,site_medium,23,0.30612244897959184,1.0,68.0,0,0,0,78,70.00000000000001,True,0.10022948658726631,"{""inspect"": 10, ""nearest_known_risk"": 68}"
nearest_risk_revisit:site_medium:24,nearest_risk_revisit,site_medium,24,0.3622448979591837,1.0,93.0,0,5,0,102,94.80000000000001,True,0.16114117484083215,"{""inspect"": 9, ""nearest_known_risk"": 93}"
nearest_risk_revisit:site_medium:25,nearest_risk_revisit,site_medium,25,0.32142857142857145,1.0,75.0,0,0,0,85,77.00000000000001,True,0.0688658797812155,"{""inspect"": 10, ""nearest_known_risk"": 75}"
nearest_risk_revisit:site_medium:26,nearest_risk_revisit,site_medium,26,0.4387755102040816,1.0,109.0,0,1,0,119,111.00000000000001,True,0.058809243447828195,"{""inspect"": 10, ""nearest_known_risk"": 109}"
nearest_risk_revisit:site_medium:27,nearest_risk_revisit,site_medium,27,0.4897959183673469,1.0,143.0,0,1,0,152,144.8,True,0.0770789468477137,"{""inspect"": 9, ""nearest_known_risk"": 143}"
nearest_risk_revisit:site_medium:28,nearest_risk_revisit,site_medium,28,0.20918367346938777,1.0,54.0,0,0,0,63,55.80000000000001,True,0.17017143129903292,"{""inspect"": 9, ""nearest_known_risk"": 54}"
nearest_risk_revisit:site_medium:29,nearest_risk_revisit,site_medium,29,0.4030612244897959,1.0,90.0,0,2,0,100,92.00000000000001,True,0.11734899977454916,"{""inspect"": 10, ""nearest_known_risk"": 90}"
nearest_risk_revisit:site_medium:30,nearest_risk_revisit,site_medium,30,0.4642857142857143,1.0,135.0,0,3,0,145,137.0,True,0.13012689566400287,"{""inspect"": 10, ""nearest_known_risk"": 135}"
nearest_risk_revisit:site_medium:31,nearest_risk_revisit,site_medium,31,0.5,1.0,163.0,0,3,0,173,165.0,True,0.1792826590860381,"{""inspect"": 10, ""nearest_known_risk"": 163}"
nearest_risk_revisit:site_medium:32,nearest_risk_revisit,site_medium,32,0.3520408163265306,1.0,90.0,0,2,0,100,92.0,True,0.12476899748435244,"{""inspect"": 10, ""nearest_known_risk"": 90}"
nearest_risk_revisit:site_medium:33,nearest_risk_revisit,site_medium,33,0.29081632653061223,1.0,72.0,0,8,1,82,74.00000000000001,True,0.21296951290867405,"{""inspect"": 10, ""nearest_known_risk"": 72}"
nearest_risk_revisit:site_medium:34,nearest_risk_revisit,site_medium,34,0.2857142857142857,1.0,69.0,0,5,0,77,70.60000000000001,True,0.2628558446870899,"{""inspect"": 8, ""nearest_known_risk"": 69}"
nearest_risk_revisit:site_medium:35,nearest_risk_revisit,site_medium,35,0.44387755102040816,1.0,132.0,0,2,0,140,133.6,True,0.07460428501612373,"{""inspect"": 8, ""nearest_known_risk"": 132}"
nearest_risk_revisit:site_medium:36,nearest_risk_revisit,site_medium,36,0.1326530612244898,1.0,40.0,0,0,0,49,41.8,True,0.4341020415137921,"{""inspect"": 9, ""nearest_known_risk"": 40}"
nearest_risk_revisit:site_medium:37,nearest_risk_revisit,site_medium,37,0.15816326530612246,1.0,36.0,0,1,0,45,37.8,True,0.33627555563321543,"{""inspect"": 9, ""nearest_known_risk"": 36}"
nearest_risk_revisit:site_medium:38,nearest_risk_revisit,site_medium,38,0.25,1.0,59.0,0,0,0,69,61.000000000000014,True,0.22230144721739317,"{""inspect"": 10, ""nearest_known_risk"": 59}"
nearest_risk_revisit:site_medium:39,nearest_risk_revisit,site_medium,39,0.3520408163265306,1.0,89.0,0,3,0,99,91.00000000000001,True,0.2705969693694226,"{""inspect"": 10, ""nearest_known_risk"": 89}"
nearest_risk_revisit:site_medium:40,nearest_risk_revisit,site_medium,40,0.336734693877551,1.0,71.0,0,0,0,81,73.00000000000001,True,0.10358889006584147,"{""inspect"": 10, ""nearest_known_risk"": 71}"
nearest_risk_revisit:site_medium:41,nearest_risk_revisit,site_medium,41,0.35714285714285715,1.0,100.0,0,3,0,109,101.80000000000001,True,0.19620733742533816,"{""inspect"": 9, ""nearest_known_risk"": 100}"
nearest_risk_revisit:site_medium:42,nearest_risk_revisit,site_medium,42,0.3010204081632653,1.0,73.0,0,2,0,83,75.00000000000001,True,0.072320480690708,"{""inspect"": 10, ""nearest_known_risk"": 73}"
nearest_risk_revisit:site_medium:43,nearest_risk_revisit,site_medium,43,0.3163265306122449,1.0,76.0,0,1,0,85,77.80000000000001,True,0.3025823532987167,"{""inspect"": 9, ""nearest_known_risk"": 76}"
nearest_risk_revisit:site_medium:44,nearest_risk_revisit,site_medium,44,0.5714285714285714,1.0,167.0,0,0,0,177,169.0,True,0.10674915244897544,"{""inspect"": 10, ""nearest_known_risk"": 167}"
nearest_risk_revisit:site_medium:45,nearest_risk_revisit,site_medium,45,0.5459183673469388,1.0,153.0,0,1,0,162,154.8,True,0.06999135848111761,"{""inspect"": 9, ""nearest_known_risk"": 153}"
nearest_risk_revisit:site_medium:46,nearest_risk_revisit,site_medium,46,0.2755102040816326,1.0,64.0,0,0,0,72,65.60000000000001,True,0.1278416643294299,"{""inspect"": 8, ""nearest_known_risk"": 64}"
nearest_risk_revisit:site_medium:47,nearest_risk_revisit,site_medium,47,0.4897959183673469,1.0,135.0,0,0,0,145,137.0,True,0.11280620639244544,"{""inspect"": 10, ""nearest_known_risk"": 135}"
nearest_risk_revisit:site_medium:48,nearest_risk_revisit,site_medium,48,0.2653061224489796,1.0,67.0,0,0,0,76,68.80000000000001,True,0.11759473847249817,"{""inspect"": 9, ""nearest_known_risk"": 67}"
nearest_risk_revisit:site_medium:49,nearest_risk_revisit,site_medium,49,0.4897959183673469,1.0,130.0,0,3,0,140,132.0,True,0.21334857405495963,"{""inspect"": 10, ""nearest_known_risk"": 130}"
nearest_risk_revisit:site_medium:50,nearest_risk_revisit,site_medium,50,0.2193877551020408,1.0,42.0,0,1,0,52,44.00000000000001,True,0.10254615447663057,"{""inspect"": 10, ""nearest_known_risk"": 42}"
nearest_risk_revisit:site_medium:51,nearest_risk_revisit,site_medium,51,0.37755102040816324,1.0,96.0,0,2,0,106,98.0,True,0.06349245251050957,"{""inspect"": 10, ""nearest_known_risk"": 96}"
nearest_risk_revisit:site_medium:52,nearest_risk_revisit,site_medium,52,0.5612244897959183,1.0,150.0,0,12,0,160,152.0,True,0.11604999908740865,"{""inspect"": 10, ""nearest_known_risk"": 150}"
nearest_risk_revisit:site_medium:53,nearest_risk_revisit,site_medium,53,0.5,1.0,142.0,0,2,0,151,143.79999999999998,True,0.16633774765261405,"{""inspect"": 9, ""nearest_known_risk"": 142}"
nearest_risk_revisit:site_medium:54,nearest_risk_revisit,site_medium,54,0.2653061224489796,1.0,60.0,0,1,0,69,61.80000000000001,True,0.11562173755879959,"{""inspect"": 9, ""nearest_known_risk"": 60}"
nearest_risk_revisit:site_medium:55,nearest_risk_revisit,site_medium,55,0.336734693877551,1.0,87.0,0,3,0,96,88.80000000000001,True,0.13702708292839816,"{""inspect"": 9, ""nearest_known_risk"": 87}"
nearest_risk_revisit:site_medium:56,nearest_risk_revisit,site_medium,56,0.3010204081632653,1.0,74.0,0,7,1,84,76.00000000000001,True,0.32328690438243074,"{""inspect"": 10, ""nearest_known_risk"": 74}"
nearest_risk_revisit:site_medium:57,nearest_risk_revisit,site_medium,57,0.6275510204081632,1.0,164.0,0,21,0,174,165.99999999999997,True,0.12602068964879018,"{""inspect"": 10, ""nearest_known_risk"": 164}"
nearest_risk_revisit:site_medium:58,nearest_risk_revisit,site_medium,58,0.20408163265306123,1.0,41.0,0,2,0,51,43.0,True,0.17315489936199988,"{""inspect"": 10, ""nearest_known_risk"": 41}"
nearest_risk_revisit:site_medium:59,nearest_risk_revisit,site_medium,59,0.6581632653061225,1.0,185.0,0,12,0,195,187.0,True,0.15861282068400237,"{""inspect"": 10, ""nearest_known_risk"": 185}"
nearest_risk_revisit:site_medium:60,nearest_risk_revisit,site_medium,60,0.30612244897959184,1.0,74.0,0,1,0,82,75.60000000000001,True,0.08164756227193809,"{""inspect"": 8, ""nearest_known_risk"": 74}"
nearest_risk_revisit:site_medium:61,nearest_risk_revisit,site_medium,61,0.5051020408163265,1.0,124.0,0,6,0,133,125.80000000000001,True,0.1449819546564013,"{""inspect"": 9, ""nearest_known_risk"": 124}"
nearest_risk_revisit:site_medium:62,nearest_risk_revisit,site_medium,62,0.1377551020408163,1.0,30.0,0,0,0,40,31.999999999999996,True,0.174200000037672,"{""inspect"": 10, ""nearest_known_risk"": 30}"
nearest_risk_revisit:site_medium:63,nearest_risk_revisit,site_medium,63,0.3877551020408163,1.0,105.0,0,6,0,115,107.00000000000001,True,0.13370869590131484,"{""inspect"": 10, ""nearest_known_risk"": 105}"
nearest_risk_revisit:site_medium:64,nearest_risk_revisit,site_medium,64,0.39285714285714285,1.0,97.0,0,2,0,107,99.00000000000001,True,0.08327102725977235,"{""inspect"": 10, ""nearest_known_risk"": 97}"
nearest_risk_revisit:site_medium:65,nearest_risk_revisit,site_medium,65,0.37755102040816324,1.0,93.0,0,5,0,102,94.80000000000001,True,0.1115049018670677,"{""inspect"": 9, ""nearest_known_risk"": 93}"
nearest_risk_revisit:site_medium:66,nearest_risk_revisit,site_medium,66,0.3826530612244898,1.0,92.0,0,1,0,101,93.8,True,0.14082177992827158,"{""inspect"": 9, ""nearest_known_risk"": 92}"
nearest_risk_revisit:site_medium:67,nearest_risk_revisit,site_medium,67,0.29081632653061223,1.0,82.0,0,6,0,92,84.00000000000001,True,0.20508043488244648,"{""inspect"": 10, ""nearest_known_risk"": 82}"
nearest_risk_revisit:site_medium:68,nearest_risk_revisit,site_medium,68,0.33163265306122447,1.0,90.0,0,0,0,100,92.00000000000001,True,0.20006900129374117,"{""inspect"": 10, ""nearest_known_risk"": 90}"
nearest_risk_revisit:site_medium:69,nearest_risk_revisit,site_medium,69,0.5255102040816326,1.0,166.0,0,1,1,174,167.6,True,0.1055764363230281,"{""inspect"": 8, ""nearest_known_risk"": 166}"
nearest_risk_revisit:site_medium:70,nearest_risk_revisit,site_medium,70,0.45918367346938777,1.0,124.0,0,4,0,134,126.00000000000001,True,0.10859701520096121,"{""inspect"": 10, ""nearest_known_risk"": 124}"
nearest_risk_revisit:site_medium:71,nearest_risk_revisit,site_medium,71,0.4030612244897959,1.0,108.0,0,0,0,116,109.60000000000001,True,0.21331379258330782,"{""inspect"": 8, ""nearest_known_risk"": 108}"
nearest_risk_revisit:site_medium:72,nearest_risk_revisit,site_medium,72,0.5663265306122449,1.0,196.0,0,10,0,204,197.6,True,0.13279362781973117,"{""inspect"": 8, ""nearest_known_risk"": 196}"
nearest_risk_revisit:site_medium:73,nearest_risk_revisit,site_medium,73,0.33163265306122447,1.0,85.0,0,1,2,94,86.80000000000003,True,0.2609053183906771,"{""inspect"": 9, ""nearest_known_risk"": 85}"
nearest_risk_revisit:site_medium:74,nearest_risk_revisit,site_medium,74,0.23469387755102042,1.0,46.0,0,1,0,54,47.60000000000001,True,0.10266111025379764,"{""inspect"": 8, ""nearest_known_risk"": 46}"
nearest_risk_revisit:site_medium:75,nearest_risk_revisit,site_medium,75,0.1989795918367347,1.0,69.0,0,0,0,79,71.00000000000001,True,0.4585898725192145,"{""inspect"": 10, ""nearest_known_risk"": 69}"
nearest_risk_revisit:site_medium:76,nearest_risk_revisit,site_medium,76,0.3979591836734694,1.0,104.0,0,2,0,114,106.00000000000001,True,0.09241228052129022,"{""inspect"": 10, ""nearest_known_risk"": 104}"
nearest_risk_revisit:site_medium:77,nearest_risk_revisit,site_medium,77,0.5306122448979592,1.0,144.0,0,3,0,154,146.0,True,0.10408116874962368,"{""inspect"": 10, ""nearest_known_risk"": 144}"
nearest_risk_revisit:site_medium:78,nearest_risk_revisit,site_medium,78,0.19387755102040816,1.0,51.0,0,0,0,61,53.00000000000001,True,0.23163278676859547,"{""inspect"": 10, ""nearest_known_risk"": 51}"
nearest_risk_revisit:site_medium:79,nearest_risk_revisit,site_medium,79,0.44387755102040816,1.0,121.0,0,2,0,131,123.00000000000001,True,0.13656259664576073,"{""inspect"": 10, ""nearest_known_risk"": 121}"
nearest_risk_revisit:site_medium:80,nearest_risk_revisit,site_medium,80,0.5459183673469388,1.0,158.0,0,1,1,168,160.0,True,0.08909761752528582,"{""inspect"": 10, ""nearest_known_risk"": 158}"
nearest_risk_revisit:site_medium:81,nearest_risk_revisit,site_medium,81,0.5510204081632653,1.0,151.0,0,0,0,161,153.0,True,0.11510124320875831,"{""inspect"": 10, ""nearest_known_risk"": 151}"
nearest_risk_revisit:site_medium:82,nearest_risk_revisit,site_medium,82,0.33163265306122447,1.0,80.0,0,0,0,90,82.00000000000003,True,0.1500122207087568,"{""inspect"": 10, ""nearest_known_risk"": 80}"
nearest_risk_revisit:site_medium:83,nearest_risk_revisit,site_medium,83,0.24489795918367346,1.0,52.0,0,4,0,61,53.800000000000004,True,0.09209672027252248,"{""inspect"": 9, ""nearest_known_risk"": 52}"
nearest_risk_revisit:site_medium:84,nearest_risk_revisit,site_medium,84,0.47959183673469385,1.0,154.0,0,3,0,164,156.0,True,0.329325610570178,"{""inspect"": 10, ""nearest_known_risk"": 154}"
nearest_risk_revisit:site_medium:85,nearest_risk_revisit,site_medium,85,0.5969387755102041,1.0,177.0,0,3,0,185,178.6,True,0.14469351263943356,"{""inspect"": 8, ""nearest_known_risk"": 177}"
nearest_risk_revisit:site_medium:86,nearest_risk_revisit,site_medium,86,0.3469387755102041,1.0,85.0,0,0,0,95,87.00000000000001,True,0.15528736740203672,"{""inspect"": 10, ""nearest_known_risk"": 85}"
nearest_risk_revisit:site_medium:87,nearest_risk_revisit,site_medium,87,0.37755102040816324,1.0,120.0,0,0,3,129,121.8,True,0.14989845009787772,"{""inspect"": 9, ""nearest_known_risk"": 120}"
nearest_risk_revisit:site_medium:88,nearest_risk_revisit,site_medium,88,0.3469387755102041,1.0,78.0,0,4,1,88,80.0,True,0.13970568033983,"{""inspect"": 10, ""nearest_known_risk"": 78}"
nearest_risk_revisit:site_medium:89,nearest_risk_revisit,site_medium,89,0.29591836734693877,1.0,74.0,0,0,0,84,76.00000000000001,True,0.10621547595032357,"{""inspect"": 10, ""nearest_known_risk"": 74}"
nearest_risk_revisit:site_medium:90,nearest_risk_revisit,site_medium,90,0.20918367346938777,1.0,42.0,0,0,0,51,43.80000000000001,True,0.17492745331872037,"{""inspect"": 9, ""nearest_known_risk"": 42}"
nearest_risk_revisit:site_medium:91,nearest_risk_revisit,site_medium,91,0.37755102040816324,1.0,96.0,0,0,0,104,97.60000000000001,True,0.13527307657148832,"{""inspect"": 8, ""nearest_known_risk"": 96}"
nearest_risk_revisit:site_medium:92,nearest_risk_revisit,site_medium,92,0.28061224489795916,1.0,62.0,0,3,0,72,64.00000000000001,True,0.13776944534684946,"{""inspect"": 10, ""nearest_known_risk"": 62}"
nearest_risk_revisit:site_medium:93,nearest_risk_revisit,site_medium,93,0.1377551020408163,1.0,43.0,0,0,0,53,45.000000000000014,True,0.28847169651614746,"{""inspect"": 10, ""nearest_known_risk"": 43}"
nearest_risk_revisit:site_medium:94,nearest_risk_revisit,site_medium,94,0.4489795918367347,1.0,121.0,0,0,0,131,123.00000000000001,True,0.06642977228096708,"{""inspect"": 10, ""nearest_known_risk"": 121}"
nearest_risk_revisit:site_medium:95,nearest_risk_revisit,site_medium,95,0.2857142857142857,1.0,68.0,0,1,0,76,69.60000000000002,True,0.168642105372304,"{""inspect"": 8, ""nearest_known_risk"": 68}"
nearest_risk_revisit:site_medium:96,nearest_risk_revisit,site_medium,96,0.30612244897959184,1.0,84.0,0,6,0,94,86.00000000000001,True,0.20384042402432162,"{""inspect"": 10, ""nearest_known_risk"": 84}"
nearest_risk_revisit:site_medium:97,nearest_risk_revisit,site_medium,97,0.3622448979591837,1.0,85.0,0,0,0,95,87.00000000000001,True,0.13359052643768096,"{""inspect"": 10, ""nearest_known_risk"": 85}"
nearest_risk_revisit:site_medium:98,nearest_risk_revisit,site_medium,98,0.18877551020408162,1.0,39.0,0,1,0,48,40.80000000000001,True,0.192429166418151,"{""inspect"": 9, ""nearest_known_risk"": 39}"
nearest_risk_revisit:site_medium:99,nearest_risk_revisit,site_medium,99,0.24489795918367346,1.0,63.0,0,0,0,72,64.80000000000001,True,0.15740277740405872,"{""inspect"": 9, ""nearest_known_risk"": 63}"
nearest_risk_revisit:site_dynamic:0,nearest_risk_revisit,site_dynamic,0,0.19140625,1.0,65.0,0,17,0,80,68.00000000000001,True,0.5121537506056484,"{""inspect"": 15, ""nearest_known_risk"": 65}"
nearest_risk_revisit:site_dynamic:1,nearest_risk_revisit,site_dynamic,1,0.453125,1.0,164.0,0,13,1,179,167.0,True,0.5010843578421682,"{""inspect"": 15, ""nearest_known_risk"": 164}"
nearest_risk_revisit:site_dynamic:2,nearest_risk_revisit,site_dynamic,2,0.36328125,1.0,139.0,0,7,0,152,141.60000000000002,True,0.39618157940199844,"{""inspect"": 13, ""nearest_known_risk"": 139}"
nearest_risk_revisit:site_dynamic:3,nearest_risk_revisit,site_dynamic,3,0.34765625,1.0,119.0,0,18,0,134,122.00000000000003,True,0.16744104570208757,"{""inspect"": 15, ""nearest_known_risk"": 119}"
nearest_risk_revisit:site_dynamic:4,nearest_risk_revisit,site_dynamic,4,0.41796875,1.0,169.0,0,18,0,182,171.6,True,0.19113351587733193,"{""inspect"": 13, ""nearest_known_risk"": 169}"
nearest_risk_revisit:site_dynamic:5,nearest_risk_revisit,site_dynamic,5,0.4453125,1.0,195.0,0,8,0,209,197.8,True,0.25156889939079125,"{""inspect"": 14, ""nearest_known_risk"": 195}"
nearest_risk_revisit:site_dynamic:6,nearest_risk_revisit,site_dynamic,6,0.32421875,1.0,112.0,0,9,1,127,115.00000000000001,True,0.1576614158693701,"{""inspect"": 15, ""nearest_known_risk"": 112}"
nearest_risk_revisit:site_dynamic:7,nearest_risk_revisit,site_dynamic,7,0.4609375,1.0,172.0,0,10,1,186,174.8,True,0.29197150590373905,"{""inspect"": 14, ""nearest_known_risk"": 172}"
nearest_risk_revisit:site_dynamic:8,nearest_risk_revisit,site_dynamic,8,0.52734375,1.0,248.0,0,5,0,263,250.99999999999997,True,0.23771520846119654,"{""inspect"": 15, ""nearest_known_risk"": 248}"
nearest_risk_revisit:site_dynamic:9,nearest_risk_revisit,site_dynamic,9,0.43359375,1.0,158.0,0,6,1,173,160.99999999999991,True,0.22150173472412835,"{""inspect"": 15, ""nearest_known_risk"": 158}"
nearest_risk_revisit:site_dynamic:10,nearest_risk_revisit,site_dynamic,10,0.625,1.0,278.0,0,29,1,293,280.99999999999994,True,0.24577781538965351,"{""inspect"": 15, ""nearest_known_risk"": 278}"
nearest_risk_revisit:site_dynamic:11,nearest_risk_revisit,site_dynamic,11,0.35546875,1.0,161.0,0,6,0,174,163.59999999999997,True,0.46890747235638314,"{""inspect"": 13, ""nearest_known_risk"": 161}"
nearest_risk_revisit:site_dynamic:12,nearest_risk_revisit,site_dynamic,12,0.4765625,1.0,196.0,0,22,1,210,198.79999999999998,True,0.13838095196877562,"{""inspect"": 14, ""nearest_known_risk"": 196}"
nearest_risk_revisit:site_dynamic:13,nearest_risk_revisit,site_dynamic,13,0.375,1.0,130.0,0,12,0,144,132.8,True,0.3808576374366466,"{""inspect"": 14, ""nearest_known_risk"": 130}"
nearest_risk_revisit:site_dynamic:14,nearest_risk_revisit,site_dynamic,14,0.34765625,1.0,126.0,0,10,0,141,129.0,True,0.22919007171612524,"{""inspect"": 15, ""nearest_known_risk"": 126}"
nearest_risk_revisit:site_dynamic:15,nearest_risk_revisit,site_dynamic,15,0.53515625,1.0,217.0,0,25,0,232,220.0,True,0.2142918107485206,"{""inspect"": 15, ""nearest_known_risk"": 217}"
nearest_risk_revisit:site_dynamic:16,nearest_risk_revisit,site_dynamic,16,0.34765625,1.0,117.0,0,5,0,131,119.80000000000003,True,0.3220854948704906,"{""inspect"": 14, ""nearest_known_risk"": 117}"
nearest_risk_revisit:site_dynamic:17,nearest_risk_revisit,site_dynamic,17,0.30078125,1.0,108.0,0,3,0,121,110.60000000000002,True,0.2155975195240568,"{""inspect"": 13, ""nearest_known_risk"": 108}"
nearest_risk_revisit:site_dynamic:18,nearest_risk_revisit,site_dynamic,18,0.5,1.0,188.0,0,13,0,201,190.6,True,0.13107412818481043,"{""inspect"": 13, ""nearest_known_risk"": 188}"
nearest_risk_revisit:site_dynamic:19,nearest_risk_revisit,site_dynamic,19,0.3359375,1.0,133.0,0,6,0,146,135.60000000000002,True,0.4579534254607757,"{""inspect"": 13, ""nearest_known_risk"": 133}"
nearest_risk_revisit:site_dynamic:20,nearest_risk_revisit,site_dynamic,20,0.51953125,1.0,228.0,0,12,0,242,230.8,True,0.2721520657901275,"{""inspect"": 14, ""nearest_known_risk"": 228}"
nearest_risk_revisit:site_dynamic:21,nearest_risk_revisit,site_dynamic,21,0.609375,1.0,237.0,0,18,0,251,239.79999999999993,True,0.16261952216328823,"{""inspect"": 14, ""nearest_known_risk"": 237}"
nearest_risk_revisit:site_dynamic:22,nearest_risk_revisit,site_dynamic,22,0.40625,1.0,159.0,0,7,0,173,161.8,True,0.9289260116214676,"{""inspect"": 14, ""nearest_known_risk"": 159}"
nearest_risk_revisit:site_dynamic:23,nearest_risk_revisit,site_dynamic,23,0.4765625,1.0,201.0,0,9,0,216,204.0,True,0.17265555423499016,"{""inspect"": 15, ""nearest_known_risk"": 201}"
nearest_risk_revisit:site_dynamic:24,nearest_risk_revisit,site_dynamic,24,0.33203125,1.0,105.0,0,7,0,119,107.80000000000003,True,0.2021487396770008,"{""inspect"": 14, ""nearest_known_risk"": 105}"
nearest_risk_revisit:site_dynamic:25,nearest_risk_revisit,site_dynamic,25,0.37109375,1.0,108.0,0,15,0,123,111.00000000000001,True,0.16583821322670494,"{""inspect"": 15, ""nearest_known_risk"": 108}"
nearest_risk_revisit:site_dynamic:26,nearest_risk_revisit,site_dynamic,26,0.19140625,1.0,64.0,0,5,1,79,67.00000000000003,True,0.25860379712326054,"{""inspect"": 15, ""nearest_known_risk"": 64}"
nearest_risk_revisit:site_dynamic:27,nearest_risk_revisit,site_dynamic,27,0.265625,1.0,71.0,0,18,0,84,73.60000000000002,True,0.2554476190458185,"{""inspect"": 13, ""nearest_known_risk"": 71}"
nearest_risk_revisit:site_dynamic:28,nearest_risk_revisit,site_dynamic,28,0.3359375,1.0,121.0,0,4,0,136,124.00000000000003,True,0.4485389697091544,"{""inspect"": 15, ""nearest_known_risk"": 121}"
nearest_risk_revisit:site_dynamic:29,nearest_risk_revisit,site_dynamic,29,0.6015625,1.0,287.0,0,10,0,300,289.6,True,0.22089266596594825,"{""inspect"": 13, ""nearest_known_risk"": 287}"
nearest_risk_revisit:site_dynamic:30,nearest_risk_revisit,site_dynamic,30,0.484375,1.0,219.0,0,15,0,233,221.79999999999998,True,0.3005248920886094,"{""inspect"": 14, ""nearest_known_risk"": 219}"
nearest_risk_revisit:site_dynamic:31,nearest_risk_revisit,site_dynamic,31,0.4921875,1.0,218.0,0,4,2,233,220.99999999999994,True,0.18878197377395733,"{""inspect"": 15, ""nearest_known_risk"": 218}"
nearest_risk_revisit:site_dynamic:32,nearest_risk_revisit,site_dynamic,32,0.21484375,1.0,72.0,0,7,0,87,75.00000000000001,True,0.5887597692252575,"{""inspect"": 15, ""nearest_known_risk"": 72}"
nearest_risk_revisit:site_dynamic:33,nearest_risk_revisit,site_dynamic,33,0.46875,1.0,184.0,0,15,0,199,187.0,True,0.1440376871681992,"{""inspect"": 15, ""nearest_known_risk"": 184}"
nearest_risk_revisit:site_dynamic:34,nearest_risk_revisit,site_dynamic,34,0.41796875,1.0,161.0,0,10,0,175,163.8,True,0.25677371420897543,"{""inspect"": 14, ""nearest_known_risk"": 161}"
nearest_risk_revisit:site_dynamic:35,nearest_risk_revisit,site_dynamic,35,0.453125,1.0,159.0,0,23,1,174,162.0,True,0.1730097716355739,"{""inspect"": 15, ""nearest_known_risk"": 159}"
nearest_risk_revisit:site_dynamic:36,nearest_risk_revisit,site_dynamic,36,0.328125,1.0,112.0,0,7,0,123,114.20000000000002,True,0.3012642288027801,"{""inspect"": 11, ""nearest_known_risk"": 112}"
nearest_risk_revisit:site_dynamic:37,nearest_risk_revisit,site_dynamic,37,0.23046875,1.0,108.0,0,0,0,122,110.80000000000004,True,0.3077909839434977,"{""inspect"": 14, ""nearest_known_risk"": 108}"
nearest_risk_revisit:site_dynamic:38,nearest_risk_revisit,site_dynamic,38,0.53125,1.0,218.0,0,16,0,231,220.60000000000002,True,0.2097151508288724,"{""inspect"": 13, ""nearest_known_risk"": 218}"
nearest_risk_revisit:site_dynamic:39,nearest_risk_revisit,site_dynamic,39,0.45703125,1.0,197.0,0,11,0,210,199.60000000000002,True,0.19184238183134722,"{""inspect"": 13, ""nearest_known_risk"": 197}"
nearest_risk_revisit:site_dynamic:40,nearest_risk_revisit,site_dynamic,40,0.52734375,1.0,241.0,0,10,1,255,243.79999999999995,True,0.1767435274315158,"{""inspect"": 14, ""nearest_known_risk"": 241}"
nearest_risk_revisit:site_dynamic:41,nearest_risk_revisit,site_dynamic,41,0.58984375,1.0,228.0,0,26,0,242,230.8,True,0.15939090834845873,"{""inspect"": 14, ""nearest_known_risk"": 228}"
nearest_risk_revisit:site_dynamic:42,nearest_risk_revisit,site_dynamic,42,0.6015625,1.0,235.0,0,13,0,248,237.59999999999997,True,0.12534959692387812,"{""inspect"": 13, ""nearest_known_risk"": 235}"
nearest_risk_revisit:site_dynamic:43,nearest_risk_revisit,site_dynamic,43,0.48046875,1.0,176.0,0,9,0,190,178.79999999999998,True,0.24367105246423498,"{""inspect"": 14, ""nearest_known_risk"": 176}"
nearest_risk_revisit:site_dynamic:44,nearest_risk_revisit,site_dynamic,44,0.3046875,1.0,143.0,0,11,0,157,145.79999999999998,True,0.48456496780050123,"{""inspect"": 14, ""nearest_known_risk"": 143}"
nearest_risk_revisit:site_dynamic:45,nearest_risk_revisit,site_dynamic,45,0.55078125,1.0,246.0,0,22,0,259,248.6,True,0.25514131443373655,"{""inspect"": 13, ""nearest_known_risk"": 246}"
nearest_risk_revisit:site_dynamic:46,nearest_risk_revisit,site_dynamic,46,0.21875,1.0,61.0,0,7,0,75,63.800000000000026,True,0.1709159987512976,"{""inspect"": 14, ""nearest_known_risk"": 61}"
nearest_risk_revisit:site_dynamic:47,nearest_risk_revisit,site_dynamic,47,0.6328125,1.0,276.0,0,24,2,291,278.99999999999994,True,0.2177089356330841,"{""inspect"": 15, ""nearest_known_risk"": 276}"
nearest_risk_revisit:site_dynamic:48,nearest_risk_revisit,site_dynamic,48,0.20703125,1.0,79.0,0,4,0,94,82.00000000000001,True,0.37595638423226774,"{""inspect"": 15, ""nearest_known_risk"": 79}"
nearest_risk_revisit:site_dynamic:49,nearest_risk_revisit,site_dynamic,49,0.47265625,1.0,206.0,0,21,0,220,208.8,True,0.3122086376110515,"{""inspect"": 14, ""nearest_known_risk"": 206}"
nearest_risk_revisit:site_dynamic:50,nearest_risk_revisit,site_dynamic,50,0.41796875,1.0,158.0,0,3,0,172,160.8,True,0.19209593233955635,"{""inspect"": 14, ""nearest_known_risk"": 158}"
nearest_risk_revisit:site_dynamic:51,nearest_risk_revisit,site_dynamic,51,0.4453125,1.0,196.0,0,9,2,210,198.8,True,0.22713619109708816,"{""inspect"": 14, ""nearest_known_risk"": 196}"
nearest_risk_revisit:site_dynamic:52,nearest_risk_revisit,site_dynamic,52,0.46484375,1.0,180.0,0,9,0,195,183.0,True,0.27307999941209954,"{""inspect"": 15, ""nearest_known_risk"": 180}"
nearest_risk_revisit:site_dynamic:53,nearest_risk_revisit,site_dynamic,53,0.56640625,1.0,197.0,0,17,3,211,199.8,True,0.21769857791062638,"{""inspect"": 14, ""nearest_known_risk"": 197}"
nearest_risk_revisit:site_dynamic:54,nearest_risk_revisit,site_dynamic,54,0.31640625,1.0,99.0,0,14,0,112,101.60000000000001,True,0.1832080355857865,"{""inspect"": 13, ""nearest_known_risk"": 99}"
nearest_risk_revisit:site_dynamic:55,nearest_risk_revisit,site_dynamic,55,0.46484375,1.0,190.0,0,7,0,204,192.8,True,0.20153676407918444,"{""inspect"": 14, ""nearest_known_risk"": 190}"
nearest_risk_revisit:site_dynamic:56,nearest_risk_revisit,site_dynamic,56,0.39453125,1.0,154.0,0,14,0,168,156.8,True,0.25938630902341436,"{""inspect"": 14, ""nearest_known_risk"": 154}"
nearest_risk_revisit:site_dynamic:57,nearest_risk_revisit,site_dynamic,57,0.58984375,1.0,277.0,0,17,0,291,279.8,True,0.1914505155707463,"{""inspect"": 14, ""nearest_known_risk"": 277}"
nearest_risk_revisit:site_dynamic:58,nearest_risk_revisit,site_dynamic,58,0.35546875,1.0,115.0,0,10,0,126,117.20000000000002,True,0.25400634862423416,"{""inspect"": 11, ""nearest_known_risk"": 115}"
nearest_risk_revisit:site_dynamic:59,nearest_risk_revisit,site_dynamic,59,0.40234375,1.0,149.0,0,9,0,161,151.39999999999998,True,0.27671925541337417,"{""inspect"": 12, ""nearest_known_risk"": 149}"
nearest_risk_revisit:site_dynamic:60,nearest_risk_revisit,site_dynamic,60,0.28125,1.0,84.0,0,11,0,98,86.80000000000001,True,0.18130816377898945,"{""inspect"": 14, ""nearest_known_risk"": 84}"
nearest_risk_revisit:site_dynamic:61,nearest_risk_revisit,site_dynamic,61,0.234375,1.0,88.0,0,5,2,103,91.00000000000001,True,0.27962135731974996,"{""inspect"": 15, ""nearest_known_risk"": 88}"
nearest_risk_revisit:site_dynamic:62,nearest_risk_revisit,site_dynamic,62,0.34375,1.0,116.0,0,11,0,131,119.00000000000003,True,0.2389251916999893,"{""inspect"": 15, ""nearest_known_risk"": 116}"
nearest_risk_revisit:site_dynamic:63,nearest_risk_revisit,site_dynamic,63,0.51953125,1.0,200.0,0,21,1,214,202.8,True,0.20462663509125742,"{""inspect"": 14, ""nearest_known_risk"": 200}"
nearest_risk_revisit:site_dynamic:64,nearest_risk_revisit,site_dynamic,64,0.67578125,1.0,348.0,0,19,0,362,350.79999999999995,True,0.3308425418671107,"{""inspect"": 14, ""nearest_known_risk"": 348}"
nearest_risk_revisit:site_dynamic:65,nearest_risk_revisit,site_dynamic,65,0.5546875,1.0,265.0,0,10,2,279,267.8,True,0.30230394200301697,"{""inspect"": 14, ""nearest_known_risk"": 265}"
nearest_risk_revisit:site_dynamic:66,nearest_risk_revisit,site_dynamic,66,0.28125,1.0,83.0,0,8,0,95,85.40000000000002,True,0.11903999900249274,"{""inspect"": 12, ""nearest_known_risk"": 83}"
nearest_risk_revisit:site_dynamic:67,nearest_risk_revisit,site_dynamic,67,0.3671875,1.0,118.0,0,10,0,132,120.80000000000003,True,0.44108030278673116,"{""inspect"": 14, ""nearest_known_risk"": 118}"
nearest_risk_revisit:site_dynamic:68,nearest_risk_revisit,site_dynamic,68,0.3984375,1.0,140.0,0,3,0,154,142.8,True,0.17638116800558887,"{""inspect"": 14, ""nearest_known_risk"": 140}"
nearest_risk_revisit:site_dynamic:69,nearest_risk_revisit,site_dynamic,69,0.45703125,1.0,213.0,0,12,0,225,215.39999999999995,True,0.13267155529724228,"{""inspect"": 12, ""nearest_known_risk"": 213}"
nearest_risk_revisit:site_dynamic:70,nearest_risk_revisit,site_dynamic,70,0.4375,1.0,182.0,0,18,0,197,185.0,True,0.28706142066642265,"{""inspect"": 15, ""nearest_known_risk"": 182}"
nearest_risk_revisit:site_dynamic:71,nearest_risk_revisit,site_dynamic,71,0.609375,1.0,285.0,0,28,0,300,288.0,True,0.2883493330834123,"{""inspect"": 15, ""nearest_known_risk"": 285}"
nearest_risk_revisit:site_dynamic:72,nearest_risk_revisit,site_dynamic,72,0.3046875,1.0,130.0,0,12,0,143,132.60000000000002,True,0.2228174827931045,"{""inspect"": 13, ""nearest_known_risk"": 130}"
nearest_risk_revisit:site_dynamic:73,nearest_risk_revisit,site_dynamic,73,0.4296875,1.0,139.0,0,12,0,153,141.8,True,0.2378633989970766,"{""inspect"": 14, ""nearest_known_risk"": 139}"
nearest_risk_revisit:site_dynamic:74,nearest_risk_revisit,site_dynamic,74,0.34765625,1.0,136.0,0,5,0,151,139.0,True,0.29424039646212186,"{""inspect"": 15, ""nearest_known_risk"": 136}"
nearest_risk_revisit:site_dynamic:75,nearest_risk_revisit,site_dynamic,75,0.47265625,1.0,201.0,0,2,0,215,203.8,True,0.32377953486798633,"{""inspect"": 14, ""nearest_known_risk"": 201}"
nearest_risk_revisit:site_dynamic:76,nearest_risk_revisit,site_dynamic,76,0.30859375,1.0,99.0,0,8,0,113,101.80000000000001,True,0.16988760923587642,"{""inspect"": 14, ""nearest_known_risk"": 99}"
nearest_risk_revisit:site_dynamic:77,nearest_risk_revisit,site_dynamic,77,0.51953125,1.0,213.0,0,3,0,226,215.6,True,0.12256504413548165,"{""inspect"": 13, ""nearest_known_risk"": 213}"
nearest_risk_revisit:site_dynamic:78,nearest_risk_revisit,site_dynamic,78,0.3828125,1.0,137.0,0,8,0,152,140.0,True,0.5791717106292612,"{""inspect"": 15, ""nearest_known_risk"": 137}"
nearest_risk_revisit:site_dynamic:79,nearest_risk_revisit,site_dynamic,79,0.5703125,1.0,225.0,0,28,2,239,227.79999999999995,True,0.21167489540252726,"{""inspect"": 14, ""nearest_known_risk"": 225}"
nearest_risk_revisit:site_dynamic:80,nearest_risk_revisit,site_dynamic,80,0.57421875,1.0,233.0,0,39,2,243,235.0,True,0.19452798347000355,"{""inspect"": 10, ""nearest_known_risk"": 233}"
nearest_risk_revisit:site_dynamic:81,nearest_risk_revisit,site_dynamic,81,0.4609375,1.0,194.0,0,6,0,208,196.79999999999995,True,0.2700653852885947,"{""inspect"": 14, ""nearest_known_risk"": 194}"
nearest_risk_revisit:site_dynamic:82,nearest_risk_revisit,site_dynamic,82,0.4296875,1.0,231.0,0,15,2,245,233.79999999999998,True,0.46420612227532787,"{""inspect"": 14, ""nearest_known_risk"": 231}"
nearest_risk_revisit:site_dynamic:83,nearest_risk_revisit,site_dynamic,83,0.5078125,1.0,193.0,0,15,1,207,195.79999999999995,True,0.14928888877097896,"{""inspect"": 14, ""nearest_known_risk"": 193}"
nearest_risk_revisit:site_dynamic:84,nearest_risk_revisit,site_dynamic,84,0.56640625,1.0,288.0,0,19,0,302,290.8,True,0.1561221860723866,"{""inspect"": 14, ""nearest_known_risk"": 288}"
nearest_risk_revisit:site_dynamic:85,nearest_risk_revisit,site_dynamic,85,0.48828125,1.0,224.0,0,9,2,238,226.79999999999995,True,0.208550420303109,"{""inspect"": 14, ""nearest_known_risk"": 224}"
nearest_risk_revisit:site_dynamic:86,nearest_risk_revisit,site_dynamic,86,0.484375,1.0,219.0,0,23,0,234,222.0,True,0.3173273489820476,"{""inspect"": 15, ""nearest_known_risk"": 219}"
nearest_risk_revisit:site_dynamic:87,nearest_risk_revisit,site_dynamic,87,0.5625,1.0,250.0,0,13,0,265,252.99999999999991,True,0.2287332073978658,"{""inspect"": 15, ""nearest_known_risk"": 250}"
nearest_risk_revisit:site_dynamic:88,nearest_risk_revisit,site_dynamic,88,0.5390625,1.0,202.0,0,29,0,215,204.59999999999997,True,0.3141083718050098,"{""inspect"": 13, ""nearest_known_risk"": 202}"
nearest_risk_revisit:site_dynamic:89,nearest_risk_revisit,site_dynamic,89,0.375,1.0,121.0,0,8,2,134,123.60000000000002,True,0.5230850765113232,"{""inspect"": 13, ""nearest_known_risk"": 121}"
nearest_risk_revisit:site_dynamic:90,nearest_risk_revisit,site_dynamic,90,0.29296875,1.0,97.0,0,14,0,111,99.80000000000003,True,0.08479369251552533,"{""inspect"": 14, ""nearest_known_risk"": 97}"
nearest_risk_revisit:site_dynamic:91,nearest_risk_revisit,site_dynamic,91,0.359375,1.0,128.0,0,5,1,143,131.0,True,0.18345664431979242,"{""inspect"": 15, ""nearest_known_risk"": 128}"
nearest_risk_revisit:site_dynamic:92,nearest_risk_revisit,site_dynamic,92,0.21484375,1.0,79.0,0,6,0,94,82.00000000000001,True,0.440030852877634,"{""inspect"": 15, ""nearest_known_risk"": 79}"
nearest_risk_revisit:site_dynamic:93,nearest_risk_revisit,site_dynamic,93,0.1484375,1.0,47.0,0,1,0,59,49.400000000000006,True,0.20645593660015424,"{""inspect"": 12, ""nearest_known_risk"": 47}"
nearest_risk_revisit:site_dynamic:94,nearest_risk_revisit,site_dynamic,94,0.4296875,1.0,133.0,0,11,1,147,135.8,True,0.180423128866863,"{""inspect"": 14, ""nearest_known_risk"": 133}"
nearest_risk_revisit:site_dynamic:95,nearest_risk_revisit,site_dynamic,95,0.67578125,1.0,316.0,0,13,0,329,318.59999999999997,True,0.2725744693565514,"{""inspect"": 13, ""nearest_known_risk"": 316}"
nearest_risk_revisit:site_dynamic:96,nearest_risk_revisit,site_dynamic,96,0.51953125,1.0,196.0,0,10,0,210,198.8,True,0.30991761970134185,"{""inspect"": 14, ""nearest_known_risk"": 196}"
nearest_risk_revisit:site_dynamic:97,nearest_risk_revisit,site_dynamic,97,0.46875,1.0,200.0,0,7,0,215,203.0,True,0.2760809306109454,"{""inspect"": 15, ""nearest_known_risk"": 200}"
nearest_risk_revisit:site_dynamic:98,nearest_risk_revisit,site_dynamic,98,0.21484375,1.0,76.0,0,11,0,89,78.60000000000002,True,0.42568876217067075,"{""inspect"": 13, ""nearest_known_risk"": 76}"
nearest_risk_revisit:site_dynamic:99,nearest_risk_revisit,site_dynamic,99,0.41796875,1.0,151.0,0,12,0,166,154.0,True,0.29892168629841587,"{""inspect"": 15, ""nearest_known_risk"": 151}"
