algorithm,environment_size_name,hazard_density_name,perception_noise,metric,count,mean,standard_deviation,median,iqr,ci95_low,ci95_high
PPO,large,high,0.0,hazard_recall,10,0.061111111111111116,0.04864416865393962,0.05555555555555555,0.09722222222222221,0.026313169129313682,0.09590905309290855
PPO,large,high,0.0,inspection_coverage,10,0.00703125,0.005764568651348609,0.00390625,0.0029296875,0.002907526005315772,0.01115497399468423
PPO,large,high,0.0,collision_rate,10,0.3,0.4830458915396479,0.0,0.75,-0.045550214413643764,0.6455502144136438
PPO,large,high,0.0,near_miss_rate,10,0.06732954545454546,0.04349983409032883,0.06534090909090909,0.07173295454545454,0.03621163872945059,0.09844745217964034
PPO,large,high,0.0,constraint_violations,10,23.7,15.311941599795746,23.0,25.25,12.746496832766606,34.653503167233396
PPO,large,high,0.0,time_to_inspect,10,352.0,0.0,352.0,0.0,352.0,352.0
PPO,large,high,0.0,mission_duration,10,0.3101337299973238,0.017674962404836365,0.3058903999917675,0.010142150007595774,0.29748982357825227,0.32277763641639534
PPO,large,high,0.0,energy_usage,10,105.52000000000044,87.69681104046282,70.80000000000047,14.000000000000014,42.78548059060093,168.25451940939993
PPO,large,high,0.0,robustness_score,10,0.06476347365504322,0.08538060944902462,0.043033701567938065,0.021610337110548376,0.003685865049699269,0.12584108226038715
PPO,large,high,0.0,success_rate,10,0.0,0.0,0.0,0.0,0.0,0.0
PPO,large,high,0.0,safety_cost,10,66.8,105.22969585097587,38.5,30.5,-8.476789640188201,142.0767896401882
PPO,large,high,0.0,path_length,10,0.8,1.475729574745244,0.0,0.75,-0.2556733426391624,1.8556733426391625
PPO,large,high,0.0,shield_interventions,10,0.0,0.0,0.0,0.0,0.0,0.0
PPO,large,high,0.0,emergency_stops,10,0.0,0.0,0.0,0.0,0.0,0.0
PPO,large,high,0.0,inference_latency_ms,10,0.0,0.0,0.0,0.0,0.0,0.0
PPO,large,high,0.0,policy_latency_ms,10,0.712850397551599,0.05022352688011529,0.7017997162289579,0.025353410137540777,0.6769226507557051,0.7487781443474928
PPO,large,high,0.1,hazard_recall,10,0.061111111111111116,0.04864416865393962,0.05555555555555555,0.09722222222222221,0.026313169129313682,0.09590905309290855
PPO,large,high,0.1,inspection_coverage,10,0.00703125,0.005764568651348609,0.00390625,0.0029296875,0.002907526005315772,0.01115497399468423
PPO,large,high,0.1,collision_rate,10,0.3,0.4830458915396479,0.0,0.75,-0.045550214413643764,0.6455502144136438
PPO,large,high,0.1,near_miss_rate,10,0.07045454545454546,0.03976821763755515,0.07244318181818182,0.056107954545454544,0.042006076329375995,0.09890301457971493
PPO,large,high,0.1,constraint_violations,10,24.8,13.998412608419411,25.5,19.75,14.786138867940348,34.81386113205966
PPO,large,high,0.1,time_to_inspect,10,352.0,0.0,352.0,0.0,352.0,352.0
PPO,large,high,0.1,mission_duration,10,0.29053887000191025,0.0025362598238200143,0.2911667000007583,0.002432225002849009,0.28872453902160466,0.29235320098221584
PPO,large,high,0.1,energy_usage,10,107.20000000000041,87.835806416796,70.80000000000047,15.20000000000006,44.36604928824297,170.03395071175785
PPO,large,high,0.1,robustness_score,10,0.06480528964185514,0.08534608271225565,0.043016067086648985,0.021471790312518814,0.003752379976099514,0.12585819930761077
PPO,large,high,0.1,success_rate,10,0.0,0.0,0.0,0.0,0.0,0.0
PPO,large,high,0.1,safety_cost,10,70.0,110.67168663313224,35.5,32.0,-9.169755328432444,149.16975532843244
PPO,large,high,0.1,path_length,10,0.8,1.475729574745244,0.0,0.75,-0.2556733426391624,1.8556733426391625
PPO,large,high,0.1,shield_interventions,10,0.0,0.0,0.0,0.0,0.0,0.0
PPO,large,high,0.1,emergency_stops,10,0.0,0.0,0.0,0.0,0.0,0.0
PPO,large,high,0.1,inference_latency_ms,10,0.0,0.0,0.0,0.0,0.0,0.0
PPO,large,high,0.1,policy_latency_ms,10,0.6558965910037593,0.006718311551519393,0.6574356535896765,0.010770951948043894,0.6510906004389174,0.6607025815686012
PPO,large,high,0.2,hazard_recall,10,0.05555555555555556,0.045360921162651446,0.05555555555555555,0.08333333333333331,0.023106307340661977,0.08800480377044914
PPO,large,high,0.2,inspection_coverage,10,0.00703125,0.005764568651348609,0.00390625,0.0029296875,0.002907526005315772,0.01115497399468423
PPO,large,high,0.2,collision_rate,10,0.3,0.4830458915396479,0.0,0.75,-0.045550214413643764,0.6455502144136438
PPO,large,high,0.2,near_miss_rate,10,0.08352272727272728,0.05947391897771235,0.07670454545454546,0.06818181818181818,0.040977648606880974,0.12606780593857358
PPO,large,high,0.2,constraint_violations,10,29.4,20.934819480154747,27.0,24.0,14.424132309622102,44.375867690377895
PPO,large,high,0.2,time_to_inspect,10,352.0,0.0,352.0,0.0,352.0,352.0
PPO,large,high,0.2,mission_duration,10,0.2914390200108755,0.005514025196085835,0.29124550000415184,0.00832332500431221,0.28749452400715925,0.2953835160145918
PPO,large,high,0.2,energy_usage,10,106.80000000000038,88.51425497248059,70.80000000000047,6.200000000000031,43.48071642858815,170.1192835714126
PPO,large,high,0.2,robustness_score,10,0.06201235836646017,0.08631197216947255,0.036610083094458096,0.018802897291184825,0.0002684930070801714,0.12375622372584016
PPO,large,high,0.2,success_rate,10,0.0,0.0,0.0,0.0,0.0,0.0
PPO,large,high,0.2,safety_cost,10,74.1,110.25168177099764,38.0,42.5,-4.769301949763189,152.96930194976318
PPO,large,high,0.2,path_length,10,0.8,1.475729574745244,0.0,0.75,-0.2556733426391624,1.8556733426391625
PPO,large,high,0.2,shield_interventions,10,0.0,0.0,0.0,0.0,0.0,0.0
PPO,large,high,0.2,emergency_stops,10,0.0,0.0,0.0,0.0,0.0,0.0
PPO,large,high,0.2,inference_latency_ms,10,0.0,0.0,0.0,0.0,0.0,0.0
PPO,large,high,0.2,policy_latency_ms,10,0.6590765054418377,0.01194744429281403,0.6588950285814379,0.01776669027590705,0.6505298186582734,0.667623192225402
PPO,large,low,0.0,hazard_recall,10,0.025,0.052704627669472995,0.0,0.0,-0.012702619379970082,0.06270261937997008
PPO,large,low,0.0,inspection_coverage,10,0.00859375,0.005142817098471745,0.0078125,0.0029296875,0.004914800272464223,0.01227269972753578
PPO,large,low,0.0,collision_rate,10,0.0,0.0,0.0,0.0,0.0,0.0
PPO,large,low,0.0,near_miss_rate,10,0.03835227272727272,0.04799277552429379,0.021306818181818184,0.044744318181818184,0.00402030931926927,0.07268423613527616
PPO,large,low,0.0,constraint_violations,10,13.5,16.893456984551413,7.5,15.75,1.4151488803827874,25.584851119617213
PPO,large,low,0.0,time_to_inspect,10,352.0,0.0,352.0,0.0,352.0,352.0
PPO,large,low,0.0,mission_duration,10,0.2917806000012206,0.01007437427490576,0.28875274999882095,0.00836442500440171,0.28457382679033355,0.2989873732121076
PPO,large,low,0.0,energy_usage,10,71.36000000000048,1.053248941767025,71.20000000000047,0.6000000000000085,70.60655109580115,72.11344890419981
PPO,large,low,0.0,robustness_score,10,0.12077321142688621,0.1387839437558407,0.045507812499999994,0.22649274553571427,0.021493158823301273,0.22005326403047115
PPO,large,low,0.0,success_rate,10,0.0,0.0,0.0,0.0,0.0,0.0
PPO,large,low,0.0,safety_cost,10,13.5,16.893456984551413,7.5,15.75,1.4151488803827874,25.584851119617213
PPO,large,low,0.0,path_length,10,1.2,1.3165611772087664,1.0,0.75,0.2581888697508409,2.141811130249159
PPO,large,low,0.0,shield_interventions,10,0.0,0.0,0.0,0.0,0.0,0.0
PPO,large,low,0.0,emergency_stops,10,0.0,0.0,0.0,0.0,0.0,0.0
PPO,large,low,0.0,inference_latency_ms,10,0.0,0.0,0.0,0.0,0.0,0.0
PPO,large,low,0.0,policy_latency_ms,10,0.6830834662237479,0.02906495890874615,0.66914957406797,0.024553622262663444,0.6622916471466228,0.7038752853008731
PPO,large,low,0.1,hazard_recall,10,0.025,0.052704627669472995,0.0,0.0,-0.012702619379970082,0.06270261937997008
PPO,large,low,0.1,inspection_coverage,10,0.008984375,0.0052245840228486665,0.0078125,0.005859375,0.00524693273843121,0.012721817261568789
PPO,large,low,0.1,collision_rate,10,0.0,0.0,0.0,0.0,0.0,0.0
PPO,large,low,0.1,near_miss_rate,10,0.03636363636363636,0.049111130328372554,0.017045454545454544,0.04758522727272727,0.0012316501232097002,0.07149562260406303
PPO,large,low,0.1,constraint_violations,10,12.8,17.287117875587143,6.0,16.75,0.4335408433698138,25.16645915663019
PPO,large,low,0.1,time_to_inspect,10,352.0,0.0,352.0,0.0,352.0,352.0
PPO,large,low,0.1,mission_duration,10,0.28143660000059756,0.003844051368339721,0.2811409999994794,0.0035567749946494587,0.2786867313073498,0.28418646869384534
PPO,large,low,0.1,energy_usage,10,71.44000000000048,1.0699948078794188,71.20000000000047,1.200000000000017,70.67457182483119,72.20542817516977
PPO,large,low,0.1,robustness_score,10,0.1325570655935529,0.1357247909229412,0.07018229166666666,0.24211774553571425,0.035465399095402333,0.22964873209170347
PPO,large,low,0.1,success_rate,10,0.0,0.0,0.0,0.0,0.0,0.0
PPO,large,low,0.1,safety_cost,10,12.8,17.287117875587143,6.0,16.75,0.4335408433698138,25.16645915663019
PPO,large,low,0.1,path_length,10,1.3,1.3374935098492586,1.0,1.5,0.34321478103838976,2.2567852189616104
PPO,large,low,0.1,shield_interventions,10,0.0,0.0,0.0,0.0,0.0,0.0
PPO,large,low,0.1,emergency_stops,10,0.0,0.0,0.0,0.0,0.0,0.0
PPO,large,low,0.1,inference_latency_ms,10,0.0,0.0,0.0,0.0,0.0,0.0
PPO,large,low,0.1,policy_latency_ms,10,0.6536855395758969,0.01089484417462158,0.6514663348504903,0.004632811934160652,0.6458918375561071,0.6614792415956867
PPO,large,low,0.2,hazard_recall,10,0.025,0.052704627669472995,0.0,0.0,-0.012702619379970082,0.06270261937997008
PPO,large,low,0.2,inspection_coverage,10,0.00859375,0.005142817098471745,0.0078125,0.0029296875,0.004914800272464223,0.01227269972753578
PPO,large,low,0.2,collision_rate,10,0.0,0.0,0.0,0.0,0.0,0.0
PPO,large,low,0.2,near_miss_rate,10,0.03181818181818182,0.04219703770192007,0.017045454545454544,0.04758522727272727,0.0016322394866087955,0.06200412414975485
PPO,large,low,0.2,constraint_violations,10,11.2,14.853357271075863,6.0,16.75,0.5745482992862954,21.825451700713703
PPO,large,low,0.2,time_to_inspect,10,352.0,0.0,352.0,0.0,352.0,352.0
PPO,large,low,0.2,mission_duration,10,0.28389553999877537,0.003200738378667345,0.28387724999629427,0.004672124989156146,0.2816058696953903,0.28618521030216043
PPO,large,low,0.2,energy_usage,10,71.36000000000048,1.053248941767025,71.20000000000047,0.6000000000000085,70.60655109580115,72.11344890419981
PPO,large,low,0.2,robustness_score,10,0.13285331478605933,0.1352940938398647,0.07018229166666666,0.24182477678571423,0.036069750420668956,0.2296368791514497
PPO,large,low,0.2,success_rate,10,0.0,0.0,0.0,0.0,0.0,0.0
PPO,large,low,0.2,safety_cost,10,11.2,14.853357271075863,6.0,16.75,0.5745482992862954,21.825451700713703
PPO,large,low,0.2,path_length,10,1.2,1.3165611772087664,1.0,0.75,0.2581888697508409,2.141811130249159
PPO,large,low,0.2,shield_interventions,10,0.0,0.0,0.0,0.0,0.0,0.0
PPO,large,low,0.2,emergency_stops,10,0.0,0.0,0.0,0.0,0.0,0.0
PPO,large,low,0.2,inference_latency_ms,10,0.0,0.0,0.0,0.0,0.0,0.0
PPO,large,low,0.2,policy_latency_ms,10,0.6605919318479374,0.007887468476185846,0.6588407674247388,0.0071910507027826975,0.6549495768028719,0.6662342868930029
PPO,large,medium,0.0,hazard_recall,10,0.046153846153846156,0.05378506913693085,0.038461538461538464,0.07692307692307693,0.0076783255086330104,0.0846293667990593
PPO,large,medium,0.0,inspection_coverage,10,0.008203125,0.008917132118887465,0.00390625,0.0029296875,0.0018241929573010263,0.014582057042698975
PPO,large,medium,0.0,collision_rate,10,0.0,0.0,0.0,0.0,0.0,0.0
PPO,large,medium,0.0,near_miss_rate,10,0.06875,0.057661046279398144,0.0625,0.06960227272727273,0.02750177233853844,0.10999822766146157
PPO,large,medium,0.0,constraint_violations,10,24.2,20.296688290348147,22.0,24.5,9.68062386316553,38.71937613683447
PPO,large,medium,0.0,time_to_inspect,10,352.0,0.0,352.0,0.0,352.0,352.0
PPO,large,medium,0.0,mission_duration,10,0.29265649000008126,0.007987615112264323,0.29142604999651667,0.0029217749906820245,0.2869424943672873,0.2983704856328752
PPO,large,medium,0.0,energy_usage,10,71.28000000000047,1.8262286579481746,70.40000000000046,0.6000000000000085,69.9735947176557,72.58640528234524
PPO,large,medium,0.0,robustness_score,10,0.04294494817222578,0.02465234740187993,0.041550715378840385,0.013573817486860974,0.025309721209902998,0.06058017513454856
PPO,large,medium,0.0,success_rate,10,0.0,0.0,0.0,0.0,0.0,0.0
PPO,large,medium,0.0,safety_cost,10,24.2,20.296688290348147,22.0,24.5,9.68062386316553,38.71937613683447
PPO,large,medium,0.0,path_length,10,1.1,2.282785822435191,0.0,0.75,-0.5330066029309373,2.7330066029309377
PPO,large,medium,0.0,shield_interventions,10,0.0,0.0,0.0,0.0,0.0,0.0
PPO,large,medium,0.0,emergency_stops,10,0.0,0.0,0.0,0.0,0.0,0.0
PPO,large,medium,0.0,inference_latency_ms,10,0.0,0.0,0.0,0.0,0.0,0.0
PPO,large,medium,0.0,policy_latency_ms,10,0.6711393465841617,0.018936700630488,0.6660610794659243,0.012559303513626219,0.6575928470118431,0.6846858461564804
PPO,large,medium,0.1,hazard_recall,10,0.046153846153846156,0.05378506913693085,0.038461538461538464,0.07692307692307693,0.0076783255086330104,0.0846293667990593
PPO,large,medium,0.1,inspection_coverage,10,0.008203125,0.008917132118887465,0.00390625,0.0029296875,0.0018241929573010263,0.014582057042698975
PPO,large,medium,0.1,collision_rate,10,0.0,0.0,0.0,0.0,0.0,0.0
PPO,large,medium,0.1,near_miss_rate,10,0.05994318181818181,0.038708942895679936,0.0625,0.06960227272727273,0.032252472194933074,0.08763389144143055
PPO,large,medium,0.1,constraint_violations,10,21.1,13.625547899279336,22.0,24.5,11.352870212616445,30.847129787383558
PPO,large,medium,0.1,time_to_inspect,10,352.0,0.0,352.0,0.0,352.0,352.0
PPO,large,medium,0.1,mission_duration,10,0.3025443300022744,0.017998369382194554,0.2978659500076901,0.009834900018176995,0.2896690721685105,0.31541958783603824
PPO,large,medium,0.1,energy_usage,10,71.28000000000047,1.8262286579481788,70.40000000000046,0.6000000000000085,69.9735947176557,72.58640528234524
PPO,large,medium,0.1,robustness_score,10,0.04325998882263228,0.02425171716312434,0.041550715378840385,0.013573817486860974,0.02591135546834399,0.060608622176920576
PPO,large,medium,0.1,success_rate,10,0.0,0.0,0.0,0.0,0.0,0.0
PPO,large,medium,0.1,safety_cost,10,21.1,13.625547899279336,22.0,24.5,11.352870212616445,30.847129787383558
PPO,large,medium,0.1,path_length,10,1.1,2.282785822435191,0.0,0.75,-0.5330066029309373,2.7330066029309377
PPO,large,medium,0.1,shield_interventions,10,0.0,0.0,0.0,0.0,0.0,0.0
PPO,large,medium,0.1,emergency_stops,10,0.0,0.0,0.0,0.0,0.0,0.0
PPO,large,medium,0.1,inference_latency_ms,10,0.0,0.0,0.0,0.0,0.0,0.0
PPO,large,medium,0.1,policy_latency_ms,10,0.6992940341660869,0.04975857052837029,0.6816571015571589,0.02324005620059988,0.6636988971073888,0.734889171224785
PPO,large,medium,0.2,hazard_recall,10,0.046153846153846156,0.05378506913693085,0.038461538461538464,0.07692307692307693,0.0076783255086330104,0.0846293667990593
PPO,large,medium,0.2,inspection_coverage,10,0.008203125,0.008917132118887465,0.00390625,0.0029296875,0.0018241929573010263,0.014582057042698975
PPO,large,medium,0.2,collision_rate,10,0.0,0.0,0.0,0.0,0.0,0.0
PPO,large,medium,0.2,near_miss_rate,10,0.07670454545454546,0.06782577492223478,0.0625,0.06960227272727273,0.028184908961112885,0.12522418194797802
PPO,large,medium,0.2,constraint_violations,10,27.0,23.874672772626646,22.0,24.5,9.921087954311734,44.07891204568827
PPO,large,medium,0.2,time_to_inspect,10,352.0,0.0,352.0,0.0,352.0,352.0
PPO,large,medium,0.2,mission_duration,10,0.3030689999955939,0.015843888874720654,0.2984036499983631,0.026795750003657304,0.2917349646716307,0.3144030353195571
PPO,large,medium,0.2,energy_usage,10,71.28000000000047,1.8262286579481746,70.40000000000046,0.6000000000000085,69.9735947176557,72.58640528234524
PPO,large,medium,0.2,robustness_score,10,0.04261001994256071,0.024200338009586132,0.041550715378840385,0.013573817486860974,0.025298141020578903,0.059921898864542515
PPO,large,medium,0.2,success_rate,10,0.0,0.0,0.0,0.0,0.0,0.0
PPO,large,medium,0.2,safety_cost,10,27.0,23.874672772626646,22.0,24.5,9.921087954311734,44.07891204568827
PPO,large,medium,0.2,path_length,10,1.1,2.282785822435191,0.0,0.75,-0.5330066029309373,2.7330066029309377
PPO,large,medium,0.2,shield_interventions,10,0.0,0.0,0.0,0.0,0.0,0.0
PPO,large,medium,0.2,emergency_stops,10,0.0,0.0,0.0,0.0,0.0,0.0
PPO,large,medium,0.2,inference_latency_ms,10,0.0,0.0,0.0,0.0,0.0,0.0
PPO,large,medium,0.2,policy_latency_ms,10,0.7013475853124295,0.04373253617229365,0.6857995738507519,0.07878309644514625,0.6700632135459673,0.7326319570788916
PPO,medium,high,0.0,hazard_recall,10,0.049999999999999996,0.06776309271789385,0.0,0.125,0.001525203654324174,0.09847479634567582
PPO,medium,high,0.0,inspection_coverage,10,0.009183673469387756,0.007134754069184705,0.00510204081632653,0.007653061224489797,0.004079777873594176,0.014287569065181336
PPO,medium,high,0.0,collision_rate,10,0.0,0.0,0.0,0.0,0.0,0.0
PPO,medium,high,0.0,near_miss_rate,10,0.19512987012987013,0.2915434567764223,0.09740259740259741,0.060876623376623376,-0.013427755065703512,0.4036874953254438
PPO,medium,high,0.0,constraint_violations,10,60.1,89.79538468713807,30.0,18.75,-4.135748560236685,124.33574856023668
PPO,medium,high,0.0,time_to_inspect,10,308.0,0.0,308.0,0.0,308.0,308.0
PPO,medium,high,0.0,mission_duration,10,0.28378871000313666,0.03150577725624248,0.2762974000070244,0.0327710249912343,0.2612508346649101,0.3063265853413632
PPO,medium,high,0.0,energy_usage,10,62.24000000000035,1.118729438048179,61.600000000000335,1.2000000000000242,61.4397091705799,63.0402908294208
PPO,medium,high,0.0,robustness_score,10,0.041435850487304915,0.04928383492804937,0.021385088126159555,0.04575317539603253,0.0061803188188065405,0.07669138215580329
PPO,medium,high,0.0,success_rate,10,0.0,0.0,0.0,0.0,0.0,0.0
PPO,medium,high,0.0,safety_cost,10,60.1,89.79538468713807,30.0,18.75,-4.135748560236685,124.33574856023668
PPO,medium,high,0.0,path_length,10,0.8,1.3984117975602022,0.0,1.5,-0.20036353677554164,1.8003635367755417
PPO,medium,high,0.0,shield_interventions,10,0.0,0.0,0.0,0.0,0.0,0.0
PPO,medium,high,0.0,emergency_stops,10,0.0,0.0,0.0,0.0,0.0,0.0
PPO,medium,high,0.0,inference_latency_ms,10,0.0,0.0,0.0,0.0,0.0,0.0
PPO,medium,high,0.0,policy_latency_ms,10,0.7674145774406307,0.10029780966983184,0.7443107137219926,0.10983733896014147,0.6956658466395852,0.8391633082416762
PPO,medium,high,0.1,hazard_recall,10,0.04285714285714285,0.06023386019368342,0.0,0.07142857142857142,-0.0002315650056800983,0.0859458507199658
PPO,medium,high,0.1,inspection_coverage,10,0.009183673469387756,0.007134754069184705,0.00510204081632653,0.007653061224489797,0.004079777873594176,0.014287569065181336
PPO,medium,high,0.1,collision_rate,10,0.0,0.0,0.0,0.0,0.0,0.0
PPO,medium,high,0.1,near_miss_rate,10,0.20941558441558442,0.2871261276937371,0.09902597402597403,0.10795454545454546,0.004017926085254697,0.41481324274591413
PPO,medium,high,0.1,constraint_violations,10,64.5,88.43484732967103,30.5,33.25,1.2375212342584305,127.76247876574158
PPO,medium,high,0.1,time_to_inspect,10,308.0,0.0,308.0,0.0,308.0,308.0
PPO,medium,high,0.1,mission_duration,10,0.28051474000676535,0.0209027196396579,0.2800549000094179,0.0331676750065526,0.2655618351589674,0.2954676448545633
PPO,medium,high,0.1,energy_usage,10,62.24000000000035,1.1187294380481783,61.600000000000335,1.200000000000017,61.4397091705799,63.0402908294208
PPO,medium,high,0.1,robustness_score,10,0.03024560323455766,0.025684583632578414,0.0212430426716141,0.04329866562009419,0.011871958956011595,0.04861924751310373
PPO,medium,high,0.1,success_rate,10,0.0,0.0,0.0,0.0,0.0,0.0
PPO,medium,high,0.1,safety_cost,10,64.5,88.43484732967103,30.5,33.25,1.2375212342584305,127.76247876574158
PPO,medium,high,0.1,path_length,10,0.8,1.3984117975602022,0.0,1.5,-0.20036353677554164,1.8003635367755417
PPO,medium,high,0.1,shield_interventions,10,0.0,0.0,0.0,0.0,0.0,0.0
PPO,medium,high,0.1,emergency_stops,10,0.0,0.0,0.0,0.0,0.0,0.0
PPO,medium,high,0.1,inference_latency_ms,10,0.0,0.0,0.0,0.0,0.0,0.0
PPO,medium,high,0.1,policy_latency_ms,10,0.7603797397134802,0.06711500451254003,0.7601297071563419,0.10576858996453709,0.7123685577411824,0.808390921685778
PPO,medium,high,0.2,hazard_recall,10,0.04285714285714285,0.06023386019368342,0.0,0.07142857142857142,-0.0002315650056800983,0.0859458507199658
PPO,medium,high,0.2,inspection_coverage,10,0.009183673469387756,0.007134754069184705,0.00510204081632653,0.007653061224489797,0.004079777873594176,0.014287569065181336
PPO,medium,high,0.2,collision_rate,10,0.0,0.0,0.0,0.0,0.0,0.0
PPO,medium,high,0.2,near_miss_rate,10,0.20941558441558442,0.2871261276937371,0.09902597402597403,0.10795454545454546,0.004017926085254697,0.41481324274591413
PPO,medium,high,0.2,constraint_violations,10,64.5,88.43484732967103,30.5,33.25,1.2375212342584305,127.76247876574158
PPO,medium,high,0.2,time_to_inspect,10,308.0,0.0,308.0,0.0,308.0,308.0
PPO,medium,high,0.2,mission_duration,10,0.2670691000035731,0.02502851010549513,0.2579572999966331,0.02290757498849416,0.24916478245345058,0.2849734175536956
PPO,medium,high,0.2,energy_usage,10,62.24000000000035,1.1187294380481783,61.600000000000335,1.200000000000017,61.4397091705799,63.0402908294208
PPO,medium,high,0.2,robustness_score,10,0.03024560323455766,0.025684583632578414,0.0212430426716141,0.04329866562009419,0.011871958956011595,0.04861924751310373
PPO,medium,high,0.2,success_rate,10,0.0,0.0,0.0,0.0,0.0,0.0
PPO,medium,high,0.2,safety_cost,10,64.5,88.43484732967103,30.5,33.25,1.2375212342584305,127.76247876574158
PPO,medium,high,0.2,path_length,10,0.8,1.3984117975602022,0.0,1.5,-0.20036353677554164,1.8003635367755417
PPO,medium,high,0.2,shield_interventions,10,0.0,0.0,0.0,0.0,0.0,0.0
PPO,medium,high,0.2,emergency_stops,10,0.0,0.0,0.0,0.0,0.0,0.0
PPO,medium,high,0.2,inference_latency_ms,10,0.0,0.0,0.0,0.0,0.0,0.0
PPO,medium,high,0.2,policy_latency_ms,10,0.7160792530736547,0.07854606424391332,0.6854686688203908,0.07441030789163672,0.6598907835799558,0.7722677225673537
PPO,medium,low,0.0,hazard_recall,10,0.1,0.16101529717988267,0.0,0.16666666666666666,-0.01518340480454794,0.21518340480454795
PPO,medium,low,0.0,inspection_coverage,10,0.00816326530612245,0.006453627877894651,0.00510204081632653,0.0,0.0035466180351057053,0.012779912577139195
PPO,medium,low,0.0,collision_rate,10,0.1,0.31622776601683794,0.0,0.0,-0.12621571627982048,0.3262157162798205
PPO,medium,low,0.0,near_miss_rate,10,0.1418831168831169,0.30478023637557,0.04220779220779221,0.10064935064935064,-0.07614353001151869,0.35990976377775247
PPO,medium,low,0.0,constraint_violations,10,43.7,93.87231280367557,13.0,31.0,-23.45220724354776,110.85220724354777
PPO,medium,low,0.0,time_to_inspect,10,308.0,0.0,308.0,0.0,308.0,308.0
PPO,medium,low,0.0,mission_duration,10,0.2332518600014737,0.0018400685159602648,0.2333404000091832,0.002751524996710941,0.2319355542811223,0.23456816572182507
PPO,medium,low,0.0,energy_usage,10,71.2000000000003,29.524227339593374,61.600000000000335,0.0,50.079640079174276,92.32035992082632
PPO,medium,low,0.0,robustness_score,10,0.13982665211156425,0.1439315861060731,0.08248299319727892,0.2697793175625688,0.03686419800327351,0.242789106219855
PPO,medium,low,0.0,success_rate,10,0.0,0.0,0.0,0.0,0.0,0.0
PPO,medium,low,0.0,safety_cost,10,55.1,95.68983459304569,21.0,31.75,-13.352384007325831,123.55238400732583
PPO,medium,low,0.0,path_length,10,0.6,1.2649110640673518,0.0,0.0,-0.30486286511928196,1.504862865119282
PPO,medium,low,0.0,shield_interventions,10,0.0,0.0,0.0,0.0,0.0,0.0
PPO,medium,low,0.0,emergency_stops,10,0.0,0.0,0.0,0.0,0.0,0.0
PPO,medium,low,0.0,inference_latency_ms,10,0.0,0.0,0.0,0.0,0.0,0.0
PPO,medium,low,0.0,policy_latency_ms,10,0.6300710388568878,0.005261594343128216,0.6301793833085572,0.005570942684917313,0.6263071210071148,0.6338349567066607
PPO,medium,low,0.1,hazard_recall,10,0.1,0.16101529717988267,0.0,0.16666666666666666,-0.01518340480454794,0.21518340480454795
PPO,medium,low,0.1,inspection_coverage,10,0.008673469387755104,0.006386048760380471,0.00510204081632653,0.003826530612244898,0.004105165305151532,0.013241773470358676
PPO,medium,low,0.1,collision_rate,10,0.1,0.31622776601683794,0.0,0.0,-0.12621571627982048,0.3262157162798205
PPO,medium,low,0.1,near_miss_rate,10,0.13409090909090907,0.30706974501172946,0.02922077922077922,0.08685064935064936,-0.08557355361788263,0.35375537179970074
PPO,medium,low,0.1,constraint_violations,10,41.3,94.57748146361268,9.0,26.75,-26.356654514307863,108.95665451430786
PPO,medium,low,0.1,time_to_inspect,10,308.0,0.0,308.0,0.0,308.0,308.0
PPO,medium,low,0.1,mission_duration,10,0.24129568000207655,0.006570270939156287,0.23944990000745747,0.0049862999803735875,0.23659559131165273,0.24599576869250037
PPO,medium,low,0.1,energy_usage,10,71.28000000000031,29.496395259986027,61.600000000000335,0.5999999999999943,50.17954994952893,92.3804500504717
PPO,medium,low,0.1,robustness_score,10,0.1533463800027207,0.14431122108461225,0.14824829931972788,0.26886265089590217,0.05011235139078393,0.2565804086146575
PPO,medium,low,0.1,success_rate,10,0.0,0.0,0.0,0.0,0.0,0.0
PPO,medium,low,0.1,safety_cost,10,52.7,96.69660455948457,18.0,32.25,-16.472583855541743,121.87258385554175
PPO,medium,low,0.1,path_length,10,0.7,1.2516655570345725,0.0,0.75,-0.19538760019030033,1.5953876001903002
PPO,medium,low,0.1,shield_interventions,10,0.0,0.0,0.0,0.0,0.0,0.0
PPO,medium,low,0.1,emergency_stops,10,0.0,0.0,0.0,0.0,0.0,0.0
PPO,medium,low,0.1,inference_latency_ms,10,0.0,0.0,0.0,0.0,0.0,0.0
PPO,medium,low,0.1,policy_latency_ms,10,0.6522913312886437,0.018401372434705895,0.6461887991368807,0.015516639834529888,0.6391277824381386,0.6654548801391488
PPO,medium,low,0.2,hazard_recall,10,0.1,0.16101529717988267,0.0,0.16666666666666666,-0.01518340480454794,0.21518340480454795
PPO,medium,low,0.2,inspection_coverage,10,0.008673469387755104,0.006386048760380471,0.00510204081632653,0.003826530612244898,0.004105165305151532,0.013241773470358676
PPO,medium,low,0.2,collision_rate,10,0.1,0.31622776601683794,0.0,0.0,-0.12621571627982048,0.3262157162798205
PPO,medium,low,0.2,near_miss_rate,10,0.12987012987012986,0.3082155319782867,0.027597402597402596,0.07711038961038962,-0.09061397945795976,0.3503542391982195
PPO,medium,low,0.2,constraint_violations,10,40.0,94.93038384931232,8.5,23.75,-27.909105673051613,107.90910567305161
PPO,medium,low,0.2,time_to_inspect,10,308.0,0.0,308.0,0.0,308.0,308.0
PPO,medium,low,0.2,mission_duration,10,0.23767830999859144,0.0042379551920392125,0.23676709999563172,0.004889725023531355,0.23464665948477195,0.24070996051241092
PPO,medium,low,0.2,energy_usage,10,71.28000000000031,29.496395259986027,61.600000000000335,0.5999999999999943,50.17954994952893,92.3804500504717
PPO,medium,low,0.2,robustness_score,10,0.1546463800027207,0.14301042486157167,0.14824829931972788,0.26561265089590214,0.05234288495219658,0.25694987505324485
PPO,medium,low,0.2,success_rate,10,0.0,0.0,0.0,0.0,0.0,0.0
PPO,medium,low,0.2,safety_cost,10,51.4,97.21133907340464,11.5,32.25,-18.140802744815936,120.94080274481593
PPO,medium,low,0.2,path_length,10,0.7,1.2516655570345725,0.0,0.75,-0.19538760019030033,1.5953876001903002
PPO,medium,low,0.2,shield_interventions,10,0.0,0.0,0.0,0.0,0.0,0.0
PPO,medium,low,0.2,emergency_stops,10,0.0,0.0,0.0,0.0,0.0,0.0
PPO,medium,low,0.2,inference_latency_ms,10,0.0,0.0,0.0,0.0,0.0,0.0
PPO,medium,low,0.2,policy_latency_ms,10,0.6431944480441003,0.013210722146037796,0.639681979978318,0.014159578136236473,0.6337440667240726,0.652644829364128
PPO,medium,medium,0.0,hazard_recall,10,0.06999999999999999,0.06749485577105528,0.1,0.1,0.021717088806681627,0.11828291119331835
PPO,medium,medium,0.0,inspection_coverage,10,0.00510204081632653,0.0,0.00510204081632653,0.0,0.00510204081632653,0.00510204081632653
PPO,medium,medium,0.0,collision_rate,10,0.2,0.42163702135578396,0.0,0.0,-0.10162095503976065,0.5016209550397607
PPO,medium,medium,0.0,near_miss_rate,10,0.05681818181818181,0.07481244077660643,0.022727272727272728,0.08847402597402597,0.003300585656115046,0.11033577798024857
PPO,medium,medium,0.0,constraint_violations,10,17.5,23.042231759194777,7.0,27.25,1.0165803820834398,33.98341961791656
PPO,medium,medium,0.0,time_to_inspect,10,308.0,0.0,308.0,0.0,308.0,308.0
PPO,medium,medium,0.0,mission_duration,10,0.2427337900007842,0.002418086793781239,0.24260440000216477,0.0030349499866133556,0.24100399491361635,0.24446358508795207
PPO,medium,medium,0.0,energy_usage,10,109.12000000000026,100.26680851053781,61.600000000000335,0.0,37.393446092348825,180.8465539076517
PPO,medium,medium,0.0,robustness_score,10,0.1212269119261878,0.11432270750940077,0.09081632653061225,0.08929687499999997,0.03944537360007361,0.203008450252302
PPO,medium,medium,0.0,success_rate,10,0.0,0.0,0.0,0.0,0.0,0.0
PPO,medium,medium,0.0,safety_cost,10,76.9,144.75761350155878,7.0,28.0,-26.653358510172396,180.4533585101724
PPO,medium,medium,0.0,path_length,10,0.0,0.0,0.0,0.0,0.0,0.0
PPO,medium,medium,0.0,shield_interventions,10,0.0,0.0,0.0,0.0,0.0,0.0
PPO,medium,medium,0.0,emergency_stops,10,0.0,0.0,0.0,0.0,0.0,0.0
PPO,medium,medium,0.0,inference_latency_ms,10,0.0,0.0,0.0,0.0,0.0,0.0
PPO,medium,medium,0.0,policy_latency_ms,10,0.6503799673288535,0.006918786847672394,0.6494125000835402,0.011804139535638192,0.6454305653764321,0.6553293692812749
PPO,medium,medium,0.1,hazard_recall,10,0.06999999999999999,0.06749485577105528,0.1,0.1,0.021717088806681627,0.11828291119331835
PPO,medium,medium,0.1,inspection_coverage,10,0.00663265306122449,0.004840220908420989,0.00510204081632653,0.0,0.003170167607961932,0.010095138514487048
PPO,medium,medium,0.1,collision_rate,10,0.3,0.4830458915396479,0.0,0.75,-0.045550214413643764,0.6455502144136438
PPO,medium,medium,0.1,near_miss_rate,10,0.06103896103896104,0.0724025165168211,0.03571428571428571,0.08035714285714285,0.009245320838997949,0.11283260123892414
PPO,medium,medium,0.1,constraint_violations,10,18.8,22.299975087180904,11.0,24.75,2.8475588184113665,34.75244118158864
PPO,medium,medium,0.1,time_to_inspect,10,308.0,0.0,308.0,0.0,308.0,308.0
PPO,medium,medium,0.1,mission_duration,10,0.23737650000257418,0.006063425056453855,0.23754509999707807,0.004608799979905598,0.23303898701460435,0.241714012990544
PPO,medium,medium,0.1,energy_usage,10,131.84000000000023,113.41129867286867,61.600000000000335,160.19999999999956,50.710444279261964,212.9695557207385
PPO,medium,medium,0.1,robustness_score,10,0.09178755477501746,0.08557999417425279,0.08081632653061226,0.055365679007493965,0.03056731492953648,0.15300779462049843
PPO,medium,medium,0.1,success_rate,10,0.0,0.0,0.0,0.0,0.0,0.0
PPO,medium,medium,0.1,safety_cost,10,106.3,156.68088587954819,13.0,229.25,-5.78275374753639,218.38275374753638
PPO,medium,medium,0.1,path_length,10,0.3,0.9486832980505139,0.0,0.0,-0.37864714883946143,0.9786471488394615
PPO,medium,medium,0.1,shield_interventions,10,0.0,0.0,0.0,0.0,0.0,0.0
PPO,medium,medium,0.1,emergency_stops,10,0.0,0.0,0.0,0.0,0.0,0.0
PPO,medium,medium,0.1,inference_latency_ms,10,0.0,0.0,0.0,0.0,0.0,0.0
PPO,medium,medium,0.1,policy_latency_ms,10,0.6347687338654999,0.017846839304581797,0.6319803580080081,0.019889773201694827,0.6220018741192186,0.6475355936117813
PPO,medium,medium,0.2,hazard_recall,10,0.07999999999999999,0.07888106377466154,0.1,0.1,0.02357188627848343,0.13642811372151653
PPO,medium,medium,0.2,inspection_coverage,10,0.00663265306122449,0.004840220908420989,0.00510204081632653,0.0,0.003170167607961932,0.010095138514487048
PPO,medium,medium,0.2,collision_rate,10,0.3,0.4830458915396479,0.0,0.75,-0.045550214413643764,0.6455502144136438
PPO,medium,medium,0.2,near_miss_rate,10,0.05811688311688311,0.07382269372544609,0.022727272727272728,0.08116883116883115,0.005307309343027998,0.11092645689073821
PPO,medium,medium,0.2,constraint_violations,10,17.9,22.737389667437395,7.0,25.0,1.6346512776526225,34.165348722347375
PPO,medium,medium,0.2,time_to_inspect,10,308.0,0.0,308.0,0.0,308.0,308.0
PPO,medium,medium,0.2,mission_duration,10,0.24290171999891755,0.005478483034141478,0.24158720001287293,0.005413900020357687,0.23898264932620134,0.24682079067163376
PPO,medium,medium,0.2,energy_usage,10,130.0000000000002,110.91233775674651,61.600000000000335,146.99999999999952,50.6580932283607,209.34190677163969
PPO,medium,medium,0.2,robustness_score,10,0.09579855669190393,0.08417556402870895,0.08860566595059079,0.04919354838709676,0.03558298564999112,0.15601412773381673
PPO,medium,medium,0.2,success_rate,10,0.0,0.0,0.0,0.0,0.0,0.0
PPO,medium,medium,0.2,safety_cost,10,103.1,152.30265920199818,13.0,212.75,-5.850759057846005,212.050759057846
PPO,medium,medium,0.2,path_length,10,0.3,0.9486832980505139,0.0,0.0,-0.37864714883946143,0.9786471488394615
PPO,medium,medium,0.2,shield_interventions,10,0.0,0.0,0.0,0.0,0.0,0.0
PPO,medium,medium,0.2,emergency_stops,10,0.0,0.0,0.0,0.0,0.0,0.0
PPO,medium,medium,0.2,inference_latency_ms,10,0.0,0.0,0.0,0.0,0.0,0.0
PPO,medium,medium,0.2,policy_latency_ms,10,0.6506645778351305,0.013289104286758812,0.6469350647220582,0.013181735427336583,0.6411581253094333,0.6601710303608278
PPO,small,high,0.0,hazard_recall,10,0.12857142857142856,0.12508500511013043,0.14285714285714285,0.10714285714285714,0.03909100633252087,0.21805185081033623
PPO,small,high,0.0,inspection_coverage,10,0.009999999999999998,1.828559098217032e-18,0.01,0.0,0.009999999999999997,0.01
PPO,small,high,0.0,collision_rate,10,0.0,0.0,0.0,0.0,0.0,0.0
PPO,small,high,0.0,near_miss_rate,10,0.09727272727272727,0.06162775184914503,0.10681818181818181,0.09431818181818181,0.05318688938799498,0.14135856515745956
PPO,small,high,0.0,constraint_violations,10,21.4,13.558105406811904,23.5,20.75,11.701115665358897,31.0988843346411
PPO,small,high,0.0,time_to_inspect,10,220.0,0.0,220.0,0.0,220.0,220.0
PPO,small,high,0.0,mission_duration,10,0.16267567000177224,0.003144293208579322,0.16300410000258125,0.005581775010796264,0.16042637814061836,0.16492496186292613
PPO,small,high,0.0,energy_usage,10,44.00000000000009,7.489778066296963e-15,44.000000000000085,0.0,44.000000000000085,44.0000000000001
PPO,small,high,0.0,robustness_score,10,0.10074404761904761,0.13519777922638945,0.0685952380952381,0.03897321428571428,0.0040293825775526565,0.19745871266054255
PPO,small,high,0.0,success_rate,10,0.0,0.0,0.0,0.0,0.0,0.0
PPO,small,high,0.0,safety_cost,10,21.4,13.558105406811904,23.5,20.75,11.701115665358897,31.0988843346411
PPO,small,high,0.0,path_length,10,0.0,0.0,0.0,0.0,0.0,0.0
PPO,small,high,0.0,shield_interventions,10,0.0,0.0,0.0,0.0,0.0,0.0
PPO,small,high,0.0,emergency_stops,10,0.0,0.0,0.0,0.0,0.0,0.0
PPO,small,high,0.0,inference_latency_ms,10,0.0,0.0,0.0,0.0,0.0,0.0
PPO,small,high,0.0,policy_latency_ms,10,0.6268197269475256,0.014205140028280227,0.6258047731535044,0.02116409013979137,0.616657981928015,0.6369814719670363
PPO,small,high,0.1,hazard_recall,10,0.12857142857142856,0.12508500511013043,0.14285714285714285,0.10714285714285714,0.03909100633252087,0.21805185081033623
PPO,small,high,0.1,inspection_coverage,10,0.011,0.0031622776601683794,0.01,0.0,0.008737842837201795,0.013262157162798204
PPO,small,high,0.1,collision_rate,10,0.0,0.0,0.0,0.0,0.0,0.0
PPO,small,high,0.1,near_miss_rate,10,0.10363636363636364,0.07125401733394332,0.10681818181818181,0.09431818181818181,0.052664310258373835,0.15460841701435343
PPO,small,high,0.1,constraint_violations,10,22.8,15.67588381346753,23.5,20.75,11.586148256842245,34.01385174315776
PPO,small,high,0.1,time_to_inspect,10,220.0,0.0,220.0,0.0,220.0,220.0
PPO,small,high,0.1,mission_duration,10,0.161445970000932,0.0026458002303041054,0.16271520000009332,0.004083550003997516,0.15955327853436518,0.1633386614674988
PPO,small,high,0.1,energy_usage,10,44.080000000000084,0.25298221281347394,44.000000000000085,0.0,43.899027426976225,44.26097257302394
PPO,small,high,0.1,robustness_score,10,0.10081071428571428,0.135180263089371,0.06892857142857142,0.03897321428571428,0.004108579533801407,0.19751284903762717
PPO,small,high,0.1,success_rate,10,0.0,0.0,0.0,0.0,0.0,0.0
PPO,small,high,0.1,safety_cost,10,22.8,15.67588381346753,23.5,20.75,11.586148256842245,34.01385174315776
PPO,small,high,0.1,path_length,10,0.1,0.31622776601683794,0.0,0.0,-0.12621571627982048,0.3262157162798205
PPO,small,high,0.1,shield_interventions,10,0.0,0.0,0.0,0.0,0.0,0.0
PPO,small,high,0.1,emergency_stops,10,0.0,0.0,0.0,0.0,0.0,0.0
PPO,small,high,0.1,inference_latency_ms,10,0.0,0.0,0.0,0.0,0.0,0.0
PPO,small,high,0.1,policy_latency_ms,10,0.6222982274696485,0.011519844285171353,0.6279495460065929,0.01477204565493262,0.6140574273045445,0.6305390276347524
PPO,small,high,0.2,hazard_recall,10,0.12857142857142856,0.12508500511013043,0.14285714285714285,0.10714285714285714,0.03909100633252087,0.21805185081033623
PPO,small,high,0.2,inspection_coverage,10,0.011,0.0031622776601683794,0.01,0.0,0.008737842837201795,0.013262157162798204
PPO,small,high,0.2,collision_rate,10,0.0,0.0,0.0,0.0,0.0,0.0
PPO,small,high,0.2,near_miss_rate,10,0.10363636363636364,0.07125401733394332,0.10681818181818181,0.09431818181818181,0.052664310258373835,0.15460841701435343
PPO,small,high,0.2,constraint_violations,10,22.8,15.67588381346753,23.5,20.75,11.586148256842245,34.01385174315776
PPO,small,high,0.2,time_to_inspect,10,220.0,0.0,220.0,0.0,220.0,220.0
PPO,small,high,0.2,mission_duration,10,0.16485861999972257,0.0028129040653255837,0.16437909999513067,0.004031950003991369,0.16284638965075895,0.16687085034868618
PPO,small,high,0.2,energy_usage,10,44.080000000000084,0.25298221281347394,44.000000000000085,0.0,43.899027426976225,44.26097257302394
PPO,small,high,0.2,robustness_score,10,0.10081071428571428,0.135180263089371,0.06892857142857142,0.03897321428571428,0.004108579533801407,0.19751284903762717
PPO,small,high,0.2,success_rate,10,0.0,0.0,0.0,0.0,0.0,0.0
PPO,small,high,0.2,safety_cost,10,22.8,15.67588381346753,23.5,20.75,11.586148256842245,34.01385174315776
PPO,small,high,0.2,path_length,10,0.1,0.31622776601683794,0.0,0.0,-0.12621571627982048,0.3262157162798205
PPO,small,high,0.2,shield_interventions,10,0.0,0.0,0.0,0.0,0.0,0.0
PPO,small,high,0.2,emergency_stops,10,0.0,0.0,0.0,0.0,0.0,0.0
PPO,small,high,0.2,inference_latency_ms,10,0.0,0.0,0.0,0.0,0.0,0.0
PPO,small,high,0.2,policy_latency_ms,10,0.6353960454792038,0.011577757665400687,0.6316224996804852,0.012417272823354697,0.6271138165776047,0.6436782743808029
PPO,small,low,0.0,hazard_recall,10,0.13333333333333333,0.17213259316477408,0.0,0.3333333333333333,0.010197094070273374,0.2564695725963933
PPO,small,low,0.0,inspection_coverage,10,0.013000000000000001,0.00483045891539648,0.01,0.0075000000000000015,0.009544497855863563,0.01645550214413644
PPO,small,low,0.0,collision_rate,10,0.0,0.0,0.0,0.0,0.0,0.0
PPO,small,low,0.0,near_miss_rate,10,0.23181818181818187,0.4070882518714509,0.04772727272727273,0.1125,-0.05939521049758589,0.5230315741339496
PPO,small,low,0.0,constraint_violations,10,66.4,93.54048440232829,17.0,123.5,-0.5148315050467716,133.31483150504678
PPO,small,low,0.0,time_to_inspect,10,220.0,0.0,220.0,0.0,220.0,220.0
PPO,small,low,0.0,mission_duration,10,0.15617106999852695,0.04251508552834304,0.1427267499966547,0.0021293750032782555,0.12575760995789328,0.18658453003916062
PPO,small,low,0.0,energy_usage,10,44.24000000000009,0.386436713231725,44.000000000000085,0.6000000000000085,43.963559828469165,44.51644017153101
PPO,small,low,0.0,robustness_score,10,0.15707283597311922,0.17412093041991375,0.09861603375527427,0.24936031635884842,0.03251422592319633,0.28163144602304213
PPO,small,low,0.0,success_rate,10,0.0,0.0,0.0,0.0,0.0,0.0
PPO,small,low,0.0,safety_cost,10,66.4,93.54048440232829,17.0,123.5,-0.5148315050467716,133.31483150504678
PPO,small,low,0.0,path_length,10,0.3,0.48304589153964794,0.0,0.75,-0.04555021441364382,0.6455502144136438
PPO,small,low,0.0,shield_interventions,10,0.0,0.0,0.0,0.0,0.0,0.0
PPO,small,low,0.0,emergency_stops,10,0.0,0.0,0.0,0.0,0.0,0.0
PPO,small,low,0.0,inference_latency_ms,10,0.0,0.0,0.0,0.0,0.0,0.0
PPO,small,low,0.0,policy_latency_ms,10,0.6076200907674237,0.1923772461414902,0.548611136962956,0.006706364167092138,0.47000169918849033,0.7452384823463571
PPO,small,low,0.1,hazard_recall,10,0.13333333333333333,0.17213259316477408,0.0,0.3333333333333333,0.010197094070273374,0.2564695725963933
PPO,small,low,0.1,inspection_coverage,10,0.013000000000000001,0.00483045891539648,0.01,0.0075000000000000015,0.009544497855863563,0.01645550214413644
PPO,small,low,0.1,collision_rate,10,0.0,0.0,0.0,0.0,0.0,0.0
PPO,small,low,0.1,near_miss_rate,10,0.23181818181818187,0.4070882518714509,0.04772727272727273,0.1125,-0.05939521049758589,0.5230315741339496
PPO,small,low,0.1,constraint_violations,10,65.8,92.91190570762296,17.0,119.0,-0.6651733948433076,132.26517339484332
PPO,small,low,0.1,time_to_inspect,10,220.0,0.0,220.0,0.0,220.0,220.0
PPO,small,low,0.1,mission_duration,10,0.1404538400005549,0.002534289146496304,0.140684149984736,0.0038963499973760918,0.1386409187578823,0.14226676124322754
PPO,small,low,0.1,energy_usage,10,44.24000000000009,0.386436713231725,44.000000000000085,0.6000000000000085,43.963559828469165,44.51644017153101
PPO,small,low,0.1,robustness_score,10,0.15708033097645033,0.1741201744058705,0.09865350877192983,0.24936031635884842,0.032522261746394304,0.2816384002065063
PPO,small,low,0.1,success_rate,10,0.0,0.0,0.0,0.0,0.0,0.0
PPO,small,low,0.1,safety_cost,10,65.8,92.91190570762296,17.0,119.0,-0.6651733948433076,132.26517339484332
PPO,small,low,0.1,path_length,10,0.3,0.48304589153964794,0.0,0.75,-0.04555021441364382,0.6455502144136438
PPO,small,low,0.1,shield_interventions,10,0.0,0.0,0.0,0.0,0.0,0.0
PPO,small,low,0.1,emergency_stops,10,0.0,0.0,0.0,0.0,0.0,0.0
PPO,small,low,0.1,inference_latency_ms,10,0.0,0.0,0.0,0.0,0.0,0.0
PPO,small,low,0.1,policy_latency_ms,10,0.5390652724070771,0.009886453896737507,0.5397399997243404,0.012258069149207795,0.5319929293364853,0.5461376154776689
PPO,small,low,0.2,hazard_recall,10,0.13333333333333333,0.17213259316477408,0.0,0.3333333333333333,0.010197094070273374,0.2564695725963933
PPO,small,low,0.2,inspection_coverage,10,0.013000000000000001,0.00483045891539648,0.01,0.0075000000000000015,0.009544497855863563,0.01645550214413644
PPO,small,low,0.2,collision_rate,10,0.0,0.0,0.0,0.0,0.0,0.0
PPO,small,low,0.2,near_miss_rate,10,0.23181818181818187,0.4070882518714509,0.04772727272727273,0.1125,-0.05939521049758589,0.5230315741339496
PPO,small,low,0.2,constraint_violations,10,72.1,101.10550045483294,17.0,166.25,-0.22651798198492656,144.42651798198492
PPO,small,low,0.2,time_to_inspect,10,220.0,0.0,220.0,0.0,220.0,220.0
PPO,small,low,0.2,mission_duration,10,0.15292002000205684,0.002445180788491195,0.15282430000661407,0.0015883250234765,0.15117084303866288,0.1546691969654508
PPO,small,low,0.2,energy_usage,10,44.24000000000009,0.38643671323172385,44.000000000000085,0.6000000000000085,43.963559828469165,44.51644017153101
PPO,small,low,0.2,robustness_score,10,0.1570224974391186,0.174126091532361,0.09836434108527131,0.24936031635884842,0.0324601953517641,0.28158479952647314
PPO,small,low,0.2,success_rate,10,0.0,0.0,0.0,0.0,0.0,0.0
PPO,small,low,0.2,safety_cost,10,72.1,101.10550045483294,17.0,166.25,-0.22651798198492656,144.42651798198492
PPO,small,low,0.2,path_length,10,0.3,0.48304589153964794,0.0,0.75,-0.04555021441364382,0.6455502144136438
PPO,small,low,0.2,shield_interventions,10,0.0,0.0,0.0,0.0,0.0,0.0
PPO,small,low,0.2,emergency_stops,10,0.0,0.0,0.0,0.0,0.0,0.0
PPO,small,low,0.2,inference_latency_ms,10,0.0,0.0,0.0,0.0,0.0,0.0
PPO,small,low,0.2,policy_latency_ms,10,0.5952309545351785,0.009493488226703024,0.5955111362378706,0.00534977321380703,0.5884397221704553,0.6020221868999017
PPO,small,medium,0.0,hazard_recall,10,0.13999999999999999,0.1349897115421106,0.2,0.2,0.04343417761336324,0.23656582238663673
PPO,small,medium,0.0,inspection_coverage,10,0.009999999999999998,1.828559098217032e-18,0.01,0.0,0.009999999999999997,0.01
PPO,small,medium,0.0,collision_rate,10,0.0,0.0,0.0,0.0,0.0,0.0
PPO,small,medium,0.0,near_miss_rate,10,0.1618181818181818,0.298590198298174,0.0659090909090909,0.09545454545454544,-0.05178037858956716,0.3754167422259308
PPO,small,medium,0.0,constraint_violations,10,35.6,65.6898436255983,14.5,21.0,-11.391683289704787,82.59168328970479
PPO,small,medium,0.0,time_to_inspect,10,220.0,0.0,220.0,0.0,220.0,220.0
PPO,small,medium,0.0,mission_duration,10,0.16181165000307374,0.00600245522101614,0.16031479998491704,0.0027261499999440275,0.15751775220794018,0.1661055477982073
PPO,small,medium,0.0,energy_usage,10,44.00000000000009,7.489778066296963e-15,44.000000000000085,0.0,44.000000000000085,44.0000000000001
PPO,small,medium,0.0,robustness_score,10,0.08664999126971744,0.05890256021061345,0.08967873303167423,0.05254464285714287,0.04451363804370222,0.12878634449573267
PPO,small,medium,0.0,success_rate,10,0.0,0.0,0.0,0.0,0.0,0.0
PPO,small,medium,0.0,safety_cost,10,35.6,65.6898436255983,14.5,21.0,-11.391683289704787,82.59168328970479
PPO,small,medium,0.0,path_length,10,0.0,0.0,0.0,0.0,0.0,0.0
PPO,small,medium,0.0,shield_interventions,10,0.0,0.0,0.0,0.0,0.0,0.0
PPO,small,medium,0.0,emergency_stops,10,0.0,0.0,0.0,0.0,0.0,0.0
PPO,small,medium,0.0,inference_latency_ms,10,0.0,0.0,0.0,0.0,0.0,0.0
PPO,small,medium,0.0,policy_latency_ms,10,0.6282384091305588,0.02520136753318254,0.6238402285486121,0.012729658952924883,0.6102104368257918,0.6462663814353259
PPO,small,medium,0.1,hazard_recall,10,0.13999999999999999,0.1349897115421106,0.2,0.2,0.04343417761336324,0.23656582238663673
PPO,small,medium,0.1,inspection_coverage,10,0.009999999999999998,1.828559098217032e-18,0.01,0.0,0.009999999999999997,0.01
PPO,small,medium,0.1,collision_rate,10,0.0,0.0,0.0,0.0,0.0,0.0
PPO,small,medium,0.1,near_miss_rate,10,0.1618181818181818,0.298590198298174,0.0659090909090909,0.09545454545454544,-0.05178037858956716,0.3754167422259308
PPO,small,medium,0.1,constraint_violations,10,35.6,65.6898436255983,14.5,21.0,-11.391683289704787,82.59168328970479
PPO,small,medium,0.1,time_to_inspect,10,220.0,0.0,220.0,0.0,220.0,220.0
PPO,small,medium,0.1,mission_duration,10,0.1652412399969762,0.0031837867815374486,0.1649757499981206,0.0038393500362872146,0.16296369613566528,0.16751878385828714
PPO,small,medium,0.1,energy_usage,10,44.00000000000009,7.489778066296963e-15,44.000000000000085,0.0,44.000000000000085,44.0000000000001
PPO,small,medium,0.1,robustness_score,10,0.08664999126971744,0.05890256021061345,0.08967873303167423,0.05254464285714287,0.04451363804370222,0.12878634449573267
PPO,small,medium,0.1,success_rate,10,0.0,0.0,0.0,0.0,0.0,0.0
PPO,small,medium,0.1,safety_cost,10,35.6,65.6898436255983,14.5,21.0,-11.391683289704787,82.59168328970479
PPO,small,medium,0.1,path_length,10,0.0,0.0,0.0,0.0,0.0,0.0
PPO,small,medium,0.1,shield_interventions,10,0.0,0.0,0.0,0.0,0.0,0.0
PPO,small,medium,0.1,emergency_stops,10,0.0,0.0,0.0,0.0,0.0,0.0
PPO,small,medium,0.1,inference_latency_ms,10,0.0,0.0,0.0,0.0,0.0,0.0
PPO,small,medium,0.1,policy_latency_ms,10,0.6405192272160837,0.013885044492583482,0.6388613635367206,0.007995566755363837,0.6305864647486041,0.6504519896835632
PPO,small,medium,0.2,hazard_recall,10,0.13999999999999999,0.1349897115421106,0.2,0.2,0.04343417761336324,0.23656582238663673
PPO,small,medium,0.2,inspection_coverage,10,0.009999999999999998,1.828559098217032e-18,0.01,0.0,0.009999999999999997,0.01
PPO,small,medium,0.2,collision_rate,10,0.0,0.0,0.0,0.0,0.0,0.0
PPO,small,medium,0.2,near_miss_rate,10,0.1618181818181818,0.298590198298174,0.0659090909090909,0.09545454545454544,-0.05178037858956716,0.3754167422259308
PPO,small,medium,0.2,constraint_violations,10,35.6,65.6898436255983,14.5,21.0,-11.391683289704787,82.59168328970479
PPO,small,medium,0.2,time_to_inspect,10,220.0,0.0,220.0,0.0,220.0,220.0
PPO,small,medium,0.2,mission_duration,10,0.16603542999946513,0.0032367915823945884,0.16541139998298604,0.00418850002461113,0.16371996878781145,0.16835089121111882
PPO,small,medium,0.2,energy_usage,10,44.00000000000009,7.489778066296963e-15,44.000000000000085,0.0,44.000000000000085,44.0000000000001
PPO,small,medium,0.2,robustness_score,10,0.08664999126971744,0.05890256021061345,0.08967873303167423,0.05254464285714287,0.04451363804370222,0.12878634449573267
PPO,small,medium,0.2,success_rate,10,0.0,0.0,0.0,0.0,0.0,0.0
PPO,small,medium,0.2,safety_cost,10,35.6,65.6898436255983,14.5,21.0,-11.391683289704787,82.59168328970479
PPO,small,medium,0.2,path_length,10,0.0,0.0,0.0,0.0,0.0,0.0
PPO,small,medium,0.2,shield_interventions,10,0.0,0.0,0.0,0.0,0.0,0.0
PPO,small,medium,0.2,emergency_stops,10,0.0,0.0,0.0,0.0,0.0,0.0
PPO,small,medium,0.2,inference_latency_ms,10,0.0,0.0,0.0,0.0,0.0,0.0
PPO,small,medium,0.2,policy_latency_ms,10,0.645249908808513,0.01325463145548037,0.6433095453592779,0.013050795082976574,0.6357681166607391,0.6547317009562869
RiskShield-PPO,large,high,0.0,hazard_recall,10,0.11666666666666667,0.09604668503622177,0.1111111111111111,0.13888888888888887,0.04795900723041613,0.1853743261029172
RiskShield-PPO,large,high,0.0,inspection_coverage,10,0.021875,0.014522753639165296,0.02734375,0.0234375,0.011486047890512502,0.032263952109487494
RiskShield-PPO,large,high,0.0,collision_rate,10,0.0,0.0,0.0,0.0,0.0,0.0
RiskShield-PPO,large,high,0.0,near_miss_rate,10,0.04772727272727273,0.032606574570692944,0.04971590909090909,0.034090909090909095,0.02440193442808007,0.07105261102646539
RiskShield-PPO,large,high,0.0,constraint_violations,10,16.8,11.477514248883915,17.5,12.0,8.589480918684185,25.010519081315817
RiskShield-PPO,large,high,0.0,time_to_inspect,10,352.0,0.0,352.0,0.0,352.0,352.0
RiskShield-PPO,large,high,0.0,mission_duration,10,0.30080059000174514,0.007074623098208581,0.30101265001576394,0.007282774997293018,0.2957397095113021,0.3058614704921882
RiskShield-PPO,large,high,0.0,energy_usage,10,78.4000000000005,7.682592155140272,78.4000000000005,12.800000000000068,72.90420464606485,83.89579535393615
RiskShield-PPO,large,high,0.0,robustness_score,10,0.12543702605873658,0.11267358469144977,0.08909722222222222,0.07334015125955917,0.04483519912923743,0.2060388529882357
RiskShield-PPO,large,high,0.0,success_rate,10,0.0,0.0,0.0,0.0,0.0,0.0
RiskShield-PPO,large,high,0.0,safety_cost,10,16.8,11.477514248883915,17.5,12.0,8.589480918684185,25.010519081315817
RiskShield-PPO,large,high,0.0,path_length,10,10.0,9.60324019392529,10.0,16.0,3.13025580758048,16.86974419241952
RiskShield-PPO,large,high,0.0,shield_interventions,10,36.1,34.04718947447955,32.0,22.75,11.744107880539332,60.45589211946067
RiskShield-PPO,large,high,0.0,emergency_stops,10,16.8,11.477514248883915,17.5,12.0,8.589480918684185,25.010519081315817
RiskShield-PPO,large,high,0.0,inference_latency_ms,10,0.0,0.0,0.0,0.0,0.0,0.0
RiskShield-PPO,large,high,0.0,policy_latency_ms,10,0.6450583517934403,0.016553676894558406,0.6440812488687119,0.013698650573959692,0.6332165647077109,0.6569001388791696
RiskShield-PPO,large,high,0.1,hazard_recall,10,0.12222222222222223,0.09728833730787924,0.1111111111111111,0.15277777777777776,0.052626338258627364,0.1918181061858171
RiskShield-PPO,large,high,0.1,inspection_coverage,10,0.021484375,0.014054058037059182,0.02734375,0.0234375,0.011430707526277192,0.031538042473722806
RiskShield-PPO,large,high,0.1,collision_rate,10,0.0,0.0,0.0,0.0,0.0,0.0
RiskShield-PPO,large,high,0.1,near_miss_rate,10,0.04573863636363636,0.03316963289821561,0.04403409090909091,0.0390625,0.022010510401386074,0.06946676232588665
RiskShield-PPO,large,high,0.1,constraint_violations,10,16.1,11.675710780171896,15.5,13.75,7.7476996612879,24.452300338712103
RiskShield-PPO,large,high,0.1,time_to_inspect,10,352.0,0.0,352.0,0.0,352.0,352.0
RiskShield-PPO,large,high,0.1,mission_duration,10,0.3059394200012321,0.00302275709381251,0.3059784000070067,0.002746674988884479,0.30377706983910147,0.3081017701633627
RiskShield-PPO,large,high,0.1,energy_usage,10,78.32000000000052,7.658952640900464,77.6000000000005,13.400000000000048,72.84111533583011,83.79888466417093
RiskShield-PPO,large,high,0.1,robustness_score,10,0.12860266684156488,0.11800380505422221,0.08909722222222222,0.0754057289110743,0.04418782996521099,0.21301750371791878
RiskShield-PPO,large,high,0.1,success_rate,10,0.0,0.0,0.0,0.0,0.0,0.0
RiskShield-PPO,large,high,0.1,safety_cost,10,16.1,11.675710780171896,15.5,13.75,7.7476996612879,24.452300338712103
RiskShield-PPO,large,high,0.1,path_length,10,9.9,9.573690801125528,9.0,16.75,3.05139416978703,16.74860583021297
RiskShield-PPO,large,high,0.1,shield_interventions,10,26.2,14.397530652472629,26.0,17.75,15.900627018829375,36.49937298117062
RiskShield-PPO,large,high,0.1,emergency_stops,10,16.1,11.675710780171896,15.5,13.75,7.7476996612879,24.452300338712103
RiskShield-PPO,large,high,0.1,inference_latency_ms,10,0.0,0.0,0.0,0.0,0.0,0.0
RiskShield-PPO,large,high,0.1,policy_latency_ms,10,0.656687244347929,0.006827886305077767,0.6557879265859479,0.0016192475413844276,0.6518028687264091,0.6615716199694489
RiskShield-PPO,large,high,0.2,hazard_recall,10,0.11111111111111112,0.09799078929868854,0.08333333333333333,0.13888888888888887,0.041012723264777964,0.18120949895744426
RiskShield-PPO,large,high,0.2,inspection_coverage,10,0.0203125,0.013253136093749451,0.0234375,0.0234375,0.010831777569567252,0.02979322243043275
RiskShield-PPO,large,high,0.2,collision_rate,10,0.0,0.0,0.0,0.0,0.0,0.0
RiskShield-PPO,large,high,0.2,near_miss_rate,10,0.04573863636363636,0.03316963289821561,0.04403409090909091,0.0390625,0.022010510401386074,0.06946676232588665
RiskShield-PPO,large,high,0.2,constraint_violations,10,16.1,11.675710780171896,15.5,13.75,7.7476996612879,24.452300338712103
RiskShield-PPO,large,high,0.2,time_to_inspect,10,352.0,0.0,352.0,0.0,352.0,352.0
RiskShield-PPO,large,high,0.2,mission_duration,10,0.30493088999646717,0.003588735043890259,0.30437940001138486,0.004490949970204383,0.3023636635991213,0.307498116393813
RiskShield-PPO,large,high,0.2,energy_usage,10,77.28000000000051,7.127536585509629,76.00000000000053,9.799999999999997,72.18126748099763,82.37873251900339
RiskShield-PPO,large,high,0.2,robustness_score,10,0.12380665989712043,0.1072626288125274,0.08909722222222222,0.0754057289110743,0.04707559762351096,0.2005377221707299
RiskShield-PPO,large,high,0.2,success_rate,10,0.0,0.0,0.0,0.0,0.0,0.0
RiskShield-PPO,large,high,0.2,safety_cost,10,16.1,11.675710780171896,15.5,13.75,7.7476996612879,24.452300338712103
RiskShield-PPO,large,high,0.2,path_length,10,8.6,8.909420731886993,7.0,12.25,2.2265843512464265,14.973415648753573
RiskShield-PPO,large,high,0.2,shield_interventions,10,24.9,15.358312986059953,26.0,22.25,13.913324741363072,35.88667525863693
RiskShield-PPO,large,high,0.2,emergency_stops,10,16.1,11.675710780171896,15.5,13.75,7.7476996612879,24.452300338712103
RiskShield-PPO,large,high,0.2,inference_latency_ms,10,0.0,0.0,0.0,0.0,0.0,0.0
RiskShield-PPO,large,high,0.2,policy_latency_ms,10,0.6558529545972389,0.009294408169827507,0.655373010638207,0.011450497967499196,0.6492041355260426,0.6625017736684352
RiskShield-PPO,large,low,0.0,hazard_recall,10,0.0375,0.0843685697138191,0.0,0.0,-0.02285363899164796,0.09785363899164795
RiskShield-PPO,large,low,0.0,inspection_coverage,10,0.015234375,0.014078164500807821,0.01171875,0.0166015625,0.0051634628009560694,0.02530528719904393
RiskShield-PPO,large,low,0.0,collision_rate,10,0.0,0.0,0.0,0.0,0.0,0.0
RiskShield-PPO,large,low,0.0,near_miss_rate,10,0.015056818181818182,0.0221295289730976,0.007102272727272727,0.01775568181818182,-0.0007736931949650985,0.030887329558601462
RiskShield-PPO,large,low,0.0,constraint_violations,10,5.3,7.789594198530356,2.5,6.25,-0.2723400046277149,10.872340004627715
RiskShield-PPO,large,low,0.0,time_to_inspect,10,352.0,0.0,352.0,0.0,352.0,352.0
RiskShield-PPO,large,low,0.0,mission_duration,10,0.2916301400051452,0.005295573386065947,0.29131970000162255,0.0031721999985165894,0.28784191501234846,0.29541836499794194
RiskShield-PPO,large,low,0.0,energy_usage,10,73.68000000000048,4.79184492422052,72.00000000000045,3.80000000000004,70.25212064111885,77.1078793588821
RiskShield-PPO,large,low,0.0,robustness_score,10,0.14996713789682542,0.12099704756652506,0.1099609375,0.20364273313492065,0.06341106431805073,0.23652321147560013
RiskShield-PPO,large,low,0.0,success_rate,10,0.0,0.0,0.0,0.0,0.0,0.0
RiskShield-PPO,large,low,0.0,safety_cost,10,5.3,7.789594198530356,2.5,6.25,-0.2723400046277149,10.872340004627715
RiskShield-PPO,large,low,0.0,path_length,10,4.1,5.989806155275626,2.0,4.75,-0.18484919860201465,8.384849198602014
RiskShield-PPO,large,low,0.0,shield_interventions,10,9.5,11.890705987824646,6.0,7.25,0.9939013547429045,18.006098645257097
RiskShield-PPO,large,low,0.0,emergency_stops,10,5.3,7.789594198530356,2.5,6.25,-0.2723400046277149,10.872340004627715
RiskShield-PPO,large,low,0.0,inference_latency_ms,10,0.0,0.0,0.0,0.0,0.0,0.0
RiskShield-PPO,large,low,0.0,policy_latency_ms,10,0.6471696308505092,0.01129298518934241,0.6472007102357482,0.009315838621081318,0.6390911159062886,0.6552481457947297
RiskShield-PPO,large,low,0.1,hazard_recall,10,0.025,0.052704627669472995,0.0,0.0,-0.012702619379970082,0.06270261937997008
RiskShield-PPO,large,low,0.1,inspection_coverage,10,0.015625,0.014023866685246104,0.01171875,0.0185546875,0.005592930118297267,0.025657069881702733
RiskShield-PPO,large,low,0.1,collision_rate,10,0.0,0.0,0.0,0.0,0.0,0.0
RiskShield-PPO,large,low,0.1,near_miss_rate,10,0.009659090909090907,0.00985940536728816,0.007102272727272727,0.015625,0.0026060971908370848,0.01671208462734473
RiskShield-PPO,large,low,0.1,constraint_violations,10,3.4,3.470510689285432,2.5,5.5,0.9173462111746544,5.882653788825346
RiskShield-PPO,large,low,0.1,time_to_inspect,10,352.0,0.0,352.0,0.0,352.0,352.0
RiskShield-PPO,large,low,0.1,mission_duration,10,0.295971709996229,0.005075985183988757,0.29544289999466855,0.008661000036227051,0.2923405689402579,0.29960285105220014
RiskShield-PPO,large,low,0.1,energy_usage,10,74.00000000000048,4.622649552895966,72.00000000000045,5.20000000000006,70.69315571845415,77.30684428154682
RiskShield-PPO,large,low,0.1,robustness_score,10,0.15295048701298702,0.119972875728713,0.09508167613636363,0.19775390624999994,0.06712706183129184,0.2387739121946822
RiskShield-PPO,large,low,0.1,success_rate,10,0.0,0.0,0.0,0.0,0.0,0.0
RiskShield-PPO,large,low,0.1,safety_cost,10,3.4,3.470510689285432,2.5,5.5,0.9173462111746544,5.882653788825346
RiskShield-PPO,large,low,0.1,path_length,10,4.5,5.778311941119905,2.0,6.5,0.3664446480671195,8.63355535193288
RiskShield-PPO,large,low,0.1,shield_interventions,10,7.7,8.179242018671413,6.5,5.0,1.8489227363379648,13.551077263662036
RiskShield-PPO,large,low,0.1,emergency_stops,10,3.4,3.470510689285432,2.5,5.5,0.9173462111746544,5.882653788825346
RiskShield-PPO,large,low,0.1,inference_latency_ms,10,0.0,0.0,0.0,0.0,0.0,0.0
RiskShield-PPO,large,low,0.1,policy_latency_ms,10,0.6564837501421359,0.011650585611511208,0.6558538350211827,0.018526560200949782,0.6481494232663388,0.6648180770179329
RiskShield-PPO,large,low,0.2,hazard_recall,10,0.025,0.052704627669472995,0.0,0.0,-0.012702619379970082,0.06270261937997008
RiskShield-PPO,large,low,0.2,inspection_coverage,10,0.014453125,0.014505231710035024,0.01171875,0.013671875,0.004076707323521774,0.024829542676478227
RiskShield-PPO,large,low,0.2,collision_rate,10,0.0,0.0,0.0,0.0,0.0,0.0
RiskShield-PPO,large,low,0.2,near_miss_rate,10,0.008238636363636363,0.010998717733511068,0.002840909090909091,0.014914772727272726,0.0003706276761472043,0.016106645051125523
RiskShield-PPO,large,low,0.2,constraint_violations,10,2.9,3.8715486421958962,1.0,5.25,0.13046094200381564,5.669539057996184
RiskShield-PPO,large,low,0.2,time_to_inspect,10,352.0,0.0,352.0,0.0,352.0,352.0
RiskShield-PPO,large,low,0.2,mission_duration,10,0.2969683000002988,0.0025894643571902857,0.2975871999951778,0.002342050000152085,0.2951159087896178,0.29882069121097976
RiskShield-PPO,large,low,0.2,energy_usage,10,73.92000000000048,5.3359993336664875,72.00000000000045,3.4000000000000483,70.1028560264073,77.73714397359367
RiskShield-PPO,large,low,0.2,robustness_score,10,0.1923716517857143,0.13140307543115234,0.2041015625,0.223828125,0.0983715543102553,0.2863717492611733
RiskShield-PPO,large,low,0.2,success_rate,10,0.0,0.0,0.0,0.0,0.0,0.0
RiskShield-PPO,large,low,0.2,safety_cost,10,2.9,3.8715486421958962,1.0,5.25,0.13046094200381564,5.669539057996184
RiskShield-PPO,large,low,0.2,path_length,10,4.4,6.669999167083073,2.0,4.25,-0.3714299669914576,9.171429966991457
RiskShield-PPO,large,low,0.2,shield_interventions,10,6.5,7.961713941664124,5.5,5.75,0.8045329484676476,12.195467051532352
RiskShield-PPO,large,low,0.2,emergency_stops,10,2.9,3.8715486421958962,1.0,5.25,0.13046094200381564,5.669539057996184
RiskShield-PPO,large,low,0.2,inference_latency_ms,10,0.0,0.0,0.0,0.0,0.0,0.0
RiskShield-PPO,large,low,0.2,policy_latency_ms,10,0.6575607098883747,0.005775925053713579,0.6567234371356211,0.007712712493395779,0.6534288620128317,0.6616925577639177
RiskShield-PPO,large,medium,0.0,hazard_recall,10,0.11538461538461539,0.11028622137234138,0.07692307692307693,0.19230769230769235,0.03649060529250146,0.1942786254767293
RiskShield-PPO,large,medium,0.0,inspection_coverage,10,0.028515625,0.02900169583912532,0.013671875,0.0341796875,0.00776906159662101,0.04926218840337899
RiskShield-PPO,large,medium,0.0,collision_rate,10,0.0,0.0,0.0,0.0,0.0,0.0
RiskShield-PPO,large,medium,0.0,near_miss_rate,10,0.04715909090909091,0.05466566614518128,0.026988636363636364,0.03551136363636363,0.008053629112648716,0.0862645527055331
RiskShield-PPO,large,medium,0.0,constraint_violations,10,16.6,19.24231448310381,9.5,12.5,2.8348774476523495,30.365122552347653
RiskShield-PPO,large,medium,0.0,time_to_inspect,10,352.0,0.0,352.0,0.0,352.0,352.0
RiskShield-PPO,large,medium,0.0,mission_duration,10,0.3234047999954782,0.027322300514235665,0.31762015000276733,0.015439699993294198,0.3038596036356139,0.34294999635534257
RiskShield-PPO,large,medium,0.0,energy_usage,10,77.76000000000049,9.197487579647945,72.40000000000046,12.399999999999977,71.18051374231992,84.33948625768106
RiskShield-PPO,large,medium,0.0,robustness_score,10,0.08907815607461947,0.05851359124100819,0.08253660402097901,0.10011965271581041,0.04722005448721967,0.13093625766201927
RiskShield-PPO,large,medium,0.0,success_rate,10,0.0,0.0,0.0,0.0,0.0,0.0
RiskShield-PPO,large,medium,0.0,safety_cost,10,16.6,19.24231448310381,9.5,12.5,2.8348774476523495,30.365122552347653
RiskShield-PPO,large,medium,0.0,path_length,10,9.2,11.496859474559903,2.5,15.5,0.9756421778993047,17.424357822100696
RiskShield-PPO,large,medium,0.0,shield_interventions,10,55.9,98.76622229622164,22.5,22.75,-14.753099196235986,126.55309919623599
RiskShield-PPO,large,medium,0.0,emergency_stops,10,16.6,19.24231448310381,9.5,12.5,2.8348774476523495,30.365122552347653
RiskShield-PPO,large,medium,0.0,inference_latency_ms,10,0.0,0.0,0.0,0.0,0.0,0.0
RiskShield-PPO,large,medium,0.0,policy_latency_ms,10,0.7173019034201966,0.0737204034275154,0.7023694612474751,0.039590269890058316,0.66456550371738,0.7700383031230132
RiskShield-PPO,large,medium,0.1,hazard_recall,10,0.10769230769230771,0.10383823964777739,0.07692307692307693,0.13461538461538464,0.033410905856433276,0.18197370952818215
RiskShield-PPO,large,medium,0.1,inspection_coverage,10,0.024609375,0.024845578854767545,0.013671875,0.029296875,0.0068359185834033186,0.042382831416596684
RiskShield-PPO,large,medium,0.1,collision_rate,10,0.0,0.0,0.0,0.0,0.0,0.0
RiskShield-PPO,large,medium,0.1,near_miss_rate,10,0.045454545454545456,0.055863186377850864,0.026988636363636364,0.036931818181818184,0.005492429289623478,0.08541666161946743
RiskShield-PPO,large,medium,0.1,constraint_violations,10,16.0,19.6638416050035,9.5,13.0,1.9333351099474676,30.066664890052532
RiskShield-PPO,large,medium,0.1,time_to_inspect,10,352.0,0.0,352.0,0.0,352.0,352.0
RiskShield-PPO,large,medium,0.1,mission_duration,10,0.3234085500036599,0.019453408915915234,0.31803795001178514,0.034672300003876444,0.30949241959098867,0.3373246804163312
RiskShield-PPO,large,medium,0.1,energy_usage,10,81.20000000000047,16.296148147474707,72.40000000000046,15.400000000000077,69.54243788198339,92.85756211801755
RiskShield-PPO,large,medium,0.1,robustness_score,10,0.10957935799769639,0.10536468577780166,0.08253660402097901,0.1048657464658104,0.0342060023811169,0.18495271361427587
RiskShield-PPO,large,medium,0.1,success_rate,10,0.0,0.0,0.0,0.0,0.0,0.0
RiskShield-PPO,large,medium,0.1,safety_cost,10,16.0,19.6638416050035,9.5,13.0,1.9333351099474676,30.066664890052532
RiskShield-PPO,large,medium,0.1,path_length,10,13.5,20.370185184343427,2.5,19.25,-1.0719526475213872,28.071952647521385
RiskShield-PPO,large,medium,0.1,shield_interventions,10,53.5,82.88177657898562,30.5,29.0,-5.7900512548950545,112.79005125489505
RiskShield-PPO,large,medium,0.1,emergency_stops,10,16.0,19.6638416050035,9.5,13.0,1.9333351099474676,30.066664890052532
RiskShield-PPO,large,medium,0.1,inference_latency_ms,10,0.0,0.0,0.0,0.0,0.0,0.0
RiskShield-PPO,large,medium,0.1,policy_latency_ms,10,0.7166690057105867,0.05291438463226576,0.7023336649002555,0.10452407758004312,0.6788163352387073,0.754521676182466
RiskShield-PPO,large,medium,0.2,hazard_recall,10,0.11538461538461539,0.11028622137234138,0.07692307692307693,0.19230769230769235,0.03649060529250146,0.1942786254767293
RiskShield-PPO,large,medium,0.2,inspection_coverage,10,0.028125,0.028156329001615646,0.013671875,0.0341796875,0.00798317560191214,0.04826682439808786
RiskShield-PPO,large,medium,0.2,collision_rate,10,0.0,0.0,0.0,0.0,0.0,0.0
RiskShield-PPO,large,medium,0.2,near_miss_rate,10,0.04573863636363636,0.055613007626898386,0.026988636363636364,0.036931818181818184,0.005955487295935355,0.08552178543133737
RiskShield-PPO,large,medium,0.2,constraint_violations,10,16.1,19.575778684668233,9.5,13.0,2.096331528169248,30.103668471830755
RiskShield-PPO,large,medium,0.2,time_to_inspect,10,352.0,0.0,352.0,0.0,352.0,352.0
RiskShield-PPO,large,medium,0.2,mission_duration,10,0.31669062000000847,0.015268463283472375,0.31397785000444856,0.01367289999325294,0.30576821934661697,0.3276130206534
RiskShield-PPO,large,medium,0.2,energy_usage,10,77.68000000000049,8.927958582142116,72.40000000000046,12.999999999999972,71.29332317204506,84.06667682795592
RiskShield-PPO,large,medium,0.2,robustness_score,10,0.09871096857461947,0.07727354508059708,0.08253660402097901,0.1048657464658104,0.04343280445237887,0.15398913269686007
RiskShield-PPO,large,medium,0.2,success_rate,10,0.0,0.0,0.0,0.0,0.0,0.0
RiskShield-PPO,large,medium,0.2,safety_cost,10,16.1,19.575778684668233,9.5,13.0,2.096331528169248,30.103668471830755
RiskShield-PPO,large,medium,0.2,path_length,10,9.1,11.159948227677601,2.5,16.25,1.1166539650557477,17.083346034944253
RiskShield-PPO,large,medium,0.2,shield_interventions,10,46.6,70.44808963579733,22.5,23.0,-3.795527433408026,96.99552743340803
RiskShield-PPO,large,medium,0.2,emergency_stops,10,16.1,19.575778684668233,9.5,13.0,2.096331528169248,30.103668471830755
RiskShield-PPO,large,medium,0.2,inference_latency_ms,10,0.0,0.0,0.0,0.0,0.0,0.0
RiskShield-PPO,large,medium,0.2,policy_latency_ms,10,0.6995963636572098,0.04402305089108026,0.6932082388547397,0.03754232958189352,0.6681041701803775,0.7310885571340421
RiskShield-PPO,medium,high,0.0,hazard_recall,10,0.1357142857142857,0.18272937004142753,0.07142857142857142,0.21428571428571427,0.004997568931481455,0.26643100249708995
RiskShield-PPO,medium,high,0.0,inspection_coverage,10,0.02755102040816327,0.023712142935963777,0.02040816326530612,0.014030612244897957,0.01058837520355807,0.04451366561276847
RiskShield-PPO,medium,high,0.0,collision_rate,10,0.0,0.0,0.0,0.0,0.0,0.0
RiskShield-PPO,medium,high,0.0,near_miss_rate,10,0.07662337662337662,0.09234335501597775,0.04383116883116883,0.07386363636363637,0.010564919892196128,0.1426818333545571
RiskShield-PPO,medium,high,0.0,constraint_violations,10,23.6,28.44175334492115,13.5,22.75,3.2539953267964066,43.946004673203596
RiskShield-PPO,medium,high,0.0,time_to_inspect,10,308.0,0.0,308.0,0.0,308.0,308.0
RiskShield-PPO,medium,high,0.0,mission_duration,10,0.2979386200022418,0.026837010911365266,0.29602259998500813,0.011905125000339467,0.2787405789111866,0.317136661093297
RiskShield-PPO,medium,high,0.0,energy_usage,10,68.24000000000039,7.244798900667415,64.80000000000038,5.600000000000094,63.05738307403928,73.4226169259615
RiskShield-PPO,medium,high,0.0,robustness_score,10,0.10733100660610487,0.10740661875029972,0.07831632653061224,0.14123956400742116,0.030496940136119685,0.18416507307609004
RiskShield-PPO,medium,high,0.0,success_rate,10,0.0,0.0,0.0,0.0,0.0,0.0
RiskShield-PPO,medium,high,0.0,safety_cost,10,23.6,28.44175334492115,13.5,22.75,3.2539953267964066,43.946004673203596
RiskShield-PPO,medium,high,0.0,path_length,10,8.3,9.055998625834212,4.0,7.0,1.821728842548648,14.778271157451353
RiskShield-PPO,medium,high,0.0,shield_interventions,10,34.9,23.84417003052202,27.5,16.25,17.84290830152732,51.95709169847268
RiskShield-PPO,medium,high,0.0,emergency_stops,10,23.6,28.44175334492115,13.5,22.75,3.2539953267964066,43.946004673203596
RiskShield-PPO,medium,high,0.0,inference_latency_ms,10,0.0,0.0,0.0,0.0,0.0,0.0
RiskShield-PPO,medium,high,0.0,policy_latency_ms,10,0.7741900648870325,0.08638679400299668,0.7637258116934484,0.028808684259888917,0.7123926752123236,0.8359874545617413
RiskShield-PPO,medium,high,0.1,hazard_recall,10,0.14285714285714285,0.18747637795266217,0.07142857142857142,0.21428571428571427,0.008744621182339513,0.27696966453194616
RiskShield-PPO,medium,high,0.1,inspection_coverage,10,0.028571428571428574,0.026587241150833746,0.02040816326530612,0.014030612244897957,0.009552062003472216,0.04759079513938493
RiskShield-PPO,medium,high,0.1,collision_rate,10,0.0,0.0,0.0,0.0,0.0,0.0
RiskShield-PPO,medium,high,0.1,near_miss_rate,10,0.07824675324675326,0.09109507362049182,0.045454545454545456,0.0698051948051948,0.013081263232428322,0.1434122432610782
RiskShield-PPO,medium,high,0.1,constraint_violations,10,24.1,28.057282675111484,14.0,21.5,4.029029075587914,44.17097092441209
RiskShield-PPO,medium,high,0.1,time_to_inspect,10,308.0,0.0,308.0,0.0,308.0,308.0
RiskShield-PPO,medium,high,0.1,mission_duration,10,0.29553532000281846,0.01552986457382913,0.2981426000187639,0.01338285000383621,0.2844259241311406,0.3066447158744963
RiskShield-PPO,medium,high,0.1,energy_usage,10,68.80000000000041,8.253753354955863,64.80000000000038,6.800000000000111,62.89562053735419,74.70437946264663
RiskShield-PPO,medium,high,0.1,robustness_score,10,0.1017442719122273,0.10610330759861343,0.05956632653061224,0.14123956400742116,0.025842538075229488,0.17764600574922512
RiskShield-PPO,medium,high,0.1,success_rate,10,0.0,0.0,0.0,0.0,0.0,0.0
RiskShield-PPO,medium,high,0.1,safety_cost,10,24.1,28.057282675111484,14.0,21.5,4.029029075587914,44.17097092441209
RiskShield-PPO,medium,high,0.1,path_length,10,9.0,10.317191693694774,4.0,8.5,1.6195256716922657,16.380474328307734
RiskShield-PPO,medium,high,0.1,shield_interventions,10,34.2,23.50319127267614,29.0,8.25,17.38682981074167,51.01317018925833
RiskShield-PPO,medium,high,0.1,emergency_stops,10,24.1,28.057282675111484,14.0,21.5,4.029029075587914,44.17097092441209
RiskShield-PPO,medium,high,0.1,inference_latency_ms,10,0.0,0.0,0.0,0.0,0.0,0.0
RiskShield-PPO,medium,high,0.1,policy_latency_ms,10,0.7620794157056869,0.04739240823457415,0.7730827923556457,0.03331225660123849,0.7281769291845033,0.7959819022268706
RiskShield-PPO,medium,high,0.2,hazard_recall,10,0.12857142857142856,0.17753668459340236,0.07142857142857142,0.19642857142857142,0.0015693351844024706,0.2555735219584546
RiskShield-PPO,medium,high,0.2,inspection_coverage,10,0.025,0.015484598149782364,0.02040816326530612,0.025510204081632657,0.01392298577737261,0.03607701422262739
RiskShield-PPO,medium,high,0.2,collision_rate,10,0.0,0.0,0.0,0.0,0.0,0.0
RiskShield-PPO,medium,high,0.2,near_miss_rate,10,0.08311688311688312,0.0882310131462604,0.0633116883116883,0.06493506493506493,0.020000218541917233,0.146233547691849
RiskShield-PPO,medium,high,0.2,constraint_violations,10,25.6,27.175152049048204,19.5,20.0,6.1600673109105095,45.0399326890895
RiskShield-PPO,medium,high,0.2,time_to_inspect,10,308.0,0.0,308.0,0.0,308.0,308.0
RiskShield-PPO,medium,high,0.2,mission_duration,10,0.28590461999410766,0.02175374358969076,0.2806725999980699,0.01284807501360774,0.27034292928650727,0.30146631070170804
RiskShield-PPO,medium,high,0.2,energy_usage,10,67.28000000000038,5.299224261887605,64.80000000000038,4.40000000000002,63.48916332797179,71.07083667202897
RiskShield-PPO,medium,high,0.2,robustness_score,10,0.08707321928064837,0.09324714324892114,0.06529269602577872,0.10475997217068647,0.02036823139549679,0.15377820716579996
RiskShield-PPO,medium,high,0.2,success_rate,10,0.0,0.0,0.0,0.0,0.0,0.0
RiskShield-PPO,medium,high,0.2,safety_cost,10,25.6,27.175152049048204,19.5,20.0,6.1600673109105095,45.0399326890895
RiskShield-PPO,medium,high,0.2,path_length,10,7.1,6.624030327359453,4.0,5.5,2.3614541599642926,11.838545840035707
RiskShield-PPO,medium,high,0.2,shield_interventions,10,33.8,23.56928321165307,27.0,7.25,16.939550485765526,50.66044951423447
RiskShield-PPO,medium,high,0.2,emergency_stops,10,25.6,27.175152049048204,19.5,20.0,6.1600673109105095,45.0399326890895
RiskShield-PPO,medium,high,0.2,inference_latency_ms,10,0.0,0.0,0.0,0.0,0.0,0.0
RiskShield-PPO,medium,high,0.2,policy_latency_ms,10,0.7326903894911035,0.06948361017659813,0.7167506492723161,0.05093384748619578,0.6829848090995005,0.7823959698827065
RiskShield-PPO,medium,low,0.0,hazard_recall,10,0.13333333333333333,0.15315609724544693,0.16666666666666666,0.16666666666666666,0.02377206147728818,0.2428946051893785
RiskShield-PPO,medium,low,0.0,inspection_coverage,10,0.02755102040816327,0.021404262207554113,0.025510204081632654,0.04081632653061224,0.012239333620782531,0.04286270719554401
RiskShield-PPO,medium,low,0.0,collision_rate,10,0.0,0.0,0.0,0.0,0.0,0.0
RiskShield-PPO,medium,low,0.0,near_miss_rate,10,0.007142857142857143,0.012031984510551772,0.0,0.012987012987012986,-0.0014643060692981344,0.01575002035501242
RiskShield-PPO,medium,low,0.0,constraint_violations,10,2.2,3.705851229249946,0.0,4.0,-0.4510062693438255,4.851006269343825
RiskShield-PPO,medium,low,0.0,time_to_inspect,10,308.0,0.0,308.0,0.0,308.0,308.0
RiskShield-PPO,medium,low,0.0,mission_duration,10,0.2500464499957161,0.0029142559460727524,0.24957015000109095,0.002389874993241392,0.2479617168789269,0.2521311831125053
RiskShield-PPO,medium,low,0.0,energy_usage,10,67.04000000000038,5.778734963448146,66.00000000000036,8.000000000000128,62.90614203612361,71.17385796387714
RiskShield-PPO,medium,low,0.0,robustness_score,10,0.2690986394557823,0.12050637006318843,0.30153061224489797,0.1847789115646258,0.18289357541762385,0.3553037034939407
RiskShield-PPO,medium,low,0.0,success_rate,10,0.0,0.0,0.0,0.0,0.0,0.0
RiskShield-PPO,medium,low,0.0,safety_cost,10,2.2,3.705851229249946,0.0,4.0,-0.4510062693438255,4.851006269343825
RiskShield-PPO,medium,low,0.0,path_length,10,6.8,7.223418704310154,5.5,10.0,1.6326775451540607,11.967322454845938
RiskShield-PPO,medium,low,0.0,shield_interventions,10,9.0,7.7746025264604,9.0,14.0,3.438384391519576,14.561615608480423
RiskShield-PPO,medium,low,0.0,emergency_stops,10,2.2,3.705851229249946,0.0,4.0,-0.4510062693438255,4.851006269343825
RiskShield-PPO,medium,low,0.0,inference_latency_ms,10,0.0,0.0,0.0,0.0,0.0,0.0
RiskShield-PPO,medium,low,0.0,policy_latency_ms,10,0.6464549347772656,0.008223589073579101,0.6462099022959971,0.007807712023208513,0.6405721335416159,0.6523377360129152
RiskShield-PPO,medium,low,0.1,hazard_recall,10,0.15,0.14593250596181886,0.16666666666666666,0.125,0.04560617405460768,0.2543938259453923
RiskShield-PPO,medium,low,0.1,inspection_coverage,10,0.028571428571428574,0.02309421115206525,0.025510204081632654,0.04081632653061224,0.012050825135853961,0.04509203200700319
RiskShield-PPO,medium,low,0.1,collision_rate,10,0.0,0.0,0.0,0.0,0.0,0.0
RiskShield-PPO,medium,low,0.1,near_miss_rate,10,0.006818181818181818,0.012191547633453629,0.0,0.012175324675324674,-0.0019031259758795485,0.015539489612243183
RiskShield-PPO,medium,low,0.1,constraint_violations,10,2.1,3.7549966711037173,0.0,3.75,-0.586162800570901,4.786162800570901
RiskShield-PPO,medium,low,0.1,time_to_inspect,10,308.0,0.0,308.0,0.0,308.0,308.0
RiskShield-PPO,medium,low,0.1,mission_duration,10,0.2486209500057157,0.0039035115168035302,0.24813070001255255,0.004216925022774376,0.24582854608463428,0.25141335392679715
RiskShield-PPO,medium,low,0.1,energy_usage,10,67.20000000000037,6.092618484691151,66.00000000000036,8.000000000000128,62.84160329153203,71.5583967084687
RiskShield-PPO,medium,low,0.1,robustness_score,10,0.29107142857142854,0.11981874886268008,0.3348639455782313,0.10952380952380952,0.20535825910774563,0.37678459803511144
RiskShield-PPO,medium,low,0.1,success_rate,10,0.0,0.0,0.0,0.0,0.0,0.0
RiskShield-PPO,medium,low,0.1,safety_cost,10,2.1,3.7549966711037173,0.0,3.75,-0.586162800570901,4.786162800570901
RiskShield-PPO,medium,low,0.1,path_length,10,7.0,7.615773105863909,5.5,10.0,1.5520041144145944,12.447995885585406
RiskShield-PPO,medium,low,0.1,shield_interventions,10,9.1,7.936553968120477,9.0,14.0,3.4225313092961347,14.777468690703865
RiskShield-PPO,medium,low,0.1,emergency_stops,10,2.1,3.7549966711037173,0.0,3.75,-0.586162800570901,4.786162800570901
RiskShield-PPO,medium,low,0.1,inference_latency_ms,10,0.0,0.0,0.0,0.0,0.0,0.0
RiskShield-PPO,medium,low,0.1,policy_latency_ms,10,0.6417031167736489,0.010793670623078244,0.6423831174441903,0.011087744142414091,0.6339817899526572,0.6494244435946406
RiskShield-PPO,medium,low,0.2,hazard_recall,10,0.13333333333333333,0.15315609724544693,0.16666666666666666,0.16666666666666666,0.02377206147728818,0.2428946051893785
RiskShield-PPO,medium,low,0.2,inspection_coverage,10,0.026020408163265302,0.019605826921026664,0.025510204081632654,0.033163265306122444,0.011995244478043305,0.040045571848487296
RiskShield-PPO,medium,low,0.2,collision_rate,10,0.0,0.0,0.0,0.0,0.0,0.0
RiskShield-PPO,medium,low,0.2,near_miss_rate,10,0.006818181818181818,0.012191547633453629,0.0,0.012175324675324674,-0.0019031259758795485,0.015539489612243183
RiskShield-PPO,medium,low,0.2,constraint_violations,10,2.1,3.7549966711037173,0.0,3.75,-0.586162800570901,4.786162800570901
RiskShield-PPO,medium,low,0.2,time_to_inspect,10,308.0,0.0,308.0,0.0,308.0,308.0
RiskShield-PPO,medium,low,0.2,mission_duration,10,0.24992670000356157,0.0038788244705434322,0.2484495000098832,0.004690825007855892,0.2471519561315103,0.25270144387561283
RiskShield-PPO,medium,low,0.2,energy_usage,10,66.08000000000037,4.667809383902102,66.00000000000036,6.000000000000014,62.74085032147133,69.41914967852941
RiskShield-PPO,medium,low,0.2,robustness_score,10,0.2836394557823129,0.11546322940185355,0.3068877551020408,0.10646258503401357,0.2010420372440219,0.3662368743206039
RiskShield-PPO,medium,low,0.2,success_rate,10,0.0,0.0,0.0,0.0,0.0,0.0
RiskShield-PPO,medium,low,0.2,safety_cost,10,2.1,3.7549966711037173,0.0,3.75,-0.586162800570901,4.786162800570901
RiskShield-PPO,medium,low,0.2,path_length,10,5.6,5.834761729877618,5.5,7.5,1.426062901838704,9.773937098161294
RiskShield-PPO,medium,low,0.2,shield_interventions,10,7.7,6.750308634919345,6.5,11.5,2.871120100577037,12.528879899422964
RiskShield-PPO,medium,low,0.2,emergency_stops,10,2.1,3.7549966711037173,0.0,3.75,-0.586162800570901,4.786162800570901
RiskShield-PPO,medium,low,0.2,inference_latency_ms,10,0.0,0.0,0.0,0.0,0.0,0.0
RiskShield-PPO,medium,low,0.2,policy_latency_ms,10,0.6470876620676483,0.009757910450300434,0.6466363628497711,0.009977273624496186,0.6401072734391826,0.6540680506961141
RiskShield-PPO,medium,medium,0.0,hazard_recall,10,0.13000000000000003,0.11595018087284058,0.1,0.07500000000000001,0.047054237364065846,0.21294576263593423
RiskShield-PPO,medium,medium,0.0,inspection_coverage,10,0.026020408163265302,0.02715236053432481,0.017857142857142856,0.034438775510204085,0.0065967795416307234,0.04544403678489988
RiskShield-PPO,medium,medium,0.0,collision_rate,10,0.0,0.0,0.0,0.0,0.0,0.0
RiskShield-PPO,medium,medium,0.0,near_miss_rate,10,0.05811688311688311,0.07353655201530601,0.032467532467532464,0.06574675324675325,0.005512002791462953,0.11072176344230326
RiskShield-PPO,medium,medium,0.0,constraint_violations,10,17.9,22.649258020714253,10.0,20.25,1.6976968597705913,34.10230314022941
RiskShield-PPO,medium,medium,0.0,time_to_inspect,10,308.0,0.0,308.0,0.0,308.0,308.0
RiskShield-PPO,medium,medium,0.0,mission_duration,10,0.2531646799965529,0.0034410551390555706,0.2534111499990104,0.003731200013135094,0.25070309743900365,0.25562626255410215
RiskShield-PPO,medium,medium,0.0,energy_usage,10,70.7200000000004,9.87891132103584,67.60000000000036,16.400000000000105,63.653052563025625,77.78694743697517
RiskShield-PPO,medium,medium,0.0,robustness_score,10,0.14180467766482344,0.10882365683514893,0.10836734693877552,0.11927696277449976,0.06395692321481793,0.21965243211482893
RiskShield-PPO,medium,medium,0.0,success_rate,10,0.0,0.0,0.0,0.0,0.0,0.0
RiskShield-PPO,medium,medium,0.0,safety_cost,10,17.9,22.649258020714253,10.0,20.25,1.6976968597705913,34.10230314022941
RiskShield-PPO,medium,medium,0.0,path_length,10,11.4,12.348639151294725,7.5,20.5,2.5663157037815925,20.233684296218406
RiskShield-PPO,medium,medium,0.0,shield_interventions,10,43.0,57.263523390646434,37.0,31.25,2.0361430822883833,83.96385691771161
RiskShield-PPO,medium,medium,0.0,emergency_stops,10,17.9,22.649258020714253,10.0,20.25,1.6976968597705913,34.10230314022941
RiskShield-PPO,medium,medium,0.0,inference_latency_ms,10,0.0,0.0,0.0,0.0,0.0,0.0
RiskShield-PPO,medium,medium,0.0,policy_latency_ms,10,0.6466894806665067,0.009175291937281373,0.6474813313828933,0.013168262739782222,0.6401258722148755,0.6532530891181378
RiskShield-PPO,medium,medium,0.1,hazard_recall,10,0.14000000000000004,0.12649110640673517,0.1,0.07500000000000001,0.04951371348807186,0.2304862865119282
RiskShield-PPO,medium,medium,0.1,inspection_coverage,10,0.02653061224489796,0.027295785915290995,0.017857142857142856,0.03188775510204082,0.007004383286497749,0.04605684120329817
RiskShield-PPO,medium,medium,0.1,collision_rate,10,0.0,0.0,0.0,0.0,0.0,0.0
RiskShield-PPO,medium,medium,0.1,near_miss_rate,10,0.05974025974025974,0.07358034012579374,0.02922077922077922,0.07142857142857142,0.007104055287602787,0.11237646419291669
RiskShield-PPO,medium,medium,0.1,constraint_violations,10,18.4,22.66274475874447,9.0,22.0,2.1880490285816556,34.61195097141834
RiskShield-PPO,medium,medium,0.1,time_to_inspect,10,308.0,0.0,308.0,0.0,308.0,308.0
RiskShield-PPO,medium,medium,0.1,mission_duration,10,0.25864200000360144,0.004832081258927097,0.2575782000058098,0.005655724991811439,0.2551853373048165,0.26209866270238635
RiskShield-PPO,medium,medium,0.1,energy_usage,10,70.9600000000004,10.713563573547594,67.60000000000036,19.20000000000013,63.29597831010738,78.62402168989342
RiskShield-PPO,medium,medium,0.1,robustness_score,10,0.14566303359460794,0.10850442268464809,0.12459183673469387,0.12137789755400596,0.06804364549878489,0.223282421690431
RiskShield-PPO,medium,medium,0.1,success_rate,10,0.0,0.0,0.0,0.0,0.0,0.0
RiskShield-PPO,medium,medium,0.1,safety_cost,10,18.4,22.66274475874447,9.0,22.0,2.1880490285816556,34.61195097141834
RiskShield-PPO,medium,medium,0.1,path_length,10,11.7,13.391954466934408,7.5,24.0,2.1199728876337804,21.28002711236622
RiskShield-PPO,medium,medium,0.1,shield_interventions,10,46.4,58.1457937716335,37.0,33.0,4.805004872315912,87.99499512768409
RiskShield-PPO,medium,medium,0.1,emergency_stops,10,18.4,22.66274475874447,9.0,22.0,2.1880490285816556,34.61195097141834
RiskShield-PPO,medium,medium,0.1,inference_latency_ms,10,0.0,0.0,0.0,0.0,0.0,0.0
RiskShield-PPO,medium,medium,0.1,policy_latency_ms,10,0.6590898053277611,0.010617406270871217,0.6583608756281811,0.011023294513057835,0.6514945704283971,0.666685040227125
RiskShield-PPO,medium,medium,0.2,hazard_recall,10,0.14000000000000004,0.12649110640673517,0.1,0.07500000000000001,0.04951371348807186,0.2304862865119282
RiskShield-PPO,medium,medium,0.2,inspection_coverage,10,0.024489795918367346,0.025544195041521885,0.017857142857142856,0.028061224489795915,0.006216579587953058,0.04276301224878164
RiskShield-PPO,medium,medium,0.2,collision_rate,10,0.0,0.0,0.0,0.0,0.0,0.0
RiskShield-PPO,medium,medium,0.2,near_miss_rate,10,0.055519480519480524,0.07451752572733462,0.025974025974025976,0.06574675324675325,0.00221285387458503,0.10882610716437602
RiskShield-PPO,medium,medium,0.2,constraint_violations,10,17.1,22.951397924019066,8.0,20.25,0.6815589933721888,33.51844100662781
RiskShield-PPO,medium,medium,0.2,time_to_inspect,10,308.0,0.0,308.0,0.0,308.0,308.0
RiskShield-PPO,medium,medium,0.2,mission_duration,10,0.27023253999650476,0.016285140204931194,0.2651033500005724,0.01685810001072241,0.2585828524862067,0.2818822275068028
RiskShield-PPO,medium,medium,0.2,energy_usage,10,75.28000000000041,18.534580293782458,67.60000000000036,22.000000000000156,62.021159987575345,88.53884001242548
RiskShield-PPO,medium,medium,0.2,robustness_score,10,0.14845555060141066,0.10876774172604665,0.13209183673469388,0.12460919007101276,0.07064779541084958,0.22626330579197174
RiskShield-PPO,medium,medium,0.2,success_rate,10,0.0,0.0,0.0,0.0,0.0,0.0
RiskShield-PPO,medium,medium,0.2,safety_cost,10,17.1,22.951397924019066,8.0,20.25,0.6815589933721888,33.51844100662781
RiskShield-PPO,medium,medium,0.2,path_length,10,17.1,23.168225367227993,7.5,27.5,0.5264499844687194,33.67355001553128
RiskShield-PPO,medium,medium,0.2,shield_interventions,10,52.3,63.008024180346354,37.0,31.75,7.226774771022612,97.37322522897739
RiskShield-PPO,medium,medium,0.2,emergency_stops,10,17.1,22.951397924019066,8.0,20.25,0.6815589933721888,33.51844100662781
RiskShield-PPO,medium,medium,0.2,inference_latency_ms,10,0.0,0.0,0.0,0.0,0.0,0.0
RiskShield-PPO,medium,medium,0.2,policy_latency_ms,10,0.69326750048536,0.050066817280116464,0.6680896106197245,0.04306590969238866,0.6574518569840573,0.7290831439866627
RiskShield-PPO,small,high,0.0,hazard_recall,10,0.24285714285714283,0.1656431155326294,0.21428571428571427,0.14285714285714285,0.12436319623437973,0.3613510894799059
RiskShield-PPO,small,high,0.0,inspection_coverage,10,0.039,0.02846049894151541,0.03,0.035,0.018640585534816158,0.05935941446518384
RiskShield-PPO,small,high,0.0,collision_rate,10,0.0,0.0,0.0,0.0,0.0,0.0
RiskShield-PPO,small,high,0.0,near_miss_rate,10,0.06136363636363636,0.060044749152831395,0.03636363636363636,0.06477272727272729,0.018410210389882206,0.10431706233739052
RiskShield-PPO,small,high,0.0,constraint_violations,10,13.5,13.209844813622906,8.0,14.25,4.050246285774087,22.949753714225913
RiskShield-PPO,small,high,0.0,time_to_inspect,10,220.0,0.0,220.0,0.0,220.0,220.0
RiskShield-PPO,small,high,0.0,mission_duration,10,0.16849179999553598,0.002839606995921617,0.16893714999605436,0.0032950500026345253,0.16646046752076085,0.17052313247031112
RiskShield-PPO,small,high,0.0,energy_usage,10,47.36000000000012,3.969662734064749,46.800000000000125,2.800000000000054,44.520274348812514,50.19972565118773
RiskShield-PPO,small,high,0.0,robustness_score,10,0.16718225304107656,0.12648090263014697,0.13453246753246753,0.09166806722689078,0.07670326587119773,0.2576612402109554
RiskShield-PPO,small,high,0.0,success_rate,10,0.0,0.0,0.0,0.0,0.0,0.0
RiskShield-PPO,small,high,0.0,safety_cost,10,13.5,13.209844813622906,8.0,14.25,4.050246285774087,22.949753714225913
RiskShield-PPO,small,high,0.0,path_length,10,4.2,4.962078417580905,3.5,3.5,0.6503429360155124,7.749657063984488
RiskShield-PPO,small,high,0.0,shield_interventions,10,21.4,12.650867339611322,21.5,21.0,12.350114682090311,30.449885317909686
RiskShield-PPO,small,high,0.0,emergency_stops,10,13.5,13.209844813622906,8.0,14.25,4.050246285774087,22.949753714225913
RiskShield-PPO,small,high,0.0,inference_latency_ms,10,0.0,0.0,0.0,0.0,0.0,0.0
RiskShield-PPO,small,high,0.0,policy_latency_ms,10,0.6166839543650646,0.012275696198020712,0.6177659097540362,0.017144659035362775,0.6079024503142126,0.6254654584159166
RiskShield-PPO,small,high,0.1,hazard_recall,10,0.24285714285714283,0.1656431155326294,0.21428571428571427,0.14285714285714285,0.12436319623437973,0.3613510894799059
RiskShield-PPO,small,high,0.1,inspection_coverage,10,0.039,0.02846049894151541,0.03,0.035,0.018640585534816158,0.05935941446518384
RiskShield-PPO,small,high,0.1,collision_rate,10,0.0,0.0,0.0,0.0,0.0,0.0
RiskShield-PPO,small,high,0.1,near_miss_rate,10,0.06136363636363636,0.060044749152831395,0.03636363636363636,0.06477272727272729,0.018410210389882206,0.10431706233739052
RiskShield-PPO,small,high,0.1,constraint_violations,10,13.5,13.209844813622906,8.0,14.25,4.050246285774087,22.949753714225913
RiskShield-PPO,small,high,0.1,time_to_inspect,10,220.0,0.0,220.0,0.0,220.0,220.0
RiskShield-PPO,small,high,0.1,mission_duration,10,0.17313133999705316,0.0033496353392531973,0.17336319999594707,0.004200549992674496,0.170735155224635,0.1755275247694713
RiskShield-PPO,small,high,0.1,energy_usage,10,47.36000000000012,3.969662734064749,46.800000000000125,2.800000000000054,44.520274348812514,50.19972565118773
RiskShield-PPO,small,high,0.1,robustness_score,10,0.16718225304107656,0.12648090263014697,0.13453246753246753,0.09166806722689078,0.07670326587119773,0.2576612402109554
RiskShield-PPO,small,high,0.1,success_rate,10,0.0,0.0,0.0,0.0,0.0,0.0
RiskShield-PPO,small,high,0.1,safety_cost,10,13.5,13.209844813622906,8.0,14.25,4.050246285774087,22.949753714225913
RiskShield-PPO,small,high,0.1,path_length,10,4.2,4.962078417580905,3.5,3.5,0.6503429360155124,7.749657063984488
RiskShield-PPO,small,high,0.1,shield_interventions,10,25.0,20.35790864613663,21.5,21.0,10.436829458866258,39.56317054113374
RiskShield-PPO,small,high,0.1,emergency_stops,10,13.5,13.209844813622906,8.0,14.25,4.050246285774087,22.949753714225913
RiskShield-PPO,small,high,0.1,inference_latency_ms,10,0.0,0.0,0.0,0.0,0.0,0.0
RiskShield-PPO,small,high,0.1,policy_latency_ms,10,0.634242136557904,0.013433513477151994,0.635574317658955,0.0227894314196998,0.6246323799205733,0.6438518931952346
RiskShield-PPO,small,high,0.2,hazard_recall,10,0.24285714285714283,0.1656431155326294,0.21428571428571427,0.14285714285714285,0.12436319623437973,0.3613510894799059
RiskShield-PPO,small,high,0.2,inspection_coverage,10,0.039,0.02846049894151541,0.03,0.035,0.018640585534816158,0.05935941446518384
RiskShield-PPO,small,high,0.2,collision_rate,10,0.0,0.0,0.0,0.0,0.0,0.0
RiskShield-PPO,small,high,0.2,near_miss_rate,10,0.06136363636363636,0.060044749152831395,0.03636363636363636,0.06477272727272729,0.018410210389882206,0.10431706233739052
RiskShield-PPO,small,high,0.2,constraint_violations,10,13.5,13.209844813622906,8.0,14.25,4.050246285774087,22.949753714225913
RiskShield-PPO,small,high,0.2,time_to_inspect,10,220.0,0.0,220.0,0.0,220.0,220.0
RiskShield-PPO,small,high,0.2,mission_duration,10,0.16911680000484922,0.002129520472007359,0.16921235001063906,0.0029459249999490567,0.16759343282879285,0.17064016718090558
RiskShield-PPO,small,high,0.2,energy_usage,10,47.36000000000012,3.969662734064749,46.800000000000125,2.800000000000054,44.520274348812514,50.19972565118773
RiskShield-PPO,small,high,0.2,robustness_score,10,0.16718225304107656,0.12648090263014697,0.13453246753246753,0.09166806722689078,0.07670326587119773,0.2576612402109554
RiskShield-PPO,small,high,0.2,success_rate,10,0.0,0.0,0.0,0.0,0.0,0.0
RiskShield-PPO,small,high,0.2,safety_cost,10,13.5,13.209844813622906,8.0,14.25,4.050246285774087,22.949753714225913
RiskShield-PPO,small,high,0.2,path_length,10,4.2,4.962078417580905,3.5,3.5,0.6503429360155124,7.749657063984488
RiskShield-PPO,small,high,0.2,shield_interventions,10,25.5,21.68588890909888,21.5,21.0,9.986849606763474,41.01315039323653
RiskShield-PPO,small,high,0.2,emergency_stops,10,13.5,13.209844813622906,8.0,14.25,4.050246285774087,22.949753714225913
RiskShield-PPO,small,high,0.2,inference_latency_ms,10,0.0,0.0,0.0,0.0,0.0,0.0
RiskShield-PPO,small,high,0.2,policy_latency_ms,10,0.617317954919682,0.008693422037517645,0.6193936371842441,0.014728294395767505,0.6110990554286262,0.6235368544107378
RiskShield-PPO,small,low,0.0,hazard_recall,10,0.2333333333333333,0.16101529717988264,0.3333333333333333,0.25,0.11814992852878538,0.34851673813788125
RiskShield-PPO,small,low,0.0,inspection_coverage,10,0.031999999999999994,0.03552776691859794,0.01,0.027499999999999997,0.006584966581064833,0.057415033418935155
RiskShield-PPO,small,low,0.0,collision_rate,10,0.0,0.0,0.0,0.0,0.0,0.0
RiskShield-PPO,small,low,0.0,near_miss_rate,10,0.12409090909090907,0.30946241785141315,0.013636363636363636,0.06931818181818182,-0.09728516865747881,0.34546698683929694
RiskShield-PPO,small,low,0.0,constraint_violations,10,27.3,68.08173192731088,3.0,15.25,-21.40273710464533,76.00273710464533
RiskShield-PPO,small,low,0.0,time_to_inspect,10,220.0,0.0,220.0,0.0,220.0,220.0
RiskShield-PPO,small,low,0.0,mission_duration,10,0.15589633999916258,0.011220821881947807,0.15110795000509825,0.006593100020836573,0.14786944757524448,0.16392323242308068
RiskShield-PPO,small,low,0.0,energy_usage,10,46.24000000000011,3.805025916103912,44.000000000000085,2.2000000000000384,43.51804843351782,48.9619515664824
RiskShield-PPO,small,low,0.0,robustness_score,10,0.2445555903332993,0.160877358088797,0.24183333333333332,0.24891279669762645,0.1294708612101628,0.3596403194564358
RiskShield-PPO,small,low,0.0,success_rate,10,0.0,0.0,0.0,0.0,0.0,0.0
RiskShield-PPO,small,low,0.0,safety_cost,10,27.3,68.08173192731088,3.0,15.25,-21.40273710464533,76.00273710464533
RiskShield-PPO,small,low,0.0,path_length,10,2.8,4.756282395129858,0.0,2.75,-0.6024394581028378,6.2024394581028375
RiskShield-PPO,small,low,0.0,shield_interventions,10,30.1,67.21846637808856,14.5,17.5,-17.985194132322583,78.18519413232258
RiskShield-PPO,small,low,0.0,emergency_stops,10,27.3,68.08173192731088,3.0,15.25,-21.40273710464533,76.00273710464533
RiskShield-PPO,small,low,0.0,inference_latency_ms,10,0.0,0.0,0.0,0.0,0.0,0.0
RiskShield-PPO,small,low,0.0,policy_latency_ms,10,0.5709246361353012,0.05116056804939857,0.5533906815716446,0.013452385378927345,0.5343265704677818,0.6075227018028206
RiskShield-PPO,small,low,0.1,hazard_recall,10,0.2333333333333333,0.16101529717988264,0.3333333333333333,0.25,0.11814992852878538,0.34851673813788125
RiskShield-PPO,small,low,0.1,inspection_coverage,10,0.031999999999999994,0.03552776691859794,0.01,0.027499999999999997,0.006584966581064833,0.057415033418935155
RiskShield-PPO,small,low,0.1,collision_rate,10,0.0,0.0,0.0,0.0,0.0,0.0
RiskShield-PPO,small,low,0.1,near_miss_rate,10,0.12409090909090907,0.30946241785141315,0.013636363636363636,0.06931818181818182,-0.09728516865747881,0.34546698683929694
RiskShield-PPO,small,low,0.1,constraint_violations,10,27.3,68.08173192731088,3.0,15.25,-21.40273710464533,76.00273710464533
RiskShield-PPO,small,low,0.1,time_to_inspect,10,220.0,0.0,220.0,0.0,220.0,220.0
RiskShield-PPO,small,low,0.1,mission_duration,10,0.15491686999739612,0.010045384102129988,0.1518688999931328,0.004217150009935722,0.1477308351068095,0.16210290488798274
RiskShield-PPO,small,low,0.1,energy_usage,10,46.24000000000011,3.805025916103912,44.000000000000085,2.2000000000000384,43.51804843351782,48.9619515664824
RiskShield-PPO,small,low,0.1,robustness_score,10,0.2445555903332993,0.160877358088797,0.24183333333333332,0.24891279669762645,0.1294708612101628,0.3596403194564358
RiskShield-PPO,small,low,0.1,success_rate,10,0.0,0.0,0.0,0.0,0.0,0.0
RiskShield-PPO,small,low,0.1,safety_cost,10,27.3,68.08173192731088,3.0,15.25,-21.40273710464533,76.00273710464533
RiskShield-PPO,small,low,0.1,path_length,10,2.8,4.756282395129858,0.0,2.75,-0.6024394581028378,6.2024394581028375
RiskShield-PPO,small,low,0.1,shield_interventions,10,30.1,67.21846637808856,14.5,17.5,-17.985194132322583,78.18519413232258
RiskShield-PPO,small,low,0.1,emergency_stops,10,27.3,68.08173192731088,3.0,15.25,-21.40273710464533,76.00273710464533
RiskShield-PPO,small,low,0.1,inference_latency_ms,10,0.0,0.0,0.0,0.0,0.0,0.0
RiskShield-PPO,small,low,0.1,policy_latency_ms,10,0.5677770001586231,0.04560284450470185,0.5542561356957197,0.015384999774555208,0.5351546904102782,0.600399309906968
RiskShield-PPO,small,low,0.2,hazard_recall,10,0.2333333333333333,0.16101529717988264,0.3333333333333333,0.25,0.11814992852878538,0.34851673813788125
RiskShield-PPO,small,low,0.2,inspection_coverage,10,0.031999999999999994,0.03552776691859794,0.01,0.027499999999999997,0.006584966581064833,0.057415033418935155
RiskShield-PPO,small,low,0.2,collision_rate,10,0.0,0.0,0.0,0.0,0.0,0.0
RiskShield-PPO,small,low,0.2,near_miss_rate,10,0.12409090909090907,0.30946241785141315,0.013636363636363636,0.06931818181818182,-0.09728516865747881,0.34546698683929694
RiskShield-PPO,small,low,0.2,constraint_violations,10,27.3,68.08173192731088,3.0,15.25,-21.40273710464533,76.00273710464533
RiskShield-PPO,small,low,0.2,time_to_inspect,10,220.0,0.0,220.0,0.0,220.0,220.0
RiskShield-PPO,small,low,0.2,mission_duration,10,0.1696853999979794,0.009697234147196173,0.16536549999727868,0.009453799983020872,0.1627484165819681,0.17662238341399072
RiskShield-PPO,small,low,0.2,energy_usage,10,46.24000000000011,3.805025916103912,44.000000000000085,2.2000000000000384,43.51804843351782,48.9619515664824
RiskShield-PPO,small,low,0.2,robustness_score,10,0.2445555903332993,0.160877358088797,0.24183333333333332,0.24891279669762645,0.1294708612101628,0.3596403194564358
RiskShield-PPO,small,low,0.2,success_rate,10,0.0,0.0,0.0,0.0,0.0,0.0
RiskShield-PPO,small,low,0.2,safety_cost,10,27.3,68.08173192731088,3.0,15.25,-21.40273710464533,76.00273710464533
RiskShield-PPO,small,low,0.2,path_length,10,2.8,4.756282395129858,0.0,2.75,-0.6024394581028378,6.2024394581028375
RiskShield-PPO,small,low,0.2,shield_interventions,10,30.1,67.21846637808856,14.5,17.5,-17.985194132322583,78.18519413232258
RiskShield-PPO,small,low,0.2,emergency_stops,10,27.3,68.08173192731088,3.0,15.25,-21.40273710464533,76.00273710464533
RiskShield-PPO,small,low,0.2,inference_latency_ms,10,0.0,0.0,0.0,0.0,0.0,0.0
RiskShield-PPO,small,low,0.2,policy_latency_ms,10,0.6352302729183893,0.044504220740627265,0.6155434087717864,0.023772839036114046,0.6033938712667387,0.6670666745700399
RiskShield-PPO,small,medium,0.0,hazard_recall,10,0.16,0.1577621275493231,0.2,0.2,0.04714377255696689,0.2728562274430331
RiskShield-PPO,small,medium,0.0,inspection_coverage,10,0.03200000000000001,0.023475755815545344,0.025,0.0275,0.015206455954468654,0.048793544045531365
RiskShield-PPO,small,medium,0.0,collision_rate,10,0.0,0.0,0.0,0.0,0.0,0.0
RiskShield-PPO,small,medium,0.0,near_miss_rate,10,0.15681818181818183,0.29991007222719973,0.06136363636363636,0.0875,-0.05772455951970634,0.37136092315607
RiskShield-PPO,small,medium,0.0,constraint_violations,10,34.5,65.98021588998394,13.5,19.25,-12.699403094335395,81.6994030943354
RiskShield-PPO,small,medium,0.0,time_to_inspect,10,220.0,0.0,220.0,0.0,220.0,220.0
RiskShield-PPO,small,medium,0.0,mission_duration,10,0.17278002999955788,0.005485224927806206,0.17134849999274593,0.0059293749945936725,0.16885613646664926,0.1767039235324665
RiskShield-PPO,small,medium,0.0,energy_usage,10,46.08000000000011,2.205447800334464,45.20000000000009,4.000000000000028,44.50231768527304,47.65768231472718
RiskShield-PPO,small,medium,0.0,robustness_score,10,0.12419230728703345,0.11665527520908105,0.09272418757712877,0.13960497835497837,0.04074215054830886,0.20764246402575803
RiskShield-PPO,small,medium,0.0,success_rate,10,0.0,0.0,0.0,0.0,0.0,0.0
RiskShield-PPO,small,medium,0.0,safety_cost,10,34.5,65.98021588998394,13.5,19.25,-12.699403094335395,81.6994030943354
RiskShield-PPO,small,medium,0.0,path_length,10,2.6,2.7568097504180447,1.5,5.0,0.6278971065911874,4.572102893408813
RiskShield-PPO,small,medium,0.0,shield_interventions,10,38.1,64.7738801953037,21.5,19.0,-8.236442524226973,84.43644252422698
RiskShield-PPO,small,medium,0.0,emergency_stops,10,34.5,65.98021588998394,13.5,19.25,-12.699403094335395,81.6994030943354
RiskShield-PPO,small,medium,0.0,inference_latency_ms,10,0.0,0.0,0.0,0.0,0.0,0.0
RiskShield-PPO,small,medium,0.0,policy_latency_ms,10,0.6340224542972548,0.018099914536956443,0.6311906819147142,0.02333738719409506,0.6210745554357642,0.6469703531587454
RiskShield-PPO,small,medium,0.1,hazard_recall,10,0.18000000000000002,0.17511900715418263,0.2,0.35000000000000003,0.05472740886552924,0.3052725911344708
RiskShield-PPO,small,medium,0.1,inspection_coverage,10,0.034,0.025033311140691447,0.025,0.042499999999999996,0.016092247996194,0.051907752003806006
RiskShield-PPO,small,medium,0.1,collision_rate,10,0.0,0.0,0.0,0.0,0.0,0.0
RiskShield-PPO,small,medium,0.1,near_miss_rate,10,0.14363636363636365,0.30334226366535183,0.04090909090909091,0.060227272727272727,-0.07336161954942003,0.36063434682214734
RiskShield-PPO,small,medium,0.1,constraint_violations,10,31.6,66.7352980063774,9.0,13.25,-16.139556300872407,79.3395563008724
RiskShield-PPO,small,medium,0.1,time_to_inspect,10,220.0,0.0,220.0,0.0,220.0,220.0
RiskShield-PPO,small,medium,0.1,mission_duration,10,0.17336566000012682,0.004161483323702792,0.17259450000710785,0.002028125018114224,0.17038871416543427,0.17634260583481937
RiskShield-PPO,small,medium,0.1,energy_usage,10,46.48000000000012,2.5977768272976505,45.20000000000009,4.600000000000065,44.62166240642218,48.33833759357805
RiskShield-PPO,small,medium,0.1,robustness_score,10,0.13938321637794254,0.12302944047860047,0.09951206636500756,0.1710097402597403,0.05137325649386887,0.22739317626201622
RiskShield-PPO,small,medium,0.1,success_rate,10,0.0,0.0,0.0,0.0,0.0,0.0
RiskShield-PPO,small,medium,0.1,safety_cost,10,31.6,66.7352980063774,9.0,13.25,-16.139556300872407,79.3395563008724
RiskShield-PPO,small,medium,0.1,path_length,10,3.1,3.2472210341220142,1.5,5.75,0.7770780080276141,5.422921991972386
RiskShield-PPO,small,medium,0.1,shield_interventions,10,35.4,65.49164492937672,18.0,18.0,-11.449900483608303,82.2499004836083
RiskShield-PPO,small,medium,0.1,emergency_stops,10,31.6,66.7352980063774,9.0,13.25,-16.139556300872407,79.3395563008724
RiskShield-PPO,small,medium,0.1,inference_latency_ms,10,0.0,0.0,0.0,0.0,0.0,0.0
RiskShield-PPO,small,medium,0.1,policy_latency_ms,10,0.6383285454384433,0.01229189359993237,0.6360404545293105,0.004039430826775381,0.6295354544642751,0.6471216364126116
RiskShield-PPO,small,medium,0.2,hazard_recall,10,0.18000000000000002,0.17511900715418263,0.2,0.35000000000000003,0.05472740886552924,0.3052725911344708
RiskShield-PPO,small,medium,0.2,inspection_coverage,10,0.034,0.025033311140691447,0.025,0.042499999999999996,0.016092247996194,0.051907752003806006
RiskShield-PPO,small,medium,0.2,collision_rate,10,0.0,0.0,0.0,0.0,0.0,0.0
RiskShield-PPO,small,medium,0.2,near_miss_rate,10,0.14363636363636365,0.30334226366535183,0.04090909090909091,0.060227272727272727,-0.07336161954942003,0.36063434682214734
RiskShield-PPO,small,medium,0.2,constraint_violations,10,31.6,66.7352980063774,9.0,13.25,-16.139556300872407,79.3395563008724
RiskShield-PPO,small,medium,0.2,time_to_inspect,10,220.0,0.0,220.0,0.0,220.0,220.0
RiskShield-PPO,small,medium,0.2,mission_duration,10,0.16647282000340055,0.0017696439564851953,0.1664028499944834,0.0011393750028219074,0.1652068929780196,0.1677387470287815
RiskShield-PPO,small,medium,0.2,energy_usage,10,46.48000000000012,2.5977768272976505,45.20000000000009,4.600000000000065,44.62166240642218,48.33833759357805
RiskShield-PPO,small,medium,0.2,robustness_score,10,0.13938321637794254,0.12302944047860047,0.09951206636500756,0.1710097402597403,0.05137325649386887,0.22739317626201622
RiskShield-PPO,small,medium,0.2,success_rate,10,0.0,0.0,0.0,0.0,0.0,0.0
RiskShield-PPO,small,medium,0.2,safety_cost,10,31.6,66.7352980063774,9.0,13.25,-16.139556300872407,79.3395563008724
RiskShield-PPO,small,medium,0.2,path_length,10,3.1,3.2472210341220142,1.5,5.75,0.7770780080276141,5.422921991972386
RiskShield-PPO,small,medium,0.2,shield_interventions,10,35.2,65.52997617714948,18.0,16.5,-11.677321006417017,82.07732100641702
RiskShield-PPO,small,medium,0.2,emergency_stops,10,31.6,66.7352980063774,9.0,13.25,-16.139556300872407,79.3395563008724
RiskShield-PPO,small,medium,0.2,inference_latency_ms,10,0.0,0.0,0.0,0.0,0.0,0.0
RiskShield-PPO,small,medium,0.2,policy_latency_ms,10,0.611021226901688,0.006766341587895468,0.6123468177975155,0.009050225774196674,0.6061808777186305,0.6158615760847456
SAC,large,high,0.0,hazard_recall,10,0.1,0.07314228762270925,0.1111111111111111,0.09722222222222221,0.04767715943060228,0.15232284056939774
SAC,large,high,0.0,inspection_coverage,10,0.05390625,0.03323757404091039,0.056640625,0.0390625,0.030129521872123463,0.07768297812787654
SAC,large,high,0.0,collision_rate,10,1.0,0.0,1.0,0.0,1.0,1.0
SAC,large,high,0.0,near_miss_rate,10,0.11051136363636363,0.10683102558180138,0.07102272727272727,0.05752840909090909,0.034089051714493265,0.18693367555823398
SAC,large,high,0.0,constraint_violations,10,47.9,42.605294402352285,35.0,23.25,17.422008418363987,78.37799158163601
SAC,large,high,0.0,time_to_inspect,10,352.0,0.0,352.0,0.0,352.0,352.0
SAC,large,high,0.0,mission_duration,10,0.32925893999636174,0.012898267451087289,0.32799875001364853,0.019653675000881776,0.3200320753001698,0.3384858046925537
SAC,large,high,0.0,energy_usage,10,280.6399999999998,95.53130028076319,326.0,133.00000000000006,212.30102460779858,348.97897539220105
SAC,large,high,0.0,robustness_score,10,0.05963107866178284,0.03037436250379884,0.06012524801587302,0.038512202359818226,0.03790256868023393,0.08135958864333176
SAC,large,high,0.0,success_rate,10,0.0,0.0,0.0,0.0,0.0,0.0
SAC,large,high,0.0,safety_cost,10,180.25,123.69838991137543,152.25,198.0,91.7615025194456,268.73849748055443
SAC,large,high,0.0,path_length,10,143.6,124.07811159820969,130.0,253.5,54.83986598842186,232.3601340115781
SAC,large,high,0.0,shield_interventions,10,0.0,0.0,0.0,0.0,0.0,0.0
SAC,large,high,0.0,emergency_stops,10,0.0,0.0,0.0,0.0,0.0,0.0
SAC,large,high,0.0,inference_latency_ms,10,0.0,0.0,0.0,0.0,0.0,0.0
SAC,large,high,0.0,policy_latency_ms,10,0.7595288921203809,0.036341808168755534,0.7529649148058194,0.05660681772083498,0.7335315286714005,0.7855262555693613
SAC,large,high,0.1,hazard_recall,10,0.1,0.06307180135528297,0.1111111111111111,0.05555555555555555,0.05488115132848841,0.1451188486715116
SAC,large,high,0.1,inspection_coverage,10,0.062890625,0.0403624831442878,0.060546875,0.05078125,0.03401704394060918,0.09176420605939084
SAC,large,high,0.1,collision_rate,10,0.8,0.42163702135578396,1.0,0.0,0.4983790449602394,1.1016209550397607
SAC,large,high,0.1,near_miss_rate,10,0.15539772727272727,0.12518674354229206,0.10511363636363635,0.1491477272727273,0.06584452574377014,0.2449509288016844
SAC,large,high,0.1,constraint_violations,10,65.5,65.72543901210042,37.0,53.25,18.482853304740217,112.51714669525978
SAC,large,high,0.1,time_to_inspect,10,352.0,0.0,352.0,0.0,352.0,352.0
SAC,large,high,0.1,mission_duration,10,0.29585830999712925,0.019604232141740317,0.287911699997494,0.031084049980563577,0.28183428714828324,0.3098823328459753
SAC,large,high,0.1,energy_usage,10,253.83999999999978,97.89757913247887,276.3999999999993,114.8000000000014,183.80829068977138,323.8717093102282
SAC,large,high,0.1,robustness_score,10,0.06262631291856681,0.032815867365097805,0.05541014427308963,0.044362828816246626,0.039151255573526736,0.08610137026360688
SAC,large,high,0.1,success_rate,10,0.0,0.0,0.0,0.0,0.0,0.0
SAC,large,high,0.1,safety_cost,10,180.8,119.48017036776902,186.5,204.0,95.32903500086488,266.2709649991351
SAC,large,high,0.1,path_length,10,120.8,100.77676098960293,85.5,181.0,48.70864806473247,192.89135193526752
SAC,large,high,0.1,shield_interventions,10,0.0,0.0,0.0,0.0,0.0,0.0
SAC,large,high,0.1,emergency_stops,10,0.0,0.0,0.0,0.0,0.0,0.0
SAC,large,high,0.1,inference_latency_ms,10,0.0,0.0,0.0,0.0,0.0,0.0
SAC,large,high,0.1,policy_latency_ms,10,0.6642729548564769,0.053073686000919544,0.6364143471480268,0.08084112141659716,0.6263063270504005,0.7022395826625533
SAC,large,high,0.2,hazard_recall,10,0.15,0.08705673535957895,0.16666666666666666,0.09722222222222221,0.08772336314926465,0.21227663685073533
SAC,large,high,0.2,inspection_coverage,10,0.096484375,0.049274866047967485,0.103515625,0.0703125,0.06123525928180702,0.13173349071819296
SAC,large,high,0.2,collision_rate,10,1.0,0.0,1.0,0.0,1.0,1.0
SAC,large,high,0.2,near_miss_rate,10,0.19517045454545454,0.18689185313166556,0.1278409090909091,0.05610795454545457,0.06147607673806238,0.3288648323528467
SAC,large,high,0.2,constraint_violations,10,76.4,71.92465193211264,47.5,46.5,24.948203530826916,127.8517964691731
SAC,large,high,0.2,time_to_inspect,10,352.0,0.0,352.0,0.0,352.0,352.0
SAC,large,high,0.2,mission_duration,10,0.2961810500069987,0.016997987279666952,0.28477545001078397,0.027817449998110533,0.2840214224188874,0.30834067759510997
SAC,large,high,0.2,energy_usage,10,268.31999999999954,60.12396083648089,272.39999999999975,57.599999999999824,225.30990940131315,311.3300905986859
SAC,large,high,0.2,robustness_score,10,0.0908718091190427,0.046617958442042126,0.09358536122782446,0.04884405349953226,0.057523330605274425,0.12422028763281098
SAC,large,high,0.2,success_rate,10,0.0,0.0,0.0,0.0,0.0,0.0
SAC,large,high,0.2,safety_cost,10,203.65,96.59107676753123,175.25,97.0,134.55290617920392,272.74709382079607
SAC,large,high,0.2,path_length,10,125.8,76.42832517390976,121.5,101.5,71.12646977507205,180.47353022492794
SAC,large,high,0.2,shield_interventions,10,0.0,0.0,0.0,0.0,0.0,0.0
SAC,large,high,0.2,emergency_stops,10,0.0,0.0,0.0,0.0,0.0,0.0
SAC,large,high,0.2,inference_latency_ms,10,0.0,0.0,0.0,0.0,0.0,0.0
SAC,large,high,0.2,policy_latency_ms,10,0.6654003125731833,0.04682149036000512,0.6352336643596407,0.07220930379761814,0.6319062360963148,0.6988943890500519
SAC,large,low,0.0,hazard_recall,10,0.05,0.08740073734751264,0.0,0.09375,-0.012522721048471352,0.11252272104847136
SAC,large,low,0.0,inspection_coverage,10,0.04375,0.04087795181322622,0.029296875,0.05859375,0.01450767486847257,0.07299232513152742
SAC,large,low,0.0,collision_rate,10,0.6,0.5163977794943223,1.0,1.0,0.23059128221082004,0.9694087177891799
SAC,large,low,0.0,near_miss_rate,10,0.038636363636363635,0.02645420484698638,0.04403409090909091,0.03622159090909091,0.0197121655071093,0.05756056176561797
SAC,large,low,0.0,constraint_violations,10,15.1,10.72328722402272,15.5,15.75,7.42902242958835,22.77097757041165
SAC,large,low,0.0,time_to_inspect,10,352.0,0.0,352.0,0.0,352.0,352.0
SAC,large,low,0.0,mission_duration,10,0.29263034999603404,0.018371318750044652,0.28234839999640826,0.03036917499412084,0.27948830025640126,0.30577239973566683
SAC,large,low,0.0,energy_usage,10,176.71999999999997,110.64799842543688,145.19999999999945,162.39999999999827,97.56719019453247,255.87280980546745
SAC,large,low,0.0,robustness_score,10,0.1015977917129911,0.11042101298186727,0.061115056818181815,0.07835273779503313,0.02260735751213594,0.18058822591384627
SAC,large,low,0.0,success_rate,10,0.0,0.0,0.0,0.0,0.0,0.0
SAC,large,low,0.0,safety_cost,10,92.45,124.88048731131342,28.0,145.25,3.1158809808699885,181.78411901913
SAC,large,low,0.0,path_length,10,56.0,66.68666366756634,35.5,87.75,8.29523460926341,103.70476539073658
SAC,large,low,0.0,shield_interventions,10,0.0,0.0,0.0,0.0,0.0,0.0
SAC,large,low,0.0,emergency_stops,10,0.0,0.0,0.0,0.0,0.0,0.0
SAC,large,low,0.0,inference_latency_ms,10,0.0,0.0,0.0,0.0,0.0,0.0
SAC,large,low,0.0,policy_latency_ms,10,0.6769430683396588,0.05182904954465191,0.6435785514275432,0.08533885079486936,0.6398667998179963,0.7140193368613212
SAC,large,low,0.1,hazard_recall,10,0.075,0.10540925533894598,0.0,0.125,-0.00040523875994016856,0.15040523875994016
SAC,large,low,0.1,inspection_coverage,10,0.040625,0.04311449399000166,0.02734375,0.0205078125,0.0097827489768216,0.0714672510231784
SAC,large,low,0.1,collision_rate,10,0.7,0.48304589153964794,1.0,0.75,0.35444978558635615,1.0455502144136437
SAC,large,low,0.1,near_miss_rate,10,0.051988636363636376,0.04376700935256583,0.05255681818181818,0.05184659090909091,0.020679603969595742,0.08329766875767701
SAC,large,low,0.1,constraint_violations,10,19.0,16.041612554021285,19.0,18.25,7.524521676575162,30.475478323424838
SAC,large,low,0.1,time_to_inspect,10,352.0,0.0,352.0,0.0,352.0,352.0
SAC,large,low,0.1,mission_duration,10,0.2876759200094966,0.017371207253753462,0.2805048000154784,0.019665800020447932,0.27524930693547633,0.30010253308351686
SAC,large,low,0.1,energy_usage,10,202.08000000000027,131.31983686996975,188.40000000000043,253.39999999999935,108.1394478041263,296.02055219587425
SAC,large,low,0.1,robustness_score,10,0.08605944920737216,0.08713732611782306,0.0607686207706767,0.07029294760465538,0.023725161201169465,0.14839373721357485
SAC,large,low,0.1,success_rate,10,0.0,0.0,0.0,0.0,0.0,0.0
SAC,large,low,0.1,safety_cost,10,86.8,125.9135947121411,34.0,66.0,-3.273159532921511,176.8731595329215
SAC,large,low,0.1,path_length,10,96.9,129.18328925299207,29.5,184.0,4.487841896866186,189.3121581031338
SAC,large,low,0.1,shield_interventions,10,0.0,0.0,0.0,0.0,0.0,0.0
SAC,large,low,0.1,emergency_stops,10,0.0,0.0,0.0,0.0,0.0,0.0
SAC,large,low,0.1,inference_latency_ms,10,0.0,0.0,0.0,0.0,0.0,0.0
SAC,large,low,0.1,policy_latency_ms,10,0.664717414639943,0.049194493195343664,0.6436980114895877,0.05806598036625377,0.6295257941969271,0.699909035082959
SAC,large,low,0.2,hazard_recall,10,0.0875,0.13241873818392252,0.0,0.125,-0.007226658839790331,0.18222665883979033
SAC,large,low,0.2,inspection_coverage,10,0.0578125,0.05278819912645145,0.037109375,0.076171875,0.020050097201138352,0.09557490279886166
SAC,large,low,0.2,collision_rate,10,0.7,0.48304589153964794,1.0,0.75,0.35444978558635615,1.0455502144136437
SAC,large,low,0.2,near_miss_rate,10,0.0849431818181818,0.10578503499233122,0.06534090909090909,0.08025568181818182,0.009269126488069254,0.16061723714829435
SAC,large,low,0.2,constraint_violations,10,32.1,37.99839177883425,24.5,36.5,4.917588025231996,59.28241197476801
SAC,large,low,0.2,time_to_inspect,10,352.0,0.0,352.0,0.0,352.0,352.0
SAC,large,low,0.2,mission_duration,10,0.2910763000021689,0.01702196773770553,0.28011764999246225,0.02965554998081643,0.2788995178277914,0.3032530821765464
SAC,large,low,0.2,energy_usage,10,213.84000000000023,117.43453211612531,258.0000000000001,211.79999999999924,129.83239645129618,297.8476035487043
SAC,large,low,0.2,robustness_score,10,0.08897987287259033,0.09584476702642916,0.06460910606712564,0.09446666246368637,0.020416656879084782,0.1575430888660959
SAC,large,low,0.2,success_rate,10,0.0,0.0,0.0,0.0,0.0,0.0
SAC,large,low,0.2,safety_cost,10,127.4,115.87584351844482,103.75,158.875,44.507415103904435,210.29258489609558
SAC,large,low,0.2,path_length,10,84.1,112.021277740734,27.0,118.0,3.964805352508023,164.23519464749197
SAC,large,low,0.2,shield_interventions,10,0.0,0.0,0.0,0.0,0.0,0.0
SAC,large,low,0.2,emergency_stops,10,0.0,0.0,0.0,0.0,0.0,0.0
SAC,large,low,0.2,inference_latency_ms,10,0.0,0.0,0.0,0.0,0.0,0.0
SAC,large,low,0.2,policy_latency_ms,10,0.6722133239815197,0.048308327598318046,0.6425430399510581,0.08432571065565164,0.6376556282181696,0.7067710197448698
SAC,large,medium,0.0,hazard_recall,10,0.1,0.08148845426702926,0.07692307692307693,0.05769230769230771,0.04170667148320595,0.15829332851679406
SAC,large,medium,0.0,inspection_coverage,10,0.037890625,0.030091931805868295,0.037109375,0.044921875,0.016364153768673822,0.05941709623132617
SAC,large,medium,0.0,collision_rate,10,0.8,0.42163702135578396,1.0,0.0,0.4983790449602394,1.1016209550397607
SAC,large,medium,0.0,near_miss_rate,10,0.05994318181818181,0.05095101791959762,0.048295454545454544,0.04332386363636364,0.023495019283162562,0.09639134435320107
SAC,large,medium,0.0,constraint_violations,10,29.8,27.720028860013837,19.0,41.75,9.970285921282972,49.62971407871703
SAC,large,medium,0.0,time_to_inspect,10,352.0,0.0,352.0,0.0,352.0,352.0
SAC,large,medium,0.0,mission_duration,10,0.30970249000238254,0.01749073906354896,0.3118383499822812,0.02531080002518138,0.29719036902274193,0.32221461098202314
SAC,large,medium,0.0,energy_usage,10,268.6399999999998,117.03829572693998,330.79999999999984,147.80000000000152,184.91584688869636,352.36415311130327
SAC,large,medium,0.0,robustness_score,10,0.05724158133320758,0.04111243177129115,0.04629721279537456,0.03651065984579761,0.02783151934436669,0.08665164332204847
SAC,large,medium,0.0,success_rate,10,0.0,0.0,0.0,0.0,0.0,0.0
SAC,large,medium,0.0,safety_cost,10,155.75,135.62023161100348,108.75,216.75,58.73313072772763,252.76686927227237
SAC,large,medium,0.0,path_length,10,121.9,133.07178513869871,71.0,240.25,26.706179511187415,217.09382048881258
SAC,large,medium,0.0,shield_interventions,10,0.0,0.0,0.0,0.0,0.0,0.0
SAC,large,medium,0.0,emergency_stops,10,0.0,0.0,0.0,0.0,0.0,0.0
SAC,large,medium,0.0,inference_latency_ms,10,0.0,0.0,0.0,0.0,0.0,0.0
SAC,large,medium,0.0,policy_latency_ms,10,0.7104743752362,0.04700636404989712,0.7173633520820162,0.06614857883588143,0.6768480480885349,0.7441007023838652
SAC,large,medium,0.1,hazard_recall,10,0.08461538461538462,0.05675882979789399,0.07692307692307693,0.05769230769230771,0.04401256374464761,0.12521820548612161
SAC,large,medium,0.1,inspection_coverage,10,0.055078125,0.03951345600292562,0.037109375,0.0556640625,0.026811901369539138,0.08334434863046086
SAC,large,medium,0.1,collision_rate,10,0.9,0.31622776601683794,1.0,0.0,0.6737842837201795,1.1262157162798205
SAC,large,medium,0.1,near_miss_rate,10,0.06732954545454546,0.056660925055500876,0.05539772727272728,0.07528409090909091,0.026796761417406646,0.10786232949168428
SAC,large,medium,0.1,constraint_violations,10,27.3,23.837645297582004,23.0,29.5,10.247575814295573,44.35242418570443
SAC,large,medium,0.1,time_to_inspect,10,352.0,0.0,352.0,0.0,352.0,352.0
SAC,large,medium,0.1,mission_duration,10,0.3137635799997952,0.01672156034681623,0.31554685000446625,0.024144874994817656,0.30180169632709497,0.32572546367249544
SAC,large,medium,0.1,energy_usage,10,264.3200000000001,124.36974265828816,336.80000000000007,201.5999999999998,175.35124569559932,353.28875430440087
SAC,large,medium,0.1,robustness_score,10,0.055078522400149675,0.030922569006899322,0.055775469911258084,0.01865122170933617,0.03295784911070981,0.07719919568958955
SAC,large,medium,0.1,success_rate,10,0.0,0.0,0.0,0.0,0.0,0.0
SAC,large,medium,0.1,safety_cost,10,212.55,136.83575921519932,286.0,234.375,114.66359466166816,310.43640533833184
SAC,large,medium,0.1,path_length,10,57.3,54.06385113918541,43.0,64.25,18.62505072421373,95.97494927578626
SAC,large,medium,0.1,shield_interventions,10,0.0,0.0,0.0,0.0,0.0,0.0
SAC,large,medium,0.1,emergency_stops,10,0.0,0.0,0.0,0.0,0.0,0.0
SAC,large,medium,0.1,inference_latency_ms,10,0.0,0.0,0.0,0.0,0.0,0.0
SAC,large,medium,0.1,policy_latency_ms,10,0.7253995454200114,0.04430715327109967,0.7334718751818317,0.06398884850320685,0.6937041173436295,0.7570949734963933
SAC,large,medium,0.2,hazard_recall,10,0.1,0.09628196592573636,0.07692307692307693,0.13461538461538464,0.03112403075459229,0.1688759692454077
SAC,large,medium,0.2,inspection_coverage,10,0.06171875,0.05380614194920812,0.046875,0.0634765625,0.0232281547729961,0.10020934522700391
SAC,large,medium,0.2,collision_rate,10,1.0,0.0,1.0,0.0,1.0,1.0
SAC,large,medium,0.2,near_miss_rate,10,0.07840909090909091,0.057698359298583114,0.07386363636363637,0.03338068181818181,0.03713417112167277,0.11968401069650905
SAC,large,medium,0.2,constraint_violations,10,55.6,70.61822238865358,26.5,31.75,5.082766926904462,106.11723307309555
SAC,large,medium,0.2,time_to_inspect,10,352.0,0.0,352.0,0.0,352.0,352.0
SAC,large,medium,0.2,mission_duration,10,0.33093000000808387,0.030232253602962646,0.3327508500078693,0.045094150002114475,0.309303148610148,0.3525568514060197
SAC,large,medium,0.2,energy_usage,10,259.6000000000002,123.66276723411914,344.0,221.59999999999962,171.13698544763022,348.0630145523702
SAC,large,medium,0.2,robustness_score,10,0.062093386378064455,0.05125044592095415,0.055773375331564984,0.07534461797722487,0.02543102595443382,0.09875574680169509
SAC,large,medium,0.2,success_rate,10,0.0,0.0,0.0,0.0,0.0,0.0
SAC,large,medium,0.2,safety_cost,10,203.25,157.31483824907724,167.0,234.75,90.71374404686453,315.7862559531355
SAC,large,medium,0.2,path_length,10,89.2,89.32935314516351,60.5,144.5,25.297630321714976,153.10236967828502
SAC,large,medium,0.2,shield_interventions,10,0.0,0.0,0.0,0.0,0.0,0.0
SAC,large,medium,0.2,emergency_stops,10,0.0,0.0,0.0,0.0,0.0,0.0
SAC,large,medium,0.2,inference_latency_ms,10,0.0,0.0,0.0,0.0,0.0,0.0
SAC,large,medium,0.2,policy_latency_ms,10,0.7742936075704743,0.08114674520603107,0.7750977268766623,0.12034133533234126,0.7162447229902981,0.8323424921506505
SAC,medium,high,0.0,hazard_recall,10,0.12857142857142856,0.14206127514453618,0.07142857142857142,0.17857142857142858,0.026946914325785873,0.23019594281707123
SAC,medium,high,0.0,inspection_coverage,10,0.05459183673469388,0.06169743633140774,0.02806122448979592,0.05612244897959184,0.010456149574335959,0.0987275238950518
SAC,medium,high,0.0,collision_rate,10,0.7,0.4830458915396479,1.0,0.75,0.3544497855863562,1.0455502144136437
SAC,medium,high,0.0,near_miss_rate,10,0.2564935064935065,0.3296800420369749,0.12175324675324675,0.174512987012987,0.020654611661657496,0.4923324013253555
SAC,medium,high,0.0,constraint_violations,10,116.3,133.10067200765323,40.0,180.5,21.085515089988917,211.51448491001108
SAC,medium,high,0.0,time_to_inspect,10,308.0,0.0,308.0,0.0,308.0,308.0
SAC,medium,high,0.0,mission_duration,10,0.286557130003348,0.011726393845886394,0.28329130000201985,0.017220225003256928,0.27816857318356125,0.2949456868231347
SAC,medium,high,0.0,energy_usage,10,151.04000000000002,95.83971804818444,116.00000000000014,166.79999999999893,82.48039582794993,219.5996041720501
SAC,medium,high,0.0,robustness_score,10,0.07651573011093406,0.0716556957159487,0.05805075876504448,0.07962846116148004,0.025256333328397586,0.12777512689347054
SAC,medium,high,0.0,success_rate,10,0.0,0.0,0.0,0.0,0.0,0.0
SAC,medium,high,0.0,safety_cost,10,157.2,125.53844032805252,158.75,197.125,67.39520974654144,247.00479025345854
SAC,medium,high,0.0,path_length,10,72.1,101.14505535231183,22.5,90.5,-0.25481385106141374,144.4548138510614
SAC,medium,high,0.0,shield_interventions,10,0.0,0.0,0.0,0.0,0.0,0.0
SAC,medium,high,0.0,emergency_stops,10,0.0,0.0,0.0,0.0,0.0,0.0
SAC,medium,high,0.0,inference_latency_ms,10,0.0,0.0,0.0,0.0,0.0,0.0
SAC,medium,high,0.0,policy_latency_ms,10,0.7723686042186568,0.03904754378390619,0.7605657459413573,0.054769237197303644,0.7444356741116477,0.800301534325666
SAC,medium,high,0.1,hazard_recall,10,0.12142857142857141,0.1168851210346055,0.07142857142857142,0.07142857142857142,0.037813992891249384,0.20504314996589346
SAC,medium,high,0.1,inspection_coverage,10,0.06734693877551019,0.06492946938225855,0.04336734693877551,0.06887755102040816,0.020899194451900714,0.11379468309911966
SAC,medium,high,0.1,collision_rate,10,0.7,0.4830458915396479,1.0,0.75,0.3544497855863562,1.0455502144136437
SAC,medium,high,0.1,near_miss_rate,10,0.2191558441558442,0.2897251033011176,0.137987012987013,0.18425324675324675,0.011898990676325494,0.4264126976353629
SAC,medium,high,0.1,constraint_violations,10,105.2,135.48497251642996,44.5,112.75,8.279889255126122,202.1201107448739
SAC,medium,high,0.1,time_to_inspect,10,308.0,0.0,308.0,0.0,308.0,308.0
SAC,medium,high,0.1,mission_duration,10,0.3078288800024893,0.0217146967676204,0.3077206000161823,0.02803954998671543,0.2922951217087132,0.32336263829626544
SAC,medium,high,0.1,energy_usage,10,195.36000000000013,107.35299198852746,252.39999999999995,212.59999999999948,118.56429580439357,272.1557041956067
SAC,medium,high,0.1,robustness_score,10,0.07572738430298748,0.06146971936871713,0.06813281094196635,0.045814079667550967,0.03175459604449695,0.119700172561478
SAC,medium,high,0.1,success_rate,10,0.0,0.0,0.0,0.0,0.0,0.0
SAC,medium,high,0.1,safety_cost,10,188.25,128.7381601891564,182.75,206.0,96.1562680467293,280.3437319532707
SAC,medium,high,0.1,path_length,10,84.5,97.14622426470773,34.5,145.75,15.005777583266365,153.99422241673363
SAC,medium,high,0.1,shield_interventions,10,0.0,0.0,0.0,0.0,0.0,0.0
SAC,medium,high,0.1,emergency_stops,10,0.0,0.0,0.0,0.0,0.0,0.0
SAC,medium,high,0.1,inference_latency_ms,10,0.0,0.0,0.0,0.0,0.0,0.0
SAC,medium,high,0.1,policy_latency_ms,10,0.839256233737544,0.07112267127162196,0.840107467446579,0.0943267048852875,0.7883781396723079,0.8901343278027801
SAC,medium,high,0.2,hazard_recall,10,0.1,0.10753895038701157,0.07142857142857142,0.0,0.023071269179814613,0.1769287308201854
SAC,medium,high,0.2,inspection_coverage,10,0.0683673469387755,0.0573308375488729,0.0586734693877551,0.07525510204081633,0.027355336373106977,0.10937935750444402
SAC,medium,high,0.2,collision_rate,10,0.7,0.4830458915396479,1.0,0.75,0.3544497855863562,1.0455502144136437
SAC,medium,high,0.2,near_miss_rate,10,0.37207792207792206,0.4002199035716893,0.19642857142857145,0.6055194805194805,0.08577785015100065,0.6583779940048435
SAC,medium,high,0.2,constraint_violations,10,148.1,141.0306901194047,80.0,258.0,47.21272186927506,248.98727813072492
SAC,medium,high,0.2,time_to_inspect,10,308.0,0.0,308.0,0.0,308.0,308.0
SAC,medium,high,0.2,mission_duration,10,0.31600391999818384,0.016318454096175994,0.31946465000510216,0.014271374988311436,0.3043304011657191,0.3276774388306486
SAC,medium,high,0.2,energy_usage,10,153.76000000000008,85.72476888274439,129.2000000000004,126.99999999999815,92.43619456698974,215.0838054330104
SAC,medium,high,0.2,robustness_score,10,0.06750556247613054,0.05297263478741235,0.05132577037437491,0.04665673993506354,0.029611222353493248,0.10539990259876783
SAC,medium,high,0.2,success_rate,10,0.0,0.0,0.0,0.0,0.0,0.0
SAC,medium,high,0.2,safety_cost,10,180.75,121.83943213189326,150.25,199.0,93.59132080490606,267.90867919509395
SAC,medium,high,0.2,path_length,10,83.4,86.72203359649214,51.0,130.5,21.362794366929357,145.43720563307065
SAC,medium,high,0.2,shield_interventions,10,0.0,0.0,0.0,0.0,0.0,0.0
SAC,medium,high,0.2,emergency_stops,10,0.0,0.0,0.0,0.0,0.0,0.0
SAC,medium,high,0.2,inference_latency_ms,10,0.0,0.0,0.0,0.0,0.0,0.0
SAC,medium,high,0.2,policy_latency_ms,10,0.8664976291028879,0.05271516790636135,0.8773623368296131,0.04747970874100771,0.8287874696916692,0.9042077885141065
SAC,medium,low,0.0,hazard_recall,10,0.06666666666666667,0.16101529717988267,0.0,0.0,-0.04851673813788128,0.18185007147121462
SAC,medium,low,0.0,inspection_coverage,10,0.03520408163265306,0.027679844950168373,0.030612244897959183,0.02551020408163265,0.015403113391352887,0.05500504987395323
SAC,medium,low,0.0,collision_rate,10,0.4,0.5163977794943223,0.0,1.0,0.03059128221082008,0.76940871778918
SAC,medium,low,0.0,near_miss_rate,10,0.3172077922077922,0.4029145343608405,0.0633116883116883,0.6534090909090909,0.0289800975368103,0.6054354868787741
SAC,medium,low,0.0,constraint_violations,10,125.9,130.78859107565748,95.0,246.25,32.33947815185519,219.46052184814482
SAC,medium,low,0.0,time_to_inspect,10,308.0,0.0,308.0,0.0,308.0,308.0
SAC,medium,low,0.0,mission_duration,10,0.2420579799916595,0.011833538920050308,0.23860480000439566,0.004970849993696902,0.23359277620312888,0.2505231837801901
SAC,medium,low,0.0,energy_usage,10,186.0000000000002,109.87588958052204,150.0000000000002,217.99999999999963,107.39952358890356,264.60047641109685
SAC,medium,low,0.0,robustness_score,10,0.11567813694155152,0.13239766401929245,0.059531718711581014,0.22943399086286703,0.020966553650966877,0.21038972023213615
SAC,medium,low,0.0,success_rate,10,0.0,0.0,0.0,0.0,0.0,0.0
SAC,medium,low,0.0,safety_cost,10,162.1,189.77264174679016,118.0,251.0,26.344830162136788,297.8551698378632
SAC,medium,low,0.0,path_length,10,119.9,134.16196679138739,81.0,245.25,23.92631053717406,215.87368946282595
SAC,medium,low,0.0,shield_interventions,10,0.0,0.0,0.0,0.0,0.0,0.0
SAC,medium,low,0.0,emergency_stops,10,0.0,0.0,0.0,0.0,0.0,0.0
SAC,medium,low,0.0,inference_latency_ms,10,0.0,0.0,0.0,0.0,0.0,0.0
SAC,medium,low,0.0,policy_latency_ms,10,0.649083019597093,0.03901402237379791,0.6332504863993647,0.02141980590962489,0.6211740692623027,0.6769919699318834
SAC,medium,low,0.1,hazard_recall,10,0.13333333333333333,0.17213259316477408,0.08333333333333333,0.16666666666666666,0.010197094070273374,0.2564695725963933
SAC,medium,low,0.1,inspection_coverage,10,0.041836734693877546,0.028027706223745123,0.03826530612244898,0.017857142857142856,0.021786921488204495,0.0618865478995506
SAC,medium,low,0.1,collision_rate,10,0.5,0.5270462766947299,0.5,1.0,0.12297380620029918,0.8770261937997008
SAC,medium,low,0.1,near_miss_rate,10,0.35649350649350653,0.3869098325584236,0.2597402597402597,0.5892857142857143,0.07971488578488473,0.6332721272021283
SAC,medium,low,0.1,constraint_violations,10,137.9,123.20123556378988,140.5,234.25,49.76714531532426,226.03285468467575
SAC,medium,low,0.1,time_to_inspect,10,308.0,0.0,308.0,0.0,308.0,308.0
SAC,medium,low,0.1,mission_duration,10,0.24452351000509226,0.014516913547408949,0.23803084998507984,0.01724060001288308,0.23413873564557416,0.2549082843646103
SAC,medium,low,0.1,energy_usage,10,195.8400000000001,108.48241229700668,204.79999999999927,205.19999999999925,118.23635718697942,273.44364281302074
SAC,medium,low,0.1,robustness_score,10,0.09984553437164143,0.10339588843884392,0.0802022386739672,0.13275306804620807,0.025880571527942015,0.17381049721534084
SAC,medium,low,0.1,success_rate,10,0.0,0.0,0.0,0.0,0.0,0.0
SAC,medium,low,0.1,safety_cost,10,179.25,177.86093975038165,152.5,219.25,52.015948447132175,306.4840515528678
SAC,medium,low,0.1,path_length,10,131.4,128.43606277919852,86.0,248.75,39.5223755152185,223.2776244847815
SAC,medium,low,0.1,shield_interventions,10,0.0,0.0,0.0,0.0,0.0,0.0
SAC,medium,low,0.1,emergency_stops,10,0.0,0.0,0.0,0.0,0.0,0.0
SAC,medium,low,0.1,inference_latency_ms,10,0.0,0.0,0.0,0.0,0.0,0.0
SAC,medium,low,0.1,policy_latency_ms,10,0.656569935079035,0.04751771181592056,0.6360896106532703,0.060627760406048226,0.6225778117755925,0.6905620583824776
SAC,medium,low,0.2,hazard_recall,10,0.13333333333333333,0.15315609724544693,0.16666666666666666,0.16666666666666666,0.02377206147728818,0.2428946051893785
SAC,medium,low,0.2,inspection_coverage,10,0.04591836734693877,0.03981190445823002,0.03571428571428571,0.026785714285714288,0.017438646552899638,0.0743980881409779
SAC,medium,low,0.2,collision_rate,10,0.6,0.5163977794943223,1.0,1.0,0.23059128221082004,0.9694087177891799
SAC,medium,low,0.2,near_miss_rate,10,0.39253246753246757,0.4315765742297928,0.2288961038961039,0.801948051948052,0.08380118470202413,0.701263750362911
SAC,medium,low,0.2,constraint_violations,10,150.0,134.20548092798262,146.0,264.75,53.995182399053306,246.0048176009467
SAC,medium,low,0.2,time_to_inspect,10,308.0,0.0,308.0,0.0,308.0,308.0
SAC,medium,low,0.2,mission_duration,10,0.24868329999735578,0.012822637895192805,0.24167570000281557,0.02104149998194771,0.23951053742626846,0.2578560625684431
SAC,medium,low,0.2,energy_usage,10,206.2400000000001,114.22725107822926,266.7999999999995,215.3999999999993,124.52674709114373,287.9532529088565
SAC,medium,low,0.2,robustness_score,10,0.10062471424107251,0.09656746812024251,0.07946233679131062,0.07209626448454651,0.03154450902915504,0.16970491945299
SAC,medium,low,0.2,success_rate,10,0.0,0.0,0.0,0.0,0.0,0.0
SAC,medium,low,0.2,safety_cost,10,205.55,175.5851249710838,199.5,240.0,79.94396826621303,331.156031733787
SAC,medium,low,0.2,path_length,10,127.6,132.39268190584485,75.0,243.0,32.89198069867642,222.30801930132355
SAC,medium,low,0.2,shield_interventions,10,0.0,0.0,0.0,0.0,0.0,0.0
SAC,medium,low,0.2,emergency_stops,10,0.0,0.0,0.0,0.0,0.0,0.0
SAC,medium,low,0.2,inference_latency_ms,10,0.0,0.0,0.0,0.0,0.0,0.0
SAC,medium,low,0.2,policy_latency_ms,10,0.6704717532178998,0.04295529873927745,0.6461243507831793,0.06960349019681855,0.6397433836167247,0.7012001228190748
SAC,medium,medium,0.0,hazard_recall,10,0.12000000000000002,0.13984117975602023,0.1,0.17500000000000002,0.019963646322445835,0.2200363536775542
SAC,medium,medium,0.0,inspection_coverage,10,0.08112244897959184,0.05047612171548574,0.08928571428571429,0.08035714285714285,0.04501400672380328,0.11723089123538039
SAC,medium,medium,0.0,collision_rate,10,0.8,0.4216370213557839,1.0,0.0,0.4983790449602394,1.1016209550397607
SAC,medium,medium,0.0,near_miss_rate,10,0.07142857142857144,0.11003891326816054,0.04707792207792208,0.05438311688311689,-0.0072885251033142084,0.15014566796045709
SAC,medium,medium,0.0,constraint_violations,10,35.9,71.09844505253886,18.0,20.5,-14.960763672109515,86.7607636721095
SAC,medium,medium,0.0,time_to_inspect,10,308.0,0.0,308.0,0.0,308.0,308.0
SAC,medium,medium,0.0,mission_duration,10,0.24721869999775664,0.0164006847360602,0.23820175000582822,0.019613274998846464,0.2354863569091683,0.258951043086345
SAC,medium,medium,0.0,energy_usage,10,216.16000000000014,108.24288737218083,279.20000000000005,199.5999999999996,138.72770299610573,293.59229700389454
SAC,medium,medium,0.0,robustness_score,10,0.10726822209968603,0.1023763846867607,0.07440655209452202,0.09850738699900884,0.034032568305702365,0.1805038758936697
SAC,medium,medium,0.0,success_rate,10,0.0,0.0,0.0,0.0,0.0,0.0
SAC,medium,medium,0.0,safety_cost,10,120.35,118.10213329524953,61.75,189.5,35.86482333737527,204.83517666262472
SAC,medium,medium,0.0,path_length,10,109.0,115.20995327372255,50.5,202.5,26.583764289084996,191.416235710915
SAC,medium,medium,0.0,shield_interventions,10,0.0,0.0,0.0,0.0,0.0,0.0
SAC,medium,medium,0.0,emergency_stops,10,0.0,0.0,0.0,0.0,0.0,0.0
SAC,medium,medium,0.0,inference_latency_ms,10,0.0,0.0,0.0,0.0,0.0,0.0
SAC,medium,medium,0.0,policy_latency_ms,10,0.6581191882542516,0.053832023515447205,0.6324227264509295,0.06326006547027785,0.6196100784701013,0.696628298038402
SAC,medium,medium,0.1,hazard_recall,10,0.14,0.11737877907772672,0.15000000000000002,0.17500000000000002,0.05603227977234325,0.22396772022765676
SAC,medium,medium,0.1,inspection_coverage,10,0.08673469387755102,0.07028564054344157,0.06377551020408163,0.09438775510204082,0.03645537552422835,0.13701401223087367
SAC,medium,medium,0.1,collision_rate,10,1.0,0.0,1.0,0.0,1.0,1.0
SAC,medium,medium,0.1,near_miss_rate,10,0.16525974025974027,0.2559401395533257,0.05844155844155844,0.06168831168831169,-0.017828806084826898,0.34834828660430744
SAC,medium,medium,0.1,constraint_violations,10,52.7,79.58650080956639,20.0,21.25,-4.232752976163205,109.6327529761632
SAC,medium,medium,0.1,time_to_inspect,10,308.0,0.0,308.0,0.0,308.0,308.0
SAC,medium,medium,0.1,mission_duration,10,0.24859608999686317,0.01270004475972765,0.24481239999295212,0.008770749991526827,0.23951102527185544,0.2576811547218709
SAC,medium,medium,0.1,energy_usage,10,248.0,94.96853280019747,286.7999999999998,38.200000000000216,180.06360421147716,315.9363957885229
SAC,medium,medium,0.1,robustness_score,10,0.0862109298418404,0.05685736777625324,0.09329147664242574,0.09767713048963049,0.0455376191477837,0.12688424053589709
SAC,medium,medium,0.1,success_rate,10,0.0,0.0,0.0,0.0,0.0,0.0
SAC,medium,medium,0.1,safety_cost,10,195.75,134.0462710327213,201.5,159.875,99.85907429712735,291.64092570287266
SAC,medium,medium,0.1,path_length,10,90.9,78.66023985046914,87.0,116.75,34.62985419765803,147.17014580234198
SAC,medium,medium,0.1,shield_interventions,10,0.0,0.0,0.0,0.0,0.0,0.0
SAC,medium,medium,0.1,emergency_stops,10,0.0,0.0,0.0,0.0,0.0,0.0
SAC,medium,medium,0.1,inference_latency_ms,10,0.0,0.0,0.0,0.0,0.0,0.0
SAC,medium,medium,0.1,policy_latency_ms,10,0.6605326301133254,0.04247159956808636,0.6471933439251507,0.03376306725746059,0.6301502780546742,0.6909149821719767
SAC,medium,medium,0.2,hazard_recall,10,0.11000000000000001,0.11005049346146119,0.1,0.2,0.031274619496864275,0.18872538050313575
SAC,medium,medium,0.2,inspection_coverage,10,0.09693877551020408,0.05988713218251364,0.10969387755102042,0.0982142857142857,0.0540981019246649,0.13977944909574325
SAC,medium,medium,0.2,collision_rate,10,1.0,0.0,1.0,0.0,1.0,1.0
SAC,medium,medium,0.2,near_miss_rate,10,0.2564935064935065,0.34043291144257554,0.11363636363636363,0.17288961038961037,0.012962472273360393,0.5000245407136525
SAC,medium,medium,0.2,constraint_violations,10,81.3,106.71462463557238,38.5,55.5,4.96095629887607,157.6390437011239
SAC,medium,medium,0.2,time_to_inspect,10,308.0,0.0,308.0,0.0,308.0,308.0
SAC,medium,medium,0.2,mission_duration,10,0.2525113599986071,0.013706434415900842,0.24679559998912737,0.02094254999246914,0.24270636748295843,0.2623163525142557
SAC,medium,medium,0.2,energy_usage,10,255.4400000000001,98.31653189796926,302.0,14.600000000000023,185.10858993570267,325.7714100642976
SAC,medium,medium,0.2,robustness_score,10,0.0784835986967488,0.049184142202971896,0.07817615365234414,0.07994054537865602,0.04329938290760963,0.11366781448588797
SAC,medium,medium,0.2,success_rate,10,0.0,0.0,0.0,0.0,0.0,0.0
SAC,medium,medium,0.2,safety_cost,10,229.95,188.83332597822874,224.5,196.5,94.86677618406435,365.0332238159356
SAC,medium,medium,0.2,path_length,10,94.3,96.40084139789559,63.0,117.75,25.338992364632645,163.26100763536735
SAC,medium,medium,0.2,shield_interventions,10,0.0,0.0,0.0,0.0,0.0,0.0
SAC,medium,medium,0.2,emergency_stops,10,0.0,0.0,0.0,0.0,0.0,0.0
SAC,medium,medium,0.2,inference_latency_ms,10,0.0,0.0,0.0,0.0,0.0,0.0
SAC,medium,medium,0.2,policy_latency_ms,10,0.6715882791042957,0.04523332787934575,0.6552275970227436,0.06424334383922681,0.6392303056257703,0.7039462525828212
SAC,small,high,0.0,hazard_recall,10,0.2571428571428571,0.1756103706151026,0.21428571428571427,0.25,0.1315187657632756,0.38276694852243864
SAC,small,high,0.0,inspection_coverage,10,0.135,0.08682677518420737,0.13,0.09499999999999999,0.07288786674881494,0.1971121332511851
SAC,small,high,0.0,collision_rate,10,1.0,0.0,1.0,0.0,1.0,1.0
SAC,small,high,0.0,near_miss_rate,10,0.18818181818181817,0.2770548904186079,0.09090909090909091,0.11022727272727273,-0.01001131101207875,0.3863749473757151
SAC,small,high,0.0,constraint_violations,10,44.8,61.11519178294924,26.0,23.75,1.0808254983456393,88.51917450165436
SAC,small,high,0.0,time_to_inspect,10,220.0,0.0,220.0,0.0,220.0,220.0
SAC,small,high,0.0,mission_duration,10,0.1690351399971405,0.010302480172183008,0.1655398499860894,0.015915299984044395,0.16166518965734356,0.17640509033693746
SAC,small,high,0.0,energy_usage,10,155.12000000000006,56.71097875289314,167.2000000000001,67.99999999999983,114.55140970476234,195.6885902952378
SAC,small,high,0.0,robustness_score,10,0.14656001174670158,0.08408933231834415,0.14104019646808097,0.08643144288704703,0.0864061271543119,0.20671389633909126
SAC,small,high,0.0,success_rate,10,0.0,0.0,0.0,0.0,0.0,0.0
SAC,small,high,0.0,safety_cost,10,126.65,67.79956161772402,124.0,98.0,78.14911537497753,175.15088462502248
SAC,small,high,0.0,path_length,10,64.5,66.29772913825094,49.0,48.75,17.073461610779624,111.92653838922038
SAC,small,high,0.0,shield_interventions,10,0.0,0.0,0.0,0.0,0.0,0.0
SAC,small,high,0.0,emergency_stops,10,0.0,0.0,0.0,0.0,0.0,0.0
SAC,small,high,0.0,inference_latency_ms,10,0.0,0.0,0.0,0.0,0.0,0.0
SAC,small,high,0.0,policy_latency_ms,10,0.6448417726972944,0.046926630372143785,0.6262645461406051,0.07186931946886355,0.6112724835866485,0.6784110618079402
SAC,small,high,0.1,hazard_recall,10,0.19999999999999998,0.13801311186847084,0.14285714285714285,0.10714285714285715,0.10127136731038745,0.2987286326896125
SAC,small,high,0.1,inspection_coverage,10,0.138,0.07192588778272627,0.125,0.03749999999999999,0.08654731945655572,0.1894526805434443
SAC,small,high,0.1,collision_rate,10,1.0,0.0,1.0,0.0,1.0,1.0
SAC,small,high,0.1,near_miss_rate,10,0.1559090909090909,0.1121836435520991,0.10909090909090909,0.1215909090909091,0.0756577467571454,0.23616043506103643
SAC,small,high,0.1,constraint_violations,10,43.0,29.87380866987744,35.5,41.25,21.62956466035686,64.37043533964314
SAC,small,high,0.1,time_to_inspect,10,220.0,0.0,220.0,0.0,220.0,220.0
SAC,small,high,0.1,mission_duration,10,0.1700375400017947,0.010668827874242115,0.16790704998129513,0.014892774990585167,0.16240552030334326,0.17766955970024612
SAC,small,high,0.1,energy_usage,10,159.44000000000005,44.95852903880772,178.39999999999998,66.19999999999973,127.27860576980629,191.60139423019382
SAC,small,high,0.1,robustness_score,10,0.12461375395975452,0.06016366922625603,0.09696357530353913,0.05701168146809116,0.0815752576902175,0.16765225022929153
SAC,small,high,0.1,success_rate,10,0.0,0.0,0.0,0.0,0.0,0.0
SAC,small,high,0.1,safety_cost,10,120.2,54.06898885271996,122.5,81.125,81.5213754253559,158.8786245746441
SAC,small,high,0.1,path_length,10,67.8,54.60321520854894,48.0,53.5,28.739212912362085,106.8607870876379
SAC,small,high,0.1,shield_interventions,10,0.0,0.0,0.0,0.0,0.0,0.0
SAC,small,high,0.1,emergency_stops,10,0.0,0.0,0.0,0.0,0.0,0.0
SAC,small,high,0.1,inference_latency_ms,10,0.0,0.0,0.0,0.0,0.0,0.0
SAC,small,high,0.1,policy_latency_ms,10,0.6503633182993244,0.046403720952276316,0.6398495456034488,0.0700528404360573,0.6171680960533779,0.6835585405452709
SAC,small,high,0.2,hazard_recall,10,0.2714285714285714,0.2176977038221421,0.2857142857142857,0.25,0.1156970155854457,0.4271601272716971
SAC,small,high,0.2,inspection_coverage,10,0.168,0.09647106647418523,0.13,0.15,0.09898875637133654,0.2370112436286635
SAC,small,high,0.2,collision_rate,10,0.9,0.31622776601683794,1.0,0.0,0.6737842837201795,1.1262157162798205
SAC,small,high,0.2,near_miss_rate,10,0.15363636363636363,0.13012320219787696,0.15227272727272728,0.15227272727272728,0.06055183231709517,0.2467208949556321
SAC,small,high,0.2,constraint_violations,10,50.9,38.179255565759206,48.5,57.5,23.588205866215215,78.21179413378478
SAC,small,high,0.2,time_to_inspect,10,220.0,0.0,220.0,0.0,220.0,220.0
SAC,small,high,0.2,mission_duration,10,0.17051903999526985,0.008562162995856458,0.16608809999888763,0.01429259998985799,0.16439403756613746,0.17664404242440224
SAC,small,high,0.2,energy_usage,10,167.76000000000005,48.32931477547201,190.40000000000003,67.79999999999973,133.18729091453605,202.33270908546405
SAC,small,high,0.2,robustness_score,10,0.16246013790652142,0.1083682494352433,0.17297107680281415,0.10082738235600743,0.08493816228506855,0.23998211352797427
SAC,small,high,0.2,success_rate,10,0.0,0.0,0.0,0.0,0.0,0.0
SAC,small,high,0.2,safety_cost,10,114.25,65.97821610198324,90.0,95.125,67.05202746782138,161.44797253217862
SAC,small,high,0.2,path_length,10,95.3,67.60514444593368,107.5,111.5,46.93819304145702,143.66180695854297
SAC,small,high,0.2,shield_interventions,10,0.0,0.0,0.0,0.0,0.0,0.0
SAC,small,high,0.2,emergency_stops,10,0.0,0.0,0.0,0.0,0.0,0.0
SAC,small,high,0.2,inference_latency_ms,10,0.0,0.0,0.0,0.0,0.0,0.0
SAC,small,high,0.2,policy_latency_ms,10,0.6512313182412817,0.03845772931771852,0.6352972723437812,0.06613636452873994,0.6237203159859013,0.678742320496662
SAC,small,low,0.0,hazard_recall,10,0.1,0.16101529717988264,0.0,0.25,-0.015183404804547926,0.21518340480454795
SAC,small,low,0.0,inspection_coverage,10,0.05,0.030550504633038936,0.05,0.045000000000000005,0.02814548552986681,0.07185451447013319
SAC,small,low,0.0,collision_rate,10,0.6,0.5163977794943223,1.0,1.0,0.23059128221082004,0.9694087177891799
SAC,small,low,0.0,near_miss_rate,10,0.12772727272727274,0.3107017590934511,0.01818181818181818,0.03636363636363636,-0.09453537633746126,0.3499899217920067
SAC,small,low,0.0,constraint_violations,10,31.2,67.54225015170546,7.5,22.5,-17.116815090820676,79.51681509082067
SAC,small,low,0.0,time_to_inspect,10,220.0,0.0,220.0,0.0,220.0,220.0
SAC,small,low,0.0,mission_duration,10,0.16603289999766274,0.020593842929210737,0.15721940000366885,0.007406325006741099,0.1513009522377767,0.18076484775754878
SAC,small,low,0.0,energy_usage,10,152.64000000000001,71.27117541085194,181.99999999999974,134.79999999999967,101.65567247320045,203.62432752679956
SAC,small,low,0.0,robustness_score,10,0.11147686042492826,0.13982181345513642,0.03079166666666667,0.13708200354609928,0.01145436056445441,0.21149936028540212
SAC,small,low,0.0,success_rate,10,0.0,0.0,0.0,0.0,0.0,0.0
SAC,small,low,0.0,safety_cost,10,101.75,113.90279725372078,38.0,210.375,20.26884737517439,183.2311526248256
SAC,small,low,0.0,path_length,10,65.4,85.25282660677266,14.5,138.25,4.413801733325563,126.38619826667446
SAC,small,low,0.0,shield_interventions,10,0.0,0.0,0.0,0.0,0.0,0.0
SAC,small,low,0.0,emergency_stops,10,0.0,0.0,0.0,0.0,0.0,0.0
SAC,small,low,0.0,inference_latency_ms,10,0.0,0.0,0.0,0.0,0.0,0.0
SAC,small,low,0.0,policy_latency_ms,10,0.6429814547035758,0.08849100327854033,0.6032011365856637,0.034865114007102904,0.5796788043919993,0.7062841050151524
SAC,small,low,0.1,hazard_recall,10,0.1,0.16101529717988264,0.0,0.25,-0.015183404804547926,0.21518340480454795
SAC,small,low,0.1,inspection_coverage,10,0.049,0.022335820757001273,0.04,0.030000000000000006,0.03302191637095622,0.06497808362904378
SAC,small,low,0.1,collision_rate,10,0.8,0.4216370213557839,1.0,0.0,0.4983790449602394,1.1016209550397607
SAC,small,low,0.1,near_miss_rate,10,0.08409090909090908,0.18536007199549331,0.020454545454545454,0.06363636363636363,-0.04850769850228667,0.21668951668410483
SAC,small,low,0.1,constraint_violations,10,22.3,40.138787004868774,11.5,21.25,-6.413558481218445,51.013558481218446
SAC,small,low,0.1,time_to_inspect,10,220.0,0.0,220.0,0.0,220.0,220.0
SAC,small,low,0.1,mission_duration,10,0.1586316100030672,0.004811555174030772,0.15684380001039244,0.009121425020566676,0.1551896307808654,0.162073589225269
SAC,small,low,0.1,energy_usage,10,155.2000000000001,82.47978877007101,216.4,154.7999999999996,96.19751350032813,214.2024864996721
SAC,small,low,0.1,robustness_score,10,0.11668770538762621,0.10650636475601269,0.09149122807017544,0.1441712260743951,0.04049764182958193,0.1928777689456705
SAC,small,low,0.1,success_rate,10,0.0,0.0,0.0,0.0,0.0,0.0
SAC,small,low,0.1,safety_cost,10,86.95,100.32072179875014,25.5,183.875,15.184878849302294,158.7151211506977
SAC,small,low,0.1,path_length,10,74.5,91.60088548819942,29.0,135.5,8.972673972988503,140.0273260270115
SAC,small,low,0.1,shield_interventions,10,0.0,0.0,0.0,0.0,0.0,0.0
SAC,small,low,0.1,emergency_stops,10,0.0,0.0,0.0,0.0,0.0,0.0
SAC,small,low,0.1,inference_latency_ms,10,0.0,0.0,0.0,0.0,0.0,0.0
SAC,small,low,0.1,policy_latency_ms,10,0.6109517272985117,0.019864861216020716,0.6000672723034355,0.03274875105654984,0.5967412616414824,0.6251621929555409
SAC,small,low,0.2,hazard_recall,10,0.16666666666666666,0.23570226039551584,0.0,0.3333333333333333,-0.0019445730601614641,0.33527790639349475
SAC,small,low,0.2,inspection_coverage,10,0.06000000000000001,0.03620926830400072,0.055,0.030000000000000006,0.0340974498585884,0.08590255014141163
SAC,small,low,0.2,collision_rate,10,0.7,0.4830458915396479,1.0,0.75,0.3544497855863562,1.0455502144136437
SAC,small,low,0.2,near_miss_rate,10,0.053636363636363635,0.07976664772942896,0.025,0.031818181818181815,-0.0034252586830126053,0.11069798595573987
SAC,small,low,0.2,constraint_violations,10,16.0,19.561867668161614,7.0,31.75,2.006282869896328,29.993717130103672
SAC,small,low,0.2,time_to_inspect,10,220.0,0.0,220.0,0.0,220.0,220.0
SAC,small,low,0.2,mission_duration,10,0.16500497000233735,0.012855828238688742,0.15994985001452733,0.005540124999242835,0.15580846448981867,0.17420147551485604
SAC,small,low,0.2,energy_usage,10,157.76000000000008,76.13583183290818,206.8,132.3999999999997,103.29570690650803,212.22429309349212
SAC,small,low,0.2,robustness_score,10,0.13007314226674604,0.11338643091865275,0.11075955204216073,0.14621938775510201,0.04896137586572211,0.21118490866776998
SAC,small,low,0.2,success_rate,10,0.0,0.0,0.0,0.0,0.0,0.0
SAC,small,low,0.2,safety_cost,10,90.3,100.4191770087323,38.0,168.0,18.46444823491275,162.13555176508726
SAC,small,low,0.2,path_length,10,68.2,74.90557018302741,40.0,95.0,14.61578307390105,121.78421692609896
SAC,small,low,0.2,shield_interventions,10,0.0,0.0,0.0,0.0,0.0,0.0
SAC,small,low,0.2,emergency_stops,10,0.0,0.0,0.0,0.0,0.0,0.0
SAC,small,low,0.2,inference_latency_ms,10,0.0,0.0,0.0,0.0,0.0,0.0
SAC,small,low,0.2,policy_latency_ms,10,0.6402964997025926,0.057041799734063925,0.6179274991154671,0.021526590684185387,0.5994912543338343,0.6811017450713509
SAC,small,medium,0.0,hazard_recall,10,0.21999999999999997,0.23944379994757298,0.2,0.4,0.04871222411564538,0.3912877758843546
SAC,small,medium,0.0,inspection_coverage,10,0.10900000000000001,0.07665941994736632,0.10500000000000001,0.07500000000000001,0.0541611545329462,0.16383884546705382
SAC,small,medium,0.0,collision_rate,10,0.9,0.31622776601683794,1.0,0.0,0.6737842837201795,1.1262157162798205
SAC,small,medium,0.0,near_miss_rate,10,0.11272727272727272,0.17224547371108986,0.07727272727272727,0.06136363636363636,-0.01048971641414398,0.23594426186868941
SAC,small,medium,0.0,constraint_violations,10,32.6,41.47341852855205,21.0,16.25,2.931703641388573,62.26829635861143
SAC,small,medium,0.0,time_to_inspect,10,220.0,0.0,220.0,0.0,220.0,220.0
SAC,small,medium,0.0,mission_duration,10,0.16599250999861398,0.009800391779076727,0.16166749999683816,0.014439124977798201,0.15898173205823332,0.17300328793899464
SAC,small,medium,0.0,energy_usage,10,174.32,57.662250312584064,187.5999999999998,56.60000000000011,133.07091102508386,215.56908897491613
SAC,small,medium,0.0,robustness_score,10,0.12758178367691056,0.10950684807051601,0.11301585623678649,0.1874394987936655,0.04924530365858658,0.20591826369523453
SAC,small,medium,0.0,success_rate,10,0.0,0.0,0.0,0.0,0.0,0.0
SAC,small,medium,0.0,safety_cost,10,128.3,79.69636824292002,130.5,122.0,71.28865259664602,185.311347403354
SAC,small,medium,0.0,path_length,10,67.6,61.277510828470604,49.5,62.0,23.764709448161362,111.43529055183862
SAC,small,medium,0.0,shield_interventions,10,0.0,0.0,0.0,0.0,0.0,0.0
SAC,small,medium,0.0,emergency_stops,10,0.0,0.0,0.0,0.0,0.0,0.0
SAC,small,medium,0.0,inference_latency_ms,10,0.0,0.0,0.0,0.0,0.0,0.0
SAC,small,medium,0.0,policy_latency_ms,10,0.6372800000297667,0.042895729218229595,0.6138125013835221,0.06520340932845348,0.6065942438968586,0.6679657561626748
SAC,small,medium,0.1,hazard_recall,10,0.16,0.2270584848790187,0.0,0.35000000000000003,-0.0024278552174417656,0.32242785521744177
SAC,small,medium,0.1,inspection_coverage,10,0.11700000000000002,0.05165053511608353,0.125,0.07749999999999999,0.08005143300762935,0.1539485669923707
SAC,small,medium,0.1,collision_rate,10,0.9,0.31622776601683794,1.0,0.0,0.6737842837201795,1.1262157162798205
SAC,small,medium,0.1,near_miss_rate,10,0.09863636363636363,0.14789694995274913,0.056818181818181816,0.04431818181818181,-0.007162740884333232,0.20443546815706048
SAC,small,medium,0.1,constraint_violations,10,48.3,43.6375220805826,24.5,75.5,17.08359722020787,79.51640277979212
SAC,small,medium,0.1,time_to_inspect,10,220.0,0.0,220.0,0.0,220.0,220.0
SAC,small,medium,0.1,mission_duration,10,0.17101535000547302,0.008922830890677304,0.16670865000924096,0.010846324992598966,0.16463234130701865,0.1773983587039274
SAC,small,medium,0.1,energy_usage,10,161.75999999999996,69.18630564561799,190.79999999999984,98.1999999999999,112.26709845780994,211.25290154219
SAC,small,medium,0.1,robustness_score,10,0.10819651197708127,0.09314376024223198,0.0650859375,0.1280959164626162,0.041565479839724806,0.17482754411443774
SAC,small,medium,0.1,success_rate,10,0.0,0.0,0.0,0.0,0.0,0.0
SAC,small,medium,0.1,safety_cost,10,135.2,85.33177081902797,152.0,131.5,74.1573284459023,196.24267155409768
SAC,small,medium,0.1,path_length,10,60.9,49.46030956456118,55.0,56.25,25.51822598154424,96.28177401845576
SAC,small,medium,0.1,shield_interventions,10,0.0,0.0,0.0,0.0,0.0,0.0
SAC,small,medium,0.1,emergency_stops,10,0.0,0.0,0.0,0.0,0.0,0.0
SAC,small,medium,0.1,inference_latency_ms,10,0.0,0.0,0.0,0.0,0.0,0.0
SAC,small,medium,0.1,policy_latency_ms,10,0.6574126816386442,0.03899654701255404,0.637064545761942,0.05075261363923689,0.629516232424204,0.6853091308530844
SAC,small,medium,0.2,hazard_recall,10,0.24,0.2065591117977289,0.2,0.35000000000000003,0.09223651288432805,0.38776348711567193
SAC,small,medium,0.2,inspection_coverage,10,0.094,0.04971027168615266,0.085,0.045,0.0584394138516327,0.1295605861483673
SAC,small,medium,0.2,collision_rate,10,0.8,0.42163702135578396,1.0,0.0,0.4983790449602394,1.1016209550397607
SAC,small,medium,0.2,near_miss_rate,10,0.1618181818181818,0.26074872768605983,0.05454545454545454,0.08295454545454545,-0.02471022125510533,0.34834658489146897
SAC,small,medium,0.2,constraint_violations,10,53.1,60.52630282227169,26.0,81.25,9.802091283216221,96.39790871678377
SAC,small,medium,0.2,time_to_inspect,10,220.0,0.0,220.0,0.0,220.0,220.0
SAC,small,medium,0.2,mission_duration,10,0.18263372999499553,0.016711855662026247,0.1820478000008734,0.02578307498333743,0.1706787886355801,0.19458867135441096
SAC,small,medium,0.2,energy_usage,10,159.28,71.66981078374461,200.00000000000003,113.99999999999983,108.01050590623748,210.54949409376252
SAC,small,medium,0.2,robustness_score,10,0.13113171951844554,0.08287301049012957,0.1269062159214831,0.12356978998244059,0.07184793914575202,0.19041549989113907
SAC,small,medium,0.2,success_rate,10,0.0,0.0,0.0,0.0,0.0,0.0
SAC,small,medium,0.2,safety_cost,10,107.45,77.49424709830616,93.0,142.125,52.013955165229554,162.88604483477044
SAC,small,medium,0.2,path_length,10,90.6,67.30890646035552,99.0,109.0,42.4501089302512,138.7498910697488
SAC,small,medium,0.2,shield_interventions,10,0.0,0.0,0.0,0.0,0.0,0.0
SAC,small,medium,0.2,emergency_stops,10,0.0,0.0,0.0,0.0,0.0,0.0
SAC,small,medium,0.2,inference_latency_ms,10,0.0,0.0,0.0,0.0,0.0,0.0
SAC,small,medium,0.2,policy_latency_ms,10,0.7091576816244263,0.07158439460185675,0.7107584091665393,0.10269227155235561,0.6579492905862588,0.7603660726625937
frontier_exploration,large,high,0.0,hazard_recall,10,0.9944444444444445,0.01756820922315767,1.0,0.0,0.9818769046511211,1.0070119842377678
frontier_exploration,large,high,0.0,inspection_coverage,10,0.5953125,0.08833462312344527,0.6328125,0.107421875,0.5321217173123275,0.6585032826876726
frontier_exploration,large,high,0.0,collision_rate,10,0.0,0.0,0.0,0.0,0.0,0.0
frontier_exploration,large,high,0.0,near_miss_rate,10,0.028686413837322133,0.02105291480161886,0.02048951048951049,0.017077520809876946,0.013626065843172056,0.043746761831472206
frontier_exploration,large,high,0.0,constraint_violations,10,7.3,5.774464862170731,5.0,4.75,3.1691966825612248,11.430803317438775
frontier_exploration,large,high,0.0,time_to_inspect,10,248.3,63.350962458706526,250.0,92.25,202.98145150527597,293.61854849472405
frontier_exploration,large,high,0.0,mission_duration,10,0.15207244000339415,0.15593164479551552,0.07710929999302607,0.14032529999531107,0.04052566103955747,0.26361921896723084
frontier_exploration,large,high,0.0,energy_usage,10,235.01999999999992,63.508421138897425,237.19999999999996,93.44999999999993,189.5888123509963,280.45118764900354
frontier_exploration,large,high,0.0,robustness_score,10,0.6234055880443543,0.028924739425359107,0.6247265625,0.019578658389308057,0.6027140759430217,0.6440971001456869
frontier_exploration,large,high,0.0,success_rate,10,0.9,0.31622776601683794,1.0,0.0,0.6737842837201795,1.1262157162798205
frontier_exploration,large,high,0.0,safety_cost,10,8.15,6.280702366950867,6.25,5.375,3.6570561874553986,12.642943812544601
frontier_exploration,large,high,0.0,path_length,10,231.7,63.54884385695428,234.0,93.75,186.2398956804763,277.16010431952367
frontier_exploration,large,high,0.0,shield_interventions,10,0.0,0.0,0.0,0.0,0.0,0.0
frontier_exploration,large,high,0.0,emergency_stops,10,0.0,0.0,0.0,0.0,0.0,0.0
frontier_exploration,large,high,0.0,inference_latency_ms,10,0.0,0.0,0.0,0.0,0.0,0.0
frontier_exploration,large,high,0.0,policy_latency_ms,10,0.16866479644394738,0.03223879008315796,0.15610844408534214,0.05124054632391917,0.14560255531782176,0.191727037570073
frontier_exploration,large,high,0.1,hazard_recall,10,0.9944444444444445,0.01756820922315767,1.0,0.0,0.9818769046511211,1.0070119842377678
frontier_exploration,large,high,0.1,inspection_coverage,10,0.5953125,0.08833462312344527,0.6328125,0.107421875,0.5321217173123275,0.6585032826876726
frontier_exploration,large,high,0.1,collision_rate,10,0.0,0.0,0.0,0.0,0.0,0.0
frontier_exploration,large,high,0.1,near_miss_rate,10,0.028686413837322133,0.02105291480161886,0.02048951048951049,0.017077520809876946,0.013626065843172056,0.043746761831472206
frontier_exploration,large,high,0.1,constraint_violations,10,7.3,5.774464862170731,5.0,4.75,3.1691966825612248,11.430803317438775
frontier_exploration,large,high,0.1,time_to_inspect,10,248.3,63.350962458706526,250.0,92.25,202.98145150527597,293.61854849472405
frontier_exploration,large,high,0.1,mission_duration,10,0.15823108000913635,0.08213323721360545,0.17149845001404174,0.13034719998540822,0.09947650155865691,0.21698565845961582
frontier_exploration,large,high,0.1,energy_usage,10,235.01999999999992,63.508421138897425,237.19999999999996,93.44999999999993,189.5888123509963,280.45118764900354
frontier_exploration,large,high,0.1,robustness_score,10,0.6234055880443543,0.028924739425359107,0.6247265625,0.019578658389308057,0.6027140759430217,0.6440971001456869
frontier_exploration,large,high,0.1,success_rate,10,0.9,0.31622776601683794,1.0,0.0,0.6737842837201795,1.1262157162798205
frontier_exploration,large,high,0.1,safety_cost,10,8.15,6.280702366950867,6.25,5.375,3.6570561874553986,12.642943812544601
frontier_exploration,large,high,0.1,path_length,10,231.7,63.54884385695428,234.0,93.75,186.2398956804763,277.16010431952367
frontier_exploration,large,high,0.1,shield_interventions,10,0.0,0.0,0.0,0.0,0.0,0.0
frontier_exploration,large,high,0.1,emergency_stops,10,0.0,0.0,0.0,0.0,0.0,0.0
frontier_exploration,large,high,0.1,inference_latency_ms,10,0.0,0.0,0.0,0.0,0.0,0.0
frontier_exploration,large,high,0.1,policy_latency_ms,10,0.17133636029537624,0.03245902139781162,0.16087792937926493,0.05179204167929044,0.14811657517740212,0.19455614541335037
frontier_exploration,large,high,0.2,hazard_recall,10,0.9944444444444445,0.01756820922315767,1.0,0.0,0.9818769046511211,1.0070119842377678
frontier_exploration,large,high,0.2,inspection_coverage,10,0.5953125,0.08833462312344527,0.6328125,0.107421875,0.5321217173123275,0.6585032826876726
frontier_exploration,large,high,0.2,collision_rate,10,0.0,0.0,0.0,0.0,0.0,0.0
frontier_exploration,large,high,0.2,near_miss_rate,10,0.028686413837322133,0.02105291480161886,0.02048951048951049,0.017077520809876946,0.013626065843172056,0.043746761831472206
frontier_exploration,large,high,0.2,constraint_violations,10,7.3,5.774464862170731,5.0,4.75,3.1691966825612248,11.430803317438775
frontier_exploration,large,high,0.2,time_to_inspect,10,248.3,63.350962458706526,250.0,92.25,202.98145150527597,293.61854849472405
frontier_exploration,large,high,0.2,mission_duration,10,0.12316992999694776,0.0961478386781967,0.0901754499936942,0.09266005002427846,0.054389909604346365,0.19194995038954915
frontier_exploration,large,high,0.2,energy_usage,10,235.01999999999992,63.508421138897425,237.19999999999996,93.44999999999993,189.5888123509963,280.45118764900354
frontier_exploration,large,high,0.2,robustness_score,10,0.6234055880443543,0.028924739425359107,0.6247265625,0.019578658389308057,0.6027140759430217,0.6440971001456869
frontier_exploration,large,high,0.2,success_rate,10,0.9,0.31622776601683794,1.0,0.0,0.6737842837201795,1.1262157162798205
frontier_exploration,large,high,0.2,safety_cost,10,8.15,6.280702366950867,6.25,5.375,3.6570561874553986,12.642943812544601
frontier_exploration,large,high,0.2,path_length,10,231.7,63.54884385695428,234.0,93.75,186.2398956804763,277.16010431952367
frontier_exploration,large,high,0.2,shield_interventions,10,0.0,0.0,0.0,0.0,0.0,0.0
frontier_exploration,large,high,0.2,emergency_stops,10,0.0,0.0,0.0,0.0,0.0,0.0
frontier_exploration,large,high,0.2,inference_latency_ms,10,0.0,0.0,0.0,0.0,0.0,0.0
frontier_exploration,large,high,0.2,policy_latency_ms,10,0.16923322875396388,0.03300460165087095,0.1587852674848988,0.04775750753772259,0.14562315903420253,0.19284329847372522
frontier_exploration,large,low,0.0,hazard_recall,10,1.0,0.0,1.0,0.0,1.0,1.0
frontier_exploration,large,low,0.0,inspection_coverage,10,0.547265625,0.10397850844854443,0.576171875,0.0966796875,0.4728838809088046,0.6216473690911953
frontier_exploration,large,low,0.0,collision_rate,10,0.0,0.0,0.0,0.0,0.0,0.0
frontier_exploration,large,low,0.0,near_miss_rate,10,0.011636639905673384,0.012824999318136108,0.008461159583450605,0.02388211382113821,0.0024621880743756555,0.020811091736971113
frontier_exploration,large,low,0.0,constraint_violations,10,2.6,2.988868236194653,1.5,5.25,0.4618924662017956,4.738107533798205
frontier_exploration,large,low,0.0,time_to_inspect,10,199.9,49.35686375773891,206.0,65.5,164.5922266538483,235.20777334615173
frontier_exploration,large,low,0.0,mission_duration,10,0.09044089999806601,0.07313998407539958,0.05546514999878127,0.09334497503004968,0.038119707287144484,0.14276209270898754
frontier_exploration,large,low,0.0,energy_usage,10,193.89999999999998,49.59097140049228,199.59999999999997,65.69999999999999,158.4247561348641,229.37524386513584
frontier_exploration,large,low,0.0,robustness_score,10,0.6984447250939849,0.08492845082456489,0.6736328125,0.11257533482142845,0.6376905712832425,0.7591988789047274
frontier_exploration,large,low,0.0,success_rate,10,1.0,0.0,1.0,0.0,1.0,1.0
frontier_exploration,large,low,0.0,safety_cost,10,3.0,3.0912061651652345,2.0,4.625,0.7886843219699546,5.211315678030045
frontier_exploration,large,low,0.0,path_length,10,192.4,49.650332884639916,198.0,65.75,156.88229148723045,227.91770851276956
frontier_exploration,large,low,0.0,shield_interventions,10,0.0,0.0,0.0,0.0,0.0,0.0
frontier_exploration,large,low,0.0,emergency_stops,10,0.0,0.0,0.0,0.0,0.0,0.0
frontier_exploration,large,low,0.0,inference_latency_ms,10,0.0,0.0,0.0,0.0,0.0,0.0
frontier_exploration,large,low,0.0,policy_latency_ms,10,0.151111484231405,0.015083031515715413,0.15085728609053778,0.014546086191935148,0.1403217334736648,0.1619012349891452
frontier_exploration,large,low,0.1,hazard_recall,10,1.0,0.0,1.0,0.0,1.0,1.0
frontier_exploration,large,low,0.1,inspection_coverage,10,0.547265625,0.10397850844854443,0.576171875,0.0966796875,0.4728838809088046,0.6216473690911953
frontier_exploration,large,low,0.1,collision_rate,10,0.0,0.0,0.0,0.0,0.0,0.0
frontier_exploration,large,low,0.1,near_miss_rate,10,0.011636639905673384,0.012824999318136108,0.008461159583450605,0.02388211382113821,0.0024621880743756555,0.020811091736971113
frontier_exploration,large,low,0.1,constraint_violations,10,2.6,2.988868236194653,1.5,5.25,0.4618924662017956,4.738107533798205
frontier_exploration,large,low,0.1,time_to_inspect,10,199.9,49.35686375773891,206.0,65.5,164.5922266538483,235.20777334615173
frontier_exploration,large,low,0.1,mission_duration,10,0.10316497000458184,0.08526893212229018,0.06441555000492372,0.02369697498943424,0.04216725054615771,0.16416268946300597
frontier_exploration,large,low,0.1,energy_usage,10,193.89999999999998,49.59097140049228,199.59999999999997,65.69999999999999,158.4247561348641,229.37524386513584
frontier_exploration,large,low,0.1,robustness_score,10,0.6984447250939849,0.08492845082456489,0.6736328125,0.11257533482142845,0.6376905712832425,0.7591988789047274
frontier_exploration,large,low,0.1,success_rate,10,1.0,0.0,1.0,0.0,1.0,1.0
frontier_exploration,large,low,0.1,safety_cost,10,3.0,3.0912061651652345,2.0,4.625,0.7886843219699546,5.211315678030045
frontier_exploration,large,low,0.1,path_length,10,192.4,49.650332884639916,198.0,65.75,156.88229148723045,227.91770851276956
frontier_exploration,large,low,0.1,shield_interventions,10,0.0,0.0,0.0,0.0,0.0,0.0
frontier_exploration,large,low,0.1,emergency_stops,10,0.0,0.0,0.0,0.0,0.0,0.0
frontier_exploration,large,low,0.1,inference_latency_ms,10,0.0,0.0,0.0,0.0,0.0,0.0
frontier_exploration,large,low,0.1,policy_latency_ms,10,0.15298268070712262,0.013695000366786905,0.15205139848858193,0.01796896410215784,0.14318586761747082,0.16277949379677442
frontier_exploration,large,low,0.2,hazard_recall,10,1.0,0.0,1.0,0.0,1.0,1.0
frontier_exploration,large,low,0.2,inspection_coverage,10,0.547265625,0.10397850844854443,0.576171875,0.0966796875,0.4728838809088046,0.6216473690911953
frontier_exploration,large,low,0.2,collision_rate,10,0.0,0.0,0.0,0.0,0.0,0.0
frontier_exploration,large,low,0.2,near_miss_rate,10,0.011636639905673384,0.012824999318136108,0.008461159583450605,0.02388211382113821,0.0024621880743756555,0.020811091736971113
frontier_exploration,large,low,0.2,constraint_violations,10,2.6,2.988868236194653,1.5,5.25,0.4618924662017956,4.738107533798205
frontier_exploration,large,low,0.2,time_to_inspect,10,199.9,49.35686375773891,206.0,65.5,164.5922266538483,235.20777334615173
frontier_exploration,large,low,0.2,mission_duration,10,0.1680783000017982,0.21710299857782397,0.059485500009031966,0.12496405001729727,0.012772170662212423,0.32338442934138395
frontier_exploration,large,low,0.2,energy_usage,10,193.89999999999998,49.59097140049228,199.59999999999997,65.69999999999999,158.4247561348641,229.37524386513584
frontier_exploration,large,low,0.2,robustness_score,10,0.6984447250939849,0.08492845082456489,0.6736328125,0.11257533482142845,0.6376905712832425,0.7591988789047274
frontier_exploration,large,low,0.2,success_rate,10,1.0,0.0,1.0,0.0,1.0,1.0
frontier_exploration,large,low,0.2,safety_cost,10,3.0,3.0912061651652345,2.0,4.625,0.7886843219699546,5.211315678030045
frontier_exploration,large,low,0.2,path_length,10,192.4,49.650332884639916,198.0,65.75,156.88229148723045,227.91770851276956
frontier_exploration,large,low,0.2,shield_interventions,10,0.0,0.0,0.0,0.0,0.0,0.0
frontier_exploration,large,low,0.2,emergency_stops,10,0.0,0.0,0.0,0.0,0.0,0.0
frontier_exploration,large,low,0.2,inference_latency_ms,10,0.0,0.0,0.0,0.0,0.0,0.0
frontier_exploration,large,low,0.2,policy_latency_ms,10,0.1549157853927111,0.01658181940270097,0.152615873740897,0.013882455194053206,0.14305386636943057,0.1667777044159916
frontier_exploration,large,medium,0.0,hazard_recall,10,1.0,0.0,1.0,0.0,1.0,1.0
frontier_exploration,large,medium,0.0,inspection_coverage,10,0.59296875,0.09432333367752471,0.603515625,0.0673828125,0.5254939018596074,0.6604435981403927
frontier_exploration,large,medium,0.0,collision_rate,10,0.0,0.0,0.0,0.0,0.0,0.0
frontier_exploration,large,medium,0.0,near_miss_rate,10,0.021002251072058244,0.01146447727685722,0.01810102995679505,0.013585460437118653,0.012801058078714673,0.029203444065401818
frontier_exploration,large,medium,0.0,constraint_violations,10,4.7,2.6267851073127395,4.0,2.5,2.8209111329829386,6.579088867017061
frontier_exploration,large,medium,0.0,time_to_inspect,10,231.9,55.06854314801187,221.5,38.25,192.50633735732617,271.29366264267384
frontier_exploration,large,medium,0.0,mission_duration,10,0.1512319599976763,0.14847344701601467,0.0853586000012001,0.13760582503164187,0.04502045432150065,0.25744346567385196
frontier_exploration,large,medium,0.0,energy_usage,10,222.21999999999997,54.99239947483651,211.5,37.44999999999999,182.88080725977812,261.5591927402218
frontier_exploration,large,medium,0.0,robustness_score,10,0.6293880275974026,0.026761682324605005,0.6230539772727273,0.03798493303571426,0.6102438733311034,0.6485321818637019
frontier_exploration,large,medium,0.0,success_rate,10,1.0,0.0,1.0,0.0,1.0,1.0
frontier_exploration,large,medium,0.0,safety_cost,10,5.5,2.4608038433722332,5.0,1.375,3.739646976404519,7.260353023595481
frontier_exploration,large,medium,0.0,path_length,10,219.8,54.97433744737428,209.0,37.25,180.4737280558591,259.1262719441409
frontier_exploration,large,medium,0.0,shield_interventions,10,0.0,0.0,0.0,0.0,0.0,0.0
frontier_exploration,large,medium,0.0,emergency_stops,10,0.0,0.0,0.0,0.0,0.0,0.0
frontier_exploration,large,medium,0.0,inference_latency_ms,10,0.0,0.0,0.0,0.0,0.0,0.0
frontier_exploration,large,medium,0.0,policy_latency_ms,10,0.16311668917559935,0.035666862838658685,0.14960672944200248,0.01656943627405577,0.1376021525296564,0.1886312258215423
frontier_exploration,large,medium,0.1,hazard_recall,10,1.0,0.0,1.0,0.0,1.0,1.0
frontier_exploration,large,medium,0.1,inspection_coverage,10,0.59296875,0.09432333367752471,0.603515625,0.0673828125,0.5254939018596074,0.6604435981403927
frontier_exploration,large,medium,0.1,collision_rate,10,0.0,0.0,0.0,0.0,0.0,0.0
frontier_exploration,large,medium,0.1,near_miss_rate,10,0.021002251072058244,0.01146447727685722,0.01810102995679505,0.013585460437118653,0.012801058078714673,0.029203444065401818
frontier_exploration,large,medium,0.1,constraint_violations,10,4.7,2.6267851073127395,4.0,2.5,2.8209111329829386,6.579088867017061
frontier_exploration,large,medium,0.1,time_to_inspect,10,231.9,55.06854314801187,221.5,38.25,192.50633735732617,271.29366264267384
frontier_exploration,large,medium,0.1,mission_duration,10,0.21633363000291866,0.2640468222235276,0.06710595000186004,0.2140817750041606,0.02744591222570983,0.4052213477801275
frontier_exploration,large,medium,0.1,energy_usage,10,222.21999999999997,54.99239947483651,211.5,37.44999999999999,182.88080725977812,261.5591927402218
frontier_exploration,large,medium,0.1,robustness_score,10,0.6293880275974026,0.026761682324605005,0.6230539772727273,0.03798493303571426,0.6102438733311034,0.6485321818637019
frontier_exploration,large,medium,0.1,success_rate,10,1.0,0.0,1.0,0.0,1.0,1.0
frontier_exploration,large,medium,0.1,safety_cost,10,5.5,2.4608038433722332,5.0,1.375,3.739646976404519,7.260353023595481
frontier_exploration,large,medium,0.1,path_length,10,219.8,54.97433744737428,209.0,37.25,180.4737280558591,259.1262719441409
frontier_exploration,large,medium,0.1,shield_interventions,10,0.0,0.0,0.0,0.0,0.0,0.0
frontier_exploration,large,medium,0.1,emergency_stops,10,0.0,0.0,0.0,0.0,0.0,0.0
frontier_exploration,large,medium,0.1,inference_latency_ms,10,0.0,0.0,0.0,0.0,0.0,0.0
frontier_exploration,large,medium,0.1,policy_latency_ms,10,0.16186159421297056,0.036158115996548,0.15060108210486672,0.014753818109904004,0.13599563622795158,0.18772755219798953
frontier_exploration,large,medium,0.2,hazard_recall,10,1.0,0.0,1.0,0.0,1.0,1.0
frontier_exploration,large,medium,0.2,inspection_coverage,10,0.59296875,0.09432333367752471,0.603515625,0.0673828125,0.5254939018596074,0.6604435981403927
frontier_exploration,large,medium,0.2,collision_rate,10,0.0,0.0,0.0,0.0,0.0,0.0
frontier_exploration,large,medium,0.2,near_miss_rate,10,0.021002251072058244,0.01146447727685722,0.01810102995679505,0.013585460437118653,0.012801058078714673,0.029203444065401818
frontier_exploration,large,medium,0.2,constraint_violations,10,4.7,2.6267851073127395,4.0,2.5,2.8209111329829386,6.579088867017061
frontier_exploration,large,medium,0.2,time_to_inspect,10,231.9,55.06854314801187,221.5,38.25,192.50633735732617,271.29366264267384
frontier_exploration,large,medium,0.2,mission_duration,10,0.1710858600010397,0.22241971068567312,0.07200314999499824,0.06779932499193819,0.011976383938046203,0.3301953360640332
frontier_exploration,large,medium,0.2,energy_usage,10,222.21999999999997,54.99239947483651,211.5,37.44999999999999,182.88080725977812,261.5591927402218
frontier_exploration,large,medium,0.2,robustness_score,10,0.6293880275974026,0.026761682324605005,0.6230539772727273,0.03798493303571426,0.6102438733311034,0.6485321818637019
frontier_exploration,large,medium,0.2,success_rate,10,1.0,0.0,1.0,0.0,1.0,1.0
frontier_exploration,large,medium,0.2,safety_cost,10,5.5,2.4608038433722332,5.0,1.375,3.739646976404519,7.260353023595481
frontier_exploration,large,medium,0.2,path_length,10,219.8,54.97433744737428,209.0,37.25,180.4737280558591,259.1262719441409
frontier_exploration,large,medium,0.2,shield_interventions,10,0.0,0.0,0.0,0.0,0.0,0.0
frontier_exploration,large,medium,0.2,emergency_stops,10,0.0,0.0,0.0,0.0,0.0,0.0
frontier_exploration,large,medium,0.2,inference_latency_ms,10,0.0,0.0,0.0,0.0,0.0,0.0
frontier_exploration,large,medium,0.2,policy_latency_ms,10,0.16117600809938046,0.035144499974377,0.1495855733220916,0.017367914588395567,0.13603514733582403,0.18631686886293689
frontier_exploration,medium,high,0.0,hazard_recall,10,0.9857142857142858,0.030116930096841694,1.0,0.0,0.9641699317828742,1.0072586396456973
frontier_exploration,medium,high,0.0,inspection_coverage,10,0.6362244897959183,0.07658916883007376,0.6479591836734694,0.08163265306122447,0.5814358989507719,0.6910130806410647
frontier_exploration,medium,high,0.0,collision_rate,10,0.0,0.0,0.0,0.0,0.0,0.0
frontier_exploration,medium,high,0.0,near_miss_rate,10,0.03623076681634725,0.02091919237159019,0.04238049184857695,0.02586933742645211,0.021266078086001363,0.051195455546693136
frontier_exploration,medium,high,0.0,constraint_violations,10,8.0,5.033222956847166,8.0,4.0,4.399449198529291,11.600550801470709
frontier_exploration,medium,high,0.0,time_to_inspect,10,225.0,56.27709224108075,214.0,68.75,184.74179341739477,265.2582065826052
frontier_exploration,medium,high,0.0,mission_duration,10,0.16855011000297965,0.27639258821194174,0.07341830000223126,0.050876125002105255,-0.029169236733538995,0.3662694567394983
frontier_exploration,medium,high,0.0,energy_usage,10,214.59999999999997,56.70602554696752,203.59999999999997,69.35,174.0349530148278,255.16504698517213
frontier_exploration,medium,high,0.0,robustness_score,10,0.6253463385354141,0.03506279462486052,0.6173979591836736,0.018099739895958367,0.600263926257889,0.6504287508129392
frontier_exploration,medium,high,0.0,success_rate,10,0.8,0.4216370213557839,1.0,0.0,0.4983790449602394,1.1016209550397607
frontier_exploration,medium,high,0.0,safety_cost,10,8.9,5.3686331800768645,8.0,1.875,5.059511179008764,12.740488820991237
frontier_exploration,medium,high,0.0,path_length,10,212.0,56.813535163531036,201.0,69.5,171.35804526816088,252.64195473183912
frontier_exploration,medium,high,0.0,shield_interventions,10,0.0,0.0,0.0,0.0,0.0,0.0
frontier_exploration,medium,high,0.0,emergency_stops,10,0.0,0.0,0.0,0.0,0.0,0.0
frontier_exploration,medium,high,0.0,inference_latency_ms,10,0.0,0.0,0.0,0.0,0.0,0.0
frontier_exploration,medium,high,0.0,policy_latency_ms,10,0.16430860155388266,0.050145817620657125,0.14056363494540625,0.06429129962425409,0.12843644461340015,0.20018075849436517
frontier_exploration,medium,high,0.1,hazard_recall,10,0.9857142857142858,0.030116930096841694,1.0,0.0,0.9641699317828742,1.0072586396456973
frontier_exploration,medium,high,0.1,inspection_coverage,10,0.6362244897959183,0.07658916883007376,0.6479591836734694,0.08163265306122447,0.5814358989507719,0.6910130806410647
frontier_exploration,medium,high,0.1,collision_rate,10,0.0,0.0,0.0,0.0,0.0,0.0
frontier_exploration,medium,high,0.1,near_miss_rate,10,0.03623076681634725,0.02091919237159019,0.04238049184857695,0.02586933742645211,0.021266078086001363,0.051195455546693136
frontier_exploration,medium,high,0.1,constraint_violations,10,8.0,5.033222956847166,8.0,4.0,4.399449198529291,11.600550801470709
frontier_exploration,medium,high,0.1,time_to_inspect,10,225.0,56.27709224108075,214.0,68.75,184.74179341739477,265.2582065826052
frontier_exploration,medium,high,0.1,mission_duration,10,0.17426936000119894,0.18767478558242817,0.10839834999933373,0.13125752501946408,0.0400149060582452,0.3085238139441527
frontier_exploration,medium,high,0.1,energy_usage,10,214.59999999999997,56.70602554696752,203.59999999999997,69.35,174.0349530148278,255.16504698517213
frontier_exploration,medium,high,0.1,robustness_score,10,0.6253463385354141,0.03506279462486052,0.6173979591836736,0.018099739895958367,0.600263926257889,0.6504287508129392
frontier_exploration,medium,high,0.1,success_rate,10,0.8,0.4216370213557839,1.0,0.0,0.4983790449602394,1.1016209550397607
frontier_exploration,medium,high,0.1,safety_cost,10,8.9,5.3686331800768645,8.0,1.875,5.059511179008764,12.740488820991237
frontier_exploration,medium,high,0.1,path_length,10,212.0,56.813535163531036,201.0,69.5,171.35804526816088,252.64195473183912
frontier_exploration,medium,high,0.1,shield_interventions,10,0.0,0.0,0.0,0.0,0.0,0.0
frontier_exploration,medium,high,0.1,emergency_stops,10,0.0,0.0,0.0,0.0,0.0,0.0
frontier_exploration,medium,high,0.1,inference_latency_ms,10,0.0,0.0,0.0,0.0,0.0,0.0
frontier_exploration,medium,high,0.1,policy_latency_ms,10,0.16535108595651057,0.048752977141753154,0.14212364795066268,0.06344152072021589,0.1304753070715275,0.20022686484149366
frontier_exploration,medium,high,0.2,hazard_recall,10,0.9857142857142858,0.030116930096841694,1.0,0.0,0.9641699317828742,1.0072586396456973
frontier_exploration,medium,high,0.2,inspection_coverage,10,0.6362244897959183,0.07658916883007376,0.6479591836734694,0.08163265306122447,0.5814358989507719,0.6910130806410647
frontier_exploration,medium,high,0.2,collision_rate,10,0.0,0.0,0.0,0.0,0.0,0.0
frontier_exploration,medium,high,0.2,near_miss_rate,10,0.03623076681634725,0.02091919237159019,0.04238049184857695,0.02586933742645211,0.021266078086001363,0.051195455546693136
frontier_exploration,medium,high,0.2,constraint_violations,10,8.0,5.033222956847166,8.0,4.0,4.399449198529291,11.600550801470709
frontier_exploration,medium,high,0.2,time_to_inspect,10,225.0,56.27709224108075,214.0,68.75,184.74179341739477,265.2582065826052
frontier_exploration,medium,high,0.2,mission_duration,10,0.19415846000192688,0.26431490448598277,0.08465194999007508,0.15807460001087748,0.0050789677269025,0.38323795227695123
frontier_exploration,medium,high,0.2,energy_usage,10,214.59999999999997,56.70602554696752,203.59999999999997,69.35,174.0349530148278,255.16504698517213
frontier_exploration,medium,high,0.2,robustness_score,10,0.6253463385354141,0.03506279462486052,0.6173979591836736,0.018099739895958367,0.600263926257889,0.6504287508129392
frontier_exploration,medium,high,0.2,success_rate,10,0.8,0.4216370213557839,1.0,0.0,0.4983790449602394,1.1016209550397607
frontier_exploration,medium,high,0.2,safety_cost,10,8.9,5.3686331800768645,8.0,1.875,5.059511179008764,12.740488820991237
frontier_exploration,medium,high,0.2,path_length,10,212.0,56.813535163531036,201.0,69.5,171.35804526816088,252.64195473183912
frontier_exploration,medium,high,0.2,shield_interventions,10,0.0,0.0,0.0,0.0,0.0,0.0
frontier_exploration,medium,high,0.2,emergency_stops,10,0.0,0.0,0.0,0.0,0.0,0.0
frontier_exploration,medium,high,0.2,inference_latency_ms,10,0.0,0.0,0.0,0.0,0.0,0.0
frontier_exploration,medium,high,0.2,policy_latency_ms,10,0.16372667288048964,0.048290059710069146,0.1408928262652363,0.059436768826473724,0.12918204517715592,0.19827130058382336
frontier_exploration,medium,low,0.0,hazard_recall,10,1.0,0.0,1.0,0.0,1.0,1.0
frontier_exploration,medium,low,0.0,inspection_coverage,10,0.5096938775510205,0.13183179402857995,0.5229591836734694,0.20918367346938765,0.41538709326617357,0.6040006618358673
frontier_exploration,medium,low,0.0,collision_rate,10,0.0,0.0,0.0,0.0,0.0,0.0
frontier_exploration,medium,low,0.0,near_miss_rate,10,0.001762114537444934,0.005572295436420052,0.0,0.0,-0.002224065485106969,0.005748294559996836
frontier_exploration,medium,low,0.0,constraint_violations,10,0.4,1.2649110640673518,0.0,0.0,-0.5048628651192819,1.304862865119282
frontier_exploration,medium,low,0.0,time_to_inspect,10,152.4,63.465126031720935,144.5,105.75,106.99978380490984,197.80021619509017
frontier_exploration,medium,low,0.0,mission_duration,10,0.042319129995303226,0.038937252407366306,0.02913569999509491,0.029701724983169697,0.014465097586170851,0.07017316240443561
frontier_exploration,medium,low,0.0,energy_usage,10,147.84,63.279190892425284,140.5,105.74999999999999,102.57279379086759,193.1072062091324
frontier_exploration,medium,low,0.0,robustness_score,10,0.7879081632653061,0.07158391352433377,0.8099489795918368,0.07117346938775504,0.7367001163692671,0.8391162101613451
frontier_exploration,medium,low,0.0,success_rate,10,1.0,0.0,1.0,0.0,1.0,1.0
frontier_exploration,medium,low,0.0,safety_cost,10,0.75,1.550089603144856,0.0,0.875,-0.3588673024829996,1.8588673024829996
frontier_exploration,medium,low,0.0,path_length,10,146.7,63.23334211913487,139.5,105.75,101.46559202747116,191.93440797252882
frontier_exploration,medium,low,0.0,shield_interventions,10,0.0,0.0,0.0,0.0,0.0,0.0
frontier_exploration,medium,low,0.0,emergency_stops,10,0.0,0.0,0.0,0.0,0.0,0.0
frontier_exploration,medium,low,0.0,inference_latency_ms,10,0.0,0.0,0.0,0.0,0.0,0.0
frontier_exploration,medium,low,0.0,policy_latency_ms,10,0.13340940050888384,0.025160465413549327,0.11984566316510623,0.043380878700660444,0.11541068781786527,0.1514081131999024
frontier_exploration,medium,low,0.1,hazard_recall,10,1.0,0.0,1.0,0.0,1.0,1.0
frontier_exploration,medium,low,0.1,inspection_coverage,10,0.5096938775510205,0.13183179402857995,0.5229591836734694,0.20918367346938765,0.41538709326617357,0.6040006618358673
frontier_exploration,medium,low,0.1,collision_rate,10,0.0,0.0,0.0,0.0,0.0,0.0
frontier_exploration,medium,low,0.1,near_miss_rate,10,0.001762114537444934,0.005572295436420052,0.0,0.0,-0.002224065485106969,0.005748294559996836
frontier_exploration,medium,low,0.1,constraint_violations,10,0.4,1.2649110640673518,0.0,0.0,-0.5048628651192819,1.304862865119282
frontier_exploration,medium,low,0.1,time_to_inspect,10,152.4,63.465126031720935,144.5,105.75,106.99978380490984,197.80021619509017
frontier_exploration,medium,low,0.1,mission_duration,10,0.060591470001963896,0.0636117066895129,0.0475363000005018,0.05005404999246821,0.015086396321040522,0.10609654368288726
frontier_exploration,medium,low,0.1,energy_usage,10,147.84,63.279190892425284,140.5,105.74999999999999,102.57279379086759,193.1072062091324
frontier_exploration,medium,low,0.1,robustness_score,10,0.7879081632653061,0.07158391352433377,0.8099489795918368,0.07117346938775504,0.7367001163692671,0.8391162101613451
frontier_exploration,medium,low,0.1,success_rate,10,1.0,0.0,1.0,0.0,1.0,1.0
frontier_exploration,medium,low,0.1,safety_cost,10,0.75,1.550089603144856,0.0,0.875,-0.3588673024829996,1.8588673024829996
frontier_exploration,medium,low,0.1,path_length,10,146.7,63.23334211913487,139.5,105.75,101.46559202747116,191.93440797252882
frontier_exploration,medium,low,0.1,shield_interventions,10,0.0,0.0,0.0,0.0,0.0,0.0
frontier_exploration,medium,low,0.1,emergency_stops,10,0.0,0.0,0.0,0.0,0.0,0.0
frontier_exploration,medium,low,0.1,inference_latency_ms,10,0.0,0.0,0.0,0.0,0.0,0.0
frontier_exploration,medium,low,0.1,policy_latency_ms,10,0.1350863806519579,0.026557152331170585,0.12237237301040138,0.04904412022884888,0.1160885383289401,0.15408422297497573
frontier_exploration,medium,low,0.2,hazard_recall,10,1.0,0.0,1.0,0.0,1.0,1.0
frontier_exploration,medium,low,0.2,inspection_coverage,10,0.5096938775510205,0.13183179402857995,0.5229591836734694,0.20918367346938765,0.41538709326617357,0.6040006618358673
frontier_exploration,medium,low,0.2,collision_rate,10,0.0,0.0,0.0,0.0,0.0,0.0
frontier_exploration,medium,low,0.2,near_miss_rate,10,0.001762114537444934,0.005572295436420052,0.0,0.0,-0.002224065485106969,0.005748294559996836
frontier_exploration,medium,low,0.2,constraint_violations,10,0.4,1.2649110640673518,0.0,0.0,-0.5048628651192819,1.304862865119282
frontier_exploration,medium,low,0.2,time_to_inspect,10,152.4,63.465126031720935,144.5,105.75,106.99978380490984,197.80021619509017
frontier_exploration,medium,low,0.2,mission_duration,10,0.06648972999828402,0.06058650157517917,0.05019644999993034,0.043603475016425364,0.023148757687877053,0.10983070230869099
frontier_exploration,medium,low,0.2,energy_usage,10,147.84,63.279190892425284,140.5,105.74999999999999,102.57279379086759,193.1072062091324
frontier_exploration,medium,low,0.2,robustness_score,10,0.7879081632653061,0.07158391352433377,0.8099489795918368,0.07117346938775504,0.7367001163692671,0.8391162101613451
frontier_exploration,medium,low,0.2,success_rate,10,1.0,0.0,1.0,0.0,1.0,1.0
frontier_exploration,medium,low,0.2,safety_cost,10,0.75,1.550089603144856,0.0,0.875,-0.3588673024829996,1.8588673024829996
frontier_exploration,medium,low,0.2,path_length,10,146.7,63.23334211913487,139.5,105.75,101.46559202747116,191.93440797252882
frontier_exploration,medium,low,0.2,shield_interventions,10,0.0,0.0,0.0,0.0,0.0,0.0
frontier_exploration,medium,low,0.2,emergency_stops,10,0.0,0.0,0.0,0.0,0.0,0.0
frontier_exploration,medium,low,0.2,inference_latency_ms,10,0.0,0.0,0.0,0.0,0.0,0.0
frontier_exploration,medium,low,0.2,policy_latency_ms,10,0.13770017332895992,0.02632594075142644,0.13006536207377803,0.04587435364151238,0.11886772980625247,0.15653261685166736
frontier_exploration,medium,medium,0.0,hazard_recall,10,1.0,0.0,1.0,0.0,1.0,1.0
frontier_exploration,medium,medium,0.0,inspection_coverage,10,0.5525510204081632,0.07621059318967892,0.5484693877551021,0.11479591836734693,0.49803324626180545,0.6070687945545209
frontier_exploration,medium,medium,0.0,collision_rate,10,0.0,0.0,0.0,0.0,0.0,0.0
frontier_exploration,medium,medium,0.0,near_miss_rate,10,0.011922436136499685,0.0139907679545738,0.008814102564102564,0.013690366972477063,0.0019140436603622465,0.02193082861263712
frontier_exploration,medium,medium,0.0,constraint_violations,10,1.9,1.9119507199599983,1.5,2.75,0.5322728486010309,3.2677271513989687
frontier_exploration,medium,medium,0.0,time_to_inspect,10,175.2,44.042403809662034,177.5,58.0,143.69396227920953,206.70603772079045
frontier_exploration,medium,medium,0.0,mission_duration,10,0.17088937000080479,0.22456650618801025,0.04811370000243187,0.18039795001095627,0.010244168949507665,0.33153457105210193
frontier_exploration,medium,medium,0.0,energy_usage,10,167.35999999999999,44.16985397304364,169.9,58.0,135.76278992466743,198.95721007533254
frontier_exploration,medium,medium,0.0,robustness_score,10,0.709765306122449,0.10920742795824391,0.6647959183673469,0.1729591836734693,0.6316430183492254,0.7878875938956726
frontier_exploration,medium,medium,0.0,success_rate,10,1.0,0.0,1.0,0.0,1.0,1.0
frontier_exploration,medium,medium,0.0,safety_cost,10,2.25,1.9895560643855537,2.5,2.5,0.8267573295259778,3.673242670474022
frontier_exploration,medium,medium,0.0,path_length,10,165.4,44.20206128929082,168.0,58.0,133.77975019856723,197.02024980143278
frontier_exploration,medium,medium,0.0,shield_interventions,10,0.0,0.0,0.0,0.0,0.0,0.0
frontier_exploration,medium,medium,0.0,emergency_stops,10,0.0,0.0,0.0,0.0,0.0,0.0
frontier_exploration,medium,medium,0.0,inference_latency_ms,10,0.0,0.0,0.0,0.0,0.0,0.0
frontier_exploration,medium,medium,0.0,policy_latency_ms,10,0.1386298938833165,0.03336572897230706,0.1323024158278565,0.034936997620236374,0.11476148924023116,0.16249829852640185
frontier_exploration,medium,medium,0.1,hazard_recall,10,1.0,0.0,1.0,0.0,1.0,1.0
frontier_exploration,medium,medium,0.1,inspection_coverage,10,0.5525510204081632,0.07621059318967892,0.5484693877551021,0.11479591836734693,0.49803324626180545,0.6070687945545209
frontier_exploration,medium,medium,0.1,collision_rate,10,0.0,0.0,0.0,0.0,0.0,0.0
frontier_exploration,medium,medium,0.1,near_miss_rate,10,0.011922436136499685,0.0139907679545738,0.008814102564102564,0.013690366972477063,0.0019140436603622465,0.02193082861263712
frontier_exploration,medium,medium,0.1,constraint_violations,10,1.9,1.9119507199599983,1.5,2.75,0.5322728486010309,3.2677271513989687
frontier_exploration,medium,medium,0.1,time_to_inspect,10,175.2,44.042403809662034,177.5,58.0,143.69396227920953,206.70603772079045
frontier_exploration,medium,medium,0.1,mission_duration,10,0.07098368000297342,0.06118469830674859,0.04846545000327751,0.03565980001440039,0.027214783529509186,0.11475257647643766
frontier_exploration,medium,medium,0.1,energy_usage,10,167.35999999999999,44.16985397304364,169.9,58.0,135.76278992466743,198.95721007533254
frontier_exploration,medium,medium,0.1,robustness_score,10,0.709765306122449,0.10920742795824391,0.6647959183673469,0.1729591836734693,0.6316430183492254,0.7878875938956726
frontier_exploration,medium,medium,0.1,success_rate,10,1.0,0.0,1.0,0.0,1.0,1.0
frontier_exploration,medium,medium,0.1,safety_cost,10,2.25,1.9895560643855537,2.5,2.5,0.8267573295259778,3.673242670474022
frontier_exploration,medium,medium,0.1,path_length,10,165.4,44.20206128929082,168.0,58.0,133.77975019856723,197.02024980143278
frontier_exploration,medium,medium,0.1,shield_interventions,10,0.0,0.0,0.0,0.0,0.0,0.0
frontier_exploration,medium,medium,0.1,emergency_stops,10,0.0,0.0,0.0,0.0,0.0,0.0
frontier_exploration,medium,medium,0.1,inference_latency_ms,10,0.0,0.0,0.0,0.0,0.0,0.0
frontier_exploration,medium,medium,0.1,policy_latency_ms,10,0.13821509088380074,0.03385822354401368,0.12948054124909658,0.03376315331463607,0.11399437684769201,0.16243580491990947
frontier_exploration,medium,medium,0.2,hazard_recall,10,1.0,0.0,1.0,0.0,1.0,1.0
frontier_exploration,medium,medium,0.2,inspection_coverage,10,0.5525510204081632,0.07621059318967892,0.5484693877551021,0.11479591836734693,0.49803324626180545,0.6070687945545209
frontier_exploration,medium,medium,0.2,collision_rate,10,0.0,0.0,0.0,0.0,0.0,0.0
frontier_exploration,medium,medium,0.2,near_miss_rate,10,0.011922436136499685,0.0139907679545738,0.008814102564102564,0.013690366972477063,0.0019140436603622465,0.02193082861263712
frontier_exploration,medium,medium,0.2,constraint_violations,10,1.9,1.9119507199599983,1.5,2.75,0.5322728486010309,3.2677271513989687
frontier_exploration,medium,medium,0.2,time_to_inspect,10,175.2,44.042403809662034,177.5,58.0,143.69396227920953,206.70603772079045
frontier_exploration,medium,medium,0.2,mission_duration,10,0.062443760002497586,0.035103111922460295,0.051288700007717125,0.06415905000176281,0.037332506467704446,0.08755501353729073
frontier_exploration,medium,medium,0.2,energy_usage,10,167.35999999999999,44.16985397304364,169.9,58.0,135.76278992466743,198.95721007533254
frontier_exploration,medium,medium,0.2,robustness_score,10,0.709765306122449,0.10920742795824391,0.6647959183673469,0.1729591836734693,0.6316430183492254,0.7878875938956726
frontier_exploration,medium,medium,0.2,success_rate,10,1.0,0.0,1.0,0.0,1.0,1.0
frontier_exploration,medium,medium,0.2,safety_cost,10,2.25,1.9895560643855537,2.5,2.5,0.8267573295259778,3.673242670474022
frontier_exploration,medium,medium,0.2,path_length,10,165.4,44.20206128929082,168.0,58.0,133.77975019856723,197.02024980143278
frontier_exploration,medium,medium,0.2,shield_interventions,10,0.0,0.0,0.0,0.0,0.0,0.0
frontier_exploration,medium,medium,0.2,emergency_stops,10,0.0,0.0,0.0,0.0,0.0,0.0
frontier_exploration,medium,medium,0.2,inference_latency_ms,10,0.0,0.0,0.0,0.0,0.0,0.0
frontier_exploration,medium,medium,0.2,policy_latency_ms,10,0.1377615916782108,0.034355636129419914,0.12926305360377938,0.0344980536580491,0.113185050114015,0.16233813324240662
frontier_exploration,small,high,0.0,hazard_recall,10,1.0,0.0,1.0,0.0,1.0,1.0
frontier_exploration,small,high,0.0,inspection_coverage,10,0.491,0.10969148655306948,0.495,0.10499999999999993,0.4125314375680734,0.5694685624319266
frontier_exploration,small,high,0.0,collision_rate,10,0.0,0.0,0.0,0.0,0.0,0.0
frontier_exploration,small,high,0.0,near_miss_rate,10,0.049486539940874534,0.055003830317498975,0.033733974358974364,0.07247512316472368,0.010139170068413021,0.08883390981333605
frontier_exploration,small,high,0.0,constraint_violations,10,3.5,3.5355339059327378,3.0,5.75,0.9708314040975776,6.029168595902423
frontier_exploration,small,high,0.0,time_to_inspect,10,71.1,17.323394586512197,76.5,19.0,58.70759004768367,83.49240995231632
frontier_exploration,small,high,0.0,mission_duration,10,0.020364880000124687,0.02297528482103256,0.010372399992775172,0.012263925003935583,0.003929351336756058,0.036800408663493316
frontier_exploration,small,high,0.0,energy_usage,10,65.82000000000002,16.936075893390026,71.30000000000001,18.799999999999997,53.70466114962017,77.93533885037986
frontier_exploration,small,high,0.0,robustness_score,10,0.6872725274725274,0.11582042191440882,0.6645769230769231,0.1543928571428571,0.604419588803619,0.7701254661414358
frontier_exploration,small,high,0.0,success_rate,10,1.0,0.0,1.0,0.0,1.0,1.0
frontier_exploration,small,high,0.0,safety_cost,10,3.65,3.7716044331292222,3.25,5.75,0.9519567221714369,6.3480432778285625
frontier_exploration,small,high,0.0,path_length,10,64.5,16.840757438758835,70.0,18.75,52.452847864407026,76.54715213559298
frontier_exploration,small,high,0.0,shield_interventions,10,0.0,0.0,0.0,0.0,0.0,0.0
frontier_exploration,small,high,0.0,emergency_stops,10,0.0,0.0,0.0,0.0,0.0,0.0
frontier_exploration,small,high,0.0,inference_latency_ms,10,0.0,0.0,0.0,0.0,0.0,0.0
frontier_exploration,small,high,0.0,policy_latency_ms,10,0.07087969435269921,0.007106551650756086,0.07094855637177755,0.009801659688500636,0.06579597355169362,0.0759634151537048
frontier_exploration,small,high,0.1,hazard_recall,10,1.0,0.0,1.0,0.0,1.0,1.0
frontier_exploration,small,high,0.1,inspection_coverage,10,0.491,0.10969148655306948,0.495,0.10499999999999993,0.4125314375680734,0.5694685624319266
frontier_exploration,small,high,0.1,collision_rate,10,0.0,0.0,0.0,0.0,0.0,0.0
frontier_exploration,small,high,0.1,near_miss_rate,10,0.049486539940874534,0.055003830317498975,0.033733974358974364,0.07247512316472368,0.010139170068413021,0.08883390981333605
frontier_exploration,small,high,0.1,constraint_violations,10,3.5,3.5355339059327378,3.0,5.75,0.9708314040975776,6.029168595902423
frontier_exploration,small,high,0.1,time_to_inspect,10,71.1,17.323394586512197,76.5,19.0,58.70759004768367,83.49240995231632
frontier_exploration,small,high,0.1,mission_duration,10,0.013410580001072958,0.008293521228175308,0.011214350000955164,0.0045122500087018125,0.007477752315683443,0.019343407686462474
frontier_exploration,small,high,0.1,energy_usage,10,65.82000000000002,16.936075893390026,71.30000000000001,18.799999999999997,53.70466114962017,77.93533885037986
frontier_exploration,small,high,0.1,robustness_score,10,0.6872725274725274,0.11582042191440882,0.6645769230769231,0.1543928571428571,0.604419588803619,0.7701254661414358
frontier_exploration,small,high,0.1,success_rate,10,1.0,0.0,1.0,0.0,1.0,1.0
frontier_exploration,small,high,0.1,safety_cost,10,3.65,3.7716044331292222,3.25,5.75,0.9519567221714369,6.3480432778285625
frontier_exploration,small,high,0.1,path_length,10,64.5,16.840757438758835,70.0,18.75,52.452847864407026,76.54715213559298
frontier_exploration,small,high,0.1,shield_interventions,10,0.0,0.0,0.0,0.0,0.0,0.0
frontier_exploration,small,high,0.1,emergency_stops,10,0.0,0.0,0.0,0.0,0.0,0.0
frontier_exploration,small,high,0.1,inference_latency_ms,10,0.0,0.0,0.0,0.0,0.0,0.0
frontier_exploration,small,high,0.1,policy_latency_ms,10,0.07117195744696045,0.007224847719184005,0.07105162690575939,0.011325739998536644,0.06600361273645576,0.07634030215746514
frontier_exploration,small,high,0.2,hazard_recall,10,1.0,0.0,1.0,0.0,1.0,1.0
frontier_exploration,small,high,0.2,inspection_coverage,10,0.491,0.10969148655306948,0.495,0.10499999999999993,0.4125314375680734,0.5694685624319266
frontier_exploration,small,high,0.2,collision_rate,10,0.0,0.0,0.0,0.0,0.0,0.0
frontier_exploration,small,high,0.2,near_miss_rate,10,0.049486539940874534,0.055003830317498975,0.033733974358974364,0.07247512316472368,0.010139170068413021,0.08883390981333605
frontier_exploration,small,high,0.2,constraint_violations,10,3.5,3.5355339059327378,3.0,5.75,0.9708314040975776,6.029168595902423
frontier_exploration,small,high,0.2,time_to_inspect,10,71.1,17.323394586512197,76.5,19.0,58.70759004768367,83.49240995231632
frontier_exploration,small,high,0.2,mission_duration,10,0.010111730004427954,0.0025961879752369747,0.010547500001848675,0.002686500010895543,0.008254529007144186,0.011968931001711721
frontier_exploration,small,high,0.2,energy_usage,10,65.82000000000002,16.936075893390026,71.30000000000001,18.799999999999997,53.70466114962017,77.93533885037986
frontier_exploration,small,high,0.2,robustness_score,10,0.6872725274725274,0.11582042191440882,0.6645769230769231,0.1543928571428571,0.604419588803619,0.7701254661414358
frontier_exploration,small,high,0.2,success_rate,10,1.0,0.0,1.0,0.0,1.0,1.0
frontier_exploration,small,high,0.2,safety_cost,10,3.65,3.7716044331292222,3.25,5.75,0.9519567221714369,6.3480432778285625
frontier_exploration,small,high,0.2,path_length,10,64.5,16.840757438758835,70.0,18.75,52.452847864407026,76.54715213559298
frontier_exploration,small,high,0.2,shield_interventions,10,0.0,0.0,0.0,0.0,0.0,0.0
frontier_exploration,small,high,0.2,emergency_stops,10,0.0,0.0,0.0,0.0,0.0,0.0
frontier_exploration,small,high,0.2,inference_latency_ms,10,0.0,0.0,0.0,0.0,0.0,0.0
frontier_exploration,small,high,0.2,policy_latency_ms,10,0.07157602337301099,0.006895005478628497,0.07089721914714418,0.009543336754947104,0.06664363358716852,0.07650841315885346
frontier_exploration,small,low,0.0,hazard_recall,10,1.0,0.0,1.0,0.0,1.0,1.0
frontier_exploration,small,low,0.0,inspection_coverage,10,0.472,0.16949598487542084,0.48,0.13499999999999995,0.35074987668506835,0.5932501233149317
frontier_exploration,small,low,0.0,collision_rate,10,0.0,0.0,0.0,0.0,0.0,0.0
frontier_exploration,small,low,0.0,near_miss_rate,10,0.0011111111111111111,0.0035136418446315323,0.0,0.0,-0.0014023968475535603,0.0036246190697757823
frontier_exploration,small,low,0.0,constraint_violations,10,0.1,0.31622776601683794,0.0,0.0,-0.12621571627982048,0.3262157162798205
frontier_exploration,small,low,0.0,time_to_inspect,10,62.4,29.904291776711027,60.0,24.5,41.00775835936801,83.79224164063199
frontier_exploration,small,low,0.0,mission_duration,10,0.009030989999882878,0.0055406616281873265,0.0072902999963844195,0.00514937501429813,0.005067439440512407,0.012994540559253347
frontier_exploration,small,low,0.0,energy_usage,10,60.000000000000014,29.90429177671103,57.6,24.500000000000007,38.60775835936802,81.39224164063201
frontier_exploration,small,low,0.0,robustness_score,10,0.7816,0.05279983164956326,0.781,0.0794999999999999,0.7438292757953964,0.8193707242046036
frontier_exploration,small,low,0.0,success_rate,10,1.0,0.0,1.0,0.0,1.0,1.0
frontier_exploration,small,low,0.0,safety_cost,10,0.45,0.6851601597031489,0.0,0.875,-0.04013405193961106,0.9401340519396111
frontier_exploration,small,low,0.0,path_length,10,59.4,29.904291776711027,57.0,24.5,38.00775835936801,80.79224164063199
frontier_exploration,small,low,0.0,shield_interventions,10,0.0,0.0,0.0,0.0,0.0,0.0
frontier_exploration,small,low,0.0,emergency_stops,10,0.0,0.0,0.0,0.0,0.0,0.0
frontier_exploration,small,low,0.0,inference_latency_ms,10,0.0,0.0,0.0,0.0,0.0,0.0
frontier_exploration,small,low,0.0,policy_latency_ms,10,0.07089049771547774,0.010830279829842379,0.06750278639997673,0.004556070311305158,0.0631429822456052,0.07863801318535028
frontier_exploration,small,low,0.1,hazard_recall,10,1.0,0.0,1.0,0.0,1.0,1.0
frontier_exploration,small,low,0.1,inspection_coverage,10,0.472,0.16949598487542084,0.48,0.13499999999999995,0.35074987668506835,0.5932501233149317
frontier_exploration,small,low,0.1,collision_rate,10,0.0,0.0,0.0,0.0,0.0,0.0
frontier_exploration,small,low,0.1,near_miss_rate,10,0.0011111111111111111,0.0035136418446315323,0.0,0.0,-0.0014023968475535603,0.0036246190697757823
frontier_exploration,small,low,0.1,constraint_violations,10,0.1,0.31622776601683794,0.0,0.0,-0.12621571627982048,0.3262157162798205
frontier_exploration,small,low,0.1,time_to_inspect,10,62.4,29.904291776711027,60.0,24.5,41.00775835936801,83.79224164063199
frontier_exploration,small,low,0.1,mission_duration,10,0.009425910006393678,0.006362346531146019,0.007303000005776994,0.005175400016014464,0.004874561477159871,0.013977258535627486
frontier_exploration,small,low,0.1,energy_usage,10,60.000000000000014,29.90429177671103,57.6,24.500000000000007,38.60775835936802,81.39224164063201
frontier_exploration,small,low,0.1,robustness_score,10,0.7816,0.05279983164956326,0.781,0.0794999999999999,0.7438292757953964,0.8193707242046036
frontier_exploration,small,low,0.1,success_rate,10,1.0,0.0,1.0,0.0,1.0,1.0
frontier_exploration,small,low,0.1,safety_cost,10,0.45,0.6851601597031489,0.0,0.875,-0.04013405193961106,0.9401340519396111
frontier_exploration,small,low,0.1,path_length,10,59.4,29.904291776711027,57.0,24.5,38.00775835936801,80.79224164063199
frontier_exploration,small,low,0.1,shield_interventions,10,0.0,0.0,0.0,0.0,0.0,0.0
frontier_exploration,small,low,0.1,emergency_stops,10,0.0,0.0,0.0,0.0,0.0,0.0
frontier_exploration,small,low,0.1,inference_latency_ms,10,0.0,0.0,0.0,0.0,0.0,0.0
frontier_exploration,small,low,0.1,policy_latency_ms,10,0.06954267307755081,0.01250032672404724,0.06688823916869233,0.005589462099615167,0.060600478028613965,0.07848486812648767
frontier_exploration,small,low,0.2,hazard_recall,10,1.0,0.0,1.0,0.0,1.0,1.0
frontier_exploration,small,low,0.2,inspection_coverage,10,0.472,0.16949598487542084,0.48,0.13499999999999995,0.35074987668506835,0.5932501233149317
frontier_exploration,small,low,0.2,collision_rate,10,0.0,0.0,0.0,0.0,0.0,0.0
frontier_exploration,small,low,0.2,near_miss_rate,10,0.0011111111111111111,0.0035136418446315323,0.0,0.0,-0.0014023968475535603,0.0036246190697757823
frontier_exploration,small,low,0.2,constraint_violations,10,0.1,0.31622776601683794,0.0,0.0,-0.12621571627982048,0.3262157162798205
frontier_exploration,small,low,0.2,time_to_inspect,10,62.4,29.904291776711027,60.0,24.5,41.00775835936801,83.79224164063199
frontier_exploration,small,low,0.2,mission_duration,10,0.010602980002295226,0.00873251767398838,0.007655900000827387,0.005244425010459963,0.004356113177696754,0.016849846826893698
frontier_exploration,small,low,0.2,energy_usage,10,60.000000000000014,29.90429177671103,57.6,24.500000000000007,38.60775835936802,81.39224164063201
frontier_exploration,small,low,0.2,robustness_score,10,0.7816,0.05279983164956326,0.781,0.0794999999999999,0.7438292757953964,0.8193707242046036
frontier_exploration,small,low,0.2,success_rate,10,1.0,0.0,1.0,0.0,1.0,1.0
frontier_exploration,small,low,0.2,safety_cost,10,0.45,0.6851601597031489,0.0,0.875,-0.04013405193961106,0.9401340519396111
frontier_exploration,small,low,0.2,path_length,10,59.4,29.904291776711027,57.0,24.5,38.00775835936801,80.79224164063199
frontier_exploration,small,low,0.2,shield_interventions,10,0.0,0.0,0.0,0.0,0.0,0.0
frontier_exploration,small,low,0.2,emergency_stops,10,0.0,0.0,0.0,0.0,0.0,0.0
frontier_exploration,small,low,0.2,inference_latency_ms,10,0.0,0.0,0.0,0.0,0.0,0.0
frontier_exploration,small,low,0.2,policy_latency_ms,10,0.07051383815162061,0.014335982315410205,0.06517566225154545,0.00858062815941539,0.060258494198418604,0.08076918210482262
frontier_exploration,small,medium,0.0,hazard_recall,10,1.0,0.0,1.0,0.0,1.0,1.0
frontier_exploration,small,medium,0.0,inspection_coverage,10,0.541,0.14517805160101394,0.565,0.08499999999999996,0.43714587819184925,0.6448541218081508
frontier_exploration,small,medium,0.0,collision_rate,10,0.0,0.0,0.0,0.0,0.0,0.0
frontier_exploration,small,medium,0.0,near_miss_rate,10,0.035968752411888676,0.036794948613123726,0.02759609868043603,0.0585020670341394,0.009647231816654889,0.06229027300712246
frontier_exploration,small,medium,0.0,constraint_violations,10,3.2,3.2930904093942583,2.5,4.5,0.8442650336540543,5.5557349663459465
frontier_exploration,small,medium,0.0,time_to_inspect,10,88.4,33.03264378695044,94.0,38.0,64.76987014453604,112.03012985546397
frontier_exploration,small,medium,0.0,mission_duration,10,0.017470829994999805,0.017669419189722344,0.013408499988145195,0.0067283500102348626,0.00483088895314134,0.030110771036858268
frontier_exploration,small,medium,0.0,energy_usage,10,84.63999999999999,32.72074435447811,90.0,37.400000000000006,61.23298955752344,108.04701044247653
frontier_exploration,small,medium,0.0,robustness_score,10,0.6988151515151516,0.10785848790390606,0.6566363636363637,0.14209090909090905,0.621657837325539,0.7759724657047642
frontier_exploration,small,medium,0.0,success_rate,10,1.0,0.0,1.0,0.0,1.0,1.0
frontier_exploration,small,medium,0.0,safety_cost,10,3.45,3.483692166525497,3.0,4.625,0.9579167504000794,5.942083249599921
frontier_exploration,small,medium,0.0,path_length,10,83.7,32.64301865126242,89.0,37.25,60.34859117609022,107.05140882390978
frontier_exploration,small,medium,0.0,shield_interventions,10,0.0,0.0,0.0,0.0,0.0,0.0
frontier_exploration,small,medium,0.0,emergency_stops,10,0.0,0.0,0.0,0.0,0.0,0.0
frontier_exploration,small,medium,0.0,inference_latency_ms,10,0.0,0.0,0.0,0.0,0.0,0.0
frontier_exploration,small,medium,0.0,policy_latency_ms,10,0.0786948253921819,0.012708265761560342,0.07502496563175923,0.02049112345891936,0.06960387971673915,0.08778577106762464
frontier_exploration,small,medium,0.1,hazard_recall,10,1.0,0.0,1.0,0.0,1.0,1.0
frontier_exploration,small,medium,0.1,inspection_coverage,10,0.541,0.14517805160101394,0.565,0.08499999999999996,0.43714587819184925,0.6448541218081508
frontier_exploration,small,medium,0.1,collision_rate,10,0.0,0.0,0.0,0.0,0.0,0.0
frontier_exploration,small,medium,0.1,near_miss_rate,10,0.035968752411888676,0.036794948613123726,0.02759609868043603,0.0585020670341394,0.009647231816654889,0.06229027300712246
frontier_exploration,small,medium,0.1,constraint_violations,10,3.2,3.2930904093942583,2.5,4.5,0.8442650336540543,5.5557349663459465
frontier_exploration,small,medium,0.1,time_to_inspect,10,88.4,33.03264378695044,94.0,38.0,64.76987014453604,112.03012985546397
frontier_exploration,small,medium,0.1,mission_duration,10,0.01936243000382092,0.017483640395761516,0.013444299998809583,0.010409374990558717,0.006855387105205234,0.03186947290243661
frontier_exploration,small,medium,0.1,energy_usage,10,84.63999999999999,32.72074435447811,90.0,37.400000000000006,61.23298955752344,108.04701044247653
frontier_exploration,small,medium,0.1,robustness_score,10,0.6988151515151516,0.10785848790390606,0.6566363636363637,0.14209090909090905,0.621657837325539,0.7759724657047642
frontier_exploration,small,medium,0.1,success_rate,10,1.0,0.0,1.0,0.0,1.0,1.0
frontier_exploration,small,medium,0.1,safety_cost,10,3.45,3.483692166525497,3.0,4.625,0.9579167504000794,5.942083249599921
frontier_exploration,small,medium,0.1,path_length,10,83.7,32.64301865126242,89.0,37.25,60.34859117609022,107.05140882390978
frontier_exploration,small,medium,0.1,shield_interventions,10,0.0,0.0,0.0,0.0,0.0,0.0
frontier_exploration,small,medium,0.1,emergency_stops,10,0.0,0.0,0.0,0.0,0.0,0.0
frontier_exploration,small,medium,0.1,inference_latency_ms,10,0.0,0.0,0.0,0.0,0.0,0.0
frontier_exploration,small,medium,0.1,policy_latency_ms,10,0.07902447049580899,0.012428670959431185,0.0746633831417102,0.017237457772630527,0.07013353489294284,0.08791540609867514
frontier_exploration,small,medium,0.2,hazard_recall,10,1.0,0.0,1.0,0.0,1.0,1.0
frontier_exploration,small,medium,0.2,inspection_coverage,10,0.541,0.14517805160101394,0.565,0.08499999999999996,0.43714587819184925,0.6448541218081508
frontier_exploration,small,medium,0.2,collision_rate,10,0.0,0.0,0.0,0.0,0.0,0.0
frontier_exploration,small,medium,0.2,near_miss_rate,10,0.035968752411888676,0.036794948613123726,0.02759609868043603,0.0585020670341394,0.009647231816654889,0.06229027300712246
frontier_exploration,small,medium,0.2,constraint_violations,10,3.2,3.2930904093942583,2.5,4.5,0.8442650336540543,5.5557349663459465
frontier_exploration,small,medium,0.2,time_to_inspect,10,88.4,33.03264378695044,94.0,38.0,64.76987014453604,112.03012985546397
frontier_exploration,small,medium,0.2,mission_duration,10,0.017693550008698367,0.01476524834286706,0.01661775000684429,0.008636999998998363,0.007131127638256506,0.02825597237914023
frontier_exploration,small,medium,0.2,energy_usage,10,84.63999999999999,32.72074435447811,90.0,37.400000000000006,61.23298955752344,108.04701044247653
frontier_exploration,small,medium,0.2,robustness_score,10,0.6988151515151516,0.10785848790390606,0.6566363636363637,0.14209090909090905,0.621657837325539,0.7759724657047642
frontier_exploration,small,medium,0.2,success_rate,10,1.0,0.0,1.0,0.0,1.0,1.0
frontier_exploration,small,medium,0.2,safety_cost,10,3.45,3.483692166525497,3.0,4.625,0.9579167504000794,5.942083249599921
frontier_exploration,small,medium,0.2,path_length,10,83.7,32.64301865126242,89.0,37.25,60.34859117609022,107.05140882390978
frontier_exploration,small,medium,0.2,shield_interventions,10,0.0,0.0,0.0,0.0,0.0,0.0
frontier_exploration,small,medium,0.2,emergency_stops,10,0.0,0.0,0.0,0.0,0.0,0.0
frontier_exploration,small,medium,0.2,inference_latency_ms,10,0.0,0.0,0.0,0.0,0.0,0.0
frontier_exploration,small,medium,0.2,policy_latency_ms,10,0.08026714476544503,0.013248549906836988,0.0769757896686267,0.022003698070012068,0.07078970309549218,0.08974458643539787
risk_aware_astar,large,high,0.0,hazard_recall,10,1.0,0.0,1.0,0.0,1.0,1.0
risk_aware_astar,large,high,0.0,inspection_coverage,10,0.241796875,0.03959917788695766,0.240234375,0.046875,0.21346932962780402,0.270124420372196
risk_aware_astar,large,high,0.0,collision_rate,10,0.0,0.0,0.0,0.0,0.0,0.0
risk_aware_astar,large,high,0.0,near_miss_rate,10,0.04773515641935519,0.03724097163975168,0.033797670701073305,0.020739228358473735,0.02109457017180116,0.07437574266690922
risk_aware_astar,large,high,0.0,constraint_violations,10,4.5,2.6770630673681683,4.0,2.0,2.5849444470391703,6.41505555296083
risk_aware_astar,large,high,0.0,time_to_inspect,10,101.1,23.072109184515885,95.5,30.5,84.59520735954736,117.60479264045263
risk_aware_astar,large,high,0.0,mission_duration,10,0.218419550001272,0.2210296600158287,0.11086590000195429,0.2108103999926243,0.06030445628460085,0.37653464371794315
risk_aware_astar,large,high,0.0,energy_usage,10,87.98,23.05345479050326,82.70000000000002,30.299999999999997,71.48855190913099,104.47144809086902
risk_aware_astar,large,high,0.0,robustness_score,10,0.5348925423534798,0.026343287678781226,0.5393880208333334,0.029004979395604424,0.5160476895864917,0.5537373951204679
risk_aware_astar,large,high,0.0,success_rate,10,1.0,0.0,1.0,0.0,1.0,1.0
risk_aware_astar,large,high,0.0,safety_cost,10,4.7,2.6997942308422114,4.25,2.875,2.7686835522672655,6.631316447732734
risk_aware_astar,large,high,0.0,path_length,10,84.7,23.05090983984026,79.5,30.25,68.21037245716313,101.18962754283687
risk_aware_astar,large,high,0.0,shield_interventions,10,0.0,0.0,0.0,0.0,0.0,0.0
risk_aware_astar,large,high,0.0,emergency_stops,10,0.0,0.0,0.0,0.0,0.0,0.0
risk_aware_astar,large,high,0.0,inference_latency_ms,10,0.0,0.0,0.0,0.0,0.0,0.0
risk_aware_astar,large,high,0.0,policy_latency_ms,10,0.887518477611845,1.053643050980639,0.4178818567900623,0.1041722190406617,0.13378764466484383,1.6412493105588462
risk_aware_astar,large,high,0.1,hazard_recall,10,1.0,0.0,1.0,0.0,1.0,1.0
risk_aware_astar,large,high,0.1,inspection_coverage,10,0.241796875,0.03959917788695766,0.240234375,0.046875,0.21346932962780402,0.270124420372196
risk_aware_astar,large,high,0.1,collision_rate,10,0.0,0.0,0.0,0.0,0.0,0.0
risk_aware_astar,large,high,0.1,near_miss_rate,10,0.04773515641935519,0.03724097163975168,0.033797670701073305,0.020739228358473735,0.02109457017180116,0.07437574266690922
risk_aware_astar,large,high,0.1,constraint_violations,10,4.5,2.6770630673681683,4.0,2.0,2.5849444470391703,6.41505555296083
risk_aware_astar,large,high,0.1,time_to_inspect,10,101.1,23.072109184515885,95.5,30.5,84.59520735954736,117.60479264045263
risk_aware_astar,large,high,0.1,mission_duration,10,0.2691243199980818,0.26318207179781206,0.17698289999680128,0.18199677499796962,0.08085520740984964,0.45739343258631393
risk_aware_astar,large,high,0.1,energy_usage,10,87.98,23.05345479050326,82.70000000000002,30.299999999999997,71.48855190913099,104.47144809086902
risk_aware_astar,large,high,0.1,robustness_score,10,0.5348925423534798,0.026343287678781226,0.5393880208333334,0.029004979395604424,0.5160476895864917,0.5537373951204679
risk_aware_astar,large,high,0.1,success_rate,10,1.0,0.0,1.0,0.0,1.0,1.0
risk_aware_astar,large,high,0.1,safety_cost,10,4.7,2.6997942308422114,4.25,2.875,2.7686835522672655,6.631316447732734
risk_aware_astar,large,high,0.1,path_length,10,84.7,23.05090983984026,79.5,30.25,68.21037245716313,101.18962754283687
risk_aware_astar,large,high,0.1,shield_interventions,10,0.0,0.0,0.0,0.0,0.0,0.0
risk_aware_astar,large,high,0.1,emergency_stops,10,0.0,0.0,0.0,0.0,0.0,0.0
risk_aware_astar,large,high,0.1,inference_latency_ms,10,0.0,0.0,0.0,0.0,0.0,0.0
risk_aware_astar,large,high,0.1,policy_latency_ms,10,0.8040254611060998,0.9634717722747498,0.42628630789757593,0.3214895427804897,0.11479927510156207,1.4932516471106376
risk_aware_astar,large,high,0.2,hazard_recall,10,1.0,0.0,1.0,0.0,1.0,1.0
risk_aware_astar,large,high,0.2,inspection_coverage,10,0.241796875,0.03959917788695766,0.240234375,0.046875,0.21346932962780402,0.270124420372196
risk_aware_astar,large,high,0.2,collision_rate,10,0.0,0.0,0.0,0.0,0.0,0.0
risk_aware_astar,large,high,0.2,near_miss_rate,10,0.04773515641935519,0.03724097163975168,0.033797670701073305,0.020739228358473735,0.02109457017180116,0.07437574266690922
risk_aware_astar,large,high,0.2,constraint_violations,10,4.5,2.6770630673681683,4.0,2.0,2.5849444470391703,6.41505555296083
risk_aware_astar,large,high,0.2,time_to_inspect,10,101.1,23.072109184515885,95.5,30.5,84.59520735954736,117.60479264045263
risk_aware_astar,large,high,0.2,mission_duration,10,0.17719776000012644,0.12566280621908255,0.1728722999978345,0.1616204999954789,0.08730400374765236,0.2670915162526005
risk_aware_astar,large,high,0.2,energy_usage,10,87.98,23.05345479050326,82.70000000000002,30.299999999999997,71.48855190913099,104.47144809086902
risk_aware_astar,large,high,0.2,robustness_score,10,0.5348925423534798,0.026343287678781226,0.5393880208333334,0.029004979395604424,0.5160476895864917,0.5537373951204679
risk_aware_astar,large,high,0.2,success_rate,10,1.0,0.0,1.0,0.0,1.0,1.0
risk_aware_astar,large,high,0.2,safety_cost,10,4.7,2.6997942308422114,4.25,2.875,2.7686835522672655,6.631316447732734
risk_aware_astar,large,high,0.2,path_length,10,84.7,23.05090983984026,79.5,30.25,68.21037245716313,101.18962754283687
risk_aware_astar,large,high,0.2,shield_interventions,10,0.0,0.0,0.0,0.0,0.0,0.0
risk_aware_astar,large,high,0.2,emergency_stops,10,0.0,0.0,0.0,0.0,0.0,0.0
risk_aware_astar,large,high,0.2,inference_latency_ms,10,0.0,0.0,0.0,0.0,0.0,0.0
risk_aware_astar,large,high,0.2,policy_latency_ms,10,1.087745020461914,0.9931183963107807,0.6024817261815416,0.8804524349897946,0.3773109172144855,1.7981791237093423
risk_aware_astar,large,low,0.0,hazard_recall,10,1.0,0.0,1.0,0.0,1.0,1.0
risk_aware_astar,large,low,0.0,inspection_coverage,10,0.167578125,0.02251136022046856,0.1640625,0.033203125,0.1514744680034945,0.18368178199650548
risk_aware_astar,large,low,0.0,collision_rate,10,0.0,0.0,0.0,0.0,0.0,0.0
risk_aware_astar,large,low,0.0,near_miss_rate,10,0.0118560762908589,0.01847454952070804,0.005434782608695652,0.015692640692640692,-0.0013598202934766296,0.02507197287519443
risk_aware_astar,large,low,0.0,constraint_violations,10,0.7,0.9486832980505138,0.5,1.0,0.021352851160538533,1.3786471488394614
risk_aware_astar,large,low,0.0,time_to_inspect,10,60.6,14.515891674682306,58.0,16.0,50.21595664419394,70.98404335580607
risk_aware_astar,large,low,0.0,mission_duration,10,0.11844394000654575,0.22084937249549977,0.025590700010070577,0.019859524982166477,-0.03954218378739775,0.27643006380048923
risk_aware_astar,large,low,0.0,energy_usage,10,54.36,14.549165688183715,51.60000000000001,15.799999999999997,43.95215384884634,64.76784615115366
risk_aware_astar,large,low,0.0,robustness_score,10,0.6662734375,0.0920987025994819,0.6736328125000001,0.14384765625000007,0.6003899945645222,0.7321568804354778
risk_aware_astar,large,low,0.0,success_rate,10,1.0,0.0,1.0,0.0,1.0,1.0
risk_aware_astar,large,low,0.0,safety_cost,10,0.8,1.2292725943057183,0.5,1.0,-0.07936863965707064,1.6793686396570706
risk_aware_astar,large,low,0.0,path_length,10,52.8,14.558693470073322,50.0,15.75,42.38533808427302,63.21466191572697
risk_aware_astar,large,low,0.0,shield_interventions,10,0.0,0.0,0.0,0.0,0.0,0.0
risk_aware_astar,large,low,0.0,emergency_stops,10,0.0,0.0,0.0,0.0,0.0,0.0
risk_aware_astar,large,low,0.0,inference_latency_ms,10,0.0,0.0,0.0,0.0,0.0,0.0
risk_aware_astar,large,low,0.0,policy_latency_ms,10,1.3731956925637483,2.2917162051350695,0.36732045414144965,0.1777294332300213,-0.2661993213045082,3.0125907064320048
risk_aware_astar,large,low,0.1,hazard_recall,10,1.0,0.0,1.0,0.0,1.0,1.0
risk_aware_astar,large,low,0.1,inspection_coverage,10,0.167578125,0.02251136022046856,0.1640625,0.033203125,0.1514744680034945,0.18368178199650548
risk_aware_astar,large,low,0.1,collision_rate,10,0.0,0.0,0.0,0.0,0.0,0.0
risk_aware_astar,large,low,0.1,near_miss_rate,10,0.0118560762908589,0.01847454952070804,0.005434782608695652,0.015692640692640692,-0.0013598202934766296,0.02507197287519443
risk_aware_astar,large,low,0.1,constraint_violations,10,0.7,0.9486832980505138,0.5,1.0,0.021352851160538533,1.3786471488394614
risk_aware_astar,large,low,0.1,time_to_inspect,10,60.6,14.515891674682306,58.0,16.0,50.21595664419394,70.98404335580607
risk_aware_astar,large,low,0.1,mission_duration,10,0.0774357099988265,0.0784902715050039,0.03876779999700375,0.09983877502963878,0.021287152226209485,0.1335842677714435
risk_aware_astar,large,low,0.1,energy_usage,10,54.36,14.549165688183715,51.60000000000001,15.799999999999997,43.95215384884634,64.76784615115366
risk_aware_astar,large,low,0.1,robustness_score,10,0.6662734375,0.0920987025994819,0.6736328125000001,0.14384765625000007,0.6003899945645222,0.7321568804354778
risk_aware_astar,large,low,0.1,success_rate,10,1.0,0.0,1.0,0.0,1.0,1.0
risk_aware_astar,large,low,0.1,safety_cost,10,0.8,1.2292725943057183,0.5,1.0,-0.07936863965707064,1.6793686396570706
risk_aware_astar,large,low,0.1,path_length,10,52.8,14.558693470073322,50.0,15.75,42.38533808427302,63.21466191572697
risk_aware_astar,large,low,0.1,shield_interventions,10,0.0,0.0,0.0,0.0,0.0,0.0
risk_aware_astar,large,low,0.1,emergency_stops,10,0.0,0.0,0.0,0.0,0.0,0.0
risk_aware_astar,large,low,0.1,inference_latency_ms,10,0.0,0.0,0.0,0.0,0.0,0.0
risk_aware_astar,large,low,0.1,policy_latency_ms,10,0.3618751864310962,0.13298322304226565,0.37619446897720493,0.18101876990118462,0.26674471944957423,0.4570056534126181
risk_aware_astar,large,low,0.2,hazard_recall,10,1.0,0.0,1.0,0.0,1.0,1.0
risk_aware_astar,large,low,0.2,inspection_coverage,10,0.167578125,0.02251136022046856,0.1640625,0.033203125,0.1514744680034945,0.18368178199650548
risk_aware_astar,large,low,0.2,collision_rate,10,0.0,0.0,0.0,0.0,0.0,0.0
risk_aware_astar,large,low,0.2,near_miss_rate,10,0.0118560762908589,0.01847454952070804,0.005434782608695652,0.015692640692640692,-0.0013598202934766296,0.02507197287519443
risk_aware_astar,large,low,0.2,constraint_violations,10,0.7,0.9486832980505138,0.5,1.0,0.021352851160538533,1.3786471488394614
risk_aware_astar,large,low,0.2,time_to_inspect,10,60.6,14.515891674682306,58.0,16.0,50.21595664419394,70.98404335580607
risk_aware_astar,large,low,0.2,mission_duration,10,0.08469866000232287,0.11893237450009027,0.02609630000370089,0.0749808750115335,-0.00038043543980607886,0.16977775544445184
risk_aware_astar,large,low,0.2,energy_usage,10,54.36,14.549165688183715,51.60000000000001,15.799999999999997,43.95215384884634,64.76784615115366
risk_aware_astar,large,low,0.2,robustness_score,10,0.6662734375,0.0920987025994819,0.6736328125000001,0.14384765625000007,0.6003899945645222,0.7321568804354778
risk_aware_astar,large,low,0.2,success_rate,10,1.0,0.0,1.0,0.0,1.0,1.0
risk_aware_astar,large,low,0.2,safety_cost,10,0.8,1.2292725943057183,0.5,1.0,-0.07936863965707064,1.6793686396570706
risk_aware_astar,large,low,0.2,path_length,10,52.8,14.558693470073322,50.0,15.75,42.38533808427302,63.21466191572697
risk_aware_astar,large,low,0.2,shield_interventions,10,0.0,0.0,0.0,0.0,0.0,0.0
risk_aware_astar,large,low,0.2,emergency_stops,10,0.0,0.0,0.0,0.0,0.0,0.0
risk_aware_astar,large,low,0.2,inference_latency_ms,10,0.0,0.0,0.0,0.0,0.0,0.0
risk_aware_astar,large,low,0.2,policy_latency_ms,10,0.4775076122988593,0.46551052243006585,0.37668325709422457,0.18440287610373055,0.14450144527649972,0.8105137793212189
risk_aware_astar,large,medium,0.0,hazard_recall,10,1.0,0.0,1.0,0.0,1.0,1.0
risk_aware_astar,large,medium,0.0,inspection_coverage,10,0.215234375,0.03605854087765747,0.205078125,0.0615234375,0.18943964876394223,0.24102910123605778
risk_aware_astar,large,medium,0.0,collision_rate,10,0.0,0.0,0.0,0.0,0.0,0.0
risk_aware_astar,large,medium,0.0,near_miss_rate,10,0.025047474667039882,0.022296888327805988,0.019798136645962732,0.0220734126984127,0.009097241620087165,0.040997707713992596
risk_aware_astar,large,medium,0.0,constraint_violations,10,1.9,1.3703203194062976,2.0,2.0,0.9197318961207779,2.8802681038792217
risk_aware_astar,large,medium,0.0,time_to_inspect,10,85.0,24.26245384677046,80.5,18.25,67.64368608491823,102.35631391508177
risk_aware_astar,large,medium,0.0,mission_duration,10,0.1523544799973024,0.2637626223805958,0.05894669999543112,0.057661424987600185,-0.0363299334595894,0.3410388934541942
risk_aware_astar,large,medium,0.0,energy_usage,10,74.92,24.048876157617933,70.10000000000001,18.64999999999999,57.71647035981475,92.12352964018525
risk_aware_astar,large,medium,0.0,robustness_score,10,0.5870703125000001,0.07743476555920603,0.5673828125,0.07060546874999996,0.5316768181950027,0.6424638068049975
risk_aware_astar,large,medium,0.0,success_rate,10,1.0,0.0,1.0,0.0,1.0,1.0
risk_aware_astar,large,medium,0.0,safety_cost,10,2.1,1.449137674618944,2.0,2.0,1.0633493567590686,3.1366506432409316
risk_aware_astar,large,medium,0.0,path_length,10,72.4,23.99629601047258,67.5,18.75,55.23408393119213,89.56591606880788
risk_aware_astar,large,medium,0.0,shield_interventions,10,0.0,0.0,0.0,0.0,0.0,0.0
risk_aware_astar,large,medium,0.0,emergency_stops,10,0.0,0.0,0.0,0.0,0.0,0.0
risk_aware_astar,large,medium,0.0,inference_latency_ms,10,0.0,0.0,0.0,0.0,0.0,0.0
risk_aware_astar,large,medium,0.0,policy_latency_ms,10,0.9561549819110438,1.880224950601257,0.33302070677922474,0.23075732410258282,-0.38887692127991724,2.3011868851020045
risk_aware_astar,large,medium,0.1,hazard_recall,10,1.0,0.0,1.0,0.0,1.0,1.0
risk_aware_astar,large,medium,0.1,inspection_coverage,10,0.215234375,0.03605854087765747,0.205078125,0.0615234375,0.18943964876394223,0.24102910123605778
risk_aware_astar,large,medium,0.1,collision_rate,10,0.0,0.0,0.0,0.0,0.0,0.0
risk_aware_astar,large,medium,0.1,near_miss_rate,10,0.025047474667039882,0.022296888327805988,0.019798136645962732,0.0220734126984127,0.009097241620087165,0.040997707713992596
risk_aware_astar,large,medium,0.1,constraint_violations,10,1.9,1.3703203194062976,2.0,2.0,0.9197318961207779,2.8802681038792217
risk_aware_astar,large,medium,0.1,time_to_inspect,10,85.0,24.26245384677046,80.5,18.25,67.64368608491823,102.35631391508177
risk_aware_astar,large,medium,0.1,mission_duration,10,0.16499521000368986,0.2559817404717701,0.04381630000716541,0.17975319999095518,-0.018123095845181264,0.348113515852561
risk_aware_astar,large,medium,0.1,energy_usage,10,74.92,24.048876157617933,70.10000000000001,18.64999999999999,57.71647035981475,92.12352964018525
risk_aware_astar,large,medium,0.1,robustness_score,10,0.5870703125000001,0.07743476555920603,0.5673828125,0.07060546874999996,0.5316768181950027,0.6424638068049975
risk_aware_astar,large,medium,0.1,success_rate,10,1.0,0.0,1.0,0.0,1.0,1.0
risk_aware_astar,large,medium,0.1,safety_cost,10,2.1,1.449137674618944,2.0,2.0,1.0633493567590686,3.1366506432409316
risk_aware_astar,large,medium,0.1,path_length,10,72.4,23.99629601047258,67.5,18.75,55.23408393119213,89.56591606880788
risk_aware_astar,large,medium,0.1,shield_interventions,10,0.0,0.0,0.0,0.0,0.0,0.0
risk_aware_astar,large,medium,0.1,emergency_stops,10,0.0,0.0,0.0,0.0,0.0,0.0
risk_aware_astar,large,medium,0.1,inference_latency_ms,10,0.0,0.0,0.0,0.0,0.0,0.0
risk_aware_astar,large,medium,0.1,policy_latency_ms,10,0.7246906401018365,1.01846757474717,0.3273076381630763,0.1612845074414634,-0.0038771730007457483,1.4532584532044188
risk_aware_astar,large,medium,0.2,hazard_recall,10,1.0,0.0,1.0,0.0,1.0,1.0
risk_aware_astar,large,medium,0.2,inspection_coverage,10,0.215234375,0.03605854087765747,0.205078125,0.0615234375,0.18943964876394223,0.24102910123605778
risk_aware_astar,large,medium,0.2,collision_rate,10,0.0,0.0,0.0,0.0,0.0,0.0
risk_aware_astar,large,medium,0.2,near_miss_rate,10,0.025047474667039882,0.022296888327805988,0.019798136645962732,0.0220734126984127,0.009097241620087165,0.040997707713992596
risk_aware_astar,large,medium,0.2,constraint_violations,10,1.9,1.3703203194062976,2.0,2.0,0.9197318961207779,2.8802681038792217
risk_aware_astar,large,medium,0.2,time_to_inspect,10,85.0,24.26245384677046,80.5,18.25,67.64368608491823,102.35631391508177
risk_aware_astar,large,medium,0.2,mission_duration,10,0.12281468999572098,0.1830503890673163,0.04230725001252722,0.11609255002258578,-0.008131669964200783,0.25376104995564275
risk_aware_astar,large,medium,0.2,energy_usage,10,74.92,24.048876157617933,70.10000000000001,18.64999999999999,57.71647035981475,92.12352964018525
risk_aware_astar,large,medium,0.2,robustness_score,10,0.5870703125000001,0.07743476555920603,0.5673828125,0.07060546874999996,0.5316768181950027,0.6424638068049975
risk_aware_astar,large,medium,0.2,success_rate,10,1.0,0.0,1.0,0.0,1.0,1.0
risk_aware_astar,large,medium,0.2,safety_cost,10,2.1,1.449137674618944,2.0,2.0,1.0633493567590686,3.1366506432409316
risk_aware_astar,large,medium,0.2,path_length,10,72.4,23.99629601047258,67.5,18.75,55.23408393119213,89.56591606880788
risk_aware_astar,large,medium,0.2,shield_interventions,10,0.0,0.0,0.0,0.0,0.0,0.0
risk_aware_astar,large,medium,0.2,emergency_stops,10,0.0,0.0,0.0,0.0,0.0,0.0
risk_aware_astar,large,medium,0.2,inference_latency_ms,10,0.0,0.0,0.0,0.0,0.0,0.0
risk_aware_astar,large,medium,0.2,policy_latency_ms,10,1.14461757928539,2.0302983984106744,0.32401471089726347,0.7374304673863283,-0.3077704011988658,2.597005559769646
risk_aware_astar,medium,high,0.0,hazard_recall,10,1.0,0.0,1.0,0.0,1.0,1.0
risk_aware_astar,medium,high,0.0,inspection_coverage,10,0.2913265306122449,0.06469071216960508,0.2755102040816326,0.05739795918367349,0.2450495829095574,0.3376034783149324
risk_aware_astar,medium,high,0.0,collision_rate,10,0.0,0.0,0.0,0.0,0.0,0.0
risk_aware_astar,medium,high,0.0,near_miss_rate,10,0.06217580543502389,0.03234774765081436,0.053428227746591825,0.04226080785518173,0.0390356207604175,0.08531599010963029
risk_aware_astar,medium,high,0.0,constraint_violations,10,5.3,1.888562063228706,5.0,3.0,3.949004085715138,6.650995914284861
risk_aware_astar,medium,high,0.0,time_to_inspect,10,94.2,25.380657552115895,86.5,35.5,76.0437713420174,112.35622865798261
risk_aware_astar,medium,high,0.0,mission_duration,10,0.14404910999874118,0.1407036684963464,0.08053919998928905,0.18841710000560852,0.04339576904447273,0.24470245095300963
risk_aware_astar,medium,high,0.0,energy_usage,10,83.4,25.359635468813646,75.30000000000001,34.90000000000002,65.25880963448554,101.54119036551447
risk_aware_astar,medium,high,0.0,robustness_score,10,0.5341133271490415,0.025655937882823433,0.5364795918367348,0.03451955782312921,0.5157601748054094,0.5524664794926736
risk_aware_astar,medium,high,0.0,success_rate,10,1.0,0.0,1.0,0.0,1.0,1.0
risk_aware_astar,medium,high,0.0,safety_cost,10,6.1,2.2211108331943574,5.75,2.75,4.511113026548159,7.68888697345184
risk_aware_astar,medium,high,0.0,path_length,10,80.7,25.35547278202479,72.5,34.75,62.56178744122735,98.83821255877265
risk_aware_astar,medium,high,0.0,shield_interventions,10,0.0,0.0,0.0,0.0,0.0,0.0
risk_aware_astar,medium,high,0.0,emergency_stops,10,0.0,0.0,0.0,0.0,0.0,0.0
risk_aware_astar,medium,high,0.0,inference_latency_ms,10,0.0,0.0,0.0,0.0,0.0,0.0
risk_aware_astar,medium,high,0.0,policy_latency_ms,10,0.6445722527616566,0.9325062700404876,0.36084189679393985,0.18706436402078314,-0.02250254737275159,1.3116470528960649
risk_aware_astar,medium,high,0.1,hazard_recall,10,1.0,0.0,1.0,0.0,1.0,1.0
risk_aware_astar,medium,high,0.1,inspection_coverage,10,0.2913265306122449,0.06469071216960508,0.2755102040816326,0.05739795918367349,0.2450495829095574,0.3376034783149324
risk_aware_astar,medium,high,0.1,collision_rate,10,0.0,0.0,0.0,0.0,0.0,0.0
risk_aware_astar,medium,high,0.1,near_miss_rate,10,0.06217580543502389,0.03234774765081436,0.053428227746591825,0.04226080785518173,0.0390356207604175,0.08531599010963029
risk_aware_astar,medium,high,0.1,constraint_violations,10,5.3,1.888562063228706,5.0,3.0,3.949004085715138,6.650995914284861
risk_aware_astar,medium,high,0.1,time_to_inspect,10,94.2,25.380657552115895,86.5,35.5,76.0437713420174,112.35622865798261
risk_aware_astar,medium,high,0.1,mission_duration,10,0.17341559000196866,0.24461780006907216,0.06530825000663754,0.15586692497890908,-0.001573442600793451,0.34840462260473076
risk_aware_astar,medium,high,0.1,energy_usage,10,83.4,25.359635468813646,75.30000000000001,34.90000000000002,65.25880963448554,101.54119036551447
risk_aware_astar,medium,high,0.1,robustness_score,10,0.5341133271490415,0.025655937882823433,0.5364795918367348,0.03451955782312921,0.5157601748054094,0.5524664794926736
risk_aware_astar,medium,high,0.1,success_rate,10,1.0,0.0,1.0,0.0,1.0,1.0
risk_aware_astar,medium,high,0.1,safety_cost,10,6.1,2.2211108331943574,5.75,2.75,4.511113026548159,7.68888697345184
risk_aware_astar,medium,high,0.1,path_length,10,80.7,25.35547278202479,72.5,34.75,62.56178744122735,98.83821255877265
risk_aware_astar,medium,high,0.1,shield_interventions,10,0.0,0.0,0.0,0.0,0.0,0.0
risk_aware_astar,medium,high,0.1,emergency_stops,10,0.0,0.0,0.0,0.0,0.0,0.0
risk_aware_astar,medium,high,0.1,inference_latency_ms,10,0.0,0.0,0.0,0.0,0.0,0.0
risk_aware_astar,medium,high,0.1,policy_latency_ms,10,1.027225897842564,1.7163087100153103,0.3619648434610817,0.18319578081556048,-0.20054739064449123,2.254999186329619
risk_aware_astar,medium,high,0.2,hazard_recall,10,1.0,0.0,1.0,0.0,1.0,1.0
risk_aware_astar,medium,high,0.2,inspection_coverage,10,0.2913265306122449,0.06469071216960508,0.2755102040816326,0.05739795918367349,0.2450495829095574,0.3376034783149324
risk_aware_astar,medium,high,0.2,collision_rate,10,0.0,0.0,0.0,0.0,0.0,0.0
risk_aware_astar,medium,high,0.2,near_miss_rate,10,0.06217580543502389,0.03234774765081436,0.053428227746591825,0.04226080785518173,0.0390356207604175,0.08531599010963029
risk_aware_astar,medium,high,0.2,constraint_violations,10,5.3,1.888562063228706,5.0,3.0,3.949004085715138,6.650995914284861
risk_aware_astar,medium,high,0.2,time_to_inspect,10,94.2,25.380657552115895,86.5,35.5,76.0437713420174,112.35622865798261
risk_aware_astar,medium,high,0.2,mission_duration,10,0.10473975999921095,0.11673647531549032,0.042080449988134205,0.12588417499500792,0.021231516203600934,0.18824800379482098
risk_aware_astar,medium,high,0.2,energy_usage,10,83.4,25.359635468813646,75.30000000000001,34.90000000000002,65.25880963448554,101.54119036551447
risk_aware_astar,medium,high,0.2,robustness_score,10,0.5341133271490415,0.025655937882823433,0.5364795918367348,0.03451955782312921,0.5157601748054094,0.5524664794926736
risk_aware_astar,medium,high,0.2,success_rate,10,1.0,0.0,1.0,0.0,1.0,1.0
risk_aware_astar,medium,high,0.2,safety_cost,10,6.1,2.2211108331943574,5.75,2.75,4.511113026548159,7.68888697345184
risk_aware_astar,medium,high,0.2,path_length,10,80.7,25.35547278202479,72.5,34.75,62.56178744122735,98.83821255877265
risk_aware_astar,medium,high,0.2,shield_interventions,10,0.0,0.0,0.0,0.0,0.0,0.0
risk_aware_astar,medium,high,0.2,emergency_stops,10,0.0,0.0,0.0,0.0,0.0,0.0
risk_aware_astar,medium,high,0.2,inference_latency_ms,10,0.0,0.0,0.0,0.0,0.0,0.0
risk_aware_astar,medium,high,0.2,policy_latency_ms,10,0.6173593760722194,0.8547486710334639,0.36208444741389123,0.18717660710206047,0.005909011379183204,1.2288097407652554
risk_aware_astar,medium,low,0.0,hazard_recall,10,1.0,0.0,1.0,0.0,1.0,1.0
risk_aware_astar,medium,low,0.0,inspection_coverage,10,0.1520408163265306,0.026434502350646864,0.15816326530612246,0.03316326530612243,0.1331307125140976,0.1709509201389636
risk_aware_astar,medium,low,0.0,collision_rate,10,0.0,0.0,0.0,0.0,0.0,0.0
risk_aware_astar,medium,low,0.0,near_miss_rate,10,0.01817822459792087,0.02690438787795828,0.0,0.03356313497822932,-0.0010680150714900243,0.03742446426733176
risk_aware_astar,medium,low,0.0,constraint_violations,10,0.8,1.1352924243950935,0.0,1.75,-0.012139276087208772,1.6121392760872089
risk_aware_astar,medium,low,0.0,time_to_inspect,10,43.0,8.055363982396381,43.0,9.5,37.23753974508539,48.76246025491461
risk_aware_astar,medium,low,0.0,mission_duration,10,0.015463150004507042,0.0054642583012168644,0.01427904999582097,0.0045162500100559555,0.011554255092724026,0.01937204491629006
risk_aware_astar,medium,low,0.0,energy_usage,10,38.36,7.687681343841227,38.2,9.5,32.86056405978134,43.85943594021866
risk_aware_astar,medium,low,0.0,robustness_score,10,0.6681122448979593,0.09975363295491647,0.7336734693877551,0.18482142857142847,0.5967527946679969,0.7394716951279217
risk_aware_astar,medium,low,0.0,success_rate,10,1.0,0.0,1.0,0.0,1.0,1.0
risk_aware_astar,medium,low,0.0,safety_cost,10,0.8,1.1352924243950935,0.0,1.75,-0.012139276087208772,1.6121392760872089
risk_aware_astar,medium,low,0.0,path_length,10,37.2,7.598245411496875,37.0,9.5,31.764542671625797,42.63545732837421
risk_aware_astar,medium,low,0.0,shield_interventions,10,0.0,0.0,0.0,0.0,0.0,0.0
risk_aware_astar,medium,low,0.0,emergency_stops,10,0.0,0.0,0.0,0.0,0.0,0.0
risk_aware_astar,medium,low,0.0,inference_latency_ms,10,0.0,0.0,0.0,0.0,0.0,0.0
risk_aware_astar,medium,low,0.0,policy_latency_ms,10,0.2668048061743606,0.07162093057473687,0.277614448415347,0.05020292081837899,0.21557027887567703,0.31803933347304414
risk_aware_astar,medium,low,0.1,hazard_recall,10,1.0,0.0,1.0,0.0,1.0,1.0
risk_aware_astar,medium,low,0.1,inspection_coverage,10,0.1520408163265306,0.026434502350646864,0.15816326530612246,0.03316326530612243,0.1331307125140976,0.1709509201389636
risk_aware_astar,medium,low,0.1,collision_rate,10,0.0,0.0,0.0,0.0,0.0,0.0
risk_aware_astar,medium,low,0.1,near_miss_rate,10,0.01817822459792087,0.02690438787795828,0.0,0.03356313497822932,-0.0010680150714900243,0.03742446426733176
risk_aware_astar,medium,low,0.1,constraint_violations,10,0.8,1.1352924243950935,0.0,1.75,-0.012139276087208772,1.6121392760872089
risk_aware_astar,medium,low,0.1,time_to_inspect,10,43.0,8.055363982396381,43.0,9.5,37.23753974508539,48.76246025491461
risk_aware_astar,medium,low,0.1,mission_duration,10,0.023219949996564536,0.024754058231945826,0.014928250006050803,0.004933374984830152,0.00551196348954211,0.04092793650358696
risk_aware_astar,medium,low,0.1,energy_usage,10,38.36,7.687681343841227,38.2,9.5,32.86056405978134,43.85943594021866
risk_aware_astar,medium,low,0.1,robustness_score,10,0.6681122448979593,0.09975363295491647,0.7336734693877551,0.18482142857142847,0.5967527946679969,0.7394716951279217
risk_aware_astar,medium,low,0.1,success_rate,10,1.0,0.0,1.0,0.0,1.0,1.0
risk_aware_astar,medium,low,0.1,safety_cost,10,0.8,1.1352924243950935,0.0,1.75,-0.012139276087208772,1.6121392760872089
risk_aware_astar,medium,low,0.1,path_length,10,37.2,7.598245411496875,37.0,9.5,31.764542671625797,42.63545732837421
risk_aware_astar,medium,low,0.1,shield_interventions,10,0.0,0.0,0.0,0.0,0.0,0.0
risk_aware_astar,medium,low,0.1,emergency_stops,10,0.0,0.0,0.0,0.0,0.0,0.0
risk_aware_astar,medium,low,0.1,inference_latency_ms,10,0.0,0.0,0.0,0.0,0.0,0.0
risk_aware_astar,medium,low,0.1,policy_latency_ms,10,0.2662885890005113,0.06931226738391101,0.27376704345672787,0.052898116421492974,0.21670557985894529,0.31587159814207727
risk_aware_astar,medium,low,0.2,hazard_recall,10,1.0,0.0,1.0,0.0,1.0,1.0
risk_aware_astar,medium,low,0.2,inspection_coverage,10,0.1520408163265306,0.026434502350646864,0.15816326530612246,0.03316326530612243,0.1331307125140976,0.1709509201389636
risk_aware_astar,medium,low,0.2,collision_rate,10,0.0,0.0,0.0,0.0,0.0,0.0
risk_aware_astar,medium,low,0.2,near_miss_rate,10,0.01817822459792087,0.02690438787795828,0.0,0.03356313497822932,-0.0010680150714900243,0.03742446426733176
risk_aware_astar,medium,low,0.2,constraint_violations,10,0.8,1.1352924243950935,0.0,1.75,-0.012139276087208772,1.6121392760872089
risk_aware_astar,medium,low,0.2,time_to_inspect,10,43.0,8.055363982396381,43.0,9.5,37.23753974508539,48.76246025491461
risk_aware_astar,medium,low,0.2,mission_duration,10,0.015225210002972745,0.005150823258704679,0.014151299998047762,0.00418397498287959,0.01154053301342403,0.01890988699252146
risk_aware_astar,medium,low,0.2,energy_usage,10,38.36,7.687681343841227,38.2,9.5,32.86056405978134,43.85943594021866
risk_aware_astar,medium,low,0.2,robustness_score,10,0.6681122448979593,0.09975363295491647,0.7336734693877551,0.18482142857142847,0.5967527946679969,0.7394716951279217
risk_aware_astar,medium,low,0.2,success_rate,10,1.0,0.0,1.0,0.0,1.0,1.0
risk_aware_astar,medium,low,0.2,safety_cost,10,0.8,1.1352924243950935,0.0,1.75,-0.012139276087208772,1.6121392760872089
risk_aware_astar,medium,low,0.2,path_length,10,37.2,7.598245411496875,37.0,9.5,31.764542671625797,42.63545732837421
risk_aware_astar,medium,low,0.2,shield_interventions,10,0.0,0.0,0.0,0.0,0.0,0.0
risk_aware_astar,medium,low,0.2,emergency_stops,10,0.0,0.0,0.0,0.0,0.0,0.0
risk_aware_astar,medium,low,0.2,inference_latency_ms,10,0.0,0.0,0.0,0.0,0.0,0.0
risk_aware_astar,medium,low,0.2,policy_latency_ms,10,0.26356606164515173,0.06928015876897109,0.2682755886992386,0.05843071786735121,0.21400602162302415,0.3131261016672793
risk_aware_astar,medium,medium,0.0,hazard_recall,10,1.0,0.0,1.0,0.0,1.0,1.0
risk_aware_astar,medium,medium,0.0,inspection_coverage,10,0.19846938775510203,0.02767984495016838,0.1913265306122449,0.01658163265306123,0.17866841951380186,0.2182703559964022
risk_aware_astar,medium,medium,0.0,collision_rate,10,0.0,0.0,0.0,0.0,0.0,0.0
risk_aware_astar,medium,medium,0.0,near_miss_rate,10,0.020203211881767633,0.024803353210473816,0.00980392156862745,0.03090018656716418,0.0024599618714255325,0.037946461892109734
risk_aware_astar,medium,medium,0.0,constraint_violations,10,1.1,1.286683937707919,0.5,2.0,0.17956175935911178,2.0204382406408885
risk_aware_astar,medium,medium,0.0,time_to_inspect,10,58.0,9.030811456096044,58.0,12.25,51.5397466583627,64.4602533416373
risk_aware_astar,medium,medium,0.0,mission_duration,10,0.04709235999907833,0.054767529465655246,0.021564449998550117,0.032973649991618004,0.007914029572869977,0.08627069042528668
risk_aware_astar,medium,medium,0.0,energy_usage,10,50.160000000000004,8.997678712991608,50.0,12.849999999999994,43.723448394956215,56.59655160504379
risk_aware_astar,medium,medium,0.0,robustness_score,10,0.6457074829931975,0.10973224065055301,0.6166326530612245,0.19999999999999996,0.5672097668361895,0.7242051991502054
risk_aware_astar,medium,medium,0.0,success_rate,10,1.0,0.0,1.0,0.0,1.0,1.0
risk_aware_astar,medium,medium,0.0,safety_cost,10,1.25,1.3385315336840842,1.0,2.0,0.292472223519585,2.207527776480415
risk_aware_astar,medium,medium,0.0,path_length,10,48.2,8.991353871606014,48.0,13.0,41.767972913920566,54.63202708607944
risk_aware_astar,medium,medium,0.0,shield_interventions,10,0.0,0.0,0.0,0.0,0.0,0.0
risk_aware_astar,medium,medium,0.0,emergency_stops,10,0.0,0.0,0.0,0.0,0.0,0.0
risk_aware_astar,medium,medium,0.0,inference_latency_ms,10,0.0,0.0,0.0,0.0,0.0,0.0
risk_aware_astar,medium,medium,0.0,policy_latency_ms,10,0.21727671608742521,0.05153023400855668,0.21946952213470672,0.09588957954590993,0.1804142073231198,0.2541392248517306
risk_aware_astar,medium,medium,0.1,hazard_recall,10,1.0,0.0,1.0,0.0,1.0,1.0
risk_aware_astar,medium,medium,0.1,inspection_coverage,10,0.19846938775510203,0.02767984495016838,0.1913265306122449,0.01658163265306123,0.17866841951380186,0.2182703559964022
risk_aware_astar,medium,medium,0.1,collision_rate,10,0.0,0.0,0.0,0.0,0.0,0.0
risk_aware_astar,medium,medium,0.1,near_miss_rate,10,0.020203211881767633,0.024803353210473816,0.00980392156862745,0.03090018656716418,0.0024599618714255325,0.037946461892109734
risk_aware_astar,medium,medium,0.1,constraint_violations,10,1.1,1.286683937707919,0.5,2.0,0.17956175935911178,2.0204382406408885
risk_aware_astar,medium,medium,0.1,time_to_inspect,10,58.0,9.030811456096044,58.0,12.25,51.5397466583627,64.4602533416373
risk_aware_astar,medium,medium,0.1,mission_duration,10,0.04769706999650225,0.06626151875127932,0.020750399999087676,0.004723599973658565,0.0002964349576698999,0.0950977050353346
risk_aware_astar,medium,medium,0.1,energy_usage,10,50.160000000000004,8.997678712991608,50.0,12.849999999999994,43.723448394956215,56.59655160504379
risk_aware_astar,medium,medium,0.1,robustness_score,10,0.6457074829931975,0.10973224065055301,0.6166326530612245,0.19999999999999996,0.5672097668361895,0.7242051991502054
risk_aware_astar,medium,medium,0.1,success_rate,10,1.0,0.0,1.0,0.0,1.0,1.0
risk_aware_astar,medium,medium,0.1,safety_cost,10,1.25,1.3385315336840842,1.0,2.0,0.292472223519585,2.207527776480415
risk_aware_astar,medium,medium,0.1,path_length,10,48.2,8.991353871606014,48.0,13.0,41.767972913920566,54.63202708607944
risk_aware_astar,medium,medium,0.1,shield_interventions,10,0.0,0.0,0.0,0.0,0.0,0.0
risk_aware_astar,medium,medium,0.1,emergency_stops,10,0.0,0.0,0.0,0.0,0.0,0.0
risk_aware_astar,medium,medium,0.1,inference_latency_ms,10,0.0,0.0,0.0,0.0,0.0,0.0
risk_aware_astar,medium,medium,0.1,policy_latency_ms,10,0.21216316548183412,0.04864714310598274,0.214286109861751,0.09219017105714827,0.17736309570522615,0.24696323525844208
risk_aware_astar,medium,medium,0.2,hazard_recall,10,1.0,0.0,1.0,0.0,1.0,1.0
risk_aware_astar,medium,medium,0.2,inspection_coverage,10,0.19846938775510203,0.02767984495016838,0.1913265306122449,0.01658163265306123,0.17866841951380186,0.2182703559964022
risk_aware_astar,medium,medium,0.2,collision_rate,10,0.0,0.0,0.0,0.0,0.0,0.0
risk_aware_astar,medium,medium,0.2,near_miss_rate,10,0.020203211881767633,0.024803353210473816,0.00980392156862745,0.03090018656716418,0.0024599618714255325,0.037946461892109734
risk_aware_astar,medium,medium,0.2,constraint_violations,10,1.1,1.286683937707919,0.5,2.0,0.17956175935911178,2.0204382406408885
risk_aware_astar,medium,medium,0.2,time_to_inspect,10,58.0,9.030811456096044,58.0,12.25,51.5397466583627,64.4602533416373
risk_aware_astar,medium,medium,0.2,mission_duration,10,0.05402081999636721,0.10073851164909677,0.021602149994578212,0.009702875016955659,-0.01804317000902042,0.12608481000175484
risk_aware_astar,medium,medium,0.2,energy_usage,10,50.160000000000004,8.997678712991608,50.0,12.849999999999994,43.723448394956215,56.59655160504379
risk_aware_astar,medium,medium,0.2,robustness_score,10,0.6457074829931975,0.10973224065055301,0.6166326530612245,0.19999999999999996,0.5672097668361895,0.7242051991502054
risk_aware_astar,medium,medium,0.2,success_rate,10,1.0,0.0,1.0,0.0,1.0,1.0
risk_aware_astar,medium,medium,0.2,safety_cost,10,1.25,1.3385315336840842,1.0,2.0,0.292472223519585,2.207527776480415
risk_aware_astar,medium,medium,0.2,path_length,10,48.2,8.991353871606014,48.0,13.0,41.767972913920566,54.63202708607944
risk_aware_astar,medium,medium,0.2,shield_interventions,10,0.0,0.0,0.0,0.0,0.0,0.0
risk_aware_astar,medium,medium,0.2,emergency_stops,10,0.0,0.0,0.0,0.0,0.0,0.0
risk_aware_astar,medium,medium,0.2,inference_latency_ms,10,0.0,0.0,0.0,0.0,0.0,0.0
risk_aware_astar,medium,medium,0.2,policy_latency_ms,10,0.2145726830470988,0.04870994356916165,0.21721736251130996,0.08905691405787802,0.17972768852545767,0.24941767756873995
risk_aware_astar,small,high,0.0,hazard_recall,10,1.0,0.0,1.0,0.0,1.0,1.0
risk_aware_astar,small,high,0.0,inspection_coverage,10,0.192,0.03293090409394258,0.19,0.03,0.16844265033654054,0.21555734966345946
risk_aware_astar,small,high,0.0,collision_rate,10,0.0,0.0,0.0,0.0,0.0,0.0
risk_aware_astar,small,high,0.0,near_miss_rate,10,0.052634259259259256,0.045186294353670484,0.04083333333333333,0.02806712962962963,0.020309931538137822,0.0849585869803807
risk_aware_astar,small,high,0.0,constraint_violations,10,1.8,1.3984117975602022,2.0,1.0,0.7996364632244584,2.8003635367755417
risk_aware_astar,small,high,0.0,time_to_inspect,10,31.4,9.347608131376592,31.0,5.75,24.713123968912214,38.08687603108778
risk_aware_astar,small,high,0.0,mission_duration,10,0.007289770006900653,0.0047709419717180766,0.0049234500038437545,0.006504375007352792,0.0038768437194468272,0.01070269629435448
risk_aware_astar,small,high,0.0,energy_usage,10,26.040000000000003,9.111067750574332,25.799999999999997,5.75,19.522334763860044,32.55766523613996
risk_aware_astar,small,high,0.0,robustness_score,10,0.5890545454545455,0.06730489539391103,0.5675000000000001,0.05224999999999991,0.5409075237288781,0.6372015671802129
risk_aware_astar,small,high,0.0,success_rate,10,1.0,0.0,1.0,0.0,1.0,1.0
risk_aware_astar,small,high,0.0,safety_cost,10,1.9,1.4298407059684812,2.0,1.0,0.8771535765474763,2.9228464234525235
risk_aware_astar,small,high,0.0,path_length,10,24.7,9.05599862583421,24.5,5.75,18.22172884254865,31.17827115745135
risk_aware_astar,small,high,0.0,shield_interventions,10,0.0,0.0,0.0,0.0,0.0,0.0
risk_aware_astar,small,high,0.0,emergency_stops,10,0.0,0.0,0.0,0.0,0.0,0.0
risk_aware_astar,small,high,0.0,inference_latency_ms,10,0.0,0.0,0.0,0.0,0.0,0.0
risk_aware_astar,small,high,0.0,policy_latency_ms,10,0.09916276053026005,0.03814185617210181,0.0873708130166051,0.03166989652830429,0.0718777203110072,0.1264478007495129
risk_aware_astar,small,high,0.1,hazard_recall,10,1.0,0.0,1.0,0.0,1.0,1.0
risk_aware_astar,small,high,0.1,inspection_coverage,10,0.192,0.03293090409394258,0.19,0.03,0.16844265033654054,0.21555734966345946
risk_aware_astar,small,high,0.1,collision_rate,10,0.0,0.0,0.0,0.0,0.0,0.0
risk_aware_astar,small,high,0.1,near_miss_rate,10,0.052634259259259256,0.045186294353670484,0.04083333333333333,0.02806712962962963,0.020309931538137822,0.0849585869803807
risk_aware_astar,small,high,0.1,constraint_violations,10,1.8,1.3984117975602022,2.0,1.0,0.7996364632244584,2.8003635367755417
risk_aware_astar,small,high,0.1,time_to_inspect,10,31.4,9.347608131376592,31.0,5.75,24.713123968912214,38.08687603108778
risk_aware_astar,small,high,0.1,mission_duration,10,0.005608280000160448,0.002937583131693574,0.00496854999801144,0.0019152000168105587,0.0035068596200405174,0.007709700380280379
risk_aware_astar,small,high,0.1,energy_usage,10,26.040000000000003,9.111067750574332,25.799999999999997,5.75,19.522334763860044,32.55766523613996
risk_aware_astar,small,high,0.1,robustness_score,10,0.5890545454545455,0.06730489539391103,0.5675000000000001,0.05224999999999991,0.5409075237288781,0.6372015671802129
risk_aware_astar,small,high,0.1,success_rate,10,1.0,0.0,1.0,0.0,1.0,1.0
risk_aware_astar,small,high,0.1,safety_cost,10,1.9,1.4298407059684812,2.0,1.0,0.8771535765474763,2.9228464234525235
risk_aware_astar,small,high,0.1,path_length,10,24.7,9.05599862583421,24.5,5.75,18.22172884254865,31.17827115745135
risk_aware_astar,small,high,0.1,shield_interventions,10,0.0,0.0,0.0,0.0,0.0,0.0
risk_aware_astar,small,high,0.1,emergency_stops,10,0.0,0.0,0.0,0.0,0.0,0.0
risk_aware_astar,small,high,0.1,inference_latency_ms,10,0.0,0.0,0.0,0.0,0.0,0.0
risk_aware_astar,small,high,0.1,policy_latency_ms,10,0.10074241626238004,0.037402086906450964,0.0883421902290138,0.026158907091182,0.07398657509613536,0.1274982574286247
risk_aware_astar,small,high,0.2,hazard_recall,10,1.0,0.0,1.0,0.0,1.0,1.0
risk_aware_astar,small,high,0.2,inspection_coverage,10,0.192,0.03293090409394258,0.19,0.03,0.16844265033654054,0.21555734966345946
risk_aware_astar,small,high,0.2,collision_rate,10,0.0,0.0,0.0,0.0,0.0,0.0
risk_aware_astar,small,high,0.2,near_miss_rate,10,0.052634259259259256,0.045186294353670484,0.04083333333333333,0.02806712962962963,0.020309931538137822,0.0849585869803807
risk_aware_astar,small,high,0.2,constraint_violations,10,1.8,1.3984117975602022,2.0,1.0,0.7996364632244584,2.8003635367755417
risk_aware_astar,small,high,0.2,time_to_inspect,10,31.4,9.347608131376592,31.0,5.75,24.713123968912214,38.08687603108778
risk_aware_astar,small,high,0.2,mission_duration,10,0.005485610003233887,0.0029257752122583093,0.0046827000041957945,0.0017663750040810555,0.0033926364998271186,0.007578583506640656
risk_aware_astar,small,high,0.2,energy_usage,10,26.040000000000003,9.111067750574332,25.799999999999997,5.75,19.522334763860044,32.55766523613996
risk_aware_astar,small,high,0.2,robustness_score,10,0.5890545454545455,0.06730489539391103,0.5675000000000001,0.05224999999999991,0.5409075237288781,0.6372015671802129
risk_aware_astar,small,high,0.2,success_rate,10,1.0,0.0,1.0,0.0,1.0,1.0
risk_aware_astar,small,high,0.2,safety_cost,10,1.9,1.4298407059684812,2.0,1.0,0.8771535765474763,2.9228464234525235
risk_aware_astar,small,high,0.2,path_length,10,24.7,9.05599862583421,24.5,5.75,18.22172884254865,31.17827115745135
risk_aware_astar,small,high,0.2,shield_interventions,10,0.0,0.0,0.0,0.0,0.0,0.0
risk_aware_astar,small,high,0.2,emergency_stops,10,0.0,0.0,0.0,0.0,0.0,0.0
risk_aware_astar,small,high,0.2,inference_latency_ms,10,0.0,0.0,0.0,0.0,0.0,0.0
risk_aware_astar,small,high,0.2,policy_latency_ms,10,0.09837727174553183,0.03748688831579801,0.08532500029104995,0.027246945870097586,0.07156076730547471,0.12519377618558897
risk_aware_astar,small,low,0.0,hazard_recall,10,1.0,0.0,1.0,0.0,1.0,1.0
risk_aware_astar,small,low,0.0,inspection_coverage,10,0.15099999999999997,0.048407988321488155,0.155,0.035,0.11637101125007612,0.1856289887499238
risk_aware_astar,small,low,0.0,collision_rate,10,0.0,0.0,0.0,0.0,0.0,0.0
risk_aware_astar,small,low,0.0,near_miss_rate,10,0.025595238095238095,0.04507506826157436,0.0,0.03571428571428571,-0.006649523272778249,0.05783999946325444
risk_aware_astar,small,low,0.0,constraint_violations,10,0.5,0.8498365855987975,0.0,0.75,-0.10793647045462962,1.1079364704546295
risk_aware_astar,small,low,0.0,time_to_inspect,10,17.6,5.295700562196133,17.5,5.25,13.811684030880265,21.388315969119738
risk_aware_astar,small,low,0.0,mission_duration,10,0.0046880400012014435,0.005885996773901668,0.003246799999033101,0.0018980000168085098,0.00047745156046983227,0.008898628441933055
risk_aware_astar,small,low,0.0,energy_usage,10,15.199999999999998,5.295700562196132,15.099999999999998,5.25,11.411684030880263,18.988315969119732
risk_aware_astar,small,low,0.0,robustness_score,10,0.6803,0.0816075296090311,0.7240000000000001,0.12550000000000006,0.6219214901149741,0.7386785098850259
risk_aware_astar,small,low,0.0,success_rate,10,1.0,0.0,1.0,0.0,1.0,1.0
risk_aware_astar,small,low,0.0,safety_cost,10,0.55,0.8316649966583101,0.0,0.875,-0.044937298813591875,1.144937298813592
risk_aware_astar,small,low,0.0,path_length,10,14.6,5.295700562196133,14.5,5.25,10.811684030880265,18.388315969119734
risk_aware_astar,small,low,0.0,shield_interventions,10,0.0,0.0,0.0,0.0,0.0,0.0
risk_aware_astar,small,low,0.0,emergency_stops,10,0.0,0.0,0.0,0.0,0.0,0.0
risk_aware_astar,small,low,0.0,inference_latency_ms,10,0.0,0.0,0.0,0.0,0.0,0.0
risk_aware_astar,small,low,0.0,policy_latency_ms,10,0.09198079934354284,0.03413731832634758,0.10065272796894603,0.0457838688692159,0.06756043292747116,0.11640116575961451
risk_aware_astar,small,low,0.1,hazard_recall,10,1.0,0.0,1.0,0.0,1.0,1.0
risk_aware_astar,small,low,0.1,inspection_coverage,10,0.15099999999999997,0.048407988321488155,0.155,0.035,0.11637101125007612,0.1856289887499238
risk_aware_astar,small,low,0.1,collision_rate,10,0.0,0.0,0.0,0.0,0.0,0.0
risk_aware_astar,small,low,0.1,near_miss_rate,10,0.025595238095238095,0.04507506826157436,0.0,0.03571428571428571,-0.006649523272778249,0.05783999946325444
risk_aware_astar,small,low,0.1,constraint_violations,10,0.5,0.8498365855987975,0.0,0.75,-0.10793647045462962,1.1079364704546295
risk_aware_astar,small,low,0.1,time_to_inspect,10,17.6,5.295700562196133,17.5,5.25,13.811684030880265,21.388315969119738
risk_aware_astar,small,low,0.1,mission_duration,10,0.004964850004762411,0.00730495649486619,0.003048249986022711,0.002191875006246846,-0.00026080107165537755,0.010190501081180199
risk_aware_astar,small,low,0.1,energy_usage,10,15.199999999999998,5.295700562196132,15.099999999999998,5.25,11.411684030880263,18.988315969119732
risk_aware_astar,small,low,0.1,robustness_score,10,0.6803,0.0816075296090311,0.7240000000000001,0.12550000000000006,0.6219214901149741,0.7386785098850259
risk_aware_astar,small,low,0.1,success_rate,10,1.0,0.0,1.0,0.0,1.0,1.0
risk_aware_astar,small,low,0.1,safety_cost,10,0.55,0.8316649966583101,0.0,0.875,-0.044937298813591875,1.144937298813592
risk_aware_astar,small,low,0.1,path_length,10,14.6,5.295700562196133,14.5,5.25,10.811684030880265,18.388315969119734
risk_aware_astar,small,low,0.1,shield_interventions,10,0.0,0.0,0.0,0.0,0.0,0.0
risk_aware_astar,small,low,0.1,emergency_stops,10,0.0,0.0,0.0,0.0,0.0,0.0
risk_aware_astar,small,low,0.1,inference_latency_ms,10,0.0,0.0,0.0,0.0,0.0,0.0
risk_aware_astar,small,low,0.1,policy_latency_ms,10,0.09130893474790107,0.03323232668195679,0.09949535291152409,0.04953150237119991,0.0675359603544901,0.11508190914131204
risk_aware_astar,small,low,0.2,hazard_recall,10,1.0,0.0,1.0,0.0,1.0,1.0
risk_aware_astar,small,low,0.2,inspection_coverage,10,0.15099999999999997,0.048407988321488155,0.155,0.035,0.11637101125007612,0.1856289887499238
risk_aware_astar,small,low,0.2,collision_rate,10,0.0,0.0,0.0,0.0,0.0,0.0
risk_aware_astar,small,low,0.2,near_miss_rate,10,0.025595238095238095,0.04507506826157436,0.0,0.03571428571428571,-0.006649523272778249,0.05783999946325444
risk_aware_astar,small,low,0.2,constraint_violations,10,0.5,0.8498365855987975,0.0,0.75,-0.10793647045462962,1.1079364704546295
risk_aware_astar,small,low,0.2,time_to_inspect,10,17.6,5.295700562196133,17.5,5.25,13.811684030880265,21.388315969119738
risk_aware_astar,small,low,0.2,mission_duration,10,0.005259330003173091,0.006388364468556224,0.0029061000095680356,0.0024274000024888664,0.000689369362733781,0.0098292906436124
risk_aware_astar,small,low,0.2,energy_usage,10,15.199999999999998,5.295700562196132,15.099999999999998,5.25,11.411684030880263,18.988315969119732
risk_aware_astar,small,low,0.2,robustness_score,10,0.6803,0.0816075296090311,0.7240000000000001,0.12550000000000006,0.6219214901149741,0.7386785098850259
risk_aware_astar,small,low,0.2,success_rate,10,1.0,0.0,1.0,0.0,1.0,1.0
risk_aware_astar,small,low,0.2,safety_cost,10,0.55,0.8316649966583101,0.0,0.875,-0.044937298813591875,1.144937298813592
risk_aware_astar,small,low,0.2,path_length,10,14.6,5.295700562196133,14.5,5.25,10.811684030880265,18.388315969119734
risk_aware_astar,small,low,0.2,shield_interventions,10,0.0,0.0,0.0,0.0,0.0,0.0
risk_aware_astar,small,low,0.2,emergency_stops,10,0.0,0.0,0.0,0.0,0.0,0.0
risk_aware_astar,small,low,0.2,inference_latency_ms,10,0.0,0.0,0.0,0.0,0.0,0.0
risk_aware_astar,small,low,0.2,policy_latency_ms,10,0.09058899819488862,0.03270817758075525,0.09910657111807572,0.04733519881305184,0.06719097748078048,0.11398701890899676
risk_aware_astar,small,medium,0.0,hazard_recall,10,1.0,0.0,1.0,0.0,1.0,1.0
risk_aware_astar,small,medium,0.0,inspection_coverage,10,0.16899999999999998,0.04121757985239901,0.155,0.044999999999999984,0.13951471960518902,0.19848528039481095
risk_aware_astar,small,medium,0.0,collision_rate,10,0.0,0.0,0.0,0.0,0.0,0.0
risk_aware_astar,small,medium,0.0,near_miss_rate,10,0.08573707162093888,0.05908634332931089,0.07894736842105263,0.08532742228394402,0.04346924787176262,0.12800489537011514
risk_aware_astar,small,medium,0.0,constraint_violations,10,2.0,1.247219128924647,2.0,2.0,1.107793182865037,2.892206817134963
risk_aware_astar,small,medium,0.0,time_to_inspect,10,24.3,7.717944458640958,22.0,7.25,18.778915131613168,29.821084868386833
risk_aware_astar,small,medium,0.0,mission_duration,10,0.0038868300005560743,0.0018520048464202299,0.003437449995544739,0.0017446749843657017,0.0025619855437782227,0.005211674457333925
risk_aware_astar,small,medium,0.0,energy_usage,10,20.380000000000003,7.7071107138509145,18.0,7.4499999999999975,14.866665125766252,25.89333487423375
risk_aware_astar,small,medium,0.0,robustness_score,10,0.5712,0.06765237944407013,0.5595000000000001,0.06399999999999995,0.5228044031593366,0.6195955968406635
risk_aware_astar,small,medium,0.0,success_rate,10,1.0,0.0,1.0,0.0,1.0,1.0
risk_aware_astar,small,medium,0.0,safety_cost,10,2.05,1.2122064363978786,2.0,1.875,1.182839754260688,2.9171602457393115
risk_aware_astar,small,medium,0.0,path_length,10,19.4,7.7056977476266075,17.0,7.5,13.887675900912708,24.91232409908729
risk_aware_astar,small,medium,0.0,shield_interventions,10,0.0,0.0,0.0,0.0,0.0,0.0
risk_aware_astar,small,medium,0.0,emergency_stops,10,0.0,0.0,0.0,0.0,0.0,0.0
risk_aware_astar,small,medium,0.0,inference_latency_ms,10,0.0,0.0,0.0,0.0,0.0,0.0
risk_aware_astar,small,medium,0.0,policy_latency_ms,10,0.0896434870139383,0.0281241751380138,0.08905952442243384,0.033682896227336,0.06952466410423166,0.10976230992364494
risk_aware_astar,small,medium,0.1,hazard_recall,10,1.0,0.0,1.0,0.0,1.0,1.0
risk_aware_astar,small,medium,0.1,inspection_coverage,10,0.16899999999999998,0.04121757985239901,0.155,0.044999999999999984,0.13951471960518902,0.19848528039481095
risk_aware_astar,small,medium,0.1,collision_rate,10,0.0,0.0,0.0,0.0,0.0,0.0
risk_aware_astar,small,medium,0.1,near_miss_rate,10,0.08573707162093888,0.05908634332931089,0.07894736842105263,0.08532742228394402,0.04346924787176262,0.12800489537011514
risk_aware_astar,small,medium,0.1,constraint_violations,10,2.0,1.247219128924647,2.0,2.0,1.107793182865037,2.892206817134963
risk_aware_astar,small,medium,0.1,time_to_inspect,10,24.3,7.717944458640958,22.0,7.25,18.778915131613168,29.821084868386833
risk_aware_astar,small,medium,0.1,mission_duration,10,0.009175669998512603,0.008995572298449158,0.0042708999826572835,0.011137649991724174,0.0027406252316585934,0.015610714765366613
risk_aware_astar,small,medium,0.1,energy_usage,10,20.380000000000003,7.7071107138509145,18.0,7.4499999999999975,14.866665125766252,25.89333487423375
risk_aware_astar,small,medium,0.1,robustness_score,10,0.5712,0.06765237944407013,0.5595000000000001,0.06399999999999995,0.5228044031593366,0.6195955968406635
risk_aware_astar,small,medium,0.1,success_rate,10,1.0,0.0,1.0,0.0,1.0,1.0
risk_aware_astar,small,medium,0.1,safety_cost,10,2.05,1.2122064363978786,2.0,1.875,1.182839754260688,2.9171602457393115
risk_aware_astar,small,medium,0.1,path_length,10,19.4,7.7056977476266075,17.0,7.5,13.887675900912708,24.91232409908729
risk_aware_astar,small,medium,0.1,shield_interventions,10,0.0,0.0,0.0,0.0,0.0,0.0
risk_aware_astar,small,medium,0.1,emergency_stops,10,0.0,0.0,0.0,0.0,0.0,0.0
risk_aware_astar,small,medium,0.1,inference_latency_ms,10,0.0,0.0,0.0,0.0,0.0,0.0
risk_aware_astar,small,medium,0.1,policy_latency_ms,10,0.08953621567029661,0.028730051314994818,0.08677083314978518,0.03356351305066331,0.0689839750532235,0.11008845628736973
risk_aware_astar,small,medium,0.2,hazard_recall,10,1.0,0.0,1.0,0.0,1.0,1.0
risk_aware_astar,small,medium,0.2,inspection_coverage,10,0.16899999999999998,0.04121757985239901,0.155,0.044999999999999984,0.13951471960518902,0.19848528039481095
risk_aware_astar,small,medium,0.2,collision_rate,10,0.0,0.0,0.0,0.0,0.0,0.0
risk_aware_astar,small,medium,0.2,near_miss_rate,10,0.08573707162093888,0.05908634332931089,0.07894736842105263,0.08532742228394402,0.04346924787176262,0.12800489537011514
risk_aware_astar,small,medium,0.2,constraint_violations,10,2.0,1.247219128924647,2.0,2.0,1.107793182865037,2.892206817134963
risk_aware_astar,small,medium,0.2,time_to_inspect,10,24.3,7.717944458640958,22.0,7.25,18.778915131613168,29.821084868386833
risk_aware_astar,small,medium,0.2,mission_duration,10,0.027058660006150603,0.04559318006725043,0.005143550006323494,0.01364004996867152,-0.0055567362201210495,0.05967405623242225
risk_aware_astar,small,medium,0.2,energy_usage,10,20.380000000000003,7.7071107138509145,18.0,7.4499999999999975,14.866665125766252,25.89333487423375
risk_aware_astar,small,medium,0.2,robustness_score,10,0.5712,0.06765237944407013,0.5595000000000001,0.06399999999999995,0.5228044031593366,0.6195955968406635
risk_aware_astar,small,medium,0.2,success_rate,10,1.0,0.0,1.0,0.0,1.0,1.0
risk_aware_astar,small,medium,0.2,safety_cost,10,2.05,1.2122064363978786,2.0,1.875,1.182839754260688,2.9171602457393115
risk_aware_astar,small,medium,0.2,path_length,10,19.4,7.7056977476266075,17.0,7.5,13.887675900912708,24.91232409908729
risk_aware_astar,small,medium,0.2,shield_interventions,10,0.0,0.0,0.0,0.0,0.0,0.0
risk_aware_astar,small,medium,0.2,emergency_stops,10,0.0,0.0,0.0,0.0,0.0,0.0
risk_aware_astar,small,medium,0.2,inference_latency_ms,10,0.0,0.0,0.0,0.0,0.0,0.0
risk_aware_astar,small,medium,0.2,policy_latency_ms,10,0.08979253245484445,0.02703740525547001,0.0893625020537348,0.03113113654432223,0.07045113788581643,0.10913392702387247
