run_id,environment_size_name,environment_size,hazard_density_name,hazard_density,perception_noise,algorithm,evaluation_seed,checkpoint_path,checkpoint_sha256,shield_mode,benchmark_configuration_hash,configuration_hash,hazard_recall,inspection_coverage,collision_rate,collision_count,near_miss_rate,near_miss_count,constraint_violations,restricted_zone_violations,time_to_inspect,mission_duration,energy_usage,robustness_score,success,success_rate,safety_cost,path_length,shield_interventions,emergency_stops,inference_latency_ms,policy_latency_ms,episode_steps,terminated,truncated,failure_reason,started_at,completed_at,completed
small-low-n0.0-risk_aware_astar-s0-01eae611d44d,small,10,low,0.03,0.0,risk_aware_astar,0,,,disabled,66da6332362cbf876667b08f276bd50b7cdba93a73315a4f2302dc81e40e2eb2,01eae611d44d1b884acd2b6506acf96a51b204981ba622c5de62e263ac8a0e5d,1.0,0.17,0.0,0,0.047619047619047616,1,1,0,21,0.00463740000850521,18.599999999999998,0.601,True,1.0,1.0,18.0,0,0,0.0,0.147642856020303,21,True,False,,2026-07-29T17:16:38.096203+00:00,2026-07-29T17:16:38.101824+00:00,True
small-low-n0.0-risk_aware_astar-s1-d951df0bcd0e,small,10,low,0.03,0.0,risk_aware_astar,1,,,disabled,66da6332362cbf876667b08f276bd50b7cdba93a73315a4f2302dc81e40e2eb2,d951df0bcd0e1a06a2cf2e6b3f2676854531b03788a0b2834670272f5a9406a7,1.0,0.16,0.0,0,0.0,0,0,0,18,0.0031839000002946705,15.6,0.748,True,1.0,0.0,15.0,0,0,0.0,0.117777780461539,18,True,False,,2026-07-29T17:16:38.101824+00:00,2026-07-29T17:16:38.105144+00:00,True
small-low-n0.0-risk_aware_astar-s2-29c113d2abd2,small,10,low,0.03,0.0,risk_aware_astar,2,,,disabled,66da6332362cbf876667b08f276bd50b7cdba93a73315a4f2302dc81e40e2eb2,29c113d2abd277cbabfb3f88a549841b82edbf83319a32145b418599cf422534,1.0,0.16,0.0,0,0.0,0,0,0,19,0.0033096999977715313,16.599999999999998,0.748,True,1.0,0.0,16.0,0,0,0.0,0.11931052492735417,19,True,False,,2026-07-29T17:16:38.105144+00:00,2026-07-29T17:16:38.109240+00:00,True
small-low-n0.0-risk_aware_astar-s3-2f15ca35ba66,small,10,low,0.03,0.0,risk_aware_astar,3,,,disabled,66da6332362cbf876667b08f276bd50b7cdba93a73315a4f2302dc81e40e2eb2,2f15ca35ba663dfd2eccc892209c735cf0aa417084acc080dac2b9ee8da9758a,1.0,0.15,0.0,0,0.0,0,0,0,17,0.0027907999756280333,14.599999999999998,0.745,True,1.0,0.0,14.0,0,0,0.0,0.1059058790012975,17,True,False,,2026-07-29T17:16:38.109240+00:00,2026-07-29T17:16:38.112239+00:00,True
small-low-n0.0-risk_aware_astar-s4-84ab5b5cddcf,small,10,low,0.03,0.0,risk_aware_astar,4,,,disabled,66da6332362cbf876667b08f276bd50b7cdba93a73315a4f2302dc81e40e2eb2,84ab5b5cddcff2defe1db6d3f82d48618f22d2b20904eda20e4b8dbf3c5f7e99,1.0,0.21,0.0,0,0.08333333333333333,2,2,0,24,0.0038095000199973583,21.599999999999998,0.5630000000000001,True,1.0,2.0,21.0,0,0,0.0,0.10002083945437334,24,True,False,,2026-07-29T17:16:38.109240+00:00,2026-07-29T17:16:38.222656+00:00,True
small-low-n0.0-risk_aware_astar-s5-5a295452605b,small,10,low,0.03,0.0,risk_aware_astar,5,,,disabled,66da6332362cbf876667b08f276bd50b7cdba93a73315a4f2302dc81e40e2eb2,5a295452605b38e27d73ff79cbfb3478c16cf454fdd1bb6f9e0990da9f2af713,1.0,0.14,0.0,0,0.125,2,2,0,16,0.021071800001664087,13.6,0.542,True,1.0,2.0,13.0,0,0,0.0,0.06848124940006528,16,True,False,,2026-07-29T17:16:38.112239+00:00,2026-07-29T17:16:38.134147+00:00,True
small-low-n0.0-risk_aware_astar-s6-caba6d2b5706,small,10,low,0.03,0.0,risk_aware_astar,6,,,disabled,66da6332362cbf876667b08f276bd50b7cdba93a73315a4f2302dc81e40e2eb2,caba6d2b570697ca2196b4fc4fdf58cd3dc68807dc3f32c882936ae8960532ab,1.0,0.09,0.0,0,0.0,0,0,0,11,0.001202500017825514,8.6,0.7270000000000001,True,1.0,0.0,8.0,0,0,0.0,0.05109090918929062,11,True,False,,2026-07-29T17:16:38.112239+00:00,2026-07-29T17:16:38.118130+00:00,True
small-low-n0.0-risk_aware_astar-s7-6216bbaf7b65,small,10,low,0.03,0.0,risk_aware_astar,7,,,disabled,66da6332362cbf876667b08f276bd50b7cdba93a73315a4f2302dc81e40e2eb2,6216bbaf7b65df8ca983e821b3f1d686118c55f28f60d6bf51520756b208af2c,1.0,0.07,0.0,0,0.0,0,0,0,9,0.0008626999915577471,6.6000000000000005,0.7210000000000001,True,1.0,0.0,6.0,0,0,0.0,0.03763334178883168,9,True,False,,2026-07-29T17:16:38.118130+00:00,2026-07-29T17:16:38.119130+00:00,True
small-low-n0.0-risk_aware_astar-s8-fcd02d3d74e6,small,10,low,0.03,0.0,risk_aware_astar,8,,,disabled,66da6332362cbf876667b08f276bd50b7cdba93a73315a4f2302dc81e40e2eb2,fcd02d3d74e660719e963be07aa3c267eac632668bbd516a67359abff6106b54,1.0,0.23,0.0,0,0.0,0,0,0,26,0.0041016000031959265,23.599999999999998,0.669,True,1.0,0.5,23.0,0,0,0.0,0.1012846164835187,26,True,False,,2026-07-29T17:16:38.119130+00:00,2026-07-29T17:16:38.124129+00:00,True
small-low-n0.0-risk_aware_astar-s9-9152ffc59e7e,small,10,low,0.03,0.0,risk_aware_astar,9,,,disabled,66da6332362cbf876667b08f276bd50b7cdba93a73315a4f2302dc81e40e2eb2,9152ffc59e7e9fe6e5e93c88b439be26a0a24f62e960da588c1bf441f11ee89c,1.0,0.13,0.0,0,0.0,0,0,0,15,0.0019104999955743551,12.599999999999998,0.739,True,1.0,0.0,12.0,0,0,0.0,0.07065999670885503,15,True,False,,2026-07-29T17:16:38.124129+00:00,2026-07-29T17:16:38.126131+00:00,True
small-low-n0.0-frontier_exploration-s0-eb7f74f1a71a,small,10,low,0.03,0.0,frontier_exploration,0,,,disabled,66da6332362cbf876667b08f276bd50b7cdba93a73315a4f2302dc81e40e2eb2,eb7f74f1a71a1a83409eaa02671ded76c7c41e3fded83a1920117fd89a43c032,1.0,0.41,0.0,0,0.0,0,0,0,47,0.0056881999771576375,44.6,0.823,True,1.0,0.0,44.0,0,0,0.0,0.06395106221192536,47,True,False,,2026-07-29T17:16:38.126131+00:00,2026-07-29T17:16:38.132146+00:00,True
small-low-n0.0-frontier_exploration-s1-274722e016e1,small,10,low,0.03,0.0,frontier_exploration,1,,,disabled,66da6332362cbf876667b08f276bd50b7cdba93a73315a4f2302dc81e40e2eb2,274722e016e14c6db28fedd5cbcca243354ffebd31dbdf91b82f9bfeda19ed7d,1.0,0.65,0.0,0,0.011111111111111112,1,1,0,90,0.01148549999925308,87.60000000000001,0.695,True,1.0,2.0,87.0,0,0,0.0,0.06992888908522825,90,True,False,,2026-07-29T17:16:38.132146+00:00,2026-07-29T17:16:38.197863+00:00,True
small-low-n0.0-frontier_exploration-s2-8eef725ce1db,small,10,low,0.03,0.0,frontier_exploration,2,,,disabled,66da6332362cbf876667b08f276bd50b7cdba93a73315a4f2302dc81e40e2eb2,8eef725ce1db9d14993a337ec00970abb7371972a6327fa299ec21d1e45be515,1.0,0.49,0.0,0,0.0,0,0,0,61,0.007510099996579811,58.6,0.847,True,1.0,0.0,58.0,0,0,0.0,0.06590491746643894,61,True,False,,2026-07-29T17:16:38.134147+00:00,2026-07-29T17:16:38.142144+00:00,True
small-low-n0.0-frontier_exploration-s3-2f8df1358990,small,10,low,0.03,0.0,frontier_exploration,3,,,disabled,66da6332362cbf876667b08f276bd50b7cdba93a73315a4f2302dc81e40e2eb2,2f8df1358990c47243752d138a979896fc04c23076390742378eb3f3d8e2babd,1.0,0.28,0.0,0,0.0,0,0,0,32,0.0041791999829001725,29.599999999999998,0.784,True,1.0,0.0,29.0,0,0,0.0,0.06853124887129525,32,True,False,,2026-07-29T17:16:38.142144+00:00,2026-07-29T17:16:38.167131+00:00,True
small-low-n0.0-frontier_exploration-s4-c6a8dec07e78,small,10,low,0.03,0.0,frontier_exploration,4,,,disabled,66da6332362cbf876667b08f276bd50b7cdba93a73315a4f2302dc81e40e2eb2,c6a8dec07e782ea55d73416685535c69cb1f026ad987645c801a19a5c5db3eae,1.0,0.76,0.0,0,0.0,0,0,0,125,0.0198726000089664,122.60000000000001,0.778,True,1.0,1.0,122.0,0,0,0.0,0.10008160280995071,125,True,False,,2026-07-29T17:16:38.142144+00:00,2026-07-29T17:16:38.162172+00:00,True
small-low-n0.0-frontier_exploration-s5-758c79063f22,small,10,low,0.03,0.0,frontier_exploration,5,,,disabled,66da6332362cbf876667b08f276bd50b7cdba93a73315a4f2302dc81e40e2eb2,758c79063f22efe7f1f84ada030b8364fd099d146ff0f42420006b89db65ba86,1.0,0.43,0.0,0,0.0,0,0,0,50,0.006055700010620058,47.6,0.829,True,1.0,0.0,47.0,0,0,0.0,0.06485599908046424,50,True,False,,2026-07-29T17:16:38.162172+00:00,2026-07-29T17:16:38.186174+00:00,True
small-low-n0.0-frontier_exploration-s6-ec16fc8e197b,small,10,low,0.03,0.0,frontier_exploration,6,,,disabled,66da6332362cbf876667b08f276bd50b7cdba93a73315a4f2302dc81e40e2eb2,ec16fc8e197bb9c33f3310ca3923cba5d0cca34546010448734700d31778ccb9,1.0,0.17,0.0,0,0.0,0,0,0,19,0.0024409000179730356,16.599999999999998,0.751,True,1.0,0.0,16.0,0,0,0.0,0.06891052869736757,19,True,False,,2026-07-29T17:16:38.167131+00:00,2026-07-29T17:16:38.169159+00:00,True
small-low-n0.0-frontier_exploration-s7-bb45b8a8c612,small,10,low,0.03,0.0,frontier_exploration,7,,,disabled,66da6332362cbf876667b08f276bd50b7cdba93a73315a4f2302dc81e40e2eb2,bb45b8a8c6125b92b606d8bce5caca087c4aef103b81701ecb91dfa0f6b36054,1.0,0.49,0.0,0,0.0,0,0,0,67,0.009261300001526251,64.60000000000001,0.747,True,1.0,0.5,64.0,0,0,0.0,0.0757477585045593,67,True,False,,2026-07-29T17:16:38.169159+00:00,2026-07-29T17:16:38.179150+00:00,True
small-low-n0.0-frontier_exploration-s8-150315812778,small,10,low,0.03,0.0,frontier_exploration,8,,,disabled,66da6332362cbf876667b08f276bd50b7cdba93a73315a4f2302dc81e40e2eb2,150315812778087de3d74e6c76e2b2479cbcdab0331492de644705d27a03cb13,1.0,0.57,0.0,0,0.0,0,0,0,74,0.016745900007663295,71.60000000000001,0.721,True,1.0,1.0,71.0,0,0,0.0,0.06647432392865822,74,True,False,,2026-07-29T17:16:38.179150+00:00,2026-07-29T17:16:38.226645+00:00,True
small-low-n0.0-frontier_exploration-s9-4c63c08a01a1,small,10,low,0.03,0.0,frontier_exploration,9,,,disabled,66da6332362cbf876667b08f276bd50b7cdba93a73315a4f2302dc81e40e2eb2,4c63c08a01a17a163fed92025fb6b2cf7b575f6da6dc0b3dd838c653f796c3e2,1.0,0.47,0.0,0,0.0,0,0,0,59,0.007070499996189028,56.6,0.841,True,1.0,0.0,56.0,0,0,0.0,0.06451864649888948,59,True,False,,2026-07-29T17:16:38.186174+00:00,2026-07-29T17:16:38.209663+00:00,True
small-low-n0.0-ppo-s0-452fb2482498,small,10,low,0.03,0.0,PPO,0,artifacts/final_submission/ppo/best_model.zip,7c54226fc8927d7ef7fcdc7d5f3ff29b11fa8d1463293a9d8e3b6bebad84cc11,disabled,66da6332362cbf876667b08f276bd50b7cdba93a73315a4f2302dc81e40e2eb2,452fb24824986cc278f91ee410dff07ca8c8c1bcdd06954c6caec14ead856539,0.3333333333333333,0.01,0.0,0,0.0,0,0,0,220,0.2771004999813158,44.000000000000085,0.43633333333333335,False,0.0,0.0,0.0,0,0,0.0,1.1548522727521644,220,False,True,,2026-07-29T17:16:59.784757+00:00,2026-07-29T17:17:00.062790+00:00,True
small-low-n0.0-ppo-s1-2ed8b9cbcd31,small,10,low,0.03,0.0,PPO,1,artifacts/final_submission/ppo/best_model.zip,7c54226fc8927d7ef7fcdc7d5f3ff29b11fa8d1463293a9d8e3b6bebad84cc11,disabled,66da6332362cbf876667b08f276bd50b7cdba93a73315a4f2302dc81e40e2eb2,2ed8b9cbcd31b3b585e2c34b67a4eca5a6d407393c33da51385d12791326ec58,0.0,0.01,0.0,0,0.0,0,0,0,220,0.1407337999844458,44.000000000000085,0.303,False,0.0,0.0,0.0,0,0,0.0,0.5388213637740012,220,False,True,,2026-07-29T17:17:00.066790+00:00,2026-07-29T17:17:00.207927+00:00,True
small-low-n0.0-ppo-s2-ef31b2bca964,small,10,low,0.03,0.0,PPO,2,artifacts/final_submission/ppo/best_model.zip,7c54226fc8927d7ef7fcdc7d5f3ff29b11fa8d1463293a9d8e3b6bebad84cc11,disabled,66da6332362cbf876667b08f276bd50b7cdba93a73315a4f2302dc81e40e2eb2,ef31b2bca964d2fa846389e91966697698669b044a2a9bd5b2264c4fb32b45d5,0.3333333333333333,0.01,0.0,0,0.0,0,0,0,220,0.14276339998468757,44.000000000000085,0.43633333333333335,False,0.0,0.0,0.0,0,0,0.0,0.5507886354197663,220,False,True,,2026-07-29T17:17:00.211934+00:00,2026-07-29T17:17:00.355179+00:00,True
small-low-n0.0-ppo-s3-99d25627e4ba,small,10,low,0.03,0.0,PPO,3,artifacts/final_submission/ppo/best_model.zip,7c54226fc8927d7ef7fcdc7d5f3ff29b11fa8d1463293a9d8e3b6bebad84cc11,disabled,66da6332362cbf876667b08f276bd50b7cdba93a73315a4f2302dc81e40e2eb2,99d25627e4ba6a6ad51e47b65f8e5c7dc136598eaa41f30a2ddc04b94b34e723,0.0,0.01,0.0,0,0.12727272727272726,28,28,0,220,0.1452092000108678,44.000000000000085,0.013344827586206896,False,0.0,28.0,0.0,0,0,0.0,0.5577386362181808,220,False,True,,2026-07-29T17:17:00.358216+00:00,2026-07-29T17:17:00.504253+00:00,True
small-low-n0.0-ppo-s4-d54e3244b146,small,10,low,0.03,0.0,PPO,4,artifacts/final_submission/ppo/best_model.zip,7c54226fc8927d7ef7fcdc7d5f3ff29b11fa8d1463293a9d8e3b6bebad84cc11,disabled,66da6332362cbf876667b08f276bd50b7cdba93a73315a4f2302dc81e40e2eb2,d54e3244b146d0f23b5afcc49df1d3c418bca82435e88ceadeb8b08357081e8f,0.0,0.01,0.0,0,1.0,220,220,0,220,0.14473050000378862,44.000000000000085,0.004357466063348416,False,0.0,220.0,0.0,0,0,0.0,0.5501531829147346,220,False,True,,2026-07-29T17:17:00.507260+00:00,2026-07-29T17:17:00.652432+00:00,True
small-low-n0.0-ppo-s5-1465dfc2fa61,small,10,low,0.03,0.0,PPO,5,artifacts/final_submission/ppo/best_model.zip,7c54226fc8927d7ef7fcdc7d5f3ff29b11fa8d1463293a9d8e3b6bebad84cc11,disabled,66da6332362cbf876667b08f276bd50b7cdba93a73315a4f2302dc81e40e2eb2,1465dfc2fa6171d2ce9aa799d6db70340b1a4e5a3ba5d75418429040282b56ea,0.0,0.01,0.0,0,1.0,220,220,0,220,0.14268640000955202,44.000000000000085,0.004357466063348416,False,0.0,220.0,0.0,0,0,0.0,0.5475122726321305,220,False,True,,2026-07-29T17:17:00.655431+00:00,2026-07-29T17:17:00.797950+00:00,True
small-low-n0.0-ppo-s6-9d408f11508a,small,10,low,0.03,0.0,PPO,6,artifacts/final_submission/ppo/best_model.zip,7c54226fc8927d7ef7fcdc7d5f3ff29b11fa8d1463293a9d8e3b6bebad84cc11,disabled,66da6332362cbf876667b08f276bd50b7cdba93a73315a4f2302dc81e40e2eb2,9d408f11508a999dba525d07f0d24024509b068e7710db0e40d7a736bb2c269e,0.3333333333333333,0.01,0.0,0,0.08181818181818182,18,18,0,220,0.1426901000086218,44.000000000000085,0.15212280701754385,False,0.0,18.0,0.0,0,0,0.0,0.5474736354451373,220,False,True,,2026-07-29T17:17:00.801950+00:00,2026-07-29T17:17:00.944976+00:00,True
small-low-n0.0-ppo-s7-2c7f9249c345,small,10,low,0.03,0.0,PPO,7,artifacts/final_submission/ppo/best_model.zip,7c54226fc8927d7ef7fcdc7d5f3ff29b11fa8d1463293a9d8e3b6bebad84cc11,disabled,66da6332362cbf876667b08f276bd50b7cdba93a73315a4f2302dc81e40e2eb2,2c7f9249c345afcc61d74f29d4f08b96688c421f4da074e19945ae77c1f34c01,0.3333333333333333,0.02,0.0,0,0.013636363636363636,3,157,154,220,0.14067560000694357,44.800000000000104,0.14123206751054854,False,0.0,157.0,1.0,0,0,0.0,0.5364109082041647,220,False,True,,2026-07-29T17:17:00.948456+00:00,2026-07-29T17:17:01.089420+00:00,True
small-low-n0.0-ppo-s8-48310f732bef,small,10,low,0.03,0.0,PPO,8,artifacts/final_submission/ppo/best_model.zip,7c54226fc8927d7ef7fcdc7d5f3ff29b11fa8d1463293a9d8e3b6bebad84cc11,disabled,66da6332362cbf876667b08f276bd50b7cdba93a73315a4f2302dc81e40e2eb2,48310f732befbfb1db0ca783a222e19b6f514ad75c2ca69be48e9a1d5011476c,0.0,0.02,0.0,0,0.022727272727272728,5,5,0,220,0.14309399999910966,44.8000000000001,0.055999999999999994,False,0.0,5.0,1.0,0,0,0.0,0.5497100012937814,220,False,True,,2026-07-29T17:17:01.093420+00:00,2026-07-29T17:17:01.236598+00:00,True
small-low-n0.0-ppo-s9-93c94498c06a,small,10,low,0.03,0.0,PPO,9,artifacts/final_submission/ppo/best_model.zip,7c54226fc8927d7ef7fcdc7d5f3ff29b11fa8d1463293a9d8e3b6bebad84cc11,disabled,66da6332362cbf876667b08f276bd50b7cdba93a73315a4f2302dc81e40e2eb2,93c94498c06a310adc5b523d1524681edbc5555bfac02be5c947c4635f6d5d84,0.0,0.02,0.0,0,0.07272727272727272,16,16,0,220,0.14202719999593683,44.8000000000001,0.02364705882352941,False,0.0,16.0,1.0,0,0,0.0,0.5427399990201759,220,False,True,,2026-07-29T17:17:01.239599+00:00,2026-07-29T17:17:01.382200+00:00,True
small-low-n0.0-sac-s0-6ec287188071,small,10,low,0.03,0.0,SAC,0,artifacts/final_submission/sac/best_model.zip,78fe38fcc78df0ba8f98bd07af373848833876e7ec5ddf1486cec9a3cd9ba44c,disabled,66da6332362cbf876667b08f276bd50b7cdba93a73315a4f2302dc81e40e2eb2,6ec2871880711b1adf8ee2c93e2b8f778f5417ae1ac1a8294d4fa06c5b0af4fb,0.0,0.05,0.0,0,0.004545454545454545,1,1,0,220,0.20840079998015426,185.5999999999995,0.16499999999999998,False,0.0,1.0,177.0,0,0,0.0,0.8143854549747299,220,False,True,,2026-07-29T17:17:01.638411+00:00,2026-07-29T17:17:01.850448+00:00,True
small-low-n0.0-sac-s1-23b7dfe4b6f5,small,10,low,0.03,0.0,SAC,1,artifacts/final_submission/sac/best_model.zip,78fe38fcc78df0ba8f98bd07af373848833876e7ec5ddf1486cec9a3cd9ba44c,disabled,66da6332362cbf876667b08f276bd50b7cdba93a73315a4f2302dc81e40e2eb2,23b7dfe4b6f5ad18b4e66de446bacbd8a1283188735699b045f247a4585f642c,0.3333333333333333,0.1,1.0,4,0.0,0,0,0,220,0.1542767999926582,215.99999999999994,0.22333333333333333,False,0.0,4.0,211.0,0,0,0.0,0.5912818177338605,220,False,True,,2026-07-29T17:17:01.853645+00:00,2026-07-29T17:17:02.008336+00:00,True
small-low-n0.0-sac-s2-27756f99d7e1,small,10,low,0.03,0.0,SAC,2,artifacts/final_submission/sac/best_model.zip,78fe38fcc78df0ba8f98bd07af373848833876e7ec5ddf1486cec9a3cd9ba44c,disabled,66da6332362cbf876667b08f276bd50b7cdba93a73315a4f2302dc81e40e2eb2,27756f99d7e16c174ad01893a92560ea773aa0ba6933ccb2991c2125bda2e399,0.3333333333333333,0.04,0.0,0,0.0,0,0,0,220,0.15545570000540465,178.39999999999998,0.44533333333333336,False,0.0,0.0,168.0,0,0,0.0,0.6010440909779969,220,False,True,,2026-07-29T17:17:02.011894+00:00,2026-07-29T17:17:02.168107+00:00,True
small-low-n0.0-sac-s3-063297add3fb,small,10,low,0.03,0.0,SAC,3,artifacts/final_submission/sac/best_model.zip,78fe38fcc78df0ba8f98bd07af373848833876e7ec5ddf1486cec9a3cd9ba44c,disabled,66da6332362cbf876667b08f276bd50b7cdba93a73315a4f2302dc81e40e2eb2,063297add3fb6598595bdcdf9b5d8cbf2091ad8da00497b262a45b0ab3335b5d,0.0,0.07,1.0,207,0.0,0,2,2,220,0.20061669999267906,216.0,0.022418439716312057,False,0.0,210.5,8.0,0,0,0.0,0.8029018190096725,220,False,True,,2026-07-29T17:17:02.171646+00:00,2026-07-29T17:17:02.372552+00:00,True
small-low-n0.0-sac-s4-2c73bb0530c8,small,10,low,0.03,0.0,SAC,4,artifacts/final_submission/sac/best_model.zip,78fe38fcc78df0ba8f98bd07af373848833876e7ec5ddf1486cec9a3cd9ba44c,disabled,66da6332362cbf876667b08f276bd50b7cdba93a73315a4f2302dc81e40e2eb2,2c73bb0530c8a65a1b59335918357d88716e038b25c2948ba271c24da54a05d6,0.0,0.01,1.0,42,1.0,220,220,0,220,0.15405709997867234,77.6000000000003,0.004140684410646388,False,0.0,262.0,0.0,0,0,0.0,0.5872804544527422,220,False,True,,2026-07-29T17:17:02.375551+00:00,2026-07-29T17:17:02.530665+00:00,True
small-low-n0.0-sac-s5-799d42402313,small,10,low,0.03,0.0,SAC,5,artifacts/final_submission/sac/best_model.zip,78fe38fcc78df0ba8f98bd07af373848833876e7ec5ddf1486cec9a3cd9ba44c,disabled,66da6332362cbf876667b08f276bd50b7cdba93a73315a4f2302dc81e40e2eb2,799d42402313f03f6ec4b21a1f1e8e9e32336b511b86dd8763add121233b67e8,0.0,0.08,1.0,202,0.16818181818181818,37,37,0,220,0.16326329999719746,220.0,0.02525,False,0.0,239.0,18.0,0,0,0.0,0.6349263643972914,220,False,True,,2026-07-29T17:17:02.533964+00:00,2026-07-29T17:17:02.698011+00:00,True
small-low-n0.0-sac-s6-7b5bd1c11edf,small,10,low,0.03,0.0,SAC,6,artifacts/final_submission/sac/best_model.zip,78fe38fcc78df0ba8f98bd07af373848833876e7ec5ddf1486cec9a3cd9ba44c,disabled,66da6332362cbf876667b08f276bd50b7cdba93a73315a4f2302dc81e40e2eb2,7b5bd1c11edf36acb8aa7a395e18a5d7e30253f423da84141630a8372337ec75,0.3333333333333333,0.02,1.0,40,0.031818181818181815,7,7,0,220,0.1516983000037726,76.80000000000003,0.14558333333333334,False,0.0,47.0,1.0,0,0,0.0,0.5839359091954645,220,False,True,,2026-07-29T17:17:02.701258+00:00,2026-07-29T17:17:02.853063+00:00,True
small-low-n0.0-sac-s7-3e19fbe442e4,small,10,low,0.03,0.0,SAC,7,artifacts/final_submission/sac/best_model.zip,78fe38fcc78df0ba8f98bd07af373848833876e7ec5ddf1486cec9a3cd9ba44c,disabled,66da6332362cbf876667b08f276bd50b7cdba93a73315a4f2302dc81e40e2eb2,3e19fbe442e468b6f932d3e64d159db19264125286aee666dc9b5990793768c6,0.0,0.05,0.0,0,0.0,0,29,29,220,0.15801909999572672,92.00000000000045,0.025,False,0.0,29.0,60.0,0,0,0.0,0.6053581821933304,220,False,True,,2026-07-29T17:17:02.856062+00:00,2026-07-29T17:17:03.015362+00:00,True
small-low-n0.0-sac-s8-2ba1b63e33a7,small,10,low,0.03,0.0,SAC,8,artifacts/final_submission/sac/best_model.zip,78fe38fcc78df0ba8f98bd07af373848833876e7ec5ddf1486cec9a3cd9ba44c,disabled,66da6332362cbf876667b08f276bd50b7cdba93a73315a4f2302dc81e40e2eb2,2ba1b63e33a74fbdbab9729c01e1846ac3e698a576251d7c558d27e38358fb6d,0.0,0.01,0.0,0,0.03636363636363636,8,8,0,220,0.15812150001875125,44.000000000000085,0.036333333333333336,False,0.0,8.0,0.0,0,0,0.0,0.6086136350693944,220,False,True,,2026-07-29T17:17:03.018361+00:00,2026-07-29T17:17:03.176243+00:00,True
small-low-n0.0-sac-s9-b2e58bd23f33,small,10,low,0.03,0.0,SAC,9,artifacts/final_submission/sac/best_model.zip,78fe38fcc78df0ba8f98bd07af373848833876e7ec5ddf1486cec9a3cd9ba44c,disabled,66da6332362cbf876667b08f276bd50b7cdba93a73315a4f2302dc81e40e2eb2,b2e58bd23f338b16d0109e3de88030ec0754c0534c6541d636007b5a8e39bec7,0.0,0.07,1.0,209,0.03636363636363636,8,8,0,220,0.15641970001161098,220.0,0.022376146788990827,False,0.0,217.0,11.0,0,0,0.0,0.6000868190312758,220,False,True,,2026-07-29T17:17:03.179244+00:00,2026-07-29T17:17:03.336834+00:00,True
small-low-n0.0-riskshield_ppo-s0-9e2f6f96699c,small,10,low,0.03,0.0,RiskShield-PPO,0,artifacts/final_submission/riskshield_ppo/best_model.zip,d6c91caeb9bb10db866cbfe947ef1cc3db0ea8dc7470d098c9af6298ab75c812,k_step,66da6332362cbf876667b08f276bd50b7cdba93a73315a4f2302dc81e40e2eb2,9e2f6f96699cdbfa644e2b7714efb6e361271db82b2edd941b3fdec45514096a,0.3333333333333333,0.01,0.0,0,0.0,0,0,0,220,0.16829999999026768,44.000000000000085,0.43633333333333335,False,0.0,0.0,0.0,0,0,0.0,0.6113345464903184,220,False,True,,2026-07-29T17:17:03.386063+00:00,2026-07-29T17:17:03.554085+00:00,True
small-low-n0.0-riskshield_ppo-s1-d0af338eddba,small,10,low,0.03,0.0,RiskShield-PPO,1,artifacts/final_submission/riskshield_ppo/best_model.zip,d6c91caeb9bb10db866cbfe947ef1cc3db0ea8dc7470d098c9af6298ab75c812,k_step,66da6332362cbf876667b08f276bd50b7cdba93a73315a4f2302dc81e40e2eb2,d0af338eddbab7d1155d0c0011a2b222260bf4dd77133f7adbc2a60666f85cb0,0.0,0.01,0.0,0,0.0,0,0,0,220,0.15224470000248402,44.000000000000085,0.303,False,0.0,0.0,0.0,0,0,0.0,0.5576531803605824,220,False,True,,2026-07-29T17:17:03.558085+00:00,2026-07-29T17:17:03.711147+00:00,True
small-low-n0.0-riskshield_ppo-s2-d5a687e1cfc4,small,10,low,0.03,0.0,RiskShield-PPO,2,artifacts/final_submission/riskshield_ppo/best_model.zip,d6c91caeb9bb10db866cbfe947ef1cc3db0ea8dc7470d098c9af6298ab75c812,k_step,66da6332362cbf876667b08f276bd50b7cdba93a73315a4f2302dc81e40e2eb2,d5a687e1cfc42a3854909ee79b2eb19db44c9a8ea4788ae4fcf11a377df2f569,0.3333333333333333,0.01,0.0,0,0.0,0,0,0,220,0.18294080000487156,44.000000000000085,0.43633333333333335,False,0.0,0.0,0.0,0,0,0.0,0.7044263631211255,220,False,True,,2026-07-29T17:17:03.714343+00:00,2026-07-29T17:17:03.897343+00:00,True
small-low-n0.0-riskshield_ppo-s3-fa0e01a38753,small,10,low,0.03,0.0,RiskShield-PPO,3,artifacts/final_submission/riskshield_ppo/best_model.zip,d6c91caeb9bb10db866cbfe947ef1cc3db0ea8dc7470d098c9af6298ab75c812,k_step,66da6332362cbf876667b08f276bd50b7cdba93a73315a4f2302dc81e40e2eb2,fa0e01a387539b49b7a98cdadf2380056e07d85fdb35c56e6d2903a7a604db9e,0.3333333333333333,0.11,0.0,0,0.00909090909090909,2,2,0,220,0.1491356999904383,54.400000000000134,0.2663333333333333,False,0.0,2.0,13.0,15,2,0.0,0.5436795455435376,220,False,True,,2026-07-29T17:17:03.900299+00:00,2026-07-29T17:17:04.049955+00:00,True
small-low-n0.0-riskshield_ppo-s4-89526e30599d,small,10,low,0.03,0.0,RiskShield-PPO,4,artifacts/final_submission/riskshield_ppo/best_model.zip,d6c91caeb9bb10db866cbfe947ef1cc3db0ea8dc7470d098c9af6298ab75c812,k_step,66da6332362cbf876667b08f276bd50b7cdba93a73315a4f2302dc81e40e2eb2,89526e30599d122cea41f52dd337a8642fb80327a66a72a388135a9d1dca3436,0.0,0.01,0.0,0,1.0,220,220,0,220,0.15701630001422018,44.000000000000085,0.004357466063348416,False,0.0,220.0,0.0,220,220,0.0,0.5563190919929184,220,False,True,,2026-07-29T17:17:04.054007+00:00,2026-07-29T17:17:04.210855+00:00,True
small-low-n0.0-riskshield_ppo-s5-422f0787f1d1,small,10,low,0.03,0.0,RiskShield-PPO,5,artifacts/final_submission/riskshield_ppo/best_model.zip,d6c91caeb9bb10db866cbfe947ef1cc3db0ea8dc7470d098c9af6298ab75c812,k_step,66da6332362cbf876667b08f276bd50b7cdba93a73315a4f2302dc81e40e2eb2,422f0787f1d1f25678f10dced61b95b25ef4584480539d66545e2702f2a7acc2,0.0,0.04,0.0,0,0.05909090909090909,13,13,0,220,0.151467199990293,46.40000000000013,0.03342857142857143,False,0.0,13.0,3.0,16,13,0.0,0.5557786374331706,220,False,True,,2026-07-29T17:17:04.213960+00:00,2026-07-29T17:17:04.366330+00:00,True
small-low-n0.0-riskshield_ppo-s6-d2dd24689b1a,small,10,low,0.03,0.0,RiskShield-PPO,6,artifacts/final_submission/riskshield_ppo/best_model.zip,d6c91caeb9bb10db866cbfe947ef1cc3db0ea8dc7470d098c9af6298ab75c812,k_step,66da6332362cbf876667b08f276bd50b7cdba93a73315a4f2302dc81e40e2eb2,d2dd24689b1a66eb8fd8760859221dde9154d91484c63d273db0c7ffcab2c20e,0.3333333333333333,0.01,0.0,0,0.08181818181818182,18,18,0,220,0.15074870001990348,44.000000000000085,0.15212280701754385,False,0.0,18.0,0.0,18,18,0.0,0.5510027257101187,220,False,True,,2026-07-29T17:17:04.369274+00:00,2026-07-29T17:17:04.520894+00:00,True
small-low-n0.0-riskshield_ppo-s7-7a8ceef39c69,small,10,low,0.03,0.0,RiskShield-PPO,7,artifacts/final_submission/riskshield_ppo/best_model.zip,d6c91caeb9bb10db866cbfe947ef1cc3db0ea8dc7470d098c9af6298ab75c812,k_step,66da6332362cbf876667b08f276bd50b7cdba93a73315a4f2302dc81e40e2eb2,7a8ceef39c69cc01485f1c83311156076ac1a4061ac932bebfd0b5464de96f19,0.3333333333333333,0.01,0.0,0,0.0,0,0,0,220,0.14857419999316335,44.000000000000085,0.43633333333333335,False,0.0,0.0,0.0,0,0,0.0,0.5409886356739496,220,False,True,,2026-07-29T17:17:04.523793+00:00,2026-07-29T17:17:04.672617+00:00,True
small-low-n0.0-riskshield_ppo-s8-2978d175722f,small,10,low,0.03,0.0,RiskShield-PPO,8,artifacts/final_submission/riskshield_ppo/best_model.zip,d6c91caeb9bb10db866cbfe947ef1cc3db0ea8dc7470d098c9af6298ab75c812,k_step,66da6332362cbf876667b08f276bd50b7cdba93a73315a4f2302dc81e40e2eb2,2978d175722f34be6f8ff7df17c7a0f2b401ecbf3cd35698a24606ae81254c12,0.3333333333333333,0.08,0.0,0,0.01818181818181818,4,4,0,220,0.14919269998790696,52.00000000000017,0.21733333333333332,False,0.0,4.0,10.0,14,4,0.0,0.5436331800989468,220,False,True,,2026-07-29T17:17:04.676581+00:00,2026-07-29T17:17:04.825556+00:00,True
small-low-n0.0-riskshield_ppo-s9-08bc9301f0cf,small,10,low,0.03,0.0,RiskShield-PPO,9,artifacts/final_submission/riskshield_ppo/best_model.zip,d6c91caeb9bb10db866cbfe947ef1cc3db0ea8dc7470d098c9af6298ab75c812,k_step,66da6332362cbf876667b08f276bd50b7cdba93a73315a4f2302dc81e40e2eb2,08bc9301f0cf69de7e7d45ee75df5fc7ca9ade3bdd8faf2f10cb284d756822e3,0.3333333333333333,0.03,0.0,0,0.07272727272727272,16,16,0,220,0.14934309999807738,45.600000000000115,0.15998039215686274,False,0.0,16.0,2.0,18,16,0.0,0.5444304549283433,220,False,True,,2026-07-29T17:17:04.829313+00:00,2026-07-29T17:17:04.979154+00:00,True
small-low-n0.1-risk_aware_astar-s0-dd3bf74eb71c,small,10,low,0.03,0.1,risk_aware_astar,0,,,disabled,66da6332362cbf876667b08f276bd50b7cdba93a73315a4f2302dc81e40e2eb2,dd3bf74eb71c7032cb78ed397a8b1792c76a22668435703c99c6cc3fb267ba03,1.0,0.17,0.0,0,0.047619047619047616,1,1,0,21,0.004237999994074926,18.599999999999998,0.601,True,1.0,1.0,18.0,0,0,0.0,0.141900005040779,21,True,False,,2026-07-29T17:16:38.197863+00:00,2026-07-29T17:16:38.201535+00:00,True
small-low-n0.1-risk_aware_astar-s1-e69a3593e0b0,small,10,low,0.03,0.1,risk_aware_astar,1,,,disabled,66da6332362cbf876667b08f276bd50b7cdba93a73315a4f2302dc81e40e2eb2,e69a3593e0b04b207138a2f79955cdffe4d0f424363ce44a209e034cfa7e6b45,1.0,0.16,0.0,0,0.0,0,0,0,18,0.025477100018179044,15.6,0.748,True,1.0,0.0,15.0,0,0,0.0,0.12052777714820372,18,True,False,,2026-07-29T17:16:38.201535+00:00,2026-07-29T17:16:38.241661+00:00,True
small-low-n0.1-risk_aware_astar-s2-241c53bff18c,small,10,low,0.03,0.1,risk_aware_astar,2,,,disabled,66da6332362cbf876667b08f276bd50b7cdba93a73315a4f2302dc81e40e2eb2,241c53bff18cd496c9679498b3074e43948b29bab40f13e298dda5236915fd65,1.0,0.16,0.0,0,0.0,0,0,0,19,0.0033005999866873026,16.599999999999998,0.748,True,1.0,0.0,16.0,0,0,0.0,0.11847368410886511,19,True,False,,2026-07-29T17:16:38.209663+00:00,2026-07-29T17:16:38.241661+00:00,True
small-low-n0.1-risk_aware_astar-s3-6c34cab14a1b,small,10,low,0.03,0.1,risk_aware_astar,3,,,disabled,66da6332362cbf876667b08f276bd50b7cdba93a73315a4f2302dc81e40e2eb2,6c34cab14a1b942b56f3285a9a992c2273c6a8fcabd5cdd417f5710d1a43adbd,1.0,0.15,0.0,0,0.0,0,0,0,17,0.002795899985358119,14.599999999999998,0.745,True,1.0,0.0,14.0,0,0,0.0,0.1076941193519708,17,True,False,,2026-07-29T17:16:38.222656+00:00,2026-07-29T17:16:38.237655+00:00,True
small-low-n0.1-risk_aware_astar-s4-fe66f651d044,small,10,low,0.03,0.1,risk_aware_astar,4,,,disabled,66da6332362cbf876667b08f276bd50b7cdba93a73315a4f2302dc81e40e2eb2,fe66f651d04414eb42c6009e4578e9933160ab6a32908878c5ad5b8349d4bb89,1.0,0.21,0.0,0,0.08333333333333333,2,2,0,24,0.003782000014325604,21.599999999999998,0.5630000000000001,True,1.0,2.0,21.0,0,0,0.0,0.09747916677345832,24,True,False,,2026-07-29T17:16:38.226645+00:00,2026-07-29T17:16:38.230557+00:00,True
small-low-n0.1-risk_aware_astar-s5-8d1cd1a677e8,small,10,low,0.03,0.1,risk_aware_astar,5,,,disabled,66da6332362cbf876667b08f276bd50b7cdba93a73315a4f2302dc81e40e2eb2,8d1cd1a677e829d25a82523398f0475c222073a8f15b98f7a7738fd3f7f2bba5,1.0,0.14,0.0,0,0.125,2,2,0,16,0.001951999991433695,13.6,0.542,True,1.0,2.0,13.0,0,0,0.0,0.06548749661305919,16,True,False,,2026-07-29T17:16:38.230557+00:00,2026-07-29T17:16:38.233674+00:00,True
small-low-n0.1-risk_aware_astar-s6-1af4628cf8d1,small,10,low,0.03,0.1,risk_aware_astar,6,,,disabled,66da6332362cbf876667b08f276bd50b7cdba93a73315a4f2302dc81e40e2eb2,1af4628cf8d18f67002bcd0c0eb5ee92f69a17b86404d4e691c074b0657d7a87,1.0,0.09,0.0,0,0.0,0,0,0,11,0.0011827000125776976,8.6,0.7270000000000001,True,1.0,0.0,8.0,0,0,0.0,0.05020000389777124,11,True,False,,2026-07-29T17:16:38.233674+00:00,2026-07-29T17:16:38.234589+00:00,True
small-low-n0.1-risk_aware_astar-s7-92e78744a8ff,small,10,low,0.03,0.1,risk_aware_astar,7,,,disabled,66da6332362cbf876667b08f276bd50b7cdba93a73315a4f2302dc81e40e2eb2,92e78744a8ffa7bbf87b598a94afb09bc90f73edd2524c6350390428bdcfda5e,1.0,0.07,0.0,0,0.0,0,0,0,9,0.0009271000162698328,6.6000000000000005,0.7210000000000001,True,1.0,0.0,6.0,0,0,0.0,0.04128888314072457,9,True,False,,2026-07-29T17:16:38.234589+00:00,2026-07-29T17:16:38.247540+00:00,True
small-low-n0.1-risk_aware_astar-s8-ee4c4e7e2b92,small,10,low,0.03,0.1,risk_aware_astar,8,,,disabled,66da6332362cbf876667b08f276bd50b7cdba93a73315a4f2302dc81e40e2eb2,ee4c4e7e2b92acd5691a88db1f32da5d97ba9d41fe81ad73ca018d2421426ad9,1.0,0.23,0.0,0,0.0,0,0,0,26,0.004152800014708191,23.599999999999998,0.669,True,1.0,0.5,23.0,0,0,0.0,0.10151153904958986,26,True,False,,2026-07-29T17:16:38.237655+00:00,2026-07-29T17:16:38.245542+00:00,True
small-low-n0.1-risk_aware_astar-s9-df34c73c61e2,small,10,low,0.03,0.1,risk_aware_astar,9,,,disabled,66da6332362cbf876667b08f276bd50b7cdba93a73315a4f2302dc81e40e2eb2,df34c73c61e2493ebab8ec88bc79cc85534b0f59679c6b747cba4df42fecc182,1.0,0.13,0.0,0,0.0,0,0,0,15,0.0018403000140096992,12.599999999999998,0.739,True,1.0,0.0,12.0,0,0,0.0,0.06852667235458891,15,True,False,,2026-07-29T17:16:38.241661+00:00,2026-07-29T17:16:38.256648+00:00,True
small-low-n0.1-frontier_exploration-s0-8b3c4d4bc591,small,10,low,0.03,0.1,frontier_exploration,0,,,disabled,66da6332362cbf876667b08f276bd50b7cdba93a73315a4f2302dc81e40e2eb2,8b3c4d4bc591c3ff046dcb6a625ae11e8d898b84b66356bead3990601088da67,1.0,0.41,0.0,0,0.0,0,0,0,47,0.005621999996947125,44.6,0.823,True,1.0,0.0,44.0,0,0,0.0,0.06329574302690937,47,True,False,,2026-07-29T17:16:38.241661+00:00,2026-07-29T17:16:38.289693+00:00,True
small-low-n0.1-frontier_exploration-s1-327a11b4fcce,small,10,low,0.03,0.1,frontier_exploration,1,,,disabled,66da6332362cbf876667b08f276bd50b7cdba93a73315a4f2302dc81e40e2eb2,327a11b4fccedebce97d3889dfd1341b4d91b7e857c76a428f6c01fd6ac1cb03,1.0,0.65,0.0,0,0.011111111111111112,1,1,0,90,0.011437800014391541,87.60000000000001,0.695,True,1.0,2.0,87.0,0,0,0.0,0.06820333332547711,90,True,False,,2026-07-29T17:16:38.245542+00:00,2026-07-29T17:16:38.310570+00:00,True
small-low-n0.1-frontier_exploration-s2-a0d1b78e1979,small,10,low,0.03,0.1,frontier_exploration,2,,,disabled,66da6332362cbf876667b08f276bd50b7cdba93a73315a4f2302dc81e40e2eb2,a0d1b78e1979d60d0801d809e1676777bc5808f695d4854bbf3ea078d1e41217,1.0,0.49,0.0,0,0.0,0,0,0,61,0.007130200014216825,58.6,0.847,True,1.0,0.0,58.0,0,0,0.0,0.06264262426201804,61,True,False,,2026-07-29T17:16:38.247540+00:00,2026-07-29T17:16:38.254647+00:00,True
small-low-n0.1-frontier_exploration-s3-70583322f296,small,10,low,0.03,0.1,frontier_exploration,3,,,disabled,66da6332362cbf876667b08f276bd50b7cdba93a73315a4f2302dc81e40e2eb2,70583322f296efe76adc434d56720358f11776bffbc3b5a98488b7a782615752,1.0,0.28,0.0,0,0.0,0,0,0,32,0.0042335000180173665,29.599999999999998,0.784,True,1.0,0.0,29.0,0,0,0.0,0.06845937696198234,32,True,False,,2026-07-29T17:16:38.254647+00:00,2026-07-29T17:16:38.315571+00:00,True
small-low-n0.1-frontier_exploration-s4-da72d124b08b,small,10,low,0.03,0.1,frontier_exploration,4,,,disabled,66da6332362cbf876667b08f276bd50b7cdba93a73315a4f2302dc81e40e2eb2,da72d124b08b8fdb37468d72533877ae92c001f9229e66e9a69498a37e6cd7be,1.0,0.76,0.0,0,0.0,0,0,0,125,0.020550899993395433,122.60000000000001,0.778,True,1.0,1.0,122.0,0,0,0.0,0.10407279944047332,125,True,False,,2026-07-29T17:16:38.256648+00:00,2026-07-29T17:16:38.277666+00:00,True
small-low-n0.1-frontier_exploration-s5-6fa5f05ceb9c,small,10,low,0.03,0.1,frontier_exploration,5,,,disabled,66da6332362cbf876667b08f276bd50b7cdba93a73315a4f2302dc81e40e2eb2,6fa5f05ceb9c6b0fd265ffc3436cdaea33d041a5f50792e3311bbf3ae50be193,1.0,0.43,0.0,0,0.0,0,0,0,50,0.005902900011278689,47.6,0.829,True,1.0,0.0,47.0,0,0,0.0,0.06198800168931484,50,True,False,,2026-07-29T17:16:38.277666+00:00,2026-07-29T17:16:38.283642+00:00,True
small-low-n0.1-frontier_exploration-s6-0bba91255614,small,10,low,0.03,0.1,frontier_exploration,6,,,disabled,66da6332362cbf876667b08f276bd50b7cdba93a73315a4f2302dc81e40e2eb2,0bba91255614e8a1492cdfc1e55c92eaec3d742efc4cbab1ff6eeddb47b0f313,1.0,0.17,0.0,0,0.0,0,0,0,19,0.0022661999973934144,16.599999999999998,0.751,True,1.0,0.0,16.0,0,0,0.0,0.062442107407964374,19,True,False,,2026-07-29T17:16:38.283642+00:00,2026-07-29T17:16:38.339061+00:00,True
small-low-n0.1-frontier_exploration-s7-b8610118414a,small,10,low,0.03,0.1,frontier_exploration,7,,,disabled,66da6332362cbf876667b08f276bd50b7cdba93a73315a4f2302dc81e40e2eb2,b8610118414a3fad65a938394f260d9280a7de629c3f9187951961323e0fa099,1.0,0.49,0.0,0,0.0,0,0,0,67,0.020482699997955933,64.60000000000001,0.747,True,1.0,0.5,64.0,0,0,0.0,0.07054626632398411,67,True,False,,2026-07-29T17:16:38.289693+00:00,2026-07-29T17:16:38.310570+00:00,True
small-low-n0.1-frontier_exploration-s8-67ab386aa7d2,small,10,low,0.03,0.1,frontier_exploration,8,,,disabled,66da6332362cbf876667b08f276bd50b7cdba93a73315a4f2302dc81e40e2eb2,67ab386aa7d2f2e08dcbe73110c4cbd303aa30d2890aaf2548d85180ae7634b4,1.0,0.57,0.0,0,0.0,0,0,0,74,0.009157100023003295,71.60000000000001,0.721,True,1.0,1.0,71.0,0,0,0.0,0.06593919061816524,74,True,False,,2026-07-29T17:16:38.310570+00:00,2026-07-29T17:16:38.333056+00:00,True
small-low-n0.1-frontier_exploration-s9-b0722aeb6173,small,10,low,0.03,0.1,frontier_exploration,9,,,disabled,66da6332362cbf876667b08f276bd50b7cdba93a73315a4f2302dc81e40e2eb2,b0722aeb6173f965a2a6b906703e76c50f951c2b130104909c0f6590cb70a308,1.0,0.47,0.0,0,0.0,0,0,0,59,0.0074757999973371625,56.6,0.841,True,1.0,0.0,56.0,0,0,0.0,0.06783728771921942,59,True,False,,2026-07-29T17:16:38.310570+00:00,2026-07-29T17:16:38.322458+00:00,True
small-low-n0.1-ppo-s0-cdf958ba6c99,small,10,low,0.03,0.1,PPO,0,artifacts/final_submission/ppo/best_model.zip,7c54226fc8927d7ef7fcdc7d5f3ff29b11fa8d1463293a9d8e3b6bebad84cc11,disabled,66da6332362cbf876667b08f276bd50b7cdba93a73315a4f2302dc81e40e2eb2,cdf958ba6c99087299daad1a560631a0df9d1d29942ab78c74df7246bfc7a188,0.3333333333333333,0.01,0.0,0,0.0,0,0,0,220,0.14224290000856854,44.000000000000085,0.43633333333333335,False,0.0,0.0,0.0,0,0,0.0,0.547874090923208,220,False,True,,2026-07-29T17:17:04.982185+00:00,2026-07-29T17:17:05.125122+00:00,True
small-low-n0.1-ppo-s1-274670f57caf,small,10,low,0.03,0.1,PPO,1,artifacts/final_submission/ppo/best_model.zip,7c54226fc8927d7ef7fcdc7d5f3ff29b11fa8d1463293a9d8e3b6bebad84cc11,disabled,66da6332362cbf876667b08f276bd50b7cdba93a73315a4f2302dc81e40e2eb2,274670f57caf5324a632350b982337d6a3aca0cc302c73f52702c0183c9cf33e,0.0,0.01,0.0,0,0.0,0,0,0,220,0.14071899998816662,44.000000000000085,0.303,False,0.0,0.0,0.0,0,0,0.0,0.541913182083094,220,False,True,,2026-07-29T17:17:05.129240+00:00,2026-07-29T17:17:05.270489+00:00,True
small-low-n0.1-ppo-s2-6576ce7f072f,small,10,low,0.03,0.1,PPO,2,artifacts/final_submission/ppo/best_model.zip,7c54226fc8927d7ef7fcdc7d5f3ff29b11fa8d1463293a9d8e3b6bebad84cc11,disabled,66da6332362cbf876667b08f276bd50b7cdba93a73315a4f2302dc81e40e2eb2,6576ce7f072f11fb5137bee88bc67ffcb8e196cea6ea55831b51ce29f9303a9a,0.3333333333333333,0.01,0.0,0,0.0,0,0,0,220,0.137779100012267,44.000000000000085,0.43633333333333335,False,0.0,0.0,0.0,0,0,0.0,0.5334699992090464,220,False,True,,2026-07-29T17:17:05.273488+00:00,2026-07-29T17:17:05.411967+00:00,True
small-low-n0.1-ppo-s3-58a6b9b4ddbd,small,10,low,0.03,0.1,PPO,3,artifacts/final_submission/ppo/best_model.zip,7c54226fc8927d7ef7fcdc7d5f3ff29b11fa8d1463293a9d8e3b6bebad84cc11,disabled,66da6332362cbf876667b08f276bd50b7cdba93a73315a4f2302dc81e40e2eb2,58a6b9b4ddbd6927198359c0b6a299fc8364bd5f3f439634689051461f60c8e0,0.0,0.01,0.0,0,0.12727272727272726,28,28,0,220,0.14311720000114292,44.000000000000085,0.013344827586206896,False,0.0,28.0,0.0,0,0,0.0,0.5504290898732672,220,False,True,,2026-07-29T17:17:05.414971+00:00,2026-07-29T17:17:05.558094+00:00,True
small-low-n0.1-ppo-s4-77a129cd536b,small,10,low,0.03,0.1,PPO,4,artifacts/final_submission/ppo/best_model.zip,7c54226fc8927d7ef7fcdc7d5f3ff29b11fa8d1463293a9d8e3b6bebad84cc11,disabled,66da6332362cbf876667b08f276bd50b7cdba93a73315a4f2302dc81e40e2eb2,77a129cd536b23f756d1dbc2e254aed41a55c13e2d2be0207f758af1fd7055bc,0.0,0.01,0.0,0,1.0,220,220,0,220,0.14169190000393428,44.000000000000085,0.004357466063348416,False,0.0,220.0,0.0,0,0,0.0,0.5404231809238396,220,False,True,,2026-07-29T17:17:05.561095+00:00,2026-07-29T17:17:05.703883+00:00,True
small-low-n0.1-ppo-s5-bc9c584d824c,small,10,low,0.03,0.1,PPO,5,artifacts/final_submission/ppo/best_model.zip,7c54226fc8927d7ef7fcdc7d5f3ff29b11fa8d1463293a9d8e3b6bebad84cc11,disabled,66da6332362cbf876667b08f276bd50b7cdba93a73315a4f2302dc81e40e2eb2,bc9c584d824ca13dc32d9f8d66610d2d0a4b1a5815bd91c326eeca78e5e2e874,0.0,0.01,0.0,0,1.0,220,220,0,220,0.1394979000033345,44.000000000000085,0.004357466063348416,False,0.0,220.0,0.0,0,0,0.0,0.5360931806287474,220,False,True,,2026-07-29T17:17:05.706884+00:00,2026-07-29T17:17:05.846470+00:00,True
small-low-n0.1-ppo-s6-990b792f3129,small,10,low,0.03,0.1,PPO,6,artifacts/final_submission/ppo/best_model.zip,7c54226fc8927d7ef7fcdc7d5f3ff29b11fa8d1463293a9d8e3b6bebad84cc11,disabled,66da6332362cbf876667b08f276bd50b7cdba93a73315a4f2302dc81e40e2eb2,990b792f3129e32d6ff36717e98cb1a8575f33a7b672bfee3d33fd097bb2984e,0.3333333333333333,0.01,0.0,0,0.08181818181818182,18,18,0,220,0.13728500000433996,44.000000000000085,0.15212280701754385,False,0.0,18.0,0.0,0,0,0.0,0.5267904539571397,220,False,True,,2026-07-29T17:17:05.850473+00:00,2026-07-29T17:17:05.988573+00:00,True
small-low-n0.1-ppo-s7-6e3df4326b0f,small,10,low,0.03,0.1,PPO,7,artifacts/final_submission/ppo/best_model.zip,7c54226fc8927d7ef7fcdc7d5f3ff29b11fa8d1463293a9d8e3b6bebad84cc11,disabled,66da6332362cbf876667b08f276bd50b7cdba93a73315a4f2302dc81e40e2eb2,6e3df4326b0f26ad5ba2627b35c584252c8fcd621bd616acd89da87bb32144df,0.3333333333333333,0.02,0.0,0,0.013636363636363636,3,151,148,220,0.1370667000010144,44.800000000000104,0.14130701754385966,False,0.0,151.0,1.0,0,0,0.0,0.5220377274037508,220,False,True,,2026-07-29T17:17:05.991574+00:00,2026-07-29T17:17:06.128792+00:00,True
small-low-n0.1-ppo-s8-6c2845f252e8,small,10,low,0.03,0.1,PPO,8,artifacts/final_submission/ppo/best_model.zip,7c54226fc8927d7ef7fcdc7d5f3ff29b11fa8d1463293a9d8e3b6bebad84cc11,disabled,66da6332362cbf876667b08f276bd50b7cdba93a73315a4f2302dc81e40e2eb2,6c2845f252e878833acdc59e1cf149446f5bee708afec31c1b6d51b73282ba0a,0.0,0.02,0.0,0,0.022727272727272728,5,5,0,220,0.14064929998130538,44.8000000000001,0.055999999999999994,False,0.0,5.0,1.0,0,0,0.0,0.5390568185248412,220,False,True,,2026-07-29T17:17:06.131796+00:00,2026-07-29T17:17:06.272261+00:00,True
small-low-n0.1-ppo-s9-e338e620f11f,small,10,low,0.03,0.1,PPO,9,artifacts/final_submission/ppo/best_model.zip,7c54226fc8927d7ef7fcdc7d5f3ff29b11fa8d1463293a9d8e3b6bebad84cc11,disabled,66da6332362cbf876667b08f276bd50b7cdba93a73315a4f2302dc81e40e2eb2,e338e620f11fbe19a4e9cc903db6ea8e1df0c873d6a0c2f5f74d1d86036654e9,0.0,0.02,0.0,0,0.07272727272727272,16,16,0,220,0.1444894000014756,44.8000000000001,0.02364705882352941,False,0.0,16.0,1.0,0,0,0.0,0.5525650005438365,220,False,True,,2026-07-29T17:17:06.275261+00:00,2026-07-29T17:17:06.420646+00:00,True
small-low-n0.1-sac-s0-6e96a77eaee4,small,10,low,0.03,0.1,SAC,0,artifacts/final_submission/sac/best_model.zip,78fe38fcc78df0ba8f98bd07af373848833876e7ec5ddf1486cec9a3cd9ba44c,disabled,66da6332362cbf876667b08f276bd50b7cdba93a73315a4f2302dc81e40e2eb2,6e96a77eaee4786106f161242367b7adb0450d5f4778547c517f78bfa31504c4,0.0,0.03,0.0,0,0.0,0,0,0,220,0.15606330000446178,219.2,0.309,False,0.0,0.0,219.0,0,0,0.0,0.5986631816168401,220,False,True,,2026-07-29T17:17:06.423647+00:00,2026-07-29T17:17:06.580347+00:00,True
small-low-n0.1-sac-s1-9b509dd73319,small,10,low,0.03,0.1,SAC,1,artifacts/final_submission/sac/best_model.zip,78fe38fcc78df0ba8f98bd07af373848833876e7ec5ddf1486cec9a3cd9ba44c,disabled,66da6332362cbf876667b08f276bd50b7cdba93a73315a4f2302dc81e40e2eb2,9b509dd733199b7fc4930518305c6336b5eb5d75ea5d682324a2917cd53a872f,0.0,0.07,1.0,1,0.0,0,0,0,220,0.16437370001222007,220.0,0.17099999999999999,False,0.0,1.0,219.0,0,0,0.0,0.6294813642108982,220,False,True,,2026-07-29T17:17:06.583347+00:00,2026-07-29T17:17:06.748412+00:00,True
small-low-n0.1-sac-s2-a329b55175cd,small,10,low,0.03,0.1,SAC,2,artifacts/final_submission/sac/best_model.zip,78fe38fcc78df0ba8f98bd07af373848833876e7ec5ddf1486cec9a3cd9ba44c,disabled,66da6332362cbf876667b08f276bd50b7cdba93a73315a4f2302dc81e40e2eb2,a329b55175cd8dcc77c74260595ce56255f80542d33cc82ca0a2d08e78a4dded,0.3333333333333333,0.04,1.0,1,0.004545454545454545,1,1,0,220,0.1544411999930162,54.40000000000027,0.24533333333333335,False,0.0,2.0,12.0,0,0,0.0,0.5976868184833702,220,False,True,,2026-07-29T17:17:06.751413+00:00,2026-07-29T17:17:06.906673+00:00,True
small-low-n0.1-sac-s3-ee99fa0fb343,small,10,low,0.03,0.1,SAC,3,artifacts/final_submission/sac/best_model.zip,78fe38fcc78df0ba8f98bd07af373848833876e7ec5ddf1486cec9a3cd9ba44c,disabled,66da6332362cbf876667b08f276bd50b7cdba93a73315a4f2302dc81e40e2eb2,ee99fa0fb343618a55b9a0fac9593fc8ce25ec790bbf272a30bb8cab5b86d49d,0.0,0.07,1.0,166,0.0,0,23,23,220,0.16572180000366643,216.8,0.022566579634464755,False,0.0,190.5,50.0,0,0,0.0,0.6445395458616655,220,False,True,,2026-07-29T17:17:06.910626+00:00,2026-07-29T17:17:07.076181+00:00,True
small-low-n0.1-sac-s4-09a4c70ed793,small,10,low,0.03,0.1,SAC,4,artifacts/final_submission/sac/best_model.zip,78fe38fcc78df0ba8f98bd07af373848833876e7ec5ddf1486cec9a3cd9ba44c,disabled,66da6332362cbf876667b08f276bd50b7cdba93a73315a4f2302dc81e40e2eb2,09a4c70ed793556fe7d750e18ddc04bca75830c153865d2820fb60625dcbd71f,0.3333333333333333,0.04,1.0,210,0.07727272727272727,17,17,0,220,0.16384590000961907,216.0,0.14664912280701756,False,0.0,227.0,5.0,0,0,0.0,0.6345849994845181,220,False,True,,2026-07-29T17:17:07.079227+00:00,2026-07-29T17:17:07.243547+00:00,True
small-low-n0.1-sac-s5-a3eee1f1a863,small,10,low,0.03,0.1,SAC,5,artifacts/final_submission/sac/best_model.zip,78fe38fcc78df0ba8f98bd07af373848833876e7ec5ddf1486cec9a3cd9ba44c,disabled,66da6332362cbf876667b08f276bd50b7cdba93a73315a4f2302dc81e40e2eb2,a3eee1f1a863538216c1acdac1e8900efeb43a57cde30e0b48e51df91af3ee24,0.0,0.04,1.0,45,0.6045454545454545,133,133,0,220,0.16195560002233833,220.0,0.013675977653631285,False,0.0,178.0,175.0,0,0,0.0,0.6234622733741575,220,False,True,,2026-07-29T17:17:07.246546+00:00,2026-07-29T17:17:07.409903+00:00,True
small-low-n0.1-sac-s6-ee4f6dc6cf47,small,10,low,0.03,0.1,SAC,6,artifacts/final_submission/sac/best_model.zip,78fe38fcc78df0ba8f98bd07af373848833876e7ec5ddf1486cec9a3cd9ba44c,disabled,66da6332362cbf876667b08f276bd50b7cdba93a73315a4f2302dc81e40e2eb2,ee4f6dc6cf473e6c9d0582744b3a2d30547c154214c2d2825dffa4decd8f1388,0.3333333333333333,0.04,1.0,12,0.0,0,0,0,220,0.15418879999197088,59.200000000000344,0.16841025641025642,False,0.0,12.0,7.0,0,0,0.0,0.5944081810990941,220,False,True,,2026-07-29T17:17:07.412905+00:00,2026-07-29T17:17:07.566943+00:00,True
small-low-n0.1-sac-s7-ed1fd29842cf,small,10,low,0.03,0.1,SAC,7,artifacts/final_submission/sac/best_model.zip,78fe38fcc78df0ba8f98bd07af373848833876e7ec5ddf1486cec9a3cd9ba44c,disabled,66da6332362cbf876667b08f276bd50b7cdba93a73315a4f2302dc81e40e2eb2,ed1fd29842cf755b217ef5fc3fd8e9f37d2ee5a44ae9c0014ef4482ebe24769a,0.0,0.07,1.0,13,0.05,11,26,15,220,0.1576243000163231,82.40000000000049,0.0285,False,0.0,39.0,35.0,0,0,0.0,0.6014713629900309,220,False,True,,2026-07-29T17:17:07.570797+00:00,2026-07-29T17:17:07.728271+00:00,True
small-low-n0.1-sac-s8-acbf6cb70b88,small,10,low,0.03,0.1,SAC,8,artifacts/final_submission/sac/best_model.zip,78fe38fcc78df0ba8f98bd07af373848833876e7ec5ddf1486cec9a3cd9ba44c,disabled,66da6332362cbf876667b08f276bd50b7cdba93a73315a4f2302dc81e40e2eb2,acbf6cb70b88ad28ee5674e07124ee1085c21568d696613b28d32b9599b5d5f5,0.0,0.01,0.0,0,0.03636363636363636,8,8,0,220,0.1540198999864515,44.000000000000085,0.036333333333333336,False,0.0,8.0,0.0,0,0,0.0,0.5935022733121348,220,False,True,,2026-07-29T17:17:07.731804+00:00,2026-07-29T17:17:07.886812+00:00,True
small-low-n0.1-sac-s9-1eb0804b9a9c,small,10,low,0.03,0.1,SAC,9,artifacts/final_submission/sac/best_model.zip,78fe38fcc78df0ba8f98bd07af373848833876e7ec5ddf1486cec9a3cd9ba44c,disabled,66da6332362cbf876667b08f276bd50b7cdba93a73315a4f2302dc81e40e2eb2,1eb0804b9a9ccb170b2d243612c8de293a6d9786f769cd925c67e054d92c910a,0.0,0.08,1.0,197,0.06818181818181818,15,15,0,220,0.15408159999060445,220.0,0.02540845070422535,False,0.0,212.0,23.0,0,0,0.0,0.5917172725524076,220,False,True,,2026-07-29T17:17:07.889812+00:00,2026-07-29T17:17:08.044389+00:00,True
small-low-n0.1-riskshield_ppo-s0-ba98a73c5e33,small,10,low,0.03,0.1,RiskShield-PPO,0,artifacts/final_submission/riskshield_ppo/best_model.zip,d6c91caeb9bb10db866cbfe947ef1cc3db0ea8dc7470d098c9af6298ab75c812,k_step,66da6332362cbf876667b08f276bd50b7cdba93a73315a4f2302dc81e40e2eb2,ba98a73c5e334d005d9c0a798dcf2c6c836921dbc9a90bba893683e6aae8a47e,0.3333333333333333,0.01,0.0,0,0.0,0,0,0,220,0.18234780000057071,44.000000000000085,0.43633333333333335,False,0.0,0.0,0.0,0,0,0.0,0.6951231816360219,220,False,True,,2026-07-29T17:17:08.047621+00:00,2026-07-29T17:17:08.230760+00:00,True
small-low-n0.1-riskshield_ppo-s1-3a7973c0f871,small,10,low,0.03,0.1,RiskShield-PPO,1,artifacts/final_submission/riskshield_ppo/best_model.zip,d6c91caeb9bb10db866cbfe947ef1cc3db0ea8dc7470d098c9af6298ab75c812,k_step,66da6332362cbf876667b08f276bd50b7cdba93a73315a4f2302dc81e40e2eb2,3a7973c0f87173ed535dff476651d3a485778826ab2544fb664a3166b108832e,0.0,0.01,0.0,0,0.0,0,0,0,220,0.15376580000156537,44.000000000000085,0.303,False,0.0,0.0,0.0,0,0,0.0,0.5663318186469207,220,False,True,,2026-07-29T17:17:08.233760+00:00,2026-07-29T17:17:08.387615+00:00,True
small-low-n0.1-riskshield_ppo-s2-c06c32b65725,small,10,low,0.03,0.1,RiskShield-PPO,2,artifacts/final_submission/riskshield_ppo/best_model.zip,d6c91caeb9bb10db866cbfe947ef1cc3db0ea8dc7470d098c9af6298ab75c812,k_step,66da6332362cbf876667b08f276bd50b7cdba93a73315a4f2302dc81e40e2eb2,c06c32b657259d98d7159737ffb2d3a9ff36eea1be2e81e087206738b39bf5aa,0.3333333333333333,0.01,0.0,0,0.0,0,0,0,220,0.1485361999948509,44.000000000000085,0.43633333333333335,False,0.0,0.0,0.0,0,0,0.0,0.5460613640025258,220,False,True,,2026-07-29T17:17:08.390613+00:00,2026-07-29T17:17:08.539587+00:00,True
small-low-n0.1-riskshield_ppo-s3-16a6176f2c4f,small,10,low,0.03,0.1,RiskShield-PPO,3,artifacts/final_submission/riskshield_ppo/best_model.zip,d6c91caeb9bb10db866cbfe947ef1cc3db0ea8dc7470d098c9af6298ab75c812,k_step,66da6332362cbf876667b08f276bd50b7cdba93a73315a4f2302dc81e40e2eb2,16a6176f2c4fd40f2dc73af1593dc998f5e8e1a793acf3edc16e4a35883ebbe4,0.3333333333333333,0.11,0.0,0,0.00909090909090909,2,2,0,220,0.15007689999765716,54.400000000000134,0.2663333333333333,False,0.0,2.0,13.0,15,2,0.0,0.5473477281735871,220,False,True,,2026-07-29T17:17:08.542992+00:00,2026-07-29T17:17:08.694343+00:00,True
small-low-n0.1-riskshield_ppo-s4-8627bf43962c,small,10,low,0.03,0.1,RiskShield-PPO,4,artifacts/final_submission/riskshield_ppo/best_model.zip,d6c91caeb9bb10db866cbfe947ef1cc3db0ea8dc7470d098c9af6298ab75c812,k_step,66da6332362cbf876667b08f276bd50b7cdba93a73315a4f2302dc81e40e2eb2,8627bf43962cca69fa9eb59e2d9ef6cc59bd4f905f43317edb7e63e6c46b6e20,0.0,0.01,0.0,0,1.0,220,220,0,220,0.157043999992311,44.000000000000085,0.004357466063348416,False,0.0,220.0,0.0,220,220,0.0,0.5551036358652213,220,False,True,,2026-07-29T17:17:08.698343+00:00,2026-07-29T17:17:08.855932+00:00,True
small-low-n0.1-riskshield_ppo-s5-1df49c0d8ed0,small,10,low,0.03,0.1,RiskShield-PPO,5,artifacts/final_submission/riskshield_ppo/best_model.zip,d6c91caeb9bb10db866cbfe947ef1cc3db0ea8dc7470d098c9af6298ab75c812,k_step,66da6332362cbf876667b08f276bd50b7cdba93a73315a4f2302dc81e40e2eb2,1df49c0d8ed030042329a9fbc7177b72246a838ece5699949868936c17bdd557,0.0,0.04,0.0,0,0.05909090909090909,13,13,0,220,0.1476161000027787,46.40000000000013,0.03342857142857143,False,0.0,13.0,3.0,16,13,0.0,0.5388418192689476,220,False,True,,2026-07-29T17:17:08.859265+00:00,2026-07-29T17:17:09.007257+00:00,True
small-low-n0.1-riskshield_ppo-s6-36f4987b53b2,small,10,low,0.03,0.1,RiskShield-PPO,6,artifacts/final_submission/riskshield_ppo/best_model.zip,d6c91caeb9bb10db866cbfe947ef1cc3db0ea8dc7470d098c9af6298ab75c812,k_step,66da6332362cbf876667b08f276bd50b7cdba93a73315a4f2302dc81e40e2eb2,36f4987b53b2159d001779edbd95ac285c342ac18afb33b2410074982cd62f66,0.3333333333333333,0.01,0.0,0,0.08181818181818182,18,18,0,220,0.15200989998993464,44.000000000000085,0.15212280701754385,False,0.0,18.0,0.0,18,18,0.0,0.5560422738199122,220,False,True,,2026-07-29T17:17:09.010258+00:00,2026-07-29T17:17:09.163027+00:00,True
small-low-n0.1-riskshield_ppo-s7-9773946f1e07,small,10,low,0.03,0.1,RiskShield-PPO,7,artifacts/final_submission/riskshield_ppo/best_model.zip,d6c91caeb9bb10db866cbfe947ef1cc3db0ea8dc7470d098c9af6298ab75c812,k_step,66da6332362cbf876667b08f276bd50b7cdba93a73315a4f2302dc81e40e2eb2,9773946f1e0735b8aef0b0ab6b1849e2741ff3fe9258083f7f6de232e2fc52da,0.3333333333333333,0.01,0.0,0,0.0,0,0,0,220,0.15172789999633096,44.000000000000085,0.43633333333333335,False,0.0,0.0,0.0,0,0,0.0,0.5534086355262182,220,False,True,,2026-07-29T17:17:09.166033+00:00,2026-07-29T17:17:09.317908+00:00,True
small-low-n0.1-riskshield_ppo-s8-6db60684b53b,small,10,low,0.03,0.1,RiskShield-PPO,8,artifacts/final_submission/riskshield_ppo/best_model.zip,d6c91caeb9bb10db866cbfe947ef1cc3db0ea8dc7470d098c9af6298ab75c812,k_step,66da6332362cbf876667b08f276bd50b7cdba93a73315a4f2302dc81e40e2eb2,6db60684b53b37326645901cd02c2b044a8a6632467c8ad1db74beb1a0222a75,0.3333333333333333,0.08,0.0,0,0.01818181818181818,4,4,0,220,0.15119969999068417,52.00000000000017,0.21733333333333332,False,0.0,4.0,10.0,14,4,0.0,0.5514545461416922,220,False,True,,2026-07-29T17:17:09.320912+00:00,2026-07-29T17:17:09.472556+00:00,True
small-low-n0.1-riskshield_ppo-s9-88d69d5e89cd,small,10,low,0.03,0.1,RiskShield-PPO,9,artifacts/final_submission/riskshield_ppo/best_model.zip,d6c91caeb9bb10db866cbfe947ef1cc3db0ea8dc7470d098c9af6298ab75c812,k_step,66da6332362cbf876667b08f276bd50b7cdba93a73315a4f2302dc81e40e2eb2,88d69d5e89cdc134c6256e4adb4a51076c5ed863f1abb0283c3dc688e15eadae,0.3333333333333333,0.03,0.0,0,0.07272727272727272,16,16,0,220,0.15484440000727773,45.600000000000115,0.15998039215686274,False,0.0,16.0,2.0,18,16,0.0,0.5680549985051833,220,False,True,,2026-07-29T17:17:09.476560+00:00,2026-07-29T17:17:09.631265+00:00,True
small-low-n0.2-risk_aware_astar-s0-1be23117c063,small,10,low,0.03,0.2,risk_aware_astar,0,,,disabled,66da6332362cbf876667b08f276bd50b7cdba93a73315a4f2302dc81e40e2eb2,1be23117c063b007cf4bec5be7b35af4e60e94f7aa9c7848501c35c611f24d79,1.0,0.17,0.0,0,0.047619047619047616,1,1,0,21,0.004334900004323572,18.599999999999998,0.601,True,1.0,1.0,18.0,0,0,0.0,0.13978094960163748,21,True,False,,2026-07-29T17:16:38.315571+00:00,2026-07-29T17:16:38.344061+00:00,True
small-low-n0.2-risk_aware_astar-s1-be95861e65d9,small,10,low,0.03,0.2,risk_aware_astar,1,,,disabled,66da6332362cbf876667b08f276bd50b7cdba93a73315a4f2302dc81e40e2eb2,be95861e65d9e5d598d968e120e5db86ed1cccd0615621b63796a5029cb6f9e3,1.0,0.16,0.0,0,0.0,0,0,0,18,0.0030848000023979694,15.6,0.748,True,1.0,0.0,15.0,0,0,0.0,0.11648333101119432,18,True,False,,2026-07-29T17:16:38.322458+00:00,2026-07-29T17:16:38.350062+00:00,True
small-low-n0.2-risk_aware_astar-s2-7123def0c215,small,10,low,0.03,0.2,risk_aware_astar,2,,,disabled,66da6332362cbf876667b08f276bd50b7cdba93a73315a4f2302dc81e40e2eb2,7123def0c2154652852f9f77661f00f751a5fcfcffcd86ab9b5a2fe9280ad6f2,1.0,0.16,0.0,0,0.0,0,0,0,19,0.010689399990951642,16.599999999999998,0.748,True,1.0,0.0,16.0,0,0,0.0,0.12063157995917688,19,True,False,,2026-07-29T17:16:38.333056+00:00,2026-07-29T17:16:38.344061+00:00,True
small-low-n0.2-risk_aware_astar-s3-8221fe94d7a3,small,10,low,0.03,0.2,risk_aware_astar,3,,,disabled,66da6332362cbf876667b08f276bd50b7cdba93a73315a4f2302dc81e40e2eb2,8221fe94d7a37551c6c4f0ed9078485031ce011dc9246d2dcdff93d5c423d1fc,1.0,0.15,0.0,0,0.0,0,0,0,17,0.002727400016738102,14.599999999999998,0.745,True,1.0,0.0,14.0,0,0,0.0,0.1052470607272185,17,True,False,,2026-07-29T17:16:38.339061+00:00,2026-07-29T17:16:38.347082+00:00,True
small-low-n0.2-risk_aware_astar-s4-b077c2e42503,small,10,low,0.03,0.2,risk_aware_astar,4,,,disabled,66da6332362cbf876667b08f276bd50b7cdba93a73315a4f2302dc81e40e2eb2,b077c2e4250334e6d577c6e0ac6d7b730eb843f0719a7275d39e3736caf900f3,1.0,0.21,0.0,0,0.08333333333333333,2,2,0,24,0.02160010000807233,21.599999999999998,0.5630000000000001,True,1.0,2.0,21.0,0,0,0.0,0.09587083210741791,24,True,False,,2026-07-29T17:16:38.344061+00:00,2026-07-29T17:16:38.414809+00:00,True
small-low-n0.2-risk_aware_astar-s5-f81cf8612591,small,10,low,0.03,0.2,risk_aware_astar,5,,,disabled,66da6332362cbf876667b08f276bd50b7cdba93a73315a4f2302dc81e40e2eb2,f81cf8612591808a34c5a996ceccb01499f6aab22d7b0b309e8643ea23ddbee8,1.0,0.14,0.0,0,0.125,2,2,0,16,0.0019348000059835613,13.6,0.542,True,1.0,2.0,13.0,0,0,0.0,0.06521875184262171,16,True,False,,2026-07-29T17:16:38.344061+00:00,2026-07-29T17:16:38.352062+00:00,True
small-low-n0.2-risk_aware_astar-s6-8056ea0fde39,small,10,low,0.03,0.2,risk_aware_astar,6,,,disabled,66da6332362cbf876667b08f276bd50b7cdba93a73315a4f2302dc81e40e2eb2,8056ea0fde391a043ce80e53bbf082e818aefb7cc6acdc536b0cbc0418440be3,1.0,0.09,0.0,0,0.0,0,0,0,11,0.001268099993467331,8.6,0.7270000000000001,True,1.0,0.0,8.0,0,0,0.0,0.051381825786930596,11,True,False,,2026-07-29T17:16:38.347082+00:00,2026-07-29T17:16:38.356955+00:00,True
small-low-n0.2-risk_aware_astar-s7-dd14a39d572a,small,10,low,0.03,0.2,risk_aware_astar,7,,,disabled,66da6332362cbf876667b08f276bd50b7cdba93a73315a4f2302dc81e40e2eb2,dd14a39d572ad4ec34b3cbb97f79e78595371aa9b3e34aba3809908c27f31f2f,1.0,0.07,0.0,0,0.0,0,0,0,9,0.0008828999998513609,6.6000000000000005,0.7210000000000001,True,1.0,0.0,6.0,0,0,0.0,0.03923333780322638,9,True,False,,2026-07-29T17:16:38.350062+00:00,2026-07-29T17:16:38.354006+00:00,True
small-low-n0.2-risk_aware_astar-s8-e796a949ed1f,small,10,low,0.03,0.2,risk_aware_astar,8,,,disabled,66da6332362cbf876667b08f276bd50b7cdba93a73315a4f2302dc81e40e2eb2,e796a949ed1fa1f679f9a9460e2e9310cfe3a5333c6cbd6bc7df5f45ae31eb4e,1.0,0.23,0.0,0,0.0,0,0,0,26,0.004213100008200854,23.599999999999998,0.669,True,1.0,0.5,23.0,0,0,0.0,0.10234231012873352,26,True,False,,2026-07-29T17:16:38.352062+00:00,2026-07-29T17:16:38.373971+00:00,True
small-low-n0.2-risk_aware_astar-s9-bc91e741cf4e,small,10,low,0.03,0.2,risk_aware_astar,9,,,disabled,66da6332362cbf876667b08f276bd50b7cdba93a73315a4f2302dc81e40e2eb2,bc91e741cf4e0c0dfe3886be8e092d4033cbf01d9bb857fca759e2818ef9e5d6,1.0,0.13,0.0,0,0.0,0,0,0,15,0.001857800001744181,12.599999999999998,0.739,True,1.0,0.0,12.0,0,0,0.0,0.06970000298072894,15,True,False,,2026-07-29T17:16:38.354006+00:00,2026-07-29T17:16:38.355955+00:00,True
small-low-n0.2-frontier_exploration-s0-bcff3fd79396,small,10,low,0.03,0.2,frontier_exploration,0,,,disabled,66da6332362cbf876667b08f276bd50b7cdba93a73315a4f2302dc81e40e2eb2,bcff3fd793967a020c1a7208543ebc96b10dba82cf0beaacf7d57540fa54021b,1.0,0.41,0.0,0,0.0,0,0,0,47,0.005618499999400228,44.6,0.823,True,1.0,0.0,44.0,0,0,0.0,0.062297872995878474,47,True,False,,2026-07-29T17:16:38.355955+00:00,2026-07-29T17:16:38.379970+00:00,True
small-low-n0.2-frontier_exploration-s1-9fbc92a49381,small,10,low,0.03,0.2,frontier_exploration,1,,,disabled,66da6332362cbf876667b08f276bd50b7cdba93a73315a4f2302dc81e40e2eb2,9fbc92a49381ec1b2b224845781aba864c6a2d39d2d18779db34aa7ee491bd6a,1.0,0.65,0.0,0,0.011111111111111112,1,1,0,90,0.011721400020178407,87.60000000000001,0.695,True,1.0,2.0,87.0,0,0,0.0,0.07029111018507844,90,True,False,,2026-07-29T17:16:38.356955+00:00,2026-07-29T17:16:38.368969+00:00,True
small-low-n0.2-frontier_exploration-s2-8c4c1f1dff47,small,10,low,0.03,0.2,frontier_exploration,2,,,disabled,66da6332362cbf876667b08f276bd50b7cdba93a73315a4f2302dc81e40e2eb2,8c4c1f1dff477071e854b41e06a245a578b7a0dc989cffa8fafc96db59bd5cdf,1.0,0.49,0.0,0,0.0,0,0,0,61,0.007336100010434166,58.6,0.847,True,1.0,0.0,58.0,0,0,0.0,0.06482294821714768,61,True,False,,2026-07-29T17:16:38.369970+00:00,2026-07-29T17:16:38.392048+00:00,True
small-low-n0.2-frontier_exploration-s3-8579f58ac6fe,small,10,low,0.03,0.2,frontier_exploration,3,,,disabled,66da6332362cbf876667b08f276bd50b7cdba93a73315a4f2302dc81e40e2eb2,8579f58ac6febe1c35960194824ba73eb278abb2fcc26f08f017020aae6ea74a,1.0,0.28,0.0,0,0.0,0,0,0,32,0.003813499992247671,29.599999999999998,0.784,True,1.0,0.0,29.0,0,0,0.0,0.06398124787665438,32,True,False,,2026-07-29T17:16:38.373971+00:00,2026-07-29T17:16:38.383970+00:00,True
small-low-n0.2-frontier_exploration-s4-a717dc5bdfc4,small,10,low,0.03,0.2,frontier_exploration,4,,,disabled,66da6332362cbf876667b08f276bd50b7cdba93a73315a4f2302dc81e40e2eb2,a717dc5bdfc4ccc3f9edf0dba12b0bf83bcd6142531fc4af4e38e47a9d7a897f,1.0,0.76,0.0,0,0.0,0,0,0,125,0.021225000004051253,122.60000000000001,0.778,True,1.0,1.0,122.0,0,0,0.0,0.10958159971050918,125,True,False,,2026-07-29T17:16:38.379970+00:00,2026-07-29T17:16:38.526835+00:00,True
small-low-n0.2-frontier_exploration-s5-c4ccd9790609,small,10,low,0.03,0.2,frontier_exploration,5,,,disabled,66da6332362cbf876667b08f276bd50b7cdba93a73315a4f2302dc81e40e2eb2,c4ccd9790609e011f208aefc8efacf66a53c664dc36f63767c1d300322bc8246,1.0,0.43,0.0,0,0.0,0,0,0,50,0.006469000014476478,47.6,0.829,True,1.0,0.0,47.0,0,0,0.0,0.06140599783975631,50,True,False,,2026-07-29T17:16:38.383970+00:00,2026-07-29T17:16:38.399087+00:00,True
small-low-n0.2-frontier_exploration-s6-9faac427d68e,small,10,low,0.03,0.2,frontier_exploration,6,,,disabled,66da6332362cbf876667b08f276bd50b7cdba93a73315a4f2302dc81e40e2eb2,9faac427d68e0e54c0af4d07437acdc7ac65af1aa87275e75da2cb7dbdd32d4a,1.0,0.17,0.0,0,0.0,0,0,0,19,0.002258699998492375,16.599999999999998,0.751,True,1.0,0.0,16.0,0,0,0.0,0.062442108939744924,19,True,False,,2026-07-29T17:16:38.392048+00:00,2026-07-29T17:16:38.400701+00:00,True
small-low-n0.2-frontier_exploration-s7-0f5394e26334,small,10,low,0.03,0.2,frontier_exploration,7,,,disabled,66da6332362cbf876667b08f276bd50b7cdba93a73315a4f2302dc81e40e2eb2,0f5394e26334ddfa94d3a28bc03a984871ac1eeafd4d7fef604dcb5a11838bf6,1.0,0.49,0.0,0,0.0,0,0,0,67,0.030473899998469278,64.60000000000001,0.747,True,1.0,0.5,64.0,0,0,0.0,0.07300746041600273,67,True,False,,2026-07-29T17:16:38.399087+00:00,2026-07-29T17:16:38.527834+00:00,True
small-low-n0.2-frontier_exploration-s8-41b7882678d4,small,10,low,0.03,0.2,frontier_exploration,8,,,disabled,66da6332362cbf876667b08f276bd50b7cdba93a73315a4f2302dc81e40e2eb2,41b7882678d4fceee8e14f09033aa061642f033f61487f171c82d59245f929f8,1.0,0.57,0.0,0,0.0,0,0,0,74,0.009137999993981794,71.60000000000001,0.721,True,1.0,1.0,71.0,0,0,0.0,0.06552837628594323,74,True,False,,2026-07-29T17:16:38.400701+00:00,2026-07-29T17:16:38.410758+00:00,True
small-low-n0.2-frontier_exploration-s9-a9087053f4f0,small,10,low,0.03,0.2,frontier_exploration,9,,,disabled,66da6332362cbf876667b08f276bd50b7cdba93a73315a4f2302dc81e40e2eb2,a9087053f4f09dc6836a7acdfaddd56fbd14c93bba228fd5ad41131f982fd7ac,1.0,0.47,0.0,0,0.0,0,0,0,59,0.007975699991220608,56.6,0.841,True,1.0,0.0,56.0,0,0,0.0,0.07177965904949075,59,True,False,,2026-07-29T17:16:38.410758+00:00,2026-07-29T17:16:38.422706+00:00,True
small-low-n0.2-ppo-s0-e9f8616d5246,small,10,low,0.03,0.2,PPO,0,artifacts/final_submission/ppo/best_model.zip,7c54226fc8927d7ef7fcdc7d5f3ff29b11fa8d1463293a9d8e3b6bebad84cc11,disabled,66da6332362cbf876667b08f276bd50b7cdba93a73315a4f2302dc81e40e2eb2,e9f8616d5246ca8eae4cab5b7506575012928a3574f20176b0399e5c34c5ccba,0.3333333333333333,0.01,0.0,0,0.0,0,0,0,220,0.15087330000824295,44.000000000000085,0.43633333333333335,False,0.0,0.0,0.0,0,0,0.0,0.587338636581659,220,False,True,,2026-07-29T17:17:09.634719+00:00,2026-07-29T17:17:09.786260+00:00,True
small-low-n0.2-ppo-s1-7d472bd01906,small,10,low,0.03,0.2,PPO,1,artifacts/final_submission/ppo/best_model.zip,7c54226fc8927d7ef7fcdc7d5f3ff29b11fa8d1463293a9d8e3b6bebad84cc11,disabled,66da6332362cbf876667b08f276bd50b7cdba93a73315a4f2302dc81e40e2eb2,7d472bd01906f9e618f592757e5e7482491ed79a9f5bbf8029cdbd17d8f14e7e,0.0,0.01,0.0,0,0.0,0,0,0,220,0.14897350000683218,44.000000000000085,0.303,False,0.0,0.0,0.0,0,0,0.0,0.580759091429751,220,False,True,,2026-07-29T17:17:09.789454+00:00,2026-07-29T17:17:09.939066+00:00,True
small-low-n0.2-ppo-s2-984d255f25b0,small,10,low,0.03,0.2,PPO,2,artifacts/final_submission/ppo/best_model.zip,7c54226fc8927d7ef7fcdc7d5f3ff29b11fa8d1463293a9d8e3b6bebad84cc11,disabled,66da6332362cbf876667b08f276bd50b7cdba93a73315a4f2302dc81e40e2eb2,984d255f25b069ee4c56c7d5588ab67dfaeecc665b4680783c4eb3dd0e83e3c2,0.3333333333333333,0.01,0.0,0,0.0,0,0,0,220,0.1520431999815628,44.000000000000085,0.43633333333333335,False,0.0,0.0,0.0,0,0,0.0,0.5970245445496403,220,False,True,,2026-07-29T17:17:09.941689+00:00,2026-07-29T17:17:10.094059+00:00,True
small-low-n0.2-ppo-s3-c46ee3ac1fb8,small,10,low,0.03,0.2,PPO,3,artifacts/final_submission/ppo/best_model.zip,7c54226fc8927d7ef7fcdc7d5f3ff29b11fa8d1463293a9d8e3b6bebad84cc11,disabled,66da6332362cbf876667b08f276bd50b7cdba93a73315a4f2302dc81e40e2eb2,c46ee3ac1fb8d2de1fd7e8580de2738a3b168f793de8b33183e8d27da2dd136c,0.0,0.01,0.0,0,0.12727272727272726,28,28,0,220,0.15201009999145754,44.000000000000085,0.013344827586206896,False,0.0,28.0,0.0,0,0,0.0,0.5913481812140989,220,False,True,,2026-07-29T17:17:10.097076+00:00,2026-07-29T17:17:10.249466+00:00,True
small-low-n0.2-ppo-s4-bed5a394686c,small,10,low,0.03,0.2,PPO,4,artifacts/final_submission/ppo/best_model.zip,7c54226fc8927d7ef7fcdc7d5f3ff29b11fa8d1463293a9d8e3b6bebad84cc11,disabled,66da6332362cbf876667b08f276bd50b7cdba93a73315a4f2302dc81e40e2eb2,bed5a394686cef0e41d8d70254db8e1b2a0df0f211f9d4ce4114621d8b95a931,0.0,0.01,0.0,0,1.0,220,220,0,220,0.1535583999939263,44.000000000000085,0.004357466063348416,False,0.0,220.0,0.0,0,0,0.0,0.5940377271723595,220,False,True,,2026-07-29T17:17:10.252919+00:00,2026-07-29T17:17:10.406534+00:00,True
small-low-n0.2-ppo-s5-525c6d8636a0,small,10,low,0.03,0.2,PPO,5,artifacts/final_submission/ppo/best_model.zip,7c54226fc8927d7ef7fcdc7d5f3ff29b11fa8d1463293a9d8e3b6bebad84cc11,disabled,66da6332362cbf876667b08f276bd50b7cdba93a73315a4f2302dc81e40e2eb2,525c6d8636a0595443b13166c50499b24e8d5dcde07e3031b6ffe755a76e35c0,0.0,0.01,0.0,0,1.0,220,220,0,220,0.1524648999911733,44.000000000000085,0.004357466063348416,False,0.0,220.0,0.0,0,0,0.0,0.5929054562743246,220,False,True,,2026-07-29T17:17:10.409536+00:00,2026-07-29T17:17:10.563456+00:00,True
small-low-n0.2-ppo-s6-88ec475865e1,small,10,low,0.03,0.2,PPO,6,artifacts/final_submission/ppo/best_model.zip,7c54226fc8927d7ef7fcdc7d5f3ff29b11fa8d1463293a9d8e3b6bebad84cc11,disabled,66da6332362cbf876667b08f276bd50b7cdba93a73315a4f2302dc81e40e2eb2,88ec475865e11a05af01186ee35e7c676f667a118cec69deae273b7beca237a3,0.3333333333333333,0.01,0.0,0,0.08181818181818182,18,18,0,220,0.15318370002205484,44.000000000000085,0.15212280701754385,False,0.0,18.0,0.0,0,0,0.0,0.597119544214696,220,False,True,,2026-07-29T17:17:10.566476+00:00,2026-07-29T17:17:10.720544+00:00,True
small-low-n0.2-ppo-s7-9641f10262e0,small,10,low,0.03,0.2,PPO,7,artifacts/final_submission/ppo/best_model.zip,7c54226fc8927d7ef7fcdc7d5f3ff29b11fa8d1463293a9d8e3b6bebad84cc11,disabled,66da6332362cbf876667b08f276bd50b7cdba93a73315a4f2302dc81e40e2eb2,9641f10262e0bab3720822e52ec93dba86c250b50c67a804e63e7881677785a0,0.3333333333333333,0.02,0.0,0,0.013636363636363636,3,214,211,220,0.1540798000060022,44.8000000000001,0.14072868217054263,False,0.0,214.0,1.0,0,0,0.0,0.5969845453033816,220,False,True,,2026-07-29T17:17:10.723547+00:00,2026-07-29T17:17:10.877749+00:00,True
small-low-n0.2-ppo-s8-f0af1aca5c9b,small,10,low,0.03,0.2,PPO,8,artifacts/final_submission/ppo/best_model.zip,7c54226fc8927d7ef7fcdc7d5f3ff29b11fa8d1463293a9d8e3b6bebad84cc11,disabled,66da6332362cbf876667b08f276bd50b7cdba93a73315a4f2302dc81e40e2eb2,f0af1aca5c9b02064e172111a4034276b75c7d5ec88d136feeeac608a2a1a1c7,0.0,0.02,0.0,0,0.022727272727272728,5,5,0,220,0.15362280001863837,44.8000000000001,0.055999999999999994,False,0.0,5.0,1.0,0,0,0.0,0.5971081827407364,220,False,True,,2026-07-29T17:17:10.880749+00:00,2026-07-29T17:17:11.034537+00:00,True
small-low-n0.2-ppo-s9-1026b6f4866e,small,10,low,0.03,0.2,PPO,9,artifacts/final_submission/ppo/best_model.zip,7c54226fc8927d7ef7fcdc7d5f3ff29b11fa8d1463293a9d8e3b6bebad84cc11,disabled,66da6332362cbf876667b08f276bd50b7cdba93a73315a4f2302dc81e40e2eb2,1026b6f4866e390005746dbc88fb0685e88ddd433f0807ea497aed1776664d12,0.0,0.02,0.0,0,0.07272727272727272,16,16,0,220,0.158390500000678,44.8000000000001,0.02364705882352941,False,0.0,16.0,1.0,0,0,0.0,0.6176836358711377,220,False,True,,2026-07-29T17:17:11.037827+00:00,2026-07-29T17:17:11.196964+00:00,True
small-low-n0.2-sac-s0-439ba98625ab,small,10,low,0.03,0.2,SAC,0,artifacts/final_submission/sac/best_model.zip,78fe38fcc78df0ba8f98bd07af373848833876e7ec5ddf1486cec9a3cd9ba44c,disabled,66da6332362cbf876667b08f276bd50b7cdba93a73315a4f2302dc81e40e2eb2,439ba98625ab2a94781f3f3e3fd8b8b7e5eb902c17d55753c9f9fa46020b46b1,0.0,0.03,0.0,0,0.0,0,0,0,220,0.15818659999058582,218.39999999999998,0.309,False,0.0,0.0,218.0,0,0,0.0,0.6072981816197914,220,False,True,,2026-07-29T17:17:11.199987+00:00,2026-07-29T17:17:11.359159+00:00,True
small-low-n0.2-sac-s1-ee18c50842df,small,10,low,0.03,0.2,SAC,1,artifacts/final_submission/sac/best_model.zip,78fe38fcc78df0ba8f98bd07af373848833876e7ec5ddf1486cec9a3cd9ba44c,disabled,66da6332362cbf876667b08f276bd50b7cdba93a73315a4f2302dc81e40e2eb2,ee18c50842df025997169f42fc670008c13e71d2fe9dc9ac61950ec54be811ef,0.6666666666666666,0.14,1.0,59,0.02727272727272727,6,6,0,220,0.16118870000354946,213.60000000000002,0.31321212121212116,False,0.0,65.0,153.0,0,0,0.0,0.6224390907763419,220,False,True,,2026-07-29T17:17:11.362160+00:00,2026-07-29T17:17:11.523913+00:00,True
small-low-n0.2-sac-s2-54889fd89258,small,10,low,0.03,0.2,SAC,2,artifacts/final_submission/sac/best_model.zip,78fe38fcc78df0ba8f98bd07af373848833876e7ec5ddf1486cec9a3cd9ba44c,disabled,66da6332362cbf876667b08f276bd50b7cdba93a73315a4f2302dc81e40e2eb2,54889fd892586aa131653faad4e6b77933a18af28cb4b28364238512319b4018,0.3333333333333333,0.04,1.0,10,0.004545454545454545,1,1,0,220,0.15687840001191944,135.19999999999993,0.17033333333333334,False,0.0,11.0,104.0,0,0,0.0,0.6079986355457963,220,False,True,,2026-07-29T17:17:11.527467+00:00,2026-07-29T17:17:11.685241+00:00,True
small-low-n0.2-sac-s3-2abef5c1bc44,small,10,low,0.03,0.2,SAC,3,artifacts/final_submission/sac/best_model.zip,78fe38fcc78df0ba8f98bd07af373848833876e7ec5ddf1486cec9a3cd9ba44c,disabled,66da6332362cbf876667b08f276bd50b7cdba93a73315a4f2302dc81e40e2eb2,2abef5c1bc44e5113e88b106b70b1e9265d9cbc700e15fd4342351443a07b39d,0.0,0.07,1.0,141,0.022727272727272728,5,43,38,220,0.15594070000224747,207.20000000000002,0.022595744680851064,False,0.0,187.0,63.0,0,0,0.0,0.6013254541109994,220,False,True,,2026-07-29T17:17:11.688243+00:00,2026-07-29T17:17:11.844612+00:00,True
small-low-n0.2-sac-s4-e0d9e102fb4d,small,10,low,0.03,0.2,SAC,4,artifacts/final_submission/sac/best_model.zip,78fe38fcc78df0ba8f98bd07af373848833876e7ec5ddf1486cec9a3cd9ba44c,disabled,66da6332362cbf876667b08f276bd50b7cdba93a73315a4f2302dc81e40e2eb2,e0d9e102fb4dd6fe145acb37e3086a734117279853ea3e8b16699f0c50487498,0.3333333333333333,0.04,1.0,210,0.19090909090909092,42,42,0,220,0.15607679999084212,216.0,0.14651910408432148,False,0.0,252.0,5.0,0,0,0.0,0.602800909572662,220,False,True,,2026-07-29T17:17:11.848596+00:00,2026-07-29T17:17:12.004711+00:00,True
small-low-n0.2-sac-s5-04f0cb503188,small,10,low,0.03,0.2,SAC,5,artifacts/final_submission/sac/best_model.zip,78fe38fcc78df0ba8f98bd07af373848833876e7ec5ddf1486cec9a3cd9ba44c,disabled,66da6332362cbf876667b08f276bd50b7cdba93a73315a4f2302dc81e40e2eb2,04f0cb503188c609a930ec8574fbcc73148659f7aca20485117fa9682af34f54,0.0,0.09,1.0,99,0.21363636363636362,47,47,0,220,0.1889507999876514,206.40000000000003,0.029040816326530612,False,0.0,146.0,104.0,0,0,0.0,0.7445204549267973,220,False,True,,2026-07-29T17:17:12.007755+00:00,2026-07-29T17:17:12.196701+00:00,True
small-low-n0.2-sac-s6-37305844248d,small,10,low,0.03,0.2,SAC,6,artifacts/final_submission/sac/best_model.zip,78fe38fcc78df0ba8f98bd07af373848833876e7ec5ddf1486cec9a3cd9ba44c,disabled,66da6332362cbf876667b08f276bd50b7cdba93a73315a4f2302dc81e40e2eb2,37305844248df7affd6b3f975f0ab0e5aaba4d0f9c94191158db9b70569aeb82,0.3333333333333333,0.07,1.0,10,0.0,0,1,1,220,0.1587110000255052,65.60000000000045,0.17933333333333332,False,0.0,11.0,17.0,0,0,0.0,0.6142054533649405,220,False,True,,2026-07-29T17:17:12.199607+00:00,2026-07-29T17:17:12.359722+00:00,True
small-low-n0.2-sac-s7-aebca851a79c,small,10,low,0.03,0.2,SAC,7,artifacts/final_submission/sac/best_model.zip,78fe38fcc78df0ba8f98bd07af373848833876e7ec5ddf1486cec9a3cd9ba44c,disabled,66da6332362cbf876667b08f276bd50b7cdba93a73315a4f2302dc81e40e2eb2,aebca851a79c53a63f557f6a23360823fb6b684542f6872ec6c61cfdc66ed48e,0.0,0.05,0.0,0,0.004545454545454545,1,4,3,220,0.16225439999834634,51.20000000000019,0.075,False,0.0,4.0,9.0,0,0,0.0,0.6216495448659937,220,False,True,,2026-07-29T17:17:12.362724+00:00,2026-07-29T17:17:12.525257+00:00,True
small-low-n0.2-sac-s8-e3523364a433,small,10,low,0.03,0.2,SAC,8,artifacts/final_submission/sac/best_model.zip,78fe38fcc78df0ba8f98bd07af373848833876e7ec5ddf1486cec9a3cd9ba44c,disabled,66da6332362cbf876667b08f276bd50b7cdba93a73315a4f2302dc81e40e2eb2,e3523364a4339207e04fc00864b3940b9f8f1319efb019057e1065d897918f1a,0.0,0.01,0.0,0,0.03636363636363636,8,8,0,220,0.1889530000044033,44.000000000000085,0.036333333333333336,False,0.0,8.0,0.0,0,0,0.0,0.7495404547874138,220,False,True,,2026-07-29T17:17:12.529175+00:00,2026-07-29T17:17:12.718088+00:00,True
small-low-n0.2-sac-s9-2c504a609336,small,10,low,0.03,0.2,SAC,9,artifacts/final_submission/sac/best_model.zip,78fe38fcc78df0ba8f98bd07af373848833876e7ec5ddf1486cec9a3cd9ba44c,disabled,66da6332362cbf876667b08f276bd50b7cdba93a73315a4f2302dc81e40e2eb2,2c504a6093362b2f2de706015a91b94df5873b73d6eb0c1deb4870be167fdd7a,0.0,0.06,1.0,211,0.03636363636363636,8,8,0,220,0.16290930000832304,220.0,0.01936363636363636,False,0.0,219.0,9.0,0,0,0.0,0.6311868174551901,220,False,True,,2026-07-29T17:17:12.721121+00:00,2026-07-29T17:17:12.884212+00:00,True
small-low-n0.2-riskshield_ppo-s0-84e7fec0e1ac,small,10,low,0.03,0.2,RiskShield-PPO,0,artifacts/final_submission/riskshield_ppo/best_model.zip,d6c91caeb9bb10db866cbfe947ef1cc3db0ea8dc7470d098c9af6298ab75c812,k_step,66da6332362cbf876667b08f276bd50b7cdba93a73315a4f2302dc81e40e2eb2,84e7fec0e1ac4eb593742c7d7aa670eba214c5b35447935f36c557a1b9a2bed3,0.3333333333333333,0.01,0.0,0,0.0,0,0,0,220,0.19306439999490976,44.000000000000085,0.43633333333333335,False,0.0,0.0,0.0,0,0,0.0,0.7459131807660345,220,False,True,,2026-07-29T17:17:12.887234+00:00,2026-07-29T17:17:13.080969+00:00,True
small-low-n0.2-riskshield_ppo-s1-9f44907ea2c1,small,10,low,0.03,0.2,RiskShield-PPO,1,artifacts/final_submission/riskshield_ppo/best_model.zip,d6c91caeb9bb10db866cbfe947ef1cc3db0ea8dc7470d098c9af6298ab75c812,k_step,66da6332362cbf876667b08f276bd50b7cdba93a73315a4f2302dc81e40e2eb2,9f44907ea2c1dc3ee2ce6a6f82f6cbd9410b6f0cc65b94c356d591b539b7cd26,0.0,0.01,0.0,0,0.0,0,0,0,220,0.16351649997523054,44.000000000000085,0.303,False,0.0,0.0,0.0,0,0,0.0,0.6123213637196883,220,False,True,,2026-07-29T17:17:13.084505+00:00,2026-07-29T17:17:13.248997+00:00,True
small-low-n0.2-riskshield_ppo-s2-0123180cc49d,small,10,low,0.03,0.2,RiskShield-PPO,2,artifacts/final_submission/riskshield_ppo/best_model.zip,d6c91caeb9bb10db866cbfe947ef1cc3db0ea8dc7470d098c9af6298ab75c812,k_step,66da6332362cbf876667b08f276bd50b7cdba93a73315a4f2302dc81e40e2eb2,0123180cc49db2736c0c79e3c8c538696559e32dd3bebe7ecb11568b15a02480,0.3333333333333333,0.01,0.0,0,0.0,0,0,0,220,0.1774446000054013,44.000000000000085,0.43633333333333335,False,0.0,0.0,0.0,0,0,0.0,0.6782254558691586,220,False,True,,2026-07-29T17:17:13.251358+00:00,2026-07-29T17:17:13.429282+00:00,True
small-low-n0.2-riskshield_ppo-s3-732ca8e91529,small,10,low,0.03,0.2,RiskShield-PPO,3,artifacts/final_submission/riskshield_ppo/best_model.zip,d6c91caeb9bb10db866cbfe947ef1cc3db0ea8dc7470d098c9af6298ab75c812,k_step,66da6332362cbf876667b08f276bd50b7cdba93a73315a4f2302dc81e40e2eb2,732ca8e91529240e3a41318c37e059204cb7e7cb98b0e5d3db3777cbd03d6438,0.3333333333333333,0.11,0.0,0,0.00909090909090909,2,2,0,220,0.16625969999586232,54.400000000000134,0.2663333333333333,False,0.0,2.0,13.0,15,2,0.0,0.6215922734223899,220,False,True,,2026-07-29T17:17:13.432315+00:00,2026-07-29T17:17:13.599340+00:00,True
small-low-n0.2-riskshield_ppo-s4-2343b46db7ed,small,10,low,0.03,0.2,RiskShield-PPO,4,artifacts/final_submission/riskshield_ppo/best_model.zip,d6c91caeb9bb10db866cbfe947ef1cc3db0ea8dc7470d098c9af6298ab75c812,k_step,66da6332362cbf876667b08f276bd50b7cdba93a73315a4f2302dc81e40e2eb2,2343b46db7edad0be70ca14cb1cbf1126b4e99310638473d59edb9147707b446,0.0,0.01,0.0,0,1.0,220,220,0,220,0.1755403999995906,44.000000000000085,0.004357466063348416,False,0.0,220.0,0.0,220,220,0.0,0.6387395457502201,220,False,True,,2026-07-29T17:17:13.602342+00:00,2026-07-29T17:17:13.778628+00:00,True
small-low-n0.2-riskshield_ppo-s5-1aa5feb42b51,small,10,low,0.03,0.2,RiskShield-PPO,5,artifacts/final_submission/riskshield_ppo/best_model.zip,d6c91caeb9bb10db866cbfe947ef1cc3db0ea8dc7470d098c9af6298ab75c812,k_step,66da6332362cbf876667b08f276bd50b7cdba93a73315a4f2302dc81e40e2eb2,1aa5feb42b51f3d0a28b1a5f4f6c3f5ba113f6f307184b89efa8b41dd15dd80a,0.0,0.04,0.0,0,0.05909090909090909,13,13,0,220,0.16561209998326376,46.40000000000013,0.03342857142857143,False,0.0,13.0,3.0,16,13,0.0,0.6183727263388309,220,False,True,,2026-07-29T17:17:13.781627+00:00,2026-07-29T17:17:13.947684+00:00,True
small-low-n0.2-riskshield_ppo-s6-316e5c1901db,small,10,low,0.03,0.2,RiskShield-PPO,6,artifacts/final_submission/riskshield_ppo/best_model.zip,d6c91caeb9bb10db866cbfe947ef1cc3db0ea8dc7470d098c9af6298ab75c812,k_step,66da6332362cbf876667b08f276bd50b7cdba93a73315a4f2302dc81e40e2eb2,316e5c1901db2cb02ec6249e7a7fc388c4f01d74d7289e1302f145a7ce7037c8,0.3333333333333333,0.01,0.0,0,0.08181818181818182,18,18,0,220,0.16380999999819323,44.000000000000085,0.15212280701754385,False,0.0,18.0,0.0,18,18,0.0,0.6101327302696352,220,False,True,,2026-07-29T17:17:13.950684+00:00,2026-07-29T17:17:14.114640+00:00,True
small-low-n0.2-riskshield_ppo-s7-340d8fa1c89b,small,10,low,0.03,0.2,RiskShield-PPO,7,artifacts/final_submission/riskshield_ppo/best_model.zip,d6c91caeb9bb10db866cbfe947ef1cc3db0ea8dc7470d098c9af6298ab75c812,k_step,66da6332362cbf876667b08f276bd50b7cdba93a73315a4f2302dc81e40e2eb2,340d8fa1c89bd4cbec7e829433f5bac24cc9e1b29edb65a3b331c394406b07fe,0.3333333333333333,0.01,0.0,0,0.0,0,0,0,220,0.16273549999459647,44.000000000000085,0.43633333333333335,False,0.0,0.0,0.0,0,0,0.0,0.605615909311878,220,False,True,,2026-07-29T17:17:14.118598+00:00,2026-07-29T17:17:14.281755+00:00,True
small-low-n0.2-riskshield_ppo-s8-ba74de7165e2,small,10,low,0.03,0.2,RiskShield-PPO,8,artifacts/final_submission/riskshield_ppo/best_model.zip,d6c91caeb9bb10db866cbfe947ef1cc3db0ea8dc7470d098c9af6298ab75c812,k_step,66da6332362cbf876667b08f276bd50b7cdba93a73315a4f2302dc81e40e2eb2,ba74de7165e22bf0194ccf74bb24162cbf54d08e829f8f1336f7393fdc189033,0.3333333333333333,0.08,0.0,0,0.01818181818181818,4,4,0,220,0.1651189000112936,52.00000000000017,0.21733333333333332,False,0.0,4.0,10.0,14,4,0.0,0.6127140912047419,220,False,True,,2026-07-29T17:17:14.284762+00:00,2026-07-29T17:17:14.449784+00:00,True
small-low-n0.2-riskshield_ppo-s9-1c22b65e4ac4,small,10,low,0.03,0.2,RiskShield-PPO,9,artifacts/final_submission/riskshield_ppo/best_model.zip,d6c91caeb9bb10db866cbfe947ef1cc3db0ea8dc7470d098c9af6298ab75c812,k_step,66da6332362cbf876667b08f276bd50b7cdba93a73315a4f2302dc81e40e2eb2,1c22b65e4ac412f8ec6ad13b36f8d5204b84e125fbd824327d61e258b6f2fe6b,0.3333333333333333,0.03,0.0,0,0.07272727272727272,16,16,0,220,0.16375190002145246,45.600000000000115,0.15998039215686274,False,0.0,16.0,2.0,18,16,0.0,0.6086754525313154,220,False,True,,2026-07-29T17:17:14.453783+00:00,2026-07-29T17:17:14.617891+00:00,True
small-medium-n0.0-risk_aware_astar-s0-f1a86d587201,small,10,medium,0.05,0.0,risk_aware_astar,0,,,disabled,66da6332362cbf876667b08f276bd50b7cdba93a73315a4f2302dc81e40e2eb2,f1a86d587201e6ba942a26843d7a34956117147f682a034c2a90153e87e0049a,1.0,0.18,0.0,0,0.03571428571428571,1,1,0,28,0.004389799985801801,23.999999999999996,0.5740000000000001,True,1.0,1.5,23.0,0,0,0.0,0.09191428606365142,28,True,False,,2026-07-29T17:16:38.414809+00:00,2026-07-29T17:16:38.430816+00:00,True
small-medium-n0.0-risk_aware_astar-s1-abd39a8e8ccc,small,10,medium,0.05,0.0,risk_aware_astar,1,,,disabled,66da6332362cbf876667b08f276bd50b7cdba93a73315a4f2302dc81e40e2eb2,abd39a8e8cccbec6ded8b5d5f0f05f10d7ee3b1527e58b55a8cf8c8831d1bc38,1.0,0.15,0.0,0,0.10526315789473684,2,2,0,19,0.0023676000128034502,14.999999999999998,0.545,True,1.0,2.0,14.0,0,0,0.0,0.0614105267327671,19,True,False,,2026-07-29T17:16:38.422706+00:00,2026-07-29T17:16:38.425817+00:00,True
small-medium-n0.0-risk_aware_astar-s2-65cc9c1dd15f,small,10,medium,0.05,0.0,risk_aware_astar,2,,,disabled,66da6332362cbf876667b08f276bd50b7cdba93a73315a4f2302dc81e40e2eb2,65cc9c1dd15f752fd0db15c0b61d8b560d53ab3ede95c6d7c4d21a85deed9475,1.0,0.15,0.0,0,0.13636363636363635,3,3,0,22,0.0031925999792292714,17.999999999999996,0.52,True,1.0,3.0,17.0,0,0,0.0,0.08079999877901917,22,True,False,,2026-07-29T17:16:38.425817+00:00,2026-07-29T17:16:38.433709+00:00,True
small-medium-n0.0-risk_aware_astar-s3-f9dc23b32420,small,10,medium,0.05,0.0,risk_aware_astar,3,,,disabled,66da6332362cbf876667b08f276bd50b7cdba93a73315a4f2302dc81e40e2eb2,f9dc23b32420dd96648507aa19522cf748dcde7b075733f8325305b3461c08dd,1.0,0.14,0.0,0,0.045454545454545456,1,1,0,22,0.0041046999976970255,18.0,0.592,True,1.0,1.0,17.0,0,0,0.0,0.1227409110552716,22,True,False,,2026-07-29T17:16:38.430816+00:00,2026-07-29T17:16:38.440840+00:00,True
small-medium-n0.0-risk_aware_astar-s4-55ea9091c545,small,10,medium,0.05,0.0,risk_aware_astar,4,,,disabled,66da6332362cbf876667b08f276bd50b7cdba93a73315a4f2302dc81e40e2eb2,55ea9091c545fe23aac20f005ef85414767fc073254375ecbf02ef5df3ebe2b5,1.0,0.13,0.0,0,0.0,0,0,0,17,0.0019112000009045005,13.0,0.739,True,1.0,0.0,12.0,0,0,0.0,0.052476464428336304,17,True,False,,2026-07-29T17:16:38.433709+00:00,2026-07-29T17:16:38.435817+00:00,True
small-medium-n0.0-risk_aware_astar-s5-7480c470dd19,small,10,medium,0.05,0.0,risk_aware_astar,5,,,disabled,66da6332362cbf876667b08f276bd50b7cdba93a73315a4f2302dc81e40e2eb2,7480c470dd198ba0c2bc851f5da4c83ad80612105d0ef3e79a17b8996d132d91,1.0,0.16,0.0,0,0.14285714285714285,3,3,0,21,0.003237600001739338,16.999999999999996,0.523,True,1.0,3.0,16.0,0,0,0.0,0.08620476278121628,21,True,False,,2026-07-29T17:16:38.435817+00:00,2026-07-29T17:16:38.450709+00:00,True
small-medium-n0.0-risk_aware_astar-s6-6cd88092c80f,small,10,medium,0.05,0.0,risk_aware_astar,6,,,disabled,66da6332362cbf876667b08f276bd50b7cdba93a73315a4f2302dc81e40e2eb2,6cd88092c80f4a25bfc0b68eebc78ab112b21124c2476128c6aff8d627e4dda7,1.0,0.22,0.0,0,0.10810810810810811,4,4,0,37,0.0060236000281292945,33.0,0.526,True,1.0,4.0,32.0,0,0,0.0,0.1022297325795768,37,True,False,,2026-07-29T17:16:38.440840+00:00,2026-07-29T17:16:38.446836+00:00,True
small-medium-n0.0-risk_aware_astar-s7-e9036a1cb2f2,small,10,medium,0.05,0.0,risk_aware_astar,7,,,disabled,66da6332362cbf876667b08f276bd50b7cdba93a73315a4f2302dc81e40e2eb2,e9036a1cb2f27e12e080dcb181ac3268974c50cdcc3270bf1c45141e17766997,1.0,0.25,0.0,0,0.05263157894736842,2,2,0,38,0.007860200013965368,34.0,0.5750000000000001,True,1.0,2.0,33.0,0,0,0.0,0.14251578862680808,38,True,False,,2026-07-29T17:16:38.446836+00:00,2026-07-29T17:16:38.461722+00:00,True
small-medium-n0.0-risk_aware_astar-s8-627c1d6e903c,small,10,medium,0.05,0.0,risk_aware_astar,8,,,disabled,66da6332362cbf876667b08f276bd50b7cdba93a73315a4f2302dc81e40e2eb2,627c1d6e903c8cb3cd83bdec50834485c18e67129d42b1303b6cbfae166c4b12,1.0,0.12,0.0,0,0.1875,3,3,0,16,0.002143699995940551,11.999999999999998,0.511,True,1.0,3.0,11.0,0,0,0.0,0.06182500328577589,16,True,False,,2026-07-29T17:16:38.450709+00:00,2026-07-29T17:16:38.452814+00:00,True
small-medium-n0.0-risk_aware_astar-s9-df11fa197eb8,small,10,medium,0.05,0.0,risk_aware_astar,9,,,disabled,66da6332362cbf876667b08f276bd50b7cdba93a73315a4f2302dc81e40e2eb2,df11fa197eb8efbabf65d85df48a5a52cfbd93368d67f6b072157f8e1962a240,1.0,0.19,0.0,0,0.043478260869565216,1,1,0,23,0.00363729998935014,19.8,0.607,True,1.0,1.0,19.0,0,0,0.0,0.09431739580696044,23,True,False,,2026-07-29T17:16:38.452814+00:00,2026-07-29T17:16:38.465727+00:00,True
small-medium-n0.0-frontier_exploration-s0-538446eaa8e5,small,10,medium,0.05,0.0,frontier_exploration,0,,,disabled,66da6332362cbf876667b08f276bd50b7cdba93a73315a4f2302dc81e40e2eb2,538446eaa8e55dc20a3203f6ba34a880e75ed60f54f74eaa80b37ed9adb741f4,1.0,0.57,0.0,0,0.0,0,0,0,118,0.019829199998639524,114.00000000000001,0.871,True,1.0,0.0,113.0,0,0,0.0,0.1028483046388443,118,True,False,,2026-07-29T17:16:38.461722+00:00,2026-07-29T17:16:38.485818+00:00,True
small-medium-n0.0-frontier_exploration-s1-2dac7f2ff31c,small,10,medium,0.05,0.0,frontier_exploration,1,,,disabled,66da6332362cbf876667b08f276bd50b7cdba93a73315a4f2302dc81e40e2eb2,2dac7f2ff31c07eb19e53bba5ddcfc3fca441d1e263a7e39451bdfca5235db3b,1.0,0.62,0.0,0,0.01904761904761905,2,2,0,105,0.01574189998791553,101.0,0.661,True,1.0,3.0,100.0,0,0,0.0,0.08788666593664814,105,True,False,,2026-07-29T17:16:38.465727+00:00,2026-07-29T17:16:38.637207+00:00,True
small-medium-n0.0-frontier_exploration-s2-565fc896c1ce,small,10,medium,0.05,0.0,frontier_exploration,2,,,disabled,66da6332362cbf876667b08f276bd50b7cdba93a73315a4f2302dc81e40e2eb2,565fc896c1ce878ffffd9a2c8900a31ec4263f5cb88cfca61956b5c92f7b577a,1.0,0.64,0.0,0,0.0078125,1,1,0,128,0.06561479999800213,124.0,0.7420000000000001,True,1.0,1.0,123.0,0,0,0.0,0.08896015515347244,128,True,False,,2026-07-29T17:16:38.485818+00:00,2026-07-29T17:16:38.551926+00:00,True
small-medium-n0.0-frontier_exploration-s3-5f033da5361b,small,10,medium,0.05,0.0,frontier_exploration,3,,,disabled,66da6332362cbf876667b08f276bd50b7cdba93a73315a4f2302dc81e40e2eb2,5f033da5361b5b23fa6d889a6f158102b20a590bad5c71a434d5558daf09d103,1.0,0.52,0.0,0,0.05263157894736842,4,4,0,76,0.00975489997654222,72.00000000000001,0.6105454545454546,True,1.0,4.5,71.0,0,0,0.0,0.06526973639234998,76,True,False,,2026-07-29T17:16:38.526835+00:00,2026-07-29T17:16:38.584921+00:00,True
small-medium-n0.0-frontier_exploration-s4-94c9d61667f0,small,10,medium,0.05,0.0,frontier_exploration,4,,,disabled,66da6332362cbf876667b08f276bd50b7cdba93a73315a4f2302dc81e40e2eb2,94c9d61667f0fa3dc911a890d08ffd5b952cc566b992b6a34927a17cbfcffd34,1.0,0.22,0.0,0,0.0,0,0,0,25,0.003237600001739338,21.799999999999997,0.766,True,1.0,0.0,21.0,0,0,0.0,0.0670600007288158,25,True,False,,2026-07-29T17:16:38.527834+00:00,2026-07-29T17:16:38.530946+00:00,True
small-medium-n0.0-frontier_exploration-s5-99531acb4628,small,10,medium,0.05,0.0,frontier_exploration,5,,,disabled,66da6332362cbf876667b08f276bd50b7cdba93a73315a4f2302dc81e40e2eb2,99531acb46288bb53535b257a76d0731ca6de48f8f22c4e9c3ec4969dca3b32e,1.0,0.55,0.0,0,0.03614457831325301,3,3,0,83,0.011075099988374859,79.0,0.64,True,1.0,3.0,78.0,0,0,0.0,0.0700421700764627,83,True,False,,2026-07-29T17:16:38.530946+00:00,2026-07-29T17:16:38.542830+00:00,True
small-medium-n0.0-frontier_exploration-s6-cb6f28054525,small,10,medium,0.05,0.0,frontier_exploration,6,,,disabled,66da6332362cbf876667b08f276bd50b7cdba93a73315a4f2302dc81e40e2eb2,cb6f28054525ca8cbc76fbf501811fe3d033764d55c04c0ed373c77a0290374e,1.0,0.59,0.0,0,0.06306306306306306,7,8,1,111,0.016655799990985543,107.0,0.6103333333333333,True,1.0,8.0,106.0,0,0,0.0,0.08843333338731313,111,True,False,,2026-07-29T17:16:38.542830+00:00,2026-07-29T17:16:38.602130+00:00,True
small-medium-n0.0-frontier_exploration-s7-29da0f2eafcf,small,10,medium,0.05,0.0,frontier_exploration,7,,,disabled,66da6332362cbf876667b08f276bd50b7cdba93a73315a4f2302dc81e40e2eb2,29da0f2eafcffa05687584032d09d8f7035befb4255524b40c248b058abe1cc3,1.0,0.75,0.0,0,0.07894736842105263,9,9,0,114,0.016357699991203845,110.0,0.6522727272727272,True,1.0,10.0,109.0,0,0,0.0,0.07792193036150645,114,True,False,,2026-07-29T17:16:38.551926+00:00,2026-07-29T17:16:38.567841+00:00,True
small-medium-n0.0-frontier_exploration-s8-cecdb65b6278,small,10,medium,0.05,0.0,frontier_exploration,8,,,disabled,66da6332362cbf876667b08f276bd50b7cdba93a73315a4f2302dc81e40e2eb2,cecdb65b6278c7a2a18a4f81a7e8d687f1923659f792adf06094e7b0e9776168,1.0,0.39,0.0,0,0.10204081632653061,5,5,0,49,0.006294300023000687,45.800000000000004,0.5670000000000001,True,1.0,5.0,45.0,0,0,0.0,0.06639795634439405,49,True,False,,2026-07-29T17:16:38.567841+00:00,2026-07-29T17:16:38.574839+00:00,True
small-medium-n0.0-frontier_exploration-s9-87d7bc9f4dea,small,10,medium,0.05,0.0,frontier_exploration,9,,,disabled,66da6332362cbf876667b08f276bd50b7cdba93a73315a4f2302dc81e40e2eb2,87d7bc9f4dea66b20d2a74031ab778cf73964ed853b33e9fcb2a11df934e6776,1.0,0.56,0.0,0,0.0,0,0,0,75,0.010146999993594363,71.8,0.8680000000000001,True,1.0,0.0,71.0,0,0,0.0,0.07212800090201199,75,True,False,,2026-07-29T17:16:38.574839+00:00,2026-07-29T17:16:38.615211+00:00,True
small-medium-n0.0-ppo-s0-7fef13165eb2,small,10,medium,0.05,0.0,PPO,0,artifacts/final_submission/ppo/best_model.zip,7c54226fc8927d7ef7fcdc7d5f3ff29b11fa8d1463293a9d8e3b6bebad84cc11,disabled,66da6332362cbf876667b08f276bd50b7cdba93a73315a4f2302dc81e40e2eb2,7fef13165eb2e945baeb0fa874aa87fed4b6f52f565d0894037f76daf15aaf61,0.2,0.01,0.0,0,0.06818181818181818,15,15,0,220,0.15666730000521056,44.000000000000085,0.10175000000000002,False,0.0,15.0,0.0,0,0,0.0,0.604088635141538,220,False,True,,2026-07-29T17:17:14.620893+00:00,2026-07-29T17:17:14.778218+00:00,True
small-medium-n0.0-ppo-s1-988a296c4226,small,10,medium,0.05,0.0,PPO,1,artifacts/final_submission/ppo/best_model.zip,7c54226fc8927d7ef7fcdc7d5f3ff29b11fa8d1463293a9d8e3b6bebad84cc11,disabled,66da6332362cbf876667b08f276bd50b7cdba93a73315a4f2302dc81e40e2eb2,988a296c422634b15dddb3d975711fd78e516cfc8c00e00f00fda723c4157705,0.0,0.01,0.0,0,0.12727272727272726,28,28,0,220,0.15895580002688803,44.000000000000085,0.013344827586206896,False,0.0,28.0,0.0,0,0,0.0,0.6129249995203943,220,False,True,,2026-07-29T17:17:14.785142+00:00,2026-07-29T17:17:14.945344+00:00,True
small-medium-n0.0-ppo-s2-fa78105004e3,small,10,medium,0.05,0.0,PPO,2,artifacts/final_submission/ppo/best_model.zip,7c54226fc8927d7ef7fcdc7d5f3ff29b11fa8d1463293a9d8e3b6bebad84cc11,disabled,66da6332362cbf876667b08f276bd50b7cdba93a73315a4f2302dc81e40e2eb2,fa78105004e310df00e4987a4bafd3a58e98730f72e85cbb9074f6344eadf710,0.0,0.01,0.0,0,0.1590909090909091,35,35,0,220,0.1609413999831304,44.000000000000085,0.011333333333333334,False,0.0,35.0,0.0,0,0,0.0,0.6258240926068869,220,False,True,,2026-07-29T17:17:14.947966+00:00,2026-07-29T17:17:15.109704+00:00,True
small-medium-n0.0-ppo-s3-b55dc8d89ed7,small,10,medium,0.05,0.0,PPO,3,artifacts/final_submission/ppo/best_model.zip,7c54226fc8927d7ef7fcdc7d5f3ff29b11fa8d1463293a9d8e3b6bebad84cc11,disabled,66da6332362cbf876667b08f276bd50b7cdba93a73315a4f2302dc81e40e2eb2,b55dc8d89ed7cadf7dd0accefa96d2f8b172bb4ab038af9db90d8bfda559f296,0.2,0.01,0.0,0,0.10909090909090909,24,24,0,220,0.1596881999867037,44.000000000000085,0.09500000000000001,False,0.0,24.0,0.0,0,0,0.0,0.6218563644903373,220,False,True,,2026-07-29T17:17:15.112706+00:00,2026-07-29T17:17:15.273566+00:00,True
small-medium-n0.0-ppo-s4-d6c45909788c,small,10,medium,0.05,0.0,PPO,4,artifacts/final_submission/ppo/best_model.zip,7c54226fc8927d7ef7fcdc7d5f3ff29b11fa8d1463293a9d8e3b6bebad84cc11,disabled,66da6332362cbf876667b08f276bd50b7cdba93a73315a4f2302dc81e40e2eb2,d6c45909788c4fc098dbe780b8c1e2eac380871f87982817e5e96d1acbe6dfcd,0.2,0.01,0.0,0,0.01818181818181818,4,4,0,220,0.16124740001396276,44.000000000000085,0.14300000000000002,False,0.0,4.0,0.0,0,0,0.0,0.627875000513582,220,False,True,,2026-07-29T17:17:15.275567+00:00,2026-07-29T17:17:15.437745+00:00,True
small-medium-n0.0-ppo-s5-6224734c23b4,small,10,medium,0.05,0.0,PPO,5,artifacts/final_submission/ppo/best_model.zip,7c54226fc8927d7ef7fcdc7d5f3ff29b11fa8d1463293a9d8e3b6bebad84cc11,disabled,66da6332362cbf876667b08f276bd50b7cdba93a73315a4f2302dc81e40e2eb2,6224734c23b4200135304b403985f8c3bd5e1a0b24eb3558cf04437352397997,0.2,0.01,0.0,0,1.0,220,220,0,220,0.1779060999979265,44.000000000000085,0.08435746606334843,False,0.0,220.0,0.0,0,0,0.0,0.6955536365487867,220,False,True,,2026-07-29T17:17:15.441925+00:00,2026-07-29T17:17:15.619926+00:00,True
small-medium-n0.0-ppo-s6-df995e918b3a,small,10,medium,0.05,0.0,PPO,6,artifacts/final_submission/ppo/best_model.zip,7c54226fc8927d7ef7fcdc7d5f3ff29b11fa8d1463293a9d8e3b6bebad84cc11,disabled,66da6332362cbf876667b08f276bd50b7cdba93a73315a4f2302dc81e40e2eb2,df995e918b3a053c11efee7369ce46fe3990c41fbe361b497d458cb71c501f8d,0.0,0.01,0.0,0,0.01818181818181818,4,4,0,220,0.15859289999934845,44.000000000000085,0.063,False,0.0,4.0,0.0,0,0,0.0,0.6141845449085601,220,False,True,,2026-07-29T17:17:15.623960+00:00,2026-07-29T17:17:15.782842+00:00,True
small-medium-n0.0-ppo-s7-b95ff13a6dfd,small,10,medium,0.05,0.0,PPO,7,artifacts/final_submission/ppo/best_model.zip,7c54226fc8927d7ef7fcdc7d5f3ff29b11fa8d1463293a9d8e3b6bebad84cc11,disabled,66da6332362cbf876667b08f276bd50b7cdba93a73315a4f2302dc81e40e2eb2,b95ff13a6dfd691cddcf0873cf7529e2c14ba43d767dfa27bb2b58a8320740f0,0.2,0.01,0.0,0,0.06363636363636363,14,14,0,220,0.1586480000114534,44.000000000000085,0.10300000000000002,False,0.0,14.0,0.0,0,0,0.0,0.6185090912781148,220,False,True,,2026-07-29T17:17:15.785843+00:00,2026-07-29T17:17:15.945241+00:00,True
small-medium-n0.0-ppo-s8-a4ef80610b05,small,10,medium,0.05,0.0,PPO,8,artifacts/final_submission/ppo/best_model.zip,7c54226fc8927d7ef7fcdc7d5f3ff29b11fa8d1463293a9d8e3b6bebad84cc11,disabled,66da6332362cbf876667b08f276bd50b7cdba93a73315a4f2302dc81e40e2eb2,a4ef80610b055601f56310d40b0716e4a4cb639c51e78073a11bf5f1122a707d,0.0,0.01,0.0,0,0.02727272727272727,6,6,0,220,0.1615190000156872,44.000000000000085,0.04585714285714286,False,0.0,6.0,0.0,0,0,0.0,0.6280354537673041,220,False,True,,2026-07-29T17:17:15.948245+00:00,2026-07-29T17:17:16.110190+00:00,True
small-medium-n0.0-ppo-s9-5cd84495442b,small,10,medium,0.05,0.0,PPO,9,artifacts/final_submission/ppo/best_model.zip,7c54226fc8927d7ef7fcdc7d5f3ff29b11fa8d1463293a9d8e3b6bebad84cc11,disabled,66da6332362cbf876667b08f276bd50b7cdba93a73315a4f2302dc81e40e2eb2,5cd84495442bd0c417d42f6bc9708af3830d4295343b6a6e4a8d5a75b8f19618,0.4,0.01,0.0,0,0.02727272727272727,6,6,0,220,0.16395039999042638,44.000000000000085,0.2058571428571429,False,0.0,6.0,0.0,0,0,0.0,0.6335322725300846,220,False,True,,2026-07-29T17:17:16.113191+00:00,2026-07-29T17:17:16.277450+00:00,True
small-medium-n0.0-sac-s0-65d10031ea3b,small,10,medium,0.05,0.0,SAC,0,artifacts/final_submission/sac/best_model.zip,78fe38fcc78df0ba8f98bd07af373848833876e7ec5ddf1486cec9a3cd9ba44c,disabled,66da6332362cbf876667b08f276bd50b7cdba93a73315a4f2302dc81e40e2eb2,65d10031ea3b42a045fffaf89631e7f551f2ad9c1d3fd48038a937682a1787a6,0.0,0.14,1.0,193,0.04090909090909091,9,21,12,220,0.1848671000043396,217.6,0.0433953488372093,False,0.0,214.0,24.0,0,0,0.0,0.7170722729907456,220,False,True,,2026-07-29T17:17:16.281452+00:00,2026-07-29T17:17:16.466901+00:00,True
small-medium-n0.0-sac-s1-3b8352925a57,small,10,medium,0.05,0.0,SAC,1,artifacts/final_submission/sac/best_model.zip,78fe38fcc78df0ba8f98bd07af373848833876e7ec5ddf1486cec9a3cd9ba44c,disabled,66da6332362cbf876667b08f276bd50b7cdba93a73315a4f2302dc81e40e2eb2,3b8352925a57be146b6b4ac9a6242e417ca27f8d549a84a3eec34347fcfc9262,0.0,0.02,1.0,177,0.004545454545454545,1,1,0,220,0.17611849997774698,220.0,0.007675977653631285,False,0.0,178.0,43.0,0,0,0.0,0.6844431812747974,220,False,True,,2026-07-29T17:17:16.470002+00:00,2026-07-29T17:17:16.647073+00:00,True
small-medium-n0.0-sac-s2-cc20a94e3f3a,small,10,medium,0.05,0.0,SAC,2,artifacts/final_submission/sac/best_model.zip,78fe38fcc78df0ba8f98bd07af373848833876e7ec5ddf1486cec9a3cd9ba44c,disabled,66da6332362cbf876667b08f276bd50b7cdba93a73315a4f2302dc81e40e2eb2,cc20a94e3f3a3130f20578fd385e3badd9b46353fbb7809c1b0ad658aa3aad5d,0.0,0.11,1.0,102,0.08181818181818182,18,18,0,220,0.1766293999971822,180.79999999999978,0.03546913580246914,False,0.0,120.5,69.0,0,0,0.0,0.6875163641366684,220,False,True,,2026-07-29T17:17:16.650072+00:00,2026-07-29T17:17:16.827268+00:00,True
small-medium-n0.0-sac-s3-db883683fb09,small,10,medium,0.05,0.0,SAC,3,artifacts/final_submission/sac/best_model.zip,78fe38fcc78df0ba8f98bd07af373848833876e7ec5ddf1486cec9a3cd9ba44c,disabled,66da6332362cbf876667b08f276bd50b7cdba93a73315a4f2302dc81e40e2eb2,db883683fb098053e46ccdf499f92b518c7282db429c143ffd88da0013d0aef5,0.0,0.1,1.0,126,0.14545454545454545,32,81,49,220,0.1661665000137873,220.0,0.03144230769230769,False,0.0,207.0,94.0,0,0,0.0,0.6375031816953031,220,False,True,,2026-07-29T17:17:16.830295+00:00,2026-07-29T17:17:16.996451+00:00,True
small-medium-n0.0-sac-s4-e3c9590506ea,small,10,medium,0.05,0.0,SAC,4,artifacts/final_submission/sac/best_model.zip,78fe38fcc78df0ba8f98bd07af373848833876e7ec5ddf1486cec9a3cd9ba44c,disabled,66da6332362cbf876667b08f276bd50b7cdba93a73315a4f2302dc81e40e2eb2,e3c9590506ea42d4eea9cda7923fda0094cd07589b6816ad3e747f71020b47ff,0.0,0.05,1.0,207,0.07727272727272727,17,23,6,220,0.1588173000200186,220.0,0.0162987012987013,False,0.0,230.0,13.0,0,0,0.0,0.6068409087178721,220,False,True,,2026-07-29T17:17:16.999454+00:00,2026-07-29T17:17:17.159017+00:00,True
small-medium-n0.0-sac-s5-884a11c1af43,small,10,medium,0.05,0.0,SAC,5,artifacts/final_submission/sac/best_model.zip,78fe38fcc78df0ba8f98bd07af373848833876e7ec5ddf1486cec9a3cd9ba44c,disabled,66da6332362cbf876667b08f276bd50b7cdba93a73315a4f2302dc81e40e2eb2,884a11c1af4394bb89a1a0bd10fba7a0a753e218f3dedb60931fa7a91a4a199d,0.4,0.03,0.0,0,0.07727272727272727,17,21,4,220,0.16233069999725558,45.60000000000011,0.18263636363636368,False,0.0,21.0,2.0,0,0,0.0,0.6169790921955031,220,False,True,,2026-07-29T17:17:17.162046+00:00,2026-07-29T17:17:17.325051+00:00,True
small-medium-n0.0-sac-s6-bf05917c9c48,small,10,medium,0.05,0.0,SAC,6,artifacts/final_submission/sac/best_model.zip,78fe38fcc78df0ba8f98bd07af373848833876e7ec5ddf1486cec9a3cd9ba44c,disabled,66da6332362cbf876667b08f276bd50b7cdba93a73315a4f2302dc81e40e2eb2,bf05917c9c48b5eb1d1908ea4bebe8e9574b32679381e19214eb81afc51c9158,0.6,0.12,1.0,85,0.022727272727272728,5,5,0,220,0.16100429999642074,156.79999999999995,0.2792258064516129,False,0.0,92.0,56.0,0,0,0.0,0.6106459105715409,220,False,True,,2026-07-29T17:17:17.328054+00:00,2026-07-29T17:17:17.489485+00:00,True
small-medium-n0.0-sac-s7-31e6fea8efc5,small,10,medium,0.05,0.0,SAC,7,artifacts/final_submission/sac/best_model.zip,78fe38fcc78df0ba8f98bd07af373848833876e7ec5ddf1486cec9a3cd9ba44c,disabled,66da6332362cbf876667b08f276bd50b7cdba93a73315a4f2302dc81e40e2eb2,31e6fea8efc535c5d0cac626fc57abf5f22d96d039d83e73361385bc1a5f1219,0.4,0.14,1.0,48,0.09090909090909091,20,25,5,220,0.1580359000072349,107.2000000000004,0.20605405405405408,False,0.0,73.0,31.0,0,0,0.0,0.6038854545543224,220,False,True,,2026-07-29T17:17:17.492856+00:00,2026-07-29T17:17:17.651745+00:00,True
small-medium-n0.0-sac-s8-b4034dde10cb,small,10,medium,0.05,0.0,SAC,8,artifacts/final_submission/sac/best_model.zip,78fe38fcc78df0ba8f98bd07af373848833876e7ec5ddf1486cec9a3cd9ba44c,disabled,66da6332362cbf876667b08f276bd50b7cdba93a73315a4f2302dc81e40e2eb2,b4034dde10cb50bbd7a9d55125aed780d871aca2227305da7912371cac5b058c,0.4,0.29,1.0,8,0.5863636363636363,129,131,2,220,0.16031359997577965,184.79999999999959,0.2491201413427562,False,0.0,140.5,168.0,0,0,0.0,0.6094963620522652,220,False,True,,2026-07-29T17:17:17.654744+00:00,2026-07-29T17:17:17.814810+00:00,True
small-medium-n0.0-sac-s9-f5509f1da99b,small,10,medium,0.05,0.0,SAC,9,artifacts/final_submission/sac/best_model.zip,78fe38fcc78df0ba8f98bd07af373848833876e7ec5ddf1486cec9a3cd9ba44c,disabled,66da6332362cbf876667b08f276bd50b7cdba93a73315a4f2302dc81e40e2eb2,f5509f1da99bee829bf72ebaf249748ebe01ae0c8c465be9e6358ddbe0c5e0d9,0.4,0.09,1.0,7,0.0,0,0,0,220,0.15564179999637417,190.39999999999998,0.22450000000000003,False,0.0,7.0,176.0,0,0,0.0,0.5984172721086494,220,False,True,,2026-07-29T17:17:17.817842+00:00,2026-07-29T17:17:17.974709+00:00,True
small-medium-n0.0-riskshield_ppo-s0-7376c649376a,small,10,medium,0.05,0.0,RiskShield-PPO,0,artifacts/final_submission/riskshield_ppo/best_model.zip,d6c91caeb9bb10db866cbfe947ef1cc3db0ea8dc7470d098c9af6298ab75c812,k_step,66da6332362cbf876667b08f276bd50b7cdba93a73315a4f2302dc81e40e2eb2,7376c649376a5328c688f2cbd7261110f708b998834bee987a17ed81a32557bf,0.2,0.06,0.0,0,0.07727272727272727,17,17,0,220,0.16402450000168756,48.80000000000016,0.11466666666666668,False,0.0,17.0,6.0,23,17,0.0,0.6019081822490658,220,False,True,,2026-07-29T17:17:17.977709+00:00,2026-07-29T17:17:18.141562+00:00,True
small-medium-n0.0-riskshield_ppo-s1-f68849c435a9,small,10,medium,0.05,0.0,RiskShield-PPO,1,artifacts/final_submission/riskshield_ppo/best_model.zip,d6c91caeb9bb10db866cbfe947ef1cc3db0ea8dc7470d098c9af6298ab75c812,k_step,66da6332362cbf876667b08f276bd50b7cdba93a73315a4f2302dc81e40e2eb2,f68849c435a955af529736beaa3cb02b30d262da8f380c4ba958d1415385bb74,0.0,0.01,0.0,0,0.12727272727272726,28,28,0,220,0.17154119999031536,44.000000000000085,0.013344827586206896,False,0.0,28.0,0.0,28,28,0.0,0.6305236353496597,220,False,True,,2026-07-29T17:17:18.144888+00:00,2026-07-29T17:17:18.316812+00:00,True
small-medium-n0.0-riskshield_ppo-s2-611b5a0a0404,small,10,medium,0.05,0.0,RiskShield-PPO,2,artifacts/final_submission/riskshield_ppo/best_model.zip,d6c91caeb9bb10db866cbfe947ef1cc3db0ea8dc7470d098c9af6298ab75c812,k_step,66da6332362cbf876667b08f276bd50b7cdba93a73315a4f2302dc81e40e2eb2,611b5a0a04048395123b82db7943f9dba4e338bf40d80ae36a80a2c076c5dcd3,0.0,0.04,0.0,0,0.045454545454545456,10,10,0,220,0.16756120001082309,48.80000000000012,0.03927272727272727,False,0.0,10.0,6.0,16,10,0.0,0.6140777271039869,220,False,True,,2026-07-29T17:17:18.319824+00:00,2026-07-29T17:17:18.488095+00:00,True
small-medium-n0.0-riskshield_ppo-s3-3828536eae76,small,10,medium,0.05,0.0,RiskShield-PPO,3,artifacts/final_submission/riskshield_ppo/best_model.zip,d6c91caeb9bb10db866cbfe947ef1cc3db0ea8dc7470d098c9af6298ab75c812,k_step,66da6332362cbf876667b08f276bd50b7cdba93a73315a4f2302dc81e40e2eb2,3828536eae768cc99aaa9259a6c92fd1f9fa256fb4ed0b339e2decab0ae620fc,0.4,0.08,0.0,0,0.03636363636363636,8,8,0,220,0.17885899997781962,49.600000000000165,0.21733333333333335,False,0.0,8.0,7.0,26,8,0.0,0.6536454541756856,220,False,True,,2026-07-29T17:17:18.491097+00:00,2026-07-29T17:17:18.670588+00:00,True
small-medium-n0.0-riskshield_ppo-s4-0e794468c27d,small,10,medium,0.05,0.0,RiskShield-PPO,4,artifacts/final_submission/riskshield_ppo/best_model.zip,d6c91caeb9bb10db866cbfe947ef1cc3db0ea8dc7470d098c9af6298ab75c812,k_step,66da6332362cbf876667b08f276bd50b7cdba93a73315a4f2302dc81e40e2eb2,0e794468c27da384f4771cc4400dc2b6de7e903ec42ddaac44e5c802be61243b,0.2,0.03,0.0,0,0.0,0,0,0,220,0.1769161999982316,45.60000000000008,0.389,False,0.0,0.0,2.0,2,0,0.0,0.6551640913874673,220,False,True,,2026-07-29T17:17:18.674075+00:00,2026-07-29T17:17:18.851865+00:00,True
small-medium-n0.0-riskshield_ppo-s5-b699cc110a7b,small,10,medium,0.05,0.0,RiskShield-PPO,5,artifacts/final_submission/riskshield_ppo/best_model.zip,d6c91caeb9bb10db866cbfe947ef1cc3db0ea8dc7470d098c9af6298ab75c812,k_step,66da6332362cbf876667b08f276bd50b7cdba93a73315a4f2302dc81e40e2eb2,b699cc110a7b119a165cd4fc6cc7e5f8665513e89f3a391a0a048b741f4c6b07,0.2,0.01,0.0,0,1.0,220,220,0,220,0.1825859000091441,44.000000000000085,0.08435746606334843,False,0.0,220.0,0.0,220,220,0.0,0.6572709080170501,220,False,True,,2026-07-29T17:17:18.854864+00:00,2026-07-29T17:17:19.037657+00:00,True
small-medium-n0.0-riskshield_ppo-s6-eee0b6a82dac,small,10,medium,0.05,0.0,RiskShield-PPO,6,artifacts/final_submission/riskshield_ppo/best_model.zip,d6c91caeb9bb10db866cbfe947ef1cc3db0ea8dc7470d098c9af6298ab75c812,k_step,66da6332362cbf876667b08f276bd50b7cdba93a73315a4f2302dc81e40e2eb2,eee0b6a82dac88c5d8eb979670d8d357baf64117e47e71c65b315f8bea1d3e4f,0.0,0.02,0.0,0,0.022727272727272728,5,5,0,220,0.1709559999871999,44.8000000000001,0.055999999999999994,False,0.0,5.0,1.0,6,5,0.0,0.6285227268976583,220,False,True,,2026-07-29T17:17:19.041162+00:00,2026-07-29T17:17:19.213040+00:00,True
small-medium-n0.0-riskshield_ppo-s7-33b5733fb3e2,small,10,medium,0.05,0.0,RiskShield-PPO,7,artifacts/final_submission/riskshield_ppo/best_model.zip,d6c91caeb9bb10db866cbfe947ef1cc3db0ea8dc7470d098c9af6298ab75c812,k_step,66da6332362cbf876667b08f276bd50b7cdba93a73315a4f2302dc81e40e2eb2,33b5733fb3e284f5b923e1e8ef891cbcf3d12f93b692685a4458f6d3660f127a,0.2,0.04,0.0,0,0.14545454545454545,32,32,0,220,0.17413160001160577,46.40000000000013,0.1010909090909091,False,0.0,32.0,3.0,34,32,0.0,0.6406745452708988,220,False,True,,2026-07-29T17:17:19.216041+00:00,2026-07-29T17:17:19.390604+00:00,True
small-medium-n0.0-riskshield_ppo-s8-09ba26382154,small,10,medium,0.05,0.0,RiskShield-PPO,8,artifacts/final_submission/riskshield_ppo/best_model.zip,d6c91caeb9bb10db866cbfe947ef1cc3db0ea8dc7470d098c9af6298ab75c812,k_step,66da6332362cbf876667b08f276bd50b7cdba93a73315a4f2302dc81e40e2eb2,09ba26382154ac81a55dcadc6eeeefcc88b450f60340f2e35ca9ffd23768b84c,0.0,0.02,0.0,0,0.08636363636363636,19,19,0,220,0.1711557999951765,44.8000000000001,0.020999999999999998,False,0.0,19.0,1.0,20,19,0.0,0.6318577284797687,220,False,True,,2026-07-29T17:17:19.393548+00:00,2026-07-29T17:17:19.565173+00:00,True
small-medium-n0.0-riskshield_ppo-s9-c7b6327c1304,small,10,medium,0.05,0.0,RiskShield-PPO,9,artifacts/final_submission/riskshield_ppo/best_model.zip,d6c91caeb9bb10db866cbfe947ef1cc3db0ea8dc7470d098c9af6298ab75c812,k_step,66da6332362cbf876667b08f276bd50b7cdba93a73315a4f2302dc81e40e2eb2,c7b6327c1304ccad7760455e6c261800b6f44ed38f7ce0d48427ab5e25dc84c3,0.4,0.01,0.0,0,0.02727272727272727,6,6,0,220,0.17006890001357533,44.000000000000085,0.2058571428571429,False,0.0,6.0,0.0,6,6,0.0,0.6265795440413058,220,False,True,,2026-07-29T17:17:19.568172+00:00,2026-07-29T17:17:19.738206+00:00,True
small-medium-n0.1-risk_aware_astar-s0-c5c96a21bbaf,small,10,medium,0.05,0.1,risk_aware_astar,0,,,disabled,66da6332362cbf876667b08f276bd50b7cdba93a73315a4f2302dc81e40e2eb2,c5c96a21bbaf3847e2a5b5daffaa7e1aa3a6c59540ea90cc76396a1710a79d13,1.0,0.18,0.0,0,0.03571428571428571,1,1,0,28,0.0043311999761499465,23.999999999999996,0.5740000000000001,True,1.0,1.5,23.0,0,0,0.0,0.09123214217002637,28,True,False,,2026-07-29T17:16:38.584921+00:00,2026-07-29T17:16:38.668196+00:00,True
small-medium-n0.1-risk_aware_astar-s1-bc809a82d8a4,small,10,medium,0.05,0.1,risk_aware_astar,1,,,disabled,66da6332362cbf876667b08f276bd50b7cdba93a73315a4f2302dc81e40e2eb2,bc809a82d8a46b60bb7562788c2a03c34a08c370f53b15569c91cdb71449fec7,1.0,0.15,0.0,0,0.10526315789473684,2,2,0,19,0.002438299998175353,14.999999999999998,0.545,True,1.0,2.0,14.0,0,0,0.0,0.06359473857293396,19,True,False,,2026-07-29T17:16:38.602130+00:00,2026-07-29T17:16:38.605116+00:00,True
small-medium-n0.1-risk_aware_astar-s2-7a78e064df08,small,10,medium,0.05,0.1,risk_aware_astar,2,,,disabled,66da6332362cbf876667b08f276bd50b7cdba93a73315a4f2302dc81e40e2eb2,7a78e064df084344b6ec0b104a5b72546f2c9dffc804387d02bddda09639f45d,1.0,0.15,0.0,0,0.13636363636363635,3,3,0,22,0.019397800002479926,17.999999999999996,0.52,True,1.0,3.0,17.0,0,0,0.0,0.07999545116697183,22,True,False,,2026-07-29T17:16:38.605116+00:00,2026-07-29T17:16:38.640209+00:00,True
small-medium-n0.1-risk_aware_astar-s3-7728fcacbda5,small,10,medium,0.05,0.1,risk_aware_astar,3,,,disabled,66da6332362cbf876667b08f276bd50b7cdba93a73315a4f2302dc81e40e2eb2,7728fcacbda54a5bcc8a0479d45b1fad35e92a240edd885831cef5a11ff9ce37,1.0,0.14,0.0,0,0.045454545454545456,1,1,0,22,0.004210599989164621,18.0,0.592,True,1.0,1.0,17.0,0,0,0.0,0.12378182013476775,22,True,False,,2026-07-29T17:16:38.615211+00:00,2026-07-29T17:16:38.620205+00:00,True
small-medium-n0.1-risk_aware_astar-s4-5c9fc8370b06,small,10,medium,0.05,0.1,risk_aware_astar,4,,,disabled,66da6332362cbf876667b08f276bd50b7cdba93a73315a4f2302dc81e40e2eb2,5c9fc8370b0649fd8b9a68ae789167a1eb1f5d49f242988a0788af8ad1301b2d,1.0,0.13,0.0,0,0.0,0,0,0,17,0.028049299988197163,13.0,0.739,True,1.0,0.0,12.0,0,0,0.0,0.05368823493721292,17,True,False,,2026-07-29T17:16:38.620205+00:00,2026-07-29T17:16:38.648211+00:00,True
small-medium-n0.1-risk_aware_astar-s5-fb96cc344097,small,10,medium,0.05,0.1,risk_aware_astar,5,,,disabled,66da6332362cbf876667b08f276bd50b7cdba93a73315a4f2302dc81e40e2eb2,fb96cc344097b7d98e0e460fe2b8c5f2c546199c728a3d6ab6817ef0827b6278,1.0,0.16,0.0,0,0.14285714285714285,3,3,0,21,0.003061600000364706,16.999999999999996,0.523,True,1.0,3.0,16.0,0,0,0.0,0.08230952412954398,21,True,False,,2026-07-29T17:16:38.637207+00:00,2026-07-29T17:16:38.671195+00:00,True
small-medium-n0.1-risk_aware_astar-s6-2ae7210a3bda,small,10,medium,0.05,0.1,risk_aware_astar,6,,,disabled,66da6332362cbf876667b08f276bd50b7cdba93a73315a4f2302dc81e40e2eb2,2ae7210a3bda11f0e0a7123518097e390fce266d8279a42759779b97a761639a,1.0,0.22,0.0,0,0.10810810810810811,4,4,0,37,0.016545999998925254,33.0,0.526,True,1.0,4.0,32.0,0,0,0.0,0.10286486232527406,37,True,False,,2026-07-29T17:16:38.640209+00:00,2026-07-29T17:16:38.657105+00:00,True
small-medium-n0.1-risk_aware_astar-s7-80e8ab4b792a,small,10,medium,0.05,0.1,risk_aware_astar,7,,,disabled,66da6332362cbf876667b08f276bd50b7cdba93a73315a4f2302dc81e40e2eb2,80e8ab4b792a4ea18ea6c8e14560a9b3f0747a760476e7b37d2279d758fea5f5,1.0,0.25,0.0,0,0.05263157894736842,2,2,0,38,0.007941699994262308,34.0,0.5750000000000001,True,1.0,2.0,33.0,0,0,0.0,0.1435999989840447,38,True,False,,2026-07-29T17:16:38.648211+00:00,2026-07-29T17:16:38.656120+00:00,True
small-medium-n0.1-risk_aware_astar-s8-4b1ee182fa88,small,10,medium,0.05,0.1,risk_aware_astar,8,,,disabled,66da6332362cbf876667b08f276bd50b7cdba93a73315a4f2302dc81e40e2eb2,4b1ee182fa888f58b83843e548791c64a0dcf07fb9d674e3a548079dcac6c1bc,1.0,0.12,0.0,0,0.1875,3,3,0,16,0.001935900014359504,11.999999999999998,0.511,True,1.0,3.0,11.0,0,0,0.0,0.05785625216958579,16,True,False,,2026-07-29T17:16:38.656120+00:00,2026-07-29T17:16:38.663195+00:00,True
small-medium-n0.1-risk_aware_astar-s9-bac8ff73fc85,small,10,medium,0.05,0.1,risk_aware_astar,9,,,disabled,66da6332362cbf876667b08f276bd50b7cdba93a73315a4f2302dc81e40e2eb2,bac8ff73fc852db4764897471973849f65fedba2d65f23132f841e874341010a,1.0,0.19,0.0,0,0.043478260869565216,1,1,0,23,0.0038443000230472535,19.8,0.607,True,1.0,1.0,19.0,0,0,0.0,0.09643913211260477,23,True,False,,2026-07-29T17:16:38.657105+00:00,2026-07-29T17:16:38.661196+00:00,True
small-medium-n0.1-frontier_exploration-s0-307387b81a3c,small,10,medium,0.05,0.1,frontier_exploration,0,,,disabled,66da6332362cbf876667b08f276bd50b7cdba93a73315a4f2302dc81e40e2eb2,307387b81a3c6b7c3a26df1e5d1ebba86ecf81c69fe745f97091e6e95bf25c82,1.0,0.57,0.0,0,0.0,0,0,0,118,0.061426700005540624,114.00000000000001,0.871,True,1.0,0.0,113.0,0,0,0.0,0.10227711779515307,118,True,False,,2026-07-29T17:16:38.661196+00:00,2026-07-29T17:16:38.733458+00:00,True
small-medium-n0.1-frontier_exploration-s1-1183e222fed7,small,10,medium,0.05,0.1,frontier_exploration,1,,,disabled,66da6332362cbf876667b08f276bd50b7cdba93a73315a4f2302dc81e40e2eb2,1183e222fed731b0da74282d05a8f7565f0131f0ed129c247786dce61317dd29,1.0,0.62,0.0,0,0.01904761904761905,2,2,0,105,0.01623830001335591,101.0,0.661,True,1.0,3.0,100.0,0,0,0.0,0.09044761980129849,105,True,False,,2026-07-29T17:16:38.663195+00:00,2026-07-29T17:16:38.693403+00:00,True
small-medium-n0.1-frontier_exploration-s2-a5cabddc1b2c,small,10,medium,0.05,0.1,frontier_exploration,2,,,disabled,66da6332362cbf876667b08f276bd50b7cdba93a73315a4f2302dc81e40e2eb2,a5cabddc1b2c12db3b9a049b91aea0667fe4eaf49f8f2953285c0a5cb428b46d,1.0,0.64,0.0,0,0.0078125,1,1,0,128,0.03681150000193156,124.0,0.7420000000000001,True,1.0,1.0,123.0,0,0,0.0,0.08853124813867908,128,True,False,,2026-07-29T17:16:38.668196+00:00,2026-07-29T17:16:38.822358+00:00,True
small-medium-n0.1-frontier_exploration-s3-8390330cc02d,small,10,medium,0.05,0.1,frontier_exploration,3,,,disabled,66da6332362cbf876667b08f276bd50b7cdba93a73315a4f2302dc81e40e2eb2,8390330cc02d56e7dc3bf1b5108c6999ea1071b952dceb19b83792e05ac25a5e,1.0,0.52,0.0,0,0.05263157894736842,4,4,0,76,0.009847400011494756,72.00000000000001,0.6105454545454546,True,1.0,4.5,71.0,0,0,0.0,0.06578289474801798,76,True,False,,2026-07-29T17:16:38.671195+00:00,2026-07-29T17:16:38.707026+00:00,True
small-medium-n0.1-frontier_exploration-s4-0bcd7521ebf6,small,10,medium,0.05,0.1,frontier_exploration,4,,,disabled,66da6332362cbf876667b08f276bd50b7cdba93a73315a4f2302dc81e40e2eb2,0bcd7521ebf6d5c3f69bf4e8e056f780d3bc31ae66ea03d624e66046d5628a9b,1.0,0.22,0.0,0,0.0,0,0,0,25,0.0031516999879386276,21.799999999999997,0.766,True,1.0,0.0,21.0,0,0,0.0,0.0640759989619255,25,True,False,,2026-07-29T17:16:38.693403+00:00,2026-07-29T17:16:38.696412+00:00,True
small-medium-n0.1-frontier_exploration-s5-0ce370cc6071,small,10,medium,0.05,0.1,frontier_exploration,5,,,disabled,66da6332362cbf876667b08f276bd50b7cdba93a73315a4f2302dc81e40e2eb2,0ce370cc607170d0b52f016d3180e2b4e8abd968e34652ddc0b973204d1a9fc6,1.0,0.55,0.0,0,0.03614457831325301,3,3,0,83,0.011069700005464256,79.0,0.64,True,1.0,3.0,78.0,0,0,0.0,0.07070240975604448,83,True,False,,2026-07-29T17:16:38.696412+00:00,2026-07-29T17:16:38.718130+00:00,True
small-medium-n0.1-frontier_exploration-s6-9bb89537781f,small,10,medium,0.05,0.1,frontier_exploration,6,,,disabled,66da6332362cbf876667b08f276bd50b7cdba93a73315a4f2302dc81e40e2eb2,9bb89537781f7073d8e70e435083a663d4799828dafc379d13bc53cc711903fa,1.0,0.59,0.0,0,0.06306306306306306,7,8,1,111,0.02169059999869205,107.0,0.6103333333333333,True,1.0,8.0,106.0,0,0,0.0,0.0872819827080847,111,True,False,,2026-07-29T17:16:38.707026+00:00,2026-07-29T17:16:38.801232+00:00,True
small-medium-n0.1-frontier_exploration-s7-349a197594f6,small,10,medium,0.05,0.1,frontier_exploration,7,,,disabled,66da6332362cbf876667b08f276bd50b7cdba93a73315a4f2302dc81e40e2eb2,349a197594f65cb16657d294e94838400f928e2c977102606f09425b41e107ae,1.0,0.75,0.0,0,0.07894736842105263,9,9,0,114,0.01581889999215491,110.0,0.6522727272727272,True,1.0,10.0,109.0,0,0,0.0,0.07577982461570125,114,True,False,,2026-07-29T17:16:38.718130+00:00,2026-07-29T17:16:38.772459+00:00,True
small-medium-n0.1-frontier_exploration-s8-77129ce76692,small,10,medium,0.05,0.1,frontier_exploration,8,,,disabled,66da6332362cbf876667b08f276bd50b7cdba93a73315a4f2302dc81e40e2eb2,77129ce76692c0a5bf658baa7323c33279f4c56e2d67e0c379b4fbf2d8b24fc1,1.0,0.39,0.0,0,0.10204081632653061,5,5,0,49,0.00743910000892356,45.800000000000004,0.5670000000000001,True,1.0,5.0,45.0,0,0,0.0,0.07354694166771915,49,True,False,,2026-07-29T17:16:38.733458+00:00,2026-07-29T17:16:38.740453+00:00,True
small-medium-n0.1-frontier_exploration-s9-e852c99897fa,small,10,medium,0.05,0.1,frontier_exploration,9,,,disabled,66da6332362cbf876667b08f276bd50b7cdba93a73315a4f2302dc81e40e2eb2,e852c99897fa6a90ce82f7a23d36134e20217b47f66adfbbe2268c22e49867fd,1.0,0.56,0.0,0,0.0,0,0,0,75,0.010130400012712926,71.8,0.8680000000000001,True,1.0,0.0,71.0,0,0,0.0,0.07181866676546633,75,True,False,,2026-07-29T17:16:38.740453+00:00,2026-07-29T17:16:38.751362+00:00,True
small-medium-n0.1-ppo-s0-4167c46b9bd1,small,10,medium,0.05,0.1,PPO,0,artifacts/final_submission/ppo/best_model.zip,7c54226fc8927d7ef7fcdc7d5f3ff29b11fa8d1463293a9d8e3b6bebad84cc11,disabled,66da6332362cbf876667b08f276bd50b7cdba93a73315a4f2302dc81e40e2eb2,4167c46b9bd10e9147a4130222a326d52b55d8b012196b1c2301d15fb2da33a2,0.2,0.01,0.0,0,0.06818181818181818,15,15,0,220,0.16149030000087805,44.000000000000085,0.10175000000000002,False,0.0,15.0,0.0,0,0,0.0,0.624994546524249,220,False,True,,2026-07-29T17:17:19.741208+00:00,2026-07-29T17:17:19.903840+00:00,True
small-medium-n0.1-ppo-s1-78e31f60a7a7,small,10,medium,0.05,0.1,PPO,1,artifacts/final_submission/ppo/best_model.zip,7c54226fc8927d7ef7fcdc7d5f3ff29b11fa8d1463293a9d8e3b6bebad84cc11,disabled,66da6332362cbf876667b08f276bd50b7cdba93a73315a4f2302dc81e40e2eb2,78e31f60a7a72bf76ab12dbf9dc05310a7711e62028cfb8ed76d539d74408a5d,0.0,0.01,0.0,0,0.12727272727272726,28,28,0,220,0.16128390000085346,44.000000000000085,0.013344827586206896,False,0.0,28.0,0.0,0,0,0.0,0.6206149993390269,220,False,True,,2026-07-29T17:17:19.906840+00:00,2026-07-29T17:17:20.068737+00:00,True
small-medium-n0.1-ppo-s2-f71f0c7de09c,small,10,medium,0.05,0.1,PPO,2,artifacts/final_submission/ppo/best_model.zip,7c54226fc8927d7ef7fcdc7d5f3ff29b11fa8d1463293a9d8e3b6bebad84cc11,disabled,66da6332362cbf876667b08f276bd50b7cdba93a73315a4f2302dc81e40e2eb2,f71f0c7de09cd925ca0451ead16ec7becee913b0703b08473d1cb45df798d7dd,0.0,0.01,0.0,0,0.1590909090909091,35,35,0,220,0.16840769999544136,44.000000000000085,0.011333333333333334,False,0.0,35.0,0.0,0,0,0.0,0.6572059075221081,220,False,True,,2026-07-29T17:17:20.071736+00:00,2026-07-29T17:17:20.240488+00:00,True
small-medium-n0.1-ppo-s3-ccd32dc5f527,small,10,medium,0.05,0.1,PPO,3,artifacts/final_submission/ppo/best_model.zip,7c54226fc8927d7ef7fcdc7d5f3ff29b11fa8d1463293a9d8e3b6bebad84cc11,disabled,66da6332362cbf876667b08f276bd50b7cdba93a73315a4f2302dc81e40e2eb2,ccd32dc5f527e0c34607bad82bbb62dcdc5aba355c7cb1f458504ed404111b75,0.2,0.01,0.0,0,0.10909090909090909,24,24,0,220,0.16409729997394606,44.000000000000085,0.09500000000000001,False,0.0,24.0,0.0,0,0,0.0,0.6376949997502379,220,False,True,,2026-07-29T17:17:20.243720+00:00,2026-07-29T17:17:20.408328+00:00,True
small-medium-n0.1-ppo-s4-b138074fa537,small,10,medium,0.05,0.1,PPO,4,artifacts/final_submission/ppo/best_model.zip,7c54226fc8927d7ef7fcdc7d5f3ff29b11fa8d1463293a9d8e3b6bebad84cc11,disabled,66da6332362cbf876667b08f276bd50b7cdba93a73315a4f2302dc81e40e2eb2,b138074fa537415c7f12d98ade6f073541a9cb0fe0c707a61d3ebbb68616843d,0.2,0.01,0.0,0,0.01818181818181818,4,4,0,220,0.17134319999604486,44.000000000000085,0.14300000000000002,False,0.0,4.0,0.0,0,0,0.0,0.6679772719508037,220,False,True,,2026-07-29T17:17:20.411329+00:00,2026-07-29T17:17:20.583379+00:00,True
small-medium-n0.1-ppo-s5-ed06e8710c64,small,10,medium,0.05,0.1,PPO,5,artifacts/final_submission/ppo/best_model.zip,7c54226fc8927d7ef7fcdc7d5f3ff29b11fa8d1463293a9d8e3b6bebad84cc11,disabled,66da6332362cbf876667b08f276bd50b7cdba93a73315a4f2302dc81e40e2eb2,ed06e8710c643dce8336fc41c69d97a44e9be81dab58f85df83aced8bb47b2a3,0.2,0.01,0.0,0,1.0,220,220,0,220,0.16674730001250282,44.000000000000085,0.08435746606334843,False,0.0,220.0,0.0,0,0,0.0,0.6445040906493721,220,False,True,,2026-07-29T17:17:20.586398+00:00,2026-07-29T17:17:20.753675+00:00,True
small-medium-n0.1-ppo-s6-7ec71c90c412,small,10,medium,0.05,0.1,PPO,6,artifacts/final_submission/ppo/best_model.zip,7c54226fc8927d7ef7fcdc7d5f3ff29b11fa8d1463293a9d8e3b6bebad84cc11,disabled,66da6332362cbf876667b08f276bd50b7cdba93a73315a4f2302dc81e40e2eb2,7ec71c90c4129c7cbeb35d8691fa01e030ba473d51792375afa570cf36454f99,0.0,0.01,0.0,0,0.01818181818181818,4,4,0,220,0.1666216000157874,44.000000000000085,0.063,False,0.0,4.0,0.0,0,0,0.0,0.6383445456528782,220,False,True,,2026-07-29T17:17:20.756712+00:00,2026-07-29T17:17:20.924360+00:00,True
small-medium-n0.1-ppo-s7-235dfa41df58,small,10,medium,0.05,0.1,PPO,7,artifacts/final_submission/ppo/best_model.zip,7c54226fc8927d7ef7fcdc7d5f3ff29b11fa8d1463293a9d8e3b6bebad84cc11,disabled,66da6332362cbf876667b08f276bd50b7cdba93a73315a4f2302dc81e40e2eb2,235dfa41df587e5cb97eb7b0f056f1c5b91432d657c8a8f155e4da3a2be4dfe9,0.2,0.01,0.0,0,0.06363636363636363,14,14,0,220,0.16246959997806698,44.000000000000085,0.10300000000000002,False,0.0,14.0,0.0,0,0,0.0,0.6345781836320054,220,False,True,,2026-07-29T17:17:20.927375+00:00,2026-07-29T17:17:21.090100+00:00,True
small-medium-n0.1-ppo-s8-27ae1498dc44,small,10,medium,0.05,0.1,PPO,8,artifacts/final_submission/ppo/best_model.zip,7c54226fc8927d7ef7fcdc7d5f3ff29b11fa8d1463293a9d8e3b6bebad84cc11,disabled,66da6332362cbf876667b08f276bd50b7cdba93a73315a4f2302dc81e40e2eb2,27ae1498dc44402813bc59dc07be1edf56a06fb0154b7d94121538f506c5a34c,0.0,0.01,0.0,0,0.02727272727272727,6,6,0,220,0.164292800007388,44.000000000000085,0.04585714285714286,False,0.0,6.0,0.0,0,0,0.0,0.6398995457195931,220,False,True,,2026-07-29T17:17:21.094098+00:00,2026-07-29T17:17:21.258131+00:00,True
small-medium-n0.1-ppo-s9-43905925dda4,small,10,medium,0.05,0.1,PPO,9,artifacts/final_submission/ppo/best_model.zip,7c54226fc8927d7ef7fcdc7d5f3ff29b11fa8d1463293a9d8e3b6bebad84cc11,disabled,66da6332362cbf876667b08f276bd50b7cdba93a73315a4f2302dc81e40e2eb2,43905925dda40c61de2001b1e837ca553f6ebbc2ea8f43084f04dcbd73259b82,0.4,0.01,0.0,0,0.02727272727272727,6,6,0,220,0.1656586999888532,44.000000000000085,0.2058571428571429,False,0.0,6.0,0.0,0,0,0.0,0.6393781814205629,220,False,True,,2026-07-29T17:17:21.262131+00:00,2026-07-29T17:17:21.427658+00:00,True
small-medium-n0.1-sac-s0-9f0af6b16481,small,10,medium,0.05,0.1,SAC,0,artifacts/final_submission/sac/best_model.zip,78fe38fcc78df0ba8f98bd07af373848833876e7ec5ddf1486cec9a3cd9ba44c,disabled,66da6332362cbf876667b08f276bd50b7cdba93a73315a4f2302dc81e40e2eb2,9f0af6b164812bdd7aef53b40c23edce0357b9e1cef5d998277d4fe1acafa01a,0.0,0.14,1.0,193,0.04090909090909091,9,21,12,220,0.18694510002387688,217.6,0.0433953488372093,False,0.0,214.0,24.0,0,0,0.0,0.722770001315935,220,False,True,,2026-07-29T17:17:21.430656+00:00,2026-07-29T17:17:21.618714+00:00,True
small-medium-n0.1-sac-s1-61df657a8125,small,10,medium,0.05,0.1,SAC,1,artifacts/final_submission/sac/best_model.zip,78fe38fcc78df0ba8f98bd07af373848833876e7ec5ddf1486cec9a3cd9ba44c,disabled,66da6332362cbf876667b08f276bd50b7cdba93a73315a4f2302dc81e40e2eb2,61df657a812546938f53e7cc8ad6af6011da4388c1337872fa176847408e9875,0.0,0.17,1.0,153,0.06818181818181818,15,100,85,220,0.18466679999255575,220.0,0.052171875000000006,False,0.0,255.0,67.0,0,0,0.0,0.7178931833054363,220,False,True,,2026-07-29T17:17:21.621716+00:00,2026-07-29T17:17:21.807066+00:00,True
small-medium-n0.1-sac-s2-f1accc99df4f,small,10,medium,0.05,0.1,SAC,2,artifacts/final_submission/sac/best_model.zip,78fe38fcc78df0ba8f98bd07af373848833876e7ec5ddf1486cec9a3cd9ba44c,disabled,66da6332362cbf876667b08f276bd50b7cdba93a73315a4f2302dc81e40e2eb2,f1accc99df4f8f15ce561450ef7b531be5207396739b2dd8f0f9a959476b32be,0.0,0.12,1.0,136,0.05454545454545454,12,12,0,220,0.17892679999931715,187.20000000000002,0.037986754966887415,False,0.0,150.0,43.0,0,0,0.0,0.6973522716593421,220,False,True,,2026-07-29T17:17:21.810064+00:00,2026-07-29T17:17:21.989089+00:00,True
small-medium-n0.1-sac-s3-0e20b160fc11,small,10,medium,0.05,0.1,SAC,3,artifacts/final_submission/sac/best_model.zip,78fe38fcc78df0ba8f98bd07af373848833876e7ec5ddf1486cec9a3cd9ba44c,disabled,66da6332362cbf876667b08f276bd50b7cdba93a73315a4f2302dc81e40e2eb2,0e20b160fc112b7d2568aa7a44a9a0939f6c91eb2902077c437bca027159304a,0.0,0.07,1.0,105,0.02727272727272727,6,106,100,220,0.16700720001244918,220.0,0.022415094339622642,False,0.0,211.0,115.0,0,0,0.0,0.6424359081641093,220,False,True,,2026-07-29T17:17:21.992090+00:00,2026-07-29T17:17:22.160223+00:00,True
small-medium-n0.1-sac-s4-96d85348d6e1,small,10,medium,0.05,0.1,SAC,4,artifacts/final_submission/sac/best_model.zip,78fe38fcc78df0ba8f98bd07af373848833876e7ec5ddf1486cec9a3cd9ba44c,disabled,66da6332362cbf876667b08f276bd50b7cdba93a73315a4f2302dc81e40e2eb2,96d85348d6e1f1ef04248166e7f619e1d25f52c98beaf8dc8417e7285fbf9128,0.0,0.1,1.0,113,0.12272727272727273,27,65,38,220,0.16549290000693873,194.3999999999997,0.03167597765363128,False,0.0,178.0,75.0,0,0,0.0,0.6340599991910328,220,False,True,,2026-07-29T17:17:22.163225+00:00,2026-07-29T17:17:22.329406+00:00,True
small-medium-n0.1-sac-s5-65940382df56,small,10,medium,0.05,0.1,SAC,5,artifacts/final_submission/sac/best_model.zip,78fe38fcc78df0ba8f98bd07af373848833876e7ec5ddf1486cec9a3cd9ba44c,disabled,66da6332362cbf876667b08f276bd50b7cdba93a73315a4f2302dc81e40e2eb2,65940382df56bc89d9f30c7b54a0ee31165cbc280ed740474f8dc26b9c81553f,0.4,0.03,0.0,0,0.07727272727272727,17,21,4,220,0.16768009998486377,45.60000000000011,0.18263636363636368,False,0.0,21.0,2.0,0,0,0.0,0.6373872730447064,220,False,True,,2026-07-29T17:17:22.332425+00:00,2026-07-29T17:17:22.500876+00:00,True
small-medium-n0.1-sac-s6-625640260f57,small,10,medium,0.05,0.1,SAC,6,artifacts/final_submission/sac/best_model.zip,78fe38fcc78df0ba8f98bd07af373848833876e7ec5ddf1486cec9a3cd9ba44c,disabled,66da6332362cbf876667b08f276bd50b7cdba93a73315a4f2302dc81e40e2eb2,625640260f57cfe931ec553e3b503e162b23f492686cd8d7c70ec5ac78e67d5f,0.6,0.16,1.0,38,0.509090909090909,112,114,2,220,0.16357170001720078,98.40000000000033,0.28993548387096774,False,0.0,154.0,30.0,0,0,0.0,0.6225299992365763,220,False,True,,2026-07-29T17:17:22.504916+00:00,2026-07-29T17:17:22.668877+00:00,True
small-medium-n0.1-sac-s7-dfef1089a51f,small,10,medium,0.05,0.1,SAC,7,artifacts/final_submission/sac/best_model.zip,78fe38fcc78df0ba8f98bd07af373848833876e7ec5ddf1486cec9a3cd9ba44c,disabled,66da6332362cbf876667b08f276bd50b7cdba93a73315a4f2302dc81e40e2eb2,dfef1089a51fa528bef58396e0a51fb2e2a4e033b5ae47dbd2d1eac9ebf9d018,0.2,0.13,1.0,77,0.01818181818181818,4,28,24,220,0.16425870000966825,172.79999999999933,0.1218301886792453,False,0.0,105.0,84.0,0,0,0.0,0.6304822721920739,220,False,True,,2026-07-29T17:17:22.671881+00:00,2026-07-29T17:17:22.836782+00:00,True
small-medium-n0.1-sac-s8-c7dce5cb1ea6,small,10,medium,0.05,0.1,SAC,8,artifacts/final_submission/sac/best_model.zip,78fe38fcc78df0ba8f98bd07af373848833876e7ec5ddf1486cec9a3cd9ba44c,disabled,66da6332362cbf876667b08f276bd50b7cdba93a73315a4f2302dc81e40e2eb2,c7dce5cb1ea6595eeea49c620e6b2d1cf68fceabda66ac9943c49dba300569af,0.4,0.19,1.0,46,0.05909090909090909,13,14,1,220,0.16519410000182688,207.99999999999997,0.22191803278688527,False,0.0,60.0,159.0,0,0,0.0,0.6324740897980519,220,False,True,,2026-07-29T17:17:22.839813+00:00,2026-07-29T17:17:23.005555+00:00,True
small-medium-n0.1-sac-s9-b269feec54ad,small,10,medium,0.05,0.1,SAC,9,artifacts/final_submission/sac/best_model.zip,78fe38fcc78df0ba8f98bd07af373848833876e7ec5ddf1486cec9a3cd9ba44c,disabled,66da6332362cbf876667b08f276bd50b7cdba93a73315a4f2302dc81e40e2eb2,b269feec54ad5124606d70e010e2aeb976e0b441deff97c169494703b3f9e49f,0.0,0.06,1.0,2,0.00909090909090909,2,2,0,220,0.16641010000603274,53.600000000000236,0.078,False,0.0,4.0,10.0,0,0,0.0,0.6367418184791777,220,False,True,,2026-07-29T17:17:23.008554+00:00,2026-07-29T17:17:23.175711+00:00,True
small-medium-n0.1-riskshield_ppo-s0-a3a8af3bd5fd,small,10,medium,0.05,0.1,RiskShield-PPO,0,artifacts/final_submission/riskshield_ppo/best_model.zip,d6c91caeb9bb10db866cbfe947ef1cc3db0ea8dc7470d098c9af6298ab75c812,k_step,66da6332362cbf876667b08f276bd50b7cdba93a73315a4f2302dc81e40e2eb2,a3a8af3bd5fd4b94972383c31a12cf38be88a2864be3c2ebf20a7fb2ad6d13ed,0.2,0.06,0.0,0,0.07727272727272727,17,17,0,220,0.16785449997405522,48.80000000000016,0.11466666666666668,False,0.0,17.0,6.0,23,17,0.0,0.614969091839157,220,False,True,,2026-07-29T17:17:23.178483+00:00,2026-07-29T17:17:23.346368+00:00,True
small-medium-n0.1-riskshield_ppo-s1-571d1721a59f,small,10,medium,0.05,0.1,RiskShield-PPO,1,artifacts/final_submission/riskshield_ppo/best_model.zip,d6c91caeb9bb10db866cbfe947ef1cc3db0ea8dc7470d098c9af6298ab75c812,k_step,66da6332362cbf876667b08f276bd50b7cdba93a73315a4f2302dc81e40e2eb2,571d1721a59ffb6b8e6a974b3a5ade90badb65f31964088ea689171d999cd9ad,0.0,0.01,0.0,0,0.12727272727272726,28,28,0,220,0.1737458000134211,44.000000000000085,0.013344827586206896,False,0.0,28.0,0.0,28,28,0.0,0.635735454984983,220,False,True,,2026-07-29T17:17:23.350368+00:00,2026-07-29T17:17:23.524089+00:00,True
small-medium-n0.1-riskshield_ppo-s2-121c921fa6cf,small,10,medium,0.05,0.1,RiskShield-PPO,2,artifacts/final_submission/riskshield_ppo/best_model.zip,d6c91caeb9bb10db866cbfe947ef1cc3db0ea8dc7470d098c9af6298ab75c812,k_step,66da6332362cbf876667b08f276bd50b7cdba93a73315a4f2302dc81e40e2eb2,121c921fa6cf03fb890bd75c674ed1172f9517de8cc4c6388f98ee4050340ce7,0.0,0.04,0.0,0,0.045454545454545456,10,10,0,220,0.17280870000831783,48.80000000000012,0.03927272727272727,False,0.0,10.0,6.0,16,10,0.0,0.6358586377411318,220,False,True,,2026-07-29T17:17:23.527111+00:00,2026-07-29T17:17:23.700281+00:00,True
small-medium-n0.1-riskshield_ppo-s3-01787737a7ea,small,10,medium,0.05,0.1,RiskShield-PPO,3,artifacts/final_submission/riskshield_ppo/best_model.zip,d6c91caeb9bb10db866cbfe947ef1cc3db0ea8dc7470d098c9af6298ab75c812,k_step,66da6332362cbf876667b08f276bd50b7cdba93a73315a4f2302dc81e40e2eb2,01787737a7eae9442a4a39b17813bb1204e2b059aa474aa3d21ce4523765a37a,0.4,0.08,0.0,0,0.03636363636363636,8,8,0,220,0.17366989998845384,49.600000000000165,0.21733333333333335,False,0.0,8.0,7.0,25,8,0.0,0.6378018182162619,220,False,True,,2026-07-29T17:17:23.703281+00:00,2026-07-29T17:17:23.877520+00:00,True
small-medium-n0.1-riskshield_ppo-s4-5c3d5a70d328,small,10,medium,0.05,0.1,RiskShield-PPO,4,artifacts/final_submission/riskshield_ppo/best_model.zip,d6c91caeb9bb10db866cbfe947ef1cc3db0ea8dc7470d098c9af6298ab75c812,k_step,66da6332362cbf876667b08f276bd50b7cdba93a73315a4f2302dc81e40e2eb2,5c3d5a70d32851c01dee9f0170ccfb67ca7cb2ac453672b6f789062d99a2a38f,0.2,0.03,0.0,0,0.0,0,0,0,220,0.17170350000378676,45.60000000000008,0.389,False,0.0,0.0,2.0,2,0,0.0,0.6404440898966807,220,False,True,,2026-07-29T17:17:23.881342+00:00,2026-07-29T17:17:24.053609+00:00,True
small-medium-n0.1-riskshield_ppo-s5-c69db242dcee,small,10,medium,0.05,0.1,RiskShield-PPO,5,artifacts/final_submission/riskshield_ppo/best_model.zip,d6c91caeb9bb10db866cbfe947ef1cc3db0ea8dc7470d098c9af6298ab75c812,k_step,66da6332362cbf876667b08f276bd50b7cdba93a73315a4f2302dc81e40e2eb2,c69db242dcee6d2562f18ff65d5ca86fc87d96189677a211019c22bf08fda04f,0.2,0.01,0.0,0,1.0,220,220,0,220,0.18383019999600947,44.000000000000085,0.08435746606334843,False,0.0,220.0,0.0,220,220,0.0,0.6639668179559521,220,False,True,,2026-07-29T17:17:24.055909+00:00,2026-07-29T17:17:24.240649+00:00,True
small-medium-n0.1-riskshield_ppo-s6-0683884b3e0f,small,10,medium,0.05,0.1,RiskShield-PPO,6,artifacts/final_submission/riskshield_ppo/best_model.zip,d6c91caeb9bb10db866cbfe947ef1cc3db0ea8dc7470d098c9af6298ab75c812,k_step,66da6332362cbf876667b08f276bd50b7cdba93a73315a4f2302dc81e40e2eb2,0683884b3e0f8a84381bf27154d1cdb2ac7bea385466f8d7725cb57b7b6a57e1,0.0,0.02,0.0,0,0.022727272727272728,5,5,0,220,0.17169709998415783,44.8000000000001,0.055999999999999994,False,0.0,5.0,1.0,6,5,0.0,0.6357699996442534,220,False,True,,2026-07-29T17:17:24.244879+00:00,2026-07-29T17:17:24.416885+00:00,True
small-medium-n0.1-riskshield_ppo-s7-bde4034b1e73,small,10,medium,0.05,0.1,RiskShield-PPO,7,artifacts/final_submission/riskshield_ppo/best_model.zip,d6c91caeb9bb10db866cbfe947ef1cc3db0ea8dc7470d098c9af6298ab75c812,k_step,66da6332362cbf876667b08f276bd50b7cdba93a73315a4f2302dc81e40e2eb2,bde4034b1e73c9d1ae9ff8ce81d5f0e2f363192d5d9edc2d2b3a2dbf7be9ef49,0.4,0.06,0.0,0,0.013636363636363636,3,3,0,220,0.170906700019259,50.4000000000002,0.253,False,0.0,3.0,8.0,8,3,0.0,0.6338054558992471,220,False,True,,2026-07-29T17:17:24.420887+00:00,2026-07-29T17:17:24.592202+00:00,True
small-medium-n0.1-riskshield_ppo-s8-1874d3429d35,small,10,medium,0.05,0.1,RiskShield-PPO,8,artifacts/final_submission/riskshield_ppo/best_model.zip,d6c91caeb9bb10db866cbfe947ef1cc3db0ea8dc7470d098c9af6298ab75c812,k_step,66da6332362cbf876667b08f276bd50b7cdba93a73315a4f2302dc81e40e2eb2,1874d3429d35c9a9a3575addff3fde08409ad218bf22d02e924a3bc6712c47b2,0.0,0.02,0.0,0,0.08636363636363636,19,19,0,220,0.17238030000589788,44.8000000000001,0.020999999999999998,False,0.0,19.0,1.0,20,19,0.0,0.6362222713174891,220,False,True,,2026-07-29T17:17:24.595400+00:00,2026-07-29T17:17:24.767853+00:00,True
small-medium-n0.1-riskshield_ppo-s9-5b215bb51464,small,10,medium,0.05,0.1,RiskShield-PPO,9,artifacts/final_submission/riskshield_ppo/best_model.zip,d6c91caeb9bb10db866cbfe947ef1cc3db0ea8dc7470d098c9af6298ab75c812,k_step,66da6332362cbf876667b08f276bd50b7cdba93a73315a4f2302dc81e40e2eb2,5b215bb51464ce1893cee095c379a256febe9eba984a3138c6979f793b4c8c27,0.4,0.01,0.0,0,0.02727272727272727,6,6,0,220,0.17505990000790916,44.000000000000085,0.2058571428571429,False,0.0,6.0,0.0,6,6,0.0,0.6487118168892763,220,False,True,,2026-07-29T17:17:24.770888+00:00,2026-07-29T17:17:24.946605+00:00,True
small-medium-n0.2-risk_aware_astar-s0-93dce6660fc6,small,10,medium,0.05,0.2,risk_aware_astar,0,,,disabled,66da6332362cbf876667b08f276bd50b7cdba93a73315a4f2302dc81e40e2eb2,93dce6660fc6528d59e3f07252316438431d6961d17471556cd350b1b9062c29,1.0,0.18,0.0,0,0.03571428571428571,1,1,0,28,0.004274100007023662,23.999999999999996,0.5740000000000001,True,1.0,1.5,23.0,0,0,0.0,0.09018214352961097,28,True,False,,2026-07-29T17:16:38.751362+00:00,2026-07-29T17:16:38.756452+00:00,True
small-medium-n0.2-risk_aware_astar-s1-d671000ffda9,small,10,medium,0.05,0.2,risk_aware_astar,1,,,disabled,66da6332362cbf876667b08f276bd50b7cdba93a73315a4f2302dc81e40e2eb2,d671000ffda925b35d637075bb4c46d4f0318b50eaa14f15bda8cbb7b62a26ac,1.0,0.15,0.0,0,0.10526315789473684,2,2,0,19,0.002517000015359372,14.999999999999998,0.545,True,1.0,2.0,14.0,0,0,0.0,0.06435262989007721,19,True,False,,2026-07-29T17:16:38.756452+00:00,2026-07-29T17:16:38.775456+00:00,True
small-medium-n0.2-risk_aware_astar-s2-6eaa92beb951,small,10,medium,0.05,0.2,risk_aware_astar,2,,,disabled,66da6332362cbf876667b08f276bd50b7cdba93a73315a4f2302dc81e40e2eb2,6eaa92beb9515615598b6fddb82ef428b990dd66cdcf7b4d9f6bb79cc590d084,1.0,0.15,0.0,0,0.13636363636363635,3,3,0,22,0.01950219998252578,17.999999999999996,0.52,True,1.0,3.0,17.0,0,0,0.0,0.08403636456932873,22,True,False,,2026-07-29T17:16:38.772459+00:00,2026-07-29T17:16:38.803345+00:00,True
small-medium-n0.2-risk_aware_astar-s3-20214e25927b,small,10,medium,0.05,0.2,risk_aware_astar,3,,,disabled,66da6332362cbf876667b08f276bd50b7cdba93a73315a4f2302dc81e40e2eb2,20214e25927b000324e40c958461d333fe698f5f6534035b724c4259bb6b002f,1.0,0.14,0.0,0,0.045454545454545456,1,1,0,22,0.004100700025446713,18.0,0.592,True,1.0,1.0,17.0,0,0,0.0,0.12326818250585347,22,True,False,,2026-07-29T17:16:38.775456+00:00,2026-07-29T17:16:38.779466+00:00,True
small-medium-n0.2-risk_aware_astar-s4-cf5d9f0c9df0,small,10,medium,0.05,0.2,risk_aware_astar,4,,,disabled,66da6332362cbf876667b08f276bd50b7cdba93a73315a4f2302dc81e40e2eb2,cf5d9f0c9df065dcba85a68712334164047ea69e3fa7a7d8c6cbdfb36f486784,1.0,0.13,0.0,0,0.0,0,0,0,17,0.0020118000102229416,13.0,0.739,True,1.0,0.0,12.0,0,0,0.0,0.052741172326290435,17,True,False,,2026-07-29T17:16:38.779466+00:00,2026-07-29T17:16:38.806341+00:00,True
small-medium-n0.2-risk_aware_astar-s5-d45ea4a84e21,small,10,medium,0.05,0.2,risk_aware_astar,5,,,disabled,66da6332362cbf876667b08f276bd50b7cdba93a73315a4f2302dc81e40e2eb2,d45ea4a84e215c4e9bfb361630c3e23e6b656a1d98ad7424c55bee196ba07e64,1.0,0.16,0.0,0,0.14285714285714285,3,3,0,21,0.09167620001244359,16.999999999999996,0.523,True,1.0,3.0,16.0,0,0,0.0,0.08854286057785862,21,True,False,,2026-07-29T17:16:38.801232+00:00,2026-07-29T17:16:38.895919+00:00,True
small-medium-n0.2-risk_aware_astar-s6-154732bfddbd,small,10,medium,0.05,0.2,risk_aware_astar,6,,,disabled,66da6332362cbf876667b08f276bd50b7cdba93a73315a4f2302dc81e40e2eb2,154732bfddbd90a96b6e6404f1f57ff4d0beeaf59e526a66df150e13259568b5,1.0,0.22,0.0,0,0.10810810810810811,4,4,0,37,0.006013000005623326,33.0,0.526,True,1.0,4.0,32.0,0,0,0.0,0.10281351372926824,37,True,False,,2026-07-29T17:16:38.803345+00:00,2026-07-29T17:16:38.829351+00:00,True
small-medium-n0.2-risk_aware_astar-s7-72ea2b3e0872,small,10,medium,0.05,0.2,risk_aware_astar,7,,,disabled,66da6332362cbf876667b08f276bd50b7cdba93a73315a4f2302dc81e40e2eb2,72ea2b3e0872afc93ef731cd327ffe0244acee8f021b1831011d1d2db50f58c3,1.0,0.25,0.0,0,0.05263157894736842,2,2,0,38,0.0077052999986335635,34.0,0.5750000000000001,True,1.0,2.0,33.0,0,0,0.0,0.13837894642308943,38,True,False,,2026-07-29T17:16:38.806341+00:00,2026-07-29T17:16:38.841360+00:00,True
small-medium-n0.2-risk_aware_astar-s8-2b931ad65a32,small,10,medium,0.05,0.2,risk_aware_astar,8,,,disabled,66da6332362cbf876667b08f276bd50b7cdba93a73315a4f2302dc81e40e2eb2,2b931ad65a32d7ac69180e07b89a03b5a7b9ef3a2bd3c69a0c1480155b6cd98a,1.0,0.12,0.0,0,0.1875,3,3,0,16,0.0020176999969407916,11.999999999999998,0.511,True,1.0,3.0,11.0,0,0,0.0,0.060431251768022776,16,True,False,,2026-07-29T17:16:38.822358+00:00,2026-07-29T17:16:38.833361+00:00,True
small-medium-n0.2-risk_aware_astar-s9-e4f0de1a9f72,small,10,medium,0.05,0.2,risk_aware_astar,9,,,disabled,66da6332362cbf876667b08f276bd50b7cdba93a73315a4f2302dc81e40e2eb2,e4f0de1a9f726ff6cf8624ce178a5292ba1e589bb249b096d384721eb1f312c2,1.0,0.19,0.0,0,0.043478260869565216,1,1,0,23,0.1307686000072863,19.8,0.607,True,1.0,1.0,19.0,0,0,0.0,0.09317825922904455,23,True,False,,2026-07-29T17:16:38.829351+00:00,2026-07-29T17:16:38.959532+00:00,True
small-medium-n0.2-frontier_exploration-s0-82a55114186c,small,10,medium,0.05,0.2,frontier_exploration,0,,,disabled,66da6332362cbf876667b08f276bd50b7cdba93a73315a4f2302dc81e40e2eb2,82a55114186cf7afc892ddb93ed5b6af1336e3f121849f7786f80bf9ba2c6acb,1.0,0.57,0.0,0,0.0,0,0,0,118,0.01976900000590831,114.00000000000001,0.871,True,1.0,0.0,113.0,0,0,0.0,0.10388643975109178,118,True,False,,2026-07-29T17:16:38.833361+00:00,2026-07-29T17:16:38.861350+00:00,True
small-medium-n0.2-frontier_exploration-s1-f22eea321f7d,small,10,medium,0.05,0.2,frontier_exploration,1,,,disabled,66da6332362cbf876667b08f276bd50b7cdba93a73315a4f2302dc81e40e2eb2,f22eea321f7d39d7e7bd2f401ff0ea90638ad9ca478277cf3f3d050d3e0079dd,1.0,0.62,0.0,0,0.01904761904761905,2,2,0,105,0.016473600000608712,101.0,0.661,True,1.0,3.0,100.0,0,0,0.0,0.09213333389544416,105,True,False,,2026-07-29T17:16:38.841360+00:00,2026-07-29T17:16:38.912543+00:00,True
small-medium-n0.2-frontier_exploration-s2-715cda805c05,small,10,medium,0.05,0.2,frontier_exploration,2,,,disabled,66da6332362cbf876667b08f276bd50b7cdba93a73315a4f2302dc81e40e2eb2,715cda805c05a167e2bbe6b534fed6148a722c69e8e764fb72e5c1e7b290021d,1.0,0.64,0.0,0,0.0078125,1,1,0,128,0.01992620000964962,124.0,0.7420000000000001,True,1.0,1.0,123.0,0,0,0.0,0.09114453155234514,128,True,False,,2026-07-29T17:16:38.861350+00:00,2026-07-29T17:16:38.880910+00:00,True
small-medium-n0.2-frontier_exploration-s3-9a21ca1b8767,small,10,medium,0.05,0.2,frontier_exploration,3,,,disabled,66da6332362cbf876667b08f276bd50b7cdba93a73315a4f2302dc81e40e2eb2,9a21ca1b876786926082870cc8043f78b0db3c6bdc311e7a217605c4fbbcb3b7,1.0,0.52,0.0,0,0.05263157894736842,4,4,0,76,0.010543400014284998,72.00000000000001,0.6105454545454546,True,1.0,4.5,71.0,0,0,0.0,0.06890526243583545,76,True,False,,2026-07-29T17:16:38.880910+00:00,2026-07-29T17:16:38.891918+00:00,True
small-medium-n0.2-frontier_exploration-s4-b5237a0c8deb,small,10,medium,0.05,0.2,frontier_exploration,4,,,disabled,66da6332362cbf876667b08f276bd50b7cdba93a73315a4f2302dc81e40e2eb2,b5237a0c8deb9dd249a23c6f712e77be6741c878e2e90aebdc53657dc34e2430,1.0,0.22,0.0,0,0.0,0,0,0,25,0.003243900020606816,21.799999999999997,0.766,True,1.0,0.0,21.0,0,0,0.0,0.06706000305712223,25,True,False,,2026-07-29T17:16:38.891918+00:00,2026-07-29T17:16:38.950444+00:00,True
small-medium-n0.2-frontier_exploration-s5-ebdfdcc57e69,small,10,medium,0.05,0.2,frontier_exploration,5,,,disabled,66da6332362cbf876667b08f276bd50b7cdba93a73315a4f2302dc81e40e2eb2,ebdfdcc57e69e7bab5b8b1cbc427e933027cdf6bcb601eaa617b123bca01e89d,1.0,0.55,0.0,0,0.03614457831325301,3,3,0,83,0.056512000010116026,79.0,0.64,True,1.0,3.0,78.0,0,0,0.0,0.0690048190916563,83,True,False,,2026-07-29T17:16:38.895919+00:00,2026-07-29T17:16:39.019903+00:00,True
small-medium-n0.2-frontier_exploration-s6-6ec966c6439f,small,10,medium,0.05,0.2,frontier_exploration,6,,,disabled,66da6332362cbf876667b08f276bd50b7cdba93a73315a4f2302dc81e40e2eb2,6ec966c6439f026fc9175885e35a708be8f4da2240afb66b926bd7b8d0d09b20,1.0,0.59,0.0,0,0.06306306306306306,7,8,1,111,0.017011100018862635,107.0,0.6103333333333333,True,1.0,8.0,106.0,0,0,0.0,0.0903018040221755,111,True,False,,2026-07-29T17:16:38.912543+00:00,2026-07-29T17:16:38.930521+00:00,True
small-medium-n0.2-frontier_exploration-s7-416868fbf2ed,small,10,medium,0.05,0.2,frontier_exploration,7,,,disabled,66da6332362cbf876667b08f276bd50b7cdba93a73315a4f2302dc81e40e2eb2,416868fbf2ed6b5c2986e47e3589d6bc9c521aea7e742ee1a93cc32f40a4588e,1.0,0.75,0.0,0,0.07894736842105263,9,9,0,114,0.016761900013079867,110.0,0.6522727272727272,True,1.0,10.0,109.0,0,0,0.0,0.07966491434592426,114,True,False,,2026-07-29T17:16:38.930521+00:00,2026-07-29T17:16:38.947443+00:00,True
small-medium-n0.2-frontier_exploration-s8-5361f910e5a4,small,10,medium,0.05,0.2,frontier_exploration,8,,,disabled,66da6332362cbf876667b08f276bd50b7cdba93a73315a4f2302dc81e40e2eb2,5361f910e5a4e1b7b735a7eaaad98ab9bbf6fb70edb7c395d1acf29374456f78,1.0,0.39,0.0,0,0.10204081632653061,5,5,0,49,0.006285499985096976,45.800000000000004,0.5670000000000001,True,1.0,5.0,45.0,0,0,0.0,0.06628367451152631,49,True,False,,2026-07-29T17:16:38.947443+00:00,2026-07-29T17:16:38.957538+00:00,True
small-medium-n0.2-frontier_exploration-s9-f91d4879fa95,small,10,medium,0.05,0.2,frontier_exploration,9,,,disabled,66da6332362cbf876667b08f276bd50b7cdba93a73315a4f2302dc81e40e2eb2,f91d4879fa95ddd94d785d65881a0a273bb191b73de193e00a92aedd67650855,1.0,0.56,0.0,0,0.0,0,0,0,75,0.010408900008769706,71.8,0.8680000000000001,True,1.0,0.0,71.0,0,0,0.0,0.07428666499132912,75,True,False,,2026-07-29T17:16:38.950444+00:00,2026-07-29T17:16:38.992434+00:00,True
small-medium-n0.2-ppo-s0-d1108ecaef8a,small,10,medium,0.05,0.2,PPO,0,artifacts/final_submission/ppo/best_model.zip,7c54226fc8927d7ef7fcdc7d5f3ff29b11fa8d1463293a9d8e3b6bebad84cc11,disabled,66da6332362cbf876667b08f276bd50b7cdba93a73315a4f2302dc81e40e2eb2,d1108ecaef8a855777cb5d4dc1c667176ebb63ebb960839fa4a69b7894208d4e,0.2,0.01,0.0,0,0.06818181818181818,15,15,0,220,0.16181479999795556,44.000000000000085,0.10175000000000002,False,0.0,15.0,0.0,0,0,0.0,0.6256177279283293,220,False,True,,2026-07-29T17:17:24.949605+00:00,2026-07-29T17:17:25.112124+00:00,True
small-medium-n0.2-ppo-s1-68f431ec4b82,small,10,medium,0.05,0.2,PPO,1,artifacts/final_submission/ppo/best_model.zip,7c54226fc8927d7ef7fcdc7d5f3ff29b11fa8d1463293a9d8e3b6bebad84cc11,disabled,66da6332362cbf876667b08f276bd50b7cdba93a73315a4f2302dc81e40e2eb2,68f431ec4b82a40df557e8eae810cd1311223718c61004e20b63a02663004660,0.0,0.01,0.0,0,0.12727272727272726,28,28,0,220,0.17109789999085478,44.000000000000085,0.013344827586206896,False,0.0,28.0,0.0,0,0,0.0,0.6643763621634041,220,False,True,,2026-07-29T17:17:25.116125+00:00,2026-07-29T17:17:25.287835+00:00,True
small-medium-n0.2-ppo-s2-7e7ddf605b37,small,10,medium,0.05,0.2,PPO,2,artifacts/final_submission/ppo/best_model.zip,7c54226fc8927d7ef7fcdc7d5f3ff29b11fa8d1463293a9d8e3b6bebad84cc11,disabled,66da6332362cbf876667b08f276bd50b7cdba93a73315a4f2302dc81e40e2eb2,7e7ddf605b37806f9f1611d7d34e7eb7787de9d6ae19efd86f50fe85c323b500,0.0,0.01,0.0,0,0.1590909090909091,35,35,0,220,0.16607399997883476,44.000000000000085,0.011333333333333334,False,0.0,35.0,0.0,0,0,0.0,0.6465459090329453,220,False,True,,2026-07-29T17:17:25.291075+00:00,2026-07-29T17:17:25.457492+00:00,True
small-medium-n0.2-ppo-s3-3bff07da46f3,small,10,medium,0.05,0.2,PPO,3,artifacts/final_submission/ppo/best_model.zip,7c54226fc8927d7ef7fcdc7d5f3ff29b11fa8d1463293a9d8e3b6bebad84cc11,disabled,66da6332362cbf876667b08f276bd50b7cdba93a73315a4f2302dc81e40e2eb2,3bff07da46f35b94c1da3e1b6fb3375f91518f9b98fc541d12c89a24a091aa42,0.2,0.01,0.0,0,0.10909090909090909,24,24,0,220,0.16395519999787211,44.000000000000085,0.09500000000000001,False,0.0,24.0,0.0,0,0,0.0,0.6392772714289922,220,False,True,,2026-07-29T17:17:25.460490+00:00,2026-07-29T17:17:25.625009+00:00,True
small-medium-n0.2-ppo-s4-b680fa4e0a55,small,10,medium,0.05,0.2,PPO,4,artifacts/final_submission/ppo/best_model.zip,7c54226fc8927d7ef7fcdc7d5f3ff29b11fa8d1463293a9d8e3b6bebad84cc11,disabled,66da6332362cbf876667b08f276bd50b7cdba93a73315a4f2302dc81e40e2eb2,b680fa4e0a553259a61dc576fe274fb7fc23b4632e57af5fa69809baa244899d,0.2,0.01,0.0,0,0.01818181818181818,4,4,0,220,0.17106779999448918,44.000000000000085,0.14300000000000002,False,0.0,4.0,0.0,0,0,0.0,0.6684936367409219,220,False,True,,2026-07-29T17:17:25.628011+00:00,2026-07-29T17:17:25.799572+00:00,True
small-medium-n0.2-ppo-s5-7b99f45930eb,small,10,medium,0.05,0.2,PPO,5,artifacts/final_submission/ppo/best_model.zip,7c54226fc8927d7ef7fcdc7d5f3ff29b11fa8d1463293a9d8e3b6bebad84cc11,disabled,66da6332362cbf876667b08f276bd50b7cdba93a73315a4f2302dc81e40e2eb2,7b99f45930eb4dc813f0eee4570b5362db2606405af0f86e0c94729888b3c3b0,0.2,0.01,0.0,0,1.0,220,220,0,220,0.16680150001775473,44.000000000000085,0.08435746606334843,False,0.0,220.0,0.0,0,0,0.0,0.6443509100460109,220,False,True,,2026-07-29T17:17:25.803574+00:00,2026-07-29T17:17:25.969966+00:00,True
small-medium-n0.2-ppo-s6-530402104df4,small,10,medium,0.05,0.2,PPO,6,artifacts/final_submission/ppo/best_model.zip,7c54226fc8927d7ef7fcdc7d5f3ff29b11fa8d1463293a9d8e3b6bebad84cc11,disabled,66da6332362cbf876667b08f276bd50b7cdba93a73315a4f2302dc81e40e2eb2,530402104df45c57ef9d3a69aa72b1e673f0145353f255654250886dc3ac1d02,0.0,0.01,0.0,0,0.01818181818181818,4,4,0,220,0.1631896000180859,44.000000000000085,0.063,False,0.0,4.0,0.0,0,0,0.0,0.6340218174789863,220,False,True,,2026-07-29T17:17:25.972965+00:00,2026-07-29T17:17:26.137061+00:00,True
small-medium-n0.2-ppo-s7-ebd6c993931e,small,10,medium,0.05,0.2,PPO,7,artifacts/final_submission/ppo/best_model.zip,7c54226fc8927d7ef7fcdc7d5f3ff29b11fa8d1463293a9d8e3b6bebad84cc11,disabled,66da6332362cbf876667b08f276bd50b7cdba93a73315a4f2302dc81e40e2eb2,ebd6c993931e4415465bc2a60b05d5c065385ede6a9b1d162e7f233b5b8371be,0.2,0.01,0.0,0,0.06363636363636363,14,14,0,220,0.16348439999273978,44.000000000000085,0.10300000000000002,False,0.0,14.0,0.0,0,0,0.0,0.6362845458418385,220,False,True,,2026-07-29T17:17:26.140060+00:00,2026-07-29T17:17:26.304225+00:00,True
small-medium-n0.2-ppo-s8-19233783e24c,small,10,medium,0.05,0.2,PPO,8,artifacts/final_submission/ppo/best_model.zip,7c54226fc8927d7ef7fcdc7d5f3ff29b11fa8d1463293a9d8e3b6bebad84cc11,disabled,66da6332362cbf876667b08f276bd50b7cdba93a73315a4f2302dc81e40e2eb2,19233783e24c25399c2e0331340e6013d0f36327df6622d5360375374308d491,0.0,0.01,0.0,0,0.02727272727272727,6,6,0,220,0.16474879998713732,44.000000000000085,0.04585714285714286,False,0.0,6.0,0.0,0,0,0.0,0.642268180672545,220,False,True,,2026-07-29T17:17:26.307230+00:00,2026-07-29T17:17:26.472907+00:00,True
small-medium-n0.2-ppo-s9-c20341848584,small,10,medium,0.05,0.2,PPO,9,artifacts/final_submission/ppo/best_model.zip,7c54226fc8927d7ef7fcdc7d5f3ff29b11fa8d1463293a9d8e3b6bebad84cc11,disabled,66da6332362cbf876667b08f276bd50b7cdba93a73315a4f2302dc81e40e2eb2,c2034184858451f24136eb088304d6b62f09d23fd09b4953037faec3c5a6d228,0.4,0.01,0.0,0,0.02727272727272727,6,6,0,220,0.16812030001892708,44.000000000000085,0.2058571428571429,False,0.0,6.0,0.0,0,0,0.0,0.6512627267511562,220,False,True,,2026-07-29T17:17:26.475909+00:00,2026-07-29T17:17:26.644436+00:00,True
small-medium-n0.2-sac-s0-4cad3ef7bf75,small,10,medium,0.05,0.2,SAC,0,artifacts/final_submission/sac/best_model.zip,78fe38fcc78df0ba8f98bd07af373848833876e7ec5ddf1486cec9a3cd9ba44c,disabled,66da6332362cbf876667b08f276bd50b7cdba93a73315a4f2302dc81e40e2eb2,4cad3ef7bf75e2a0cb1d58d18c1872e415be4d33179290bbca0f7619fdca9042,0.0,0.11,1.0,55,0.11363636363636363,25,26,1,220,0.20453019998967648,194.40000000000003,0.03665853658536586,False,0.0,81.0,133.0,0,0,0.0,0.8041713627542115,220,False,True,,2026-07-29T17:17:26.649950+00:00,2026-07-29T17:17:26.854504+00:00,True
small-medium-n0.2-sac-s1-e9038241c746,small,10,medium,0.05,0.2,SAC,1,artifacts/final_submission/sac/best_model.zip,78fe38fcc78df0ba8f98bd07af373848833876e7ec5ddf1486cec9a3cd9ba44c,disabled,66da6332362cbf876667b08f276bd50b7cdba93a73315a4f2302dc81e40e2eb2,e9038241c74648d55269f8e9fb01a2c1a9b783b355c429b9c79edcbe62f155aa,0.2,0.07,1.0,96,0.03636363636363636,8,8,0,220,0.18273129998124205,211.9999999999999,0.10385714285714288,False,0.0,104.0,114.0,0,0,0.0,0.7134881815132261,220,False,True,,2026-07-29T17:17:26.857721+00:00,2026-07-29T17:17:27.041364+00:00,True
small-medium-n0.2-sac-s2-26e2b11f13a7,small,10,medium,0.05,0.2,SAC,2,artifacts/final_submission/sac/best_model.zip,78fe38fcc78df0ba8f98bd07af373848833876e7ec5ddf1486cec9a3cd9ba44c,disabled,66da6332362cbf876667b08f276bd50b7cdba93a73315a4f2302dc81e40e2eb2,26e2b11f13a72fdadc69a63c475e961a483e3cc26bcd925c0f3dcf598921955a,0.0,0.05,0.0,0,0.00909090909090909,2,2,0,220,0.1934332999808248,57.600000000000314,0.04227272727272727,False,0.0,10.0,17.0,0,0,0.0,0.7624968183914792,220,False,True,,2026-07-29T17:17:27.044669+00:00,2026-07-29T17:17:27.238517+00:00,True
small-medium-n0.2-sac-s3-33eec41123b2,small,10,medium,0.05,0.2,SAC,3,artifacts/final_submission/sac/best_model.zip,78fe38fcc78df0ba8f98bd07af373848833876e7ec5ddf1486cec9a3cd9ba44c,disabled,66da6332362cbf876667b08f276bd50b7cdba93a73315a4f2302dc81e40e2eb2,33eec41123b2e59f61e6c63c47c1be73f7b5238c5da22b9345c093cd37ecf065,0.0,0.07,1.0,136,0.02727272727272727,6,74,68,220,0.18136430002050474,220.0,0.0224218009478673,False,0.0,210.0,84.0,0,0,0.0,0.7080286368198524,220,False,True,,2026-07-29T17:17:27.241498+00:00,2026-07-29T17:17:27.423253+00:00,True
small-medium-n0.2-sac-s4-972b54da0c31,small,10,medium,0.05,0.2,SAC,4,artifacts/final_submission/sac/best_model.zip,78fe38fcc78df0ba8f98bd07af373848833876e7ec5ddf1486cec9a3cd9ba44c,disabled,66da6332362cbf876667b08f276bd50b7cdba93a73315a4f2302dc81e40e2eb2,972b54da0c3118ec32ccd70291256c2177e147392c01950ec4bcc2c4d498650a,0.6,0.1,1.0,110,0.06363636363636363,14,95,81,220,0.17539960000431165,172.79999999999933,0.2714563106796117,False,0.0,205.0,51.0,0,0,0.0,0.6838013653495264,220,False,True,,2026-07-29T17:17:27.426853+00:00,2026-07-29T17:17:27.602814+00:00,True
small-medium-n0.2-sac-s5-4ec05471bc40,small,10,medium,0.05,0.2,SAC,5,artifacts/final_submission/sac/best_model.zip,78fe38fcc78df0ba8f98bd07af373848833876e7ec5ddf1486cec9a3cd9ba44c,disabled,66da6332362cbf876667b08f276bd50b7cdba93a73315a4f2302dc81e40e2eb2,4ec05471bc40cde3cef6bf7b52b46f85bff9a1f0ee7685f83a94357cf238b37c,0.4,0.03,0.0,0,0.10909090909090909,24,26,2,220,0.16713990000425838,45.600000000000115,0.18011111111111114,False,0.0,26.0,2.0,0,0,0.0,0.6421486369535242,220,False,True,,2026-07-29T17:17:27.606408+00:00,2026-07-29T17:17:27.773974+00:00,True
small-medium-n0.2-sac-s6-0ea257479537,small,10,medium,0.05,0.2,SAC,6,artifacts/final_submission/sac/best_model.zip,78fe38fcc78df0ba8f98bd07af373848833876e7ec5ddf1486cec9a3cd9ba44c,disabled,66da6332362cbf876667b08f276bd50b7cdba93a73315a4f2302dc81e40e2eb2,0ea2574795376c4681822aef4f2b87390c9b303465706ad6713ce227b82c61e7,0.2,0.1,1.0,16,0.013636363636363636,3,4,1,220,0.20406470002490096,68.80000000000044,0.1242857142857143,False,0.0,20.0,15.0,0,0,0.0,0.81034954597602,220,False,True,,2026-07-29T17:17:27.776975+00:00,2026-07-29T17:17:27.981673+00:00,True
small-medium-n0.2-sac-s7-3065dc195095,small,10,medium,0.05,0.2,SAC,7,artifacts/final_submission/sac/best_model.zip,78fe38fcc78df0ba8f98bd07af373848833876e7ec5ddf1486cec9a3cd9ba44c,disabled,66da6332362cbf876667b08f276bd50b7cdba93a73315a4f2302dc81e40e2eb2,3065dc195095ca7f461034c62beada12bcb9efee390e8251c5677514f20d3dba,0.4,0.19,1.0,44,0.35454545454545455,78,97,19,220,0.15518029997474514,205.60000000000002,0.21911267605633805,False,0.0,141.0,158.0,0,0,0.0,0.5923559076935899,220,False,True,,2026-07-29T17:17:27.985573+00:00,2026-07-29T17:17:28.141643+00:00,True
small-medium-n0.2-sac-s8-4c790558ad50,small,10,medium,0.05,0.2,SAC,8,artifacts/final_submission/sac/best_model.zip,78fe38fcc78df0ba8f98bd07af373848833876e7ec5ddf1486cec9a3cd9ba44c,disabled,66da6332362cbf876667b08f276bd50b7cdba93a73315a4f2302dc81e40e2eb2,4c790558ad50b7e94b09137861f321c5958d70dd6b9772506b4256b8982a8a6a,0.2,0.16,1.0,6,0.8454545454545455,186,189,3,220,0.19550609998987056,206.39999999999992,0.12952671755725192,False,0.0,195.5,197.0,0,0,0.0,0.7335259072450836,220,False,True,,2026-07-29T17:17:28.144652+00:00,2026-07-29T17:17:28.340457+00:00,True
small-medium-n0.2-sac-s9-1f7d034feece,small,10,medium,0.05,0.2,SAC,9,artifacts/final_submission/sac/best_model.zip,78fe38fcc78df0ba8f98bd07af373848833876e7ec5ddf1486cec9a3cd9ba44c,disabled,66da6332362cbf876667b08f276bd50b7cdba93a73315a4f2302dc81e40e2eb2,1f7d034feecec91d5b6ef6d7880d8ea184b4b63be6d2fa6138935a473198f914,0.4,0.06,1.0,72,0.045454545454545456,10,10,0,220,0.16698759997962043,209.6,0.18161445783132532,False,0.0,82.0,135.0,0,0,0.0,0.641210453547749,220,False,True,,2026-07-29T17:17:28.343376+00:00,2026-07-29T17:17:28.510929+00:00,True
small-medium-n0.2-riskshield_ppo-s0-ef4bfa37d7c5,small,10,medium,0.05,0.2,RiskShield-PPO,0,artifacts/final_submission/riskshield_ppo/best_model.zip,d6c91caeb9bb10db866cbfe947ef1cc3db0ea8dc7470d098c9af6298ab75c812,k_step,66da6332362cbf876667b08f276bd50b7cdba93a73315a4f2302dc81e40e2eb2,ef4bfa37d7c5db8cf3232ed4775aafdabe1f04e0be3b7d3e835430c7fa11fcd3,0.2,0.06,0.0,0,0.07727272727272727,17,17,0,220,0.16597509998246096,48.80000000000016,0.11466666666666668,False,0.0,17.0,6.0,23,17,0.0,0.6069877277530561,220,False,True,,2026-07-29T17:17:28.514932+00:00,2026-07-29T17:17:28.681347+00:00,True
small-medium-n0.2-riskshield_ppo-s1-247d87eb85f4,small,10,medium,0.05,0.2,RiskShield-PPO,1,artifacts/final_submission/riskshield_ppo/best_model.zip,d6c91caeb9bb10db866cbfe947ef1cc3db0ea8dc7470d098c9af6298ab75c812,k_step,66da6332362cbf876667b08f276bd50b7cdba93a73315a4f2302dc81e40e2eb2,247d87eb85f4aa86f705d80092905315dfcca431bb1347fe51f3de2d12630c9d,0.0,0.01,0.0,0,0.12727272727272726,28,28,0,220,0.16832630001590587,44.000000000000085,0.013344827586206896,False,0.0,28.0,0.0,28,28,0.0,0.6162422719750215,220,False,True,,2026-07-29T17:17:28.684312+00:00,2026-07-29T17:17:28.853010+00:00,True
small-medium-n0.2-riskshield_ppo-s2-ed9e0e7cd404,small,10,medium,0.05,0.2,RiskShield-PPO,2,artifacts/final_submission/riskshield_ppo/best_model.zip,d6c91caeb9bb10db866cbfe947ef1cc3db0ea8dc7470d098c9af6298ab75c812,k_step,66da6332362cbf876667b08f276bd50b7cdba93a73315a4f2302dc81e40e2eb2,ed9e0e7cd40440daaf425118d4db123f225102dd4f3a814e9093a0b36c8bb29a,0.0,0.04,0.0,0,0.045454545454545456,10,10,0,220,0.16649209999013692,48.80000000000012,0.03927272727272727,False,0.0,10.0,6.0,16,10,0.0,0.6109836368440565,220,False,True,,2026-07-29T17:17:28.856010+00:00,2026-07-29T17:17:29.023821+00:00,True
small-medium-n0.2-riskshield_ppo-s3-32646ce16242,small,10,medium,0.05,0.2,RiskShield-PPO,3,artifacts/final_submission/riskshield_ppo/best_model.zip,d6c91caeb9bb10db866cbfe947ef1cc3db0ea8dc7470d098c9af6298ab75c812,k_step,66da6332362cbf876667b08f276bd50b7cdba93a73315a4f2302dc81e40e2eb2,32646ce162420b2cd686d2c027d6a3af9ae9d765cf11f4d2cf4463007e3c9170,0.4,0.08,0.0,0,0.03636363636363636,8,8,0,220,0.16375659999903291,49.600000000000165,0.21733333333333335,False,0.0,8.0,7.0,23,8,0.0,0.5987550002332269,220,False,True,,2026-07-29T17:17:29.026825+00:00,2026-07-29T17:17:29.190546+00:00,True
small-medium-n0.2-riskshield_ppo-s4-68cf49a90108,small,10,medium,0.05,0.2,RiskShield-PPO,4,artifacts/final_submission/riskshield_ppo/best_model.zip,d6c91caeb9bb10db866cbfe947ef1cc3db0ea8dc7470d098c9af6298ab75c812,k_step,66da6332362cbf876667b08f276bd50b7cdba93a73315a4f2302dc81e40e2eb2,68cf49a90108f94bf11ce80d1fcc64ab7da78d865e0fb0d7763349b0629e6b7d,0.2,0.03,0.0,0,0.0,0,0,0,220,0.16592220001621172,45.60000000000008,0.389,False,0.0,0.0,2.0,2,0,0.0,0.6137099987509745,220,False,True,,2026-07-29T17:17:29.193566+00:00,2026-07-29T17:17:29.360369+00:00,True
small-medium-n0.2-riskshield_ppo-s5-b9b0b550b671,small,10,medium,0.05,0.2,RiskShield-PPO,5,artifacts/final_submission/riskshield_ppo/best_model.zip,d6c91caeb9bb10db866cbfe947ef1cc3db0ea8dc7470d098c9af6298ab75c812,k_step,66da6332362cbf876667b08f276bd50b7cdba93a73315a4f2302dc81e40e2eb2,b9b0b550b671d9ef0c39e33e1dd5afef4bcd6417f10997c71ab347012b0ad221,0.2,0.01,0.0,0,1.0,220,220,0,220,0.16969999999855645,44.000000000000085,0.08435746606334843,False,0.0,220.0,0.0,220,220,0.0,0.6069895463455892,220,False,True,,2026-07-29T17:17:29.363374+00:00,2026-07-29T17:17:29.533133+00:00,True
small-medium-n0.2-riskshield_ppo-s6-db1ae6250143,small,10,medium,0.05,0.2,RiskShield-PPO,6,artifacts/final_submission/riskshield_ppo/best_model.zip,d6c91caeb9bb10db866cbfe947ef1cc3db0ea8dc7470d098c9af6298ab75c812,k_step,66da6332362cbf876667b08f276bd50b7cdba93a73315a4f2302dc81e40e2eb2,db1ae62501432557fb3209dbccaeef98999a4b6564b4ef16baee274f97a8fc48,0.0,0.02,0.0,0,0.022727272727272728,5,5,0,220,0.16409430000931025,44.8000000000001,0.055999999999999994,False,0.0,5.0,1.0,6,5,0.0,0.6035904536309483,220,False,True,,2026-07-29T17:17:29.536179+00:00,2026-07-29T17:17:29.700545+00:00,True
small-medium-n0.2-riskshield_ppo-s7-3b7119526fc1,small,10,medium,0.05,0.2,RiskShield-PPO,7,artifacts/final_submission/riskshield_ppo/best_model.zip,d6c91caeb9bb10db866cbfe947ef1cc3db0ea8dc7470d098c9af6298ab75c812,k_step,66da6332362cbf876667b08f276bd50b7cdba93a73315a4f2302dc81e40e2eb2,3b7119526fc1d90c1b31d60a9a823068b257bf25d758be3d208e17a93af1e84e,0.4,0.06,0.0,0,0.013636363636363636,3,3,0,220,0.16707560000941157,50.4000000000002,0.253,False,0.0,3.0,8.0,8,3,0.0,0.6189477268807505,220,False,True,,2026-07-29T17:17:29.703605+00:00,2026-07-29T17:17:29.871184+00:00,True
small-medium-n0.2-riskshield_ppo-s8-c70c75d4091d,small,10,medium,0.05,0.2,RiskShield-PPO,8,artifacts/final_submission/riskshield_ppo/best_model.zip,d6c91caeb9bb10db866cbfe947ef1cc3db0ea8dc7470d098c9af6298ab75c812,k_step,66da6332362cbf876667b08f276bd50b7cdba93a73315a4f2302dc81e40e2eb2,c70c75d4091d57a8946de1c2d792e5bb74a1b287d2e2ad6b9394b9f6e0bbb038,0.0,0.02,0.0,0,0.08636363636363636,19,19,0,220,0.16707240001414903,44.8000000000001,0.020999999999999998,False,0.0,19.0,1.0,20,19,0.0,0.6185790898267772,220,False,True,,2026-07-29T17:17:29.874229+00:00,2026-07-29T17:17:30.041986+00:00,True
small-medium-n0.2-riskshield_ppo-s9-271611148365,small,10,medium,0.05,0.2,RiskShield-PPO,9,artifacts/final_submission/riskshield_ppo/best_model.zip,d6c91caeb9bb10db866cbfe947ef1cc3db0ea8dc7470d098c9af6298ab75c812,k_step,66da6332362cbf876667b08f276bd50b7cdba93a73315a4f2302dc81e40e2eb2,271611148365a1d8d6cfc58b671f55f850da4955c262782de3c4080cdddf1669,0.4,0.01,0.0,0,0.02727272727272727,6,6,0,220,0.1663135999988299,44.000000000000085,0.2058571428571429,False,0.0,6.0,0.0,6,6,0.0,0.6154268167764795,220,False,True,,2026-07-29T17:17:30.044983+00:00,2026-07-29T17:17:30.211518+00:00,True
small-high-n0.0-risk_aware_astar-s0-fb68ea608b1d,small,10,high,0.07,0.0,risk_aware_astar,0,,,disabled,66da6332362cbf876667b08f276bd50b7cdba93a73315a4f2302dc81e40e2eb2,fb68ea608b1d0cd432c3a5c2cbe344897d6ffec6ca6b8f6c3efa1defe398108c,1.0,0.15,0.0,0,0.0,0,0,0,19,0.0024081000010482967,15.0,0.745,True,1.0,0.0,14.0,0,0,0.0,0.05683157972893432,19,True,False,,2026-07-29T17:16:38.957538+00:00,2026-07-29T17:16:38.962558+00:00,True
small-high-n0.0-risk_aware_astar-s1-828e04ccbccd,small,10,high,0.07,0.0,risk_aware_astar,1,,,disabled,66da6332362cbf876667b08f276bd50b7cdba93a73315a4f2302dc81e40e2eb2,828e04ccbccdfad80ceb370e558fec1ce0395e9389c13ec0e8cbbca675eba33e,1.0,0.24,0.0,0,0.125,4,4,0,32,0.004786800011061132,26.4,0.5265454545454545,True,1.0,4.5,25.0,0,0,0.0,0.08236562462116126,32,True,False,,2026-07-29T17:16:38.959532+00:00,2026-07-29T17:16:38.974525+00:00,True
small-high-n0.0-risk_aware_astar-s2-a7a4a2950f5f,small,10,high,0.07,0.0,risk_aware_astar,2,,,disabled,66da6332362cbf876667b08f276bd50b7cdba93a73315a4f2302dc81e40e2eb2,a7a4a2950f5fb9545541af57767fc8c5adc553da02b31943bcfd15bdf71c492d,1.0,0.2,0.0,0,0.0625,2,2,0,32,0.004512500017881393,26.399999999999995,0.56,True,1.0,2.0,25.0,0,0,0.0,0.0741812500564265,32,True,False,,2026-07-29T17:16:38.962558+00:00,2026-07-29T17:16:38.969544+00:00,True
small-high-n0.0-risk_aware_astar-s3-dc5098ae136b,small,10,high,0.07,0.0,risk_aware_astar,3,,,disabled,66da6332362cbf876667b08f276bd50b7cdba93a73315a4f2302dc81e40e2eb2,dc5098ae136be50659ea196010875a0272d4c39a1ba330dd6db8bf24017d9291,1.0,0.16,0.0,0,0.04,1,2,1,25,0.004211199993733317,19.4,0.548,True,1.0,2.0,18.0,0,0,0.0,0.09237600141204894,25,True,False,,2026-07-29T17:16:38.969544+00:00,2026-07-29T17:16:39.076826+00:00,True
small-high-n0.0-risk_aware_astar-s4-3e2f44e8ff92,small,10,high,0.07,0.0,risk_aware_astar,4,,,disabled,66da6332362cbf876667b08f276bd50b7cdba93a73315a4f2302dc81e40e2eb2,3e2f44e8ff927eb5c8e608e8a087476a85edef140dfb12ad857602cb86d6510d,1.0,0.18,0.0,0,0.03125,1,1,0,32,0.007304600003408268,26.4,0.604,True,1.0,1.0,25.0,0,0,0.0,0.15784999959578272,32,True,False,,2026-07-29T17:16:38.974525+00:00,2026-07-29T17:16:38.982428+00:00,True
small-high-n0.0-risk_aware_astar-s5-439dbb89aefa,small,10,high,0.07,0.0,risk_aware_astar,5,,,disabled,66da6332362cbf876667b08f276bd50b7cdba93a73315a4f2302dc81e40e2eb2,439dbb89aefa5adceeee9bb889cb86c4a820fa62c2d3f205895f2c3642e815eb,1.0,0.2,0.0,0,0.037037037037037035,2,2,0,54,0.012877000001026317,48.400000000000006,0.56,True,1.0,2.0,47.0,0,0,0.0,0.17310370350498017,54,True,False,,2026-07-29T17:16:38.982428+00:00,2026-07-29T17:16:39.009912+00:00,True
small-high-n0.0-risk_aware_astar-s6-3fc07e38f105,small,10,high,0.07,0.0,risk_aware_astar,6,,,disabled,66da6332362cbf876667b08f276bd50b7cdba93a73315a4f2302dc81e40e2eb2,3fc07e38f105e6f4788dea2e38d07853871796c1700037ebd4ddc9f7cf359a6b,1.0,0.17,0.0,0,0.041666666666666664,1,1,0,24,0.003331300016725436,18.4,0.601,True,1.0,1.0,17.0,0,0,0.0,0.07075833491398953,24,True,False,,2026-07-29T17:16:38.993533+00:00,2026-07-29T17:16:38.996549+00:00,True
small-high-n0.0-risk_aware_astar-s7-aa9a4d6aef46,small,10,high,0.07,0.0,risk_aware_astar,7,,,disabled,66da6332362cbf876667b08f276bd50b7cdba93a73315a4f2302dc81e40e2eb2,aa9a4d6aef467063c2ef887108947de4fa8b760db5e0155a830e3a80807f1df9,1.0,0.25,0.0,0,0.05555555555555555,2,2,0,36,0.011953000008361414,30.4,0.5750000000000001,True,1.0,2.0,29.0,0,0,0.0,0.10832777803039385,36,True,False,,2026-07-29T17:16:38.996549+00:00,2026-07-29T17:16:39.031914+00:00,True
small-high-n0.0-risk_aware_astar-s8-54b5bc36d81c,small,10,high,0.07,0.0,risk_aware_astar,8,,,disabled,66da6332362cbf876667b08f276bd50b7cdba93a73315a4f2302dc81e40e2eb2,54b5bc36d81cb848f2ab87d8cc709030f35a39178de696d905bfbfbd5966b4f8,1.0,0.2,0.0,0,0.13333333333333333,4,4,0,30,0.01645310001913458,24.399999999999995,0.52,True,1.0,4.0,23.0,0,0,0.0,0.07579666562378407,30,True,False,,2026-07-29T17:16:39.009912+00:00,2026-07-29T17:16:39.076826+00:00,True
small-high-n0.0-risk_aware_astar-s9-c6cd1d0c0e91,small,10,high,0.07,0.0,risk_aware_astar,9,,,disabled,66da6332362cbf876667b08f276bd50b7cdba93a73315a4f2302dc81e40e2eb2,c6cd1d0c0e91e125ee86335508d2120fad7b725115872e26367ca70ff171ca7b,1.0,0.17,0.0,0,0.0,0,0,0,30,0.005060099996626377,25.2,0.651,True,1.0,0.5,24.0,0,0,0.0,0.10003666781509916,30,True,False,,2026-07-29T17:16:39.019903+00:00,2026-07-29T17:16:39.027803+00:00,True
small-high-n0.0-frontier_exploration-s0-42ef00a41347,small,10,high,0.07,0.0,frontier_exploration,0,,,disabled,66da6332362cbf876667b08f276bd50b7cdba93a73315a4f2302dc81e40e2eb2,42ef00a413473c8c697d17b3f6fc4af24a524f640846eb34dd2993cb92c154a1,1.0,0.25,0.0,0,0.0,0,0,0,33,0.004306699993321672,29.0,0.775,True,1.0,0.0,28.0,0,0,0.0,0.06329697189909039,33,True,False,,2026-07-29T17:16:39.027803+00:00,2026-07-29T17:16:39.036908+00:00,True
small-high-n0.0-frontier_exploration-s1-2b92a830ae87,small,10,high,0.07,0.0,frontier_exploration,1,,,disabled,66da6332362cbf876667b08f276bd50b7cdba93a73315a4f2302dc81e40e2eb2,2b92a830ae87e91700a2c86e95f33e04086f1b6cb3284e926c595ea2db4c084e,1.0,0.46,0.0,0,0.013157894736842105,1,1,0,76,0.024265999993076548,70.4,0.6880000000000001,True,1.0,1.0,69.0,0,0,0.0,0.08531842200011995,76,True,False,,2026-07-29T17:16:39.031914+00:00,2026-07-29T17:16:39.071826+00:00,True
small-high-n0.0-frontier_exploration-s2-1e61c89939cf,small,10,high,0.07,0.0,frontier_exploration,2,,,disabled,66da6332362cbf876667b08f276bd50b7cdba93a73315a4f2302dc81e40e2eb2,1e61c89939cf9ff4a618682513caed1747c9cd665d5ed597c940eec334f48bd9,1.0,0.55,0.0,0,0.07692307692307693,6,6,0,78,0.010416799981612712,72.4,0.6078571428571429,True,1.0,6.0,71.0,0,0,0.0,0.06461538559494492,78,True,False,,2026-07-29T17:16:39.036908+00:00,2026-07-29T17:16:39.046917+00:00,True
small-high-n0.0-frontier_exploration-s3-f8a2c3875968,small,10,high,0.07,0.0,frontier_exploration,3,,,disabled,66da6332362cbf876667b08f276bd50b7cdba93a73315a4f2302dc81e40e2eb2,f8a2c3875968e8078ac54a6d601a06ab4c4c604a81894d776e0ec36bb4b4678f,1.0,0.65,0.0,0,0.052083333333333336,5,5,0,96,0.07945910000125878,90.40000000000002,0.6411538461538461,True,1.0,5.5,89.0,0,0,0.0,0.07324166532877523,96,True,False,,2026-07-29T17:16:39.046917+00:00,2026-07-29T17:16:39.132254+00:00,True
small-high-n0.0-frontier_exploration-s4-4cb26e0a5f02,small,10,high,0.07,0.0,frontier_exploration,4,,,disabled,66da6332362cbf876667b08f276bd50b7cdba93a73315a4f2302dc81e40e2eb2,4cb26e0a5f02ff4f22401dd748956665383fbee8f533d63a6a2508841e70fd44,1.0,0.48,0.0,0,0.16666666666666666,10,10,0,60,0.007941600022604689,54.400000000000006,0.5690000000000001,True,1.0,11.0,53.0,0,0,0.0,0.061891667428426445,60,True,False,,2026-07-29T17:16:39.071826+00:00,2026-07-29T17:16:39.146137+00:00,True
small-high-n0.0-frontier_exploration-s5-26f1782fa12a,small,10,high,0.07,0.0,frontier_exploration,5,,,disabled,66da6332362cbf876667b08f276bd50b7cdba93a73315a4f2302dc81e40e2eb2,26f1782fa12ad73004a0bc7354ac99d52939ef3a75c11f309a85d422ee036389,1.0,0.41,0.0,0,0.09836065573770492,6,6,0,61,0.008731699985219166,55.400000000000006,0.5658571428571428,True,1.0,6.0,54.0,0,0,0.0,0.07560327801792348,61,True,False,,2026-07-29T17:16:39.076826+00:00,2026-07-29T17:16:39.116138+00:00,True
small-high-n0.0-frontier_exploration-s6-e0acfe72609a,small,10,high,0.07,0.0,frontier_exploration,6,,,disabled,66da6332362cbf876667b08f276bd50b7cdba93a73315a4f2302dc81e40e2eb2,e0acfe72609afcc0a664b47146ec8ae316cf8ba040f23679fa25ec48d9a7a4b6,1.0,0.57,0.0,0,0.0,0,0,0,82,0.011585500004002824,76.4,0.871,True,1.0,0.0,75.0,0,0,0.0,0.07084634427617235,82,True,False,,2026-07-29T17:16:39.076826+00:00,2026-07-29T17:16:39.089040+00:00,True
small-high-n0.0-frontier_exploration-s7-9379d71918f2,small,10,high,0.07,0.0,frontier_exploration,7,,,disabled,66da6332362cbf876667b08f276bd50b7cdba93a73315a4f2302dc81e40e2eb2,9379d71918f22f47c933bfe2237bf564fa5aa89925c1a899f659c8870383e881,1.0,0.57,0.0,0,0.0,0,0,0,77,0.010328000003937632,72.2,0.871,True,1.0,0.0,71.0,0,0,0.0,0.06699870384370836,77,True,False,,2026-07-29T17:16:39.089040+00:00,2026-07-29T17:16:39.098046+00:00,True
small-high-n0.0-frontier_exploration-s8-f4bb8dfb9292,small,10,high,0.07,0.0,frontier_exploration,8,,,disabled,66da6332362cbf876667b08f276bd50b7cdba93a73315a4f2302dc81e40e2eb2,f4bb8dfb9292ab6cd03ebdf253128352e2fc0cf1d843b867822b63e6280b6129,1.0,0.51,0.0,0,0.07228915662650602,6,6,0,83,0.037480700004380196,77.4,0.5958571428571429,True,1.0,6.0,76.0,0,0,0.0,0.07593373667044812,83,True,False,,2026-07-29T17:16:39.098046+00:00,2026-07-29T17:16:39.137252+00:00,True
small-high-n0.0-frontier_exploration-s9-bf447f168b95,small,10,high,0.07,0.0,frontier_exploration,9,,,disabled,66da6332362cbf876667b08f276bd50b7cdba93a73315a4f2302dc81e40e2eb2,bf447f168b95fdbb808f365f1fb866cc724d22b483f32663a26bdedbc1b4d6a0,1.0,0.46,0.0,0,0.015384615384615385,1,1,0,65,0.00913270001183264,60.2,0.6880000000000001,True,1.0,1.0,59.0,0,0,0.0,0.07105076846738274,65,True,False,,2026-07-29T17:16:39.116138+00:00,2026-07-29T17:16:39.125248+00:00,True
small-high-n0.0-ppo-s0-a62c3b7a6ae4,small,10,high,0.07,0.0,PPO,0,artifacts/final_submission/ppo/best_model.zip,7c54226fc8927d7ef7fcdc7d5f3ff29b11fa8d1463293a9d8e3b6bebad84cc11,disabled,66da6332362cbf876667b08f276bd50b7cdba93a73315a4f2302dc81e40e2eb2,a62c3b7a6ae483ebca91e5bdd1738641002f71bbab47ecf51088777ee2e9226f,0.42857142857142855,0.01,0.0,0,0.0,0,0,0,220,0.1657417000096757,44.000000000000085,0.4744285714285714,False,0.0,0.0,0.0,0,0,0.0,0.6368554535914551,220,False,True,,2026-07-29T17:17:30.214416+00:00,2026-07-29T17:17:30.381143+00:00,True
small-high-n0.0-ppo-s1-115b1ad0a84b,small,10,high,0.07,0.0,PPO,1,artifacts/final_submission/ppo/best_model.zip,7c54226fc8927d7ef7fcdc7d5f3ff29b11fa8d1463293a9d8e3b6bebad84cc11,disabled,66da6332362cbf876667b08f276bd50b7cdba93a73315a4f2302dc81e40e2eb2,115b1ad0a84b9484a13b37c2540687edb19ac52d4cb5a6acd73f2815616a8acc,0.0,0.01,0.0,0,0.05,11,11,0,220,0.16762069999822415,44.000000000000085,0.027999999999999997,False,0.0,11.0,0.0,0,0,0.0,0.652207727861506,220,False,True,,2026-07-29T17:17:30.384153+00:00,2026-07-29T17:17:30.552129+00:00,True
small-high-n0.0-ppo-s2-37a7f7bb9e5e,small,10,high,0.07,0.0,PPO,2,artifacts/final_submission/ppo/best_model.zip,7c54226fc8927d7ef7fcdc7d5f3ff29b11fa8d1463293a9d8e3b6bebad84cc11,disabled,66da6332362cbf876667b08f276bd50b7cdba93a73315a4f2302dc81e40e2eb2,37a7f7bb9e5ec1dc07a0d2e2a6813cf8dc60052f3dc7908c96834bd5550c06c5,0.14285714285714285,0.01,0.0,0,0.01818181818181818,4,4,0,220,0.15874290000647306,44.000000000000085,0.12014285714285713,False,0.0,4.0,0.0,0,0,0.0,0.6139945449169979,220,False,True,,2026-07-29T17:17:30.555130+00:00,2026-07-29T17:17:30.713955+00:00,True
small-high-n0.0-ppo-s3-58c94f467fb6,small,10,high,0.07,0.0,PPO,3,artifacts/final_submission/ppo/best_model.zip,7c54226fc8927d7ef7fcdc7d5f3ff29b11fa8d1463293a9d8e3b6bebad84cc11,disabled,66da6332362cbf876667b08f276bd50b7cdba93a73315a4f2302dc81e40e2eb2,58c94f467fb6ef7cd9809c9c8f502c810febf3ec8bbfa030d85e0f836ba26db2,0.14285714285714285,0.01,0.0,0,0.15454545454545454,34,34,0,220,0.16371570000774227,44.000000000000085,0.06871428571428571,False,0.0,34.0,0.0,0,0,0.0,0.6329909080787647,220,False,True,,2026-07-29T17:17:30.717864+00:00,2026-07-29T17:17:30.882249+00:00,True
small-high-n0.0-ppo-s4-e1de0c72967c,small,10,high,0.07,0.0,PPO,4,artifacts/final_submission/ppo/best_model.zip,7c54226fc8927d7ef7fcdc7d5f3ff29b11fa8d1463293a9d8e3b6bebad84cc11,disabled,66da6332362cbf876667b08f276bd50b7cdba93a73315a4f2302dc81e40e2eb2,e1de0c72967cbbd01eac08224a753998ced89c083a515cfbef258e9268d6578c,0.0,0.01,0.0,0,0.09090909090909091,20,20,0,220,0.16299809998599812,44.000000000000085,0.017285714285714286,False,0.0,20.0,0.0,0,0,0.0,0.6247818196160634,220,False,True,,2026-07-29T17:17:30.885233+00:00,2026-07-29T17:17:31.049134+00:00,True
small-high-n0.0-ppo-s5-6589da4df67f,small,10,high,0.07,0.0,PPO,5,artifacts/final_submission/ppo/best_model.zip,7c54226fc8927d7ef7fcdc7d5f3ff29b11fa8d1463293a9d8e3b6bebad84cc11,disabled,66da6332362cbf876667b08f276bd50b7cdba93a73315a4f2302dc81e40e2eb2,6589da4df67fa8d4b1827d692faa3ad0502859d7a48f67770f44a8d243d92f87,0.14285714285714285,0.01,0.0,0,0.06818181818181818,15,15,0,220,0.16301010001916438,44.000000000000085,0.07889285714285714,False,0.0,15.0,0.0,0,0,0.0,0.6268277266909453,220,False,True,,2026-07-29T17:17:31.051641+00:00,2026-07-29T17:17:31.215468+00:00,True
small-high-n0.0-ppo-s6-0dfecfed4e39,small,10,high,0.07,0.0,PPO,6,artifacts/final_submission/ppo/best_model.zip,7c54226fc8927d7ef7fcdc7d5f3ff29b11fa8d1463293a9d8e3b6bebad84cc11,disabled,66da6332362cbf876667b08f276bd50b7cdba93a73315a4f2302dc81e40e2eb2,0dfecfed4e3947d88b71ff4840d94d66cac74942236a075e7ea80ec95b88e66d,0.14285714285714285,0.01,0.0,0,0.17727272727272728,39,39,0,220,0.1607275000133086,44.000000000000085,0.06764285714285714,False,0.0,39.0,0.0,0,0,0.0,0.6169172735429708,220,False,True,,2026-07-29T17:17:31.218578+00:00,2026-07-29T17:17:31.380094+00:00,True
small-high-n0.0-ppo-s7-2b7c54e07883,small,10,high,0.07,0.0,PPO,7,artifacts/final_submission/ppo/best_model.zip,7c54226fc8927d7ef7fcdc7d5f3ff29b11fa8d1463293a9d8e3b6bebad84cc11,disabled,66da6332362cbf876667b08f276bd50b7cdba93a73315a4f2302dc81e40e2eb2,2b7c54e0788308109146491f67c93d5c2457a688bee162641018d5c152acb1f1,0.14285714285714285,0.01,0.0,0,0.12272727272727273,27,27,0,220,0.15929539999342524,44.000000000000085,0.07085714285714285,False,0.0,27.0,0.0,0,0,0.0,0.6124822713900357,220,False,True,,2026-07-29T17:17:31.383066+00:00,2026-07-29T17:17:31.542375+00:00,True
small-high-n0.0-ppo-s8-df8e920367af,small,10,high,0.07,0.0,PPO,8,artifacts/final_submission/ppo/best_model.zip,7c54226fc8927d7ef7fcdc7d5f3ff29b11fa8d1463293a9d8e3b6bebad84cc11,disabled,66da6332362cbf876667b08f276bd50b7cdba93a73315a4f2302dc81e40e2eb2,df8e920367af879da3ed5f3b9cd67386e4cfbd7073dc1cbd3b19c3077c491aeb,0.14285714285714285,0.01,0.0,0,0.1590909090909091,35,35,0,220,0.1590581999917049,44.000000000000085,0.06847619047619048,False,0.0,35.0,0.0,0,0,0.0,0.6088763639457863,220,False,True,,2026-07-29T17:17:31.545517+00:00,2026-07-29T17:17:31.704883+00:00,True
small-high-n0.0-ppo-s9-4f5e2a451573,small,10,high,0.07,0.0,PPO,9,artifacts/final_submission/ppo/best_model.zip,7c54226fc8927d7ef7fcdc7d5f3ff29b11fa8d1463293a9d8e3b6bebad84cc11,disabled,66da6332362cbf876667b08f276bd50b7cdba93a73315a4f2302dc81e40e2eb2,4f5e2a451573160e60e84f33353ba873c4ac5d3d96690af251bb09d90bef4a0c,0.0,0.01,0.0,0,0.1318181818181818,29,29,0,220,0.1658463999920059,44.000000000000085,0.013000000000000001,False,0.0,29.0,0.0,0,0,0.0,0.6422631798407317,220,False,True,,2026-07-29T17:17:31.707874+00:00,2026-07-29T17:17:31.875059+00:00,True
small-high-n0.0-sac-s0-d5cd785cafb5,small,10,high,0.07,0.0,SAC,0,artifacts/final_submission/sac/best_model.zip,78fe38fcc78df0ba8f98bd07af373848833876e7ec5ddf1486cec9a3cd9ba44c,disabled,66da6332362cbf876667b08f276bd50b7cdba93a73315a4f2302dc81e40e2eb2,d5cd785cafb54a58e4ee528b1a9bb3ad57135c6d6147dacd9134ea9837851f0d,0.42857142857142855,0.01,1.0,143,0.0,0,0,0,220,0.18451809999532998,158.40000000000003,0.17651190476190476,False,0.0,143.0,0.0,0,0,0.0,0.7169918171712197,220,False,True,,2026-07-29T17:17:31.878063+00:00,2026-07-29T17:17:32.062698+00:00,True
small-high-n0.0-sac-s1-5d3b5d9e5541,small,10,high,0.07,0.0,SAC,1,artifacts/final_submission/sac/best_model.zip,78fe38fcc78df0ba8f98bd07af373848833876e7ec5ddf1486cec9a3cd9ba44c,disabled,66da6332362cbf876667b08f276bd50b7cdba93a73315a4f2302dc81e40e2eb2,5d3b5d9e5541217e3ecf3d3561a86e1d5a8d936d4cc793253f790d3f016453d4,0.2857142857142857,0.16,1.0,81,0.14545454545454545,32,36,4,220,0.18038889998570085,149.5999999999998,0.16479617453676032,False,0.0,118.5,51.0,0,0,0.0,0.6958431824883022,220,False,True,,2026-07-29T17:17:32.065654+00:00,2026-07-29T17:17:32.246491+00:00,True
small-high-n0.0-sac-s2-86519865cc85,small,10,high,0.07,0.0,SAC,2,artifacts/final_submission/sac/best_model.zip,78fe38fcc78df0ba8f98bd07af373848833876e7ec5ddf1486cec9a3cd9ba44c,disabled,66da6332362cbf876667b08f276bd50b7cdba93a73315a4f2302dc81e40e2eb2,86519865cc856fde8ca91e47343c480f4648950b15b5c4f04f72972271ebe5c1,0.0,0.11,1.0,29,0.07727272727272727,17,26,9,220,0.18530750001082197,128.0000000000003,0.037878048780487804,False,0.0,60.5,76.0,0,0,0.0,0.7195395454552702,220,False,True,,2026-07-29T17:17:32.249384+00:00,2026-07-29T17:17:32.435246+00:00,True
small-high-n0.0-sac-s3-4b400d3c63e1,small,10,high,0.07,0.0,SAC,3,artifacts/final_submission/sac/best_model.zip,78fe38fcc78df0ba8f98bd07af373848833876e7ec5ddf1486cec9a3cd9ba44c,disabled,66da6332362cbf876667b08f276bd50b7cdba93a73315a4f2302dc81e40e2eb2,4b400d3c63e16d710e498a4d06d56c9faac24ed4635b6b22847cab3bfe338fda,0.14285714285714285,0.07,1.0,32,0.05909090909090909,13,13,0,220,0.16687320001074113,206.39999999999998,0.08466459627329193,False,0.0,45.0,171.0,0,0,0.0,0.6329300011698664,220,False,True,,2026-07-29T17:17:32.438245+00:00,2026-07-29T17:17:32.605856+00:00,True
small-high-n0.0-sac-s4-e445254dc490,small,10,high,0.07,0.0,SAC,4,artifacts/final_submission/sac/best_model.zip,78fe38fcc78df0ba8f98bd07af373848833876e7ec5ddf1486cec9a3cd9ba44c,disabled,66da6332362cbf876667b08f276bd50b7cdba93a73315a4f2302dc81e40e2eb2,e445254dc490b4fc05e9288643100fd12c307ea46ce3e203f5318c333a443d11,0.42857142857142855,0.12,1.0,134,0.17727272727272728,39,41,2,220,0.16081860000849701,188.80000000000007,0.2091331168831169,False,0.0,175.0,47.0,0,0,0.0,0.6108313630895943,220,False,True,,2026-07-29T17:17:32.608878+00:00,2026-07-29T17:17:32.770137+00:00,True
small-high-n0.0-sac-s5-49d7fafa8259,small,10,high,0.07,0.0,SAC,5,artifacts/final_submission/sac/best_model.zip,78fe38fcc78df0ba8f98bd07af373848833876e7ec5ddf1486cec9a3cd9ba44c,disabled,66da6332362cbf876667b08f276bd50b7cdba93a73315a4f2302dc81e40e2eb2,49d7fafa82593bde5aa62c0277ff49e42e612896e6a55d31dd9fb09e4a96010d,0.14285714285714285,0.19,1.0,5,0.10454545454545454,23,25,2,220,0.1662699999869801,67.20000000000034,0.11728421839940163,False,0.0,94.5,24.0,0,0,0.0,0.6313509102752008,220,False,True,,2026-07-29T17:17:32.774141+00:00,2026-07-29T17:17:32.941062+00:00,True
small-high-n0.0-sac-s6-434d7505c6b1,small,10,high,0.07,0.0,SAC,6,artifacts/final_submission/sac/best_model.zip,78fe38fcc78df0ba8f98bd07af373848833876e7ec5ddf1486cec9a3cd9ba44c,disabled,66da6332362cbf876667b08f276bd50b7cdba93a73315a4f2302dc81e40e2eb2,434d7505c6b18246ca5182b14863361f0656a302fcea77994ba98f72a857bf21,0.2857142857142857,0.18,1.0,114,0.05909090909090909,13,13,0,220,0.15951709999353625,176.00000000000014,0.17058456486042695,False,0.0,129.5,51.0,0,0,0.0,0.6061295457501811,220,False,True,,2026-07-29T17:17:32.946074+00:00,2026-07-29T17:17:33.106443+00:00,True
small-high-n0.0-sac-s7-28d051b928b7,small,10,high,0.07,0.0,SAC,7,artifacts/final_submission/sac/best_model.zip,78fe38fcc78df0ba8f98bd07af373848833876e7ec5ddf1486cec9a3cd9ba44c,disabled,66da6332362cbf876667b08f276bd50b7cdba93a73315a4f2302dc81e40e2eb2,28d051b928b7134d3f895c8b23a9eeda37ac0d6e27c0dd9a52b4eb2a2b9b2945,0.14285714285714285,0.05,1.0,3,0.95,209,213,4,220,0.16192290000617504,55.200000000000266,0.07352534562211982,False,0.0,216.0,11.0,0,0,0.0,0.6073836358899082,220,False,True,,2026-07-29T17:17:33.109452+00:00,2026-07-29T17:17:33.272132+00:00,True
small-high-n0.0-sac-s8-89bc54a2e714,small,10,high,0.07,0.0,SAC,8,artifacts/final_submission/sac/best_model.zip,78fe38fcc78df0ba8f98bd07af373848833876e7ec5ddf1486cec9a3cd9ba44c,disabled,66da6332362cbf876667b08f276bd50b7cdba93a73315a4f2302dc81e40e2eb2,89bc54a2e7144775b30a97280d80aa3916925d3b5633decd8fa2da2d99852937,0.5714285714285714,0.32,1.0,21,0.05909090909090909,13,26,13,220,0.15992539998842403,216.0,0.33082142857142854,False,0.0,47.0,194.0,0,0,0.0,0.6062395436773923,220,False,True,,2026-07-29T17:17:33.275075+00:00,2026-07-29T17:17:33.435554+00:00,True
small-high-n0.0-sac-s9-4ee145211a56,small,10,high,0.07,0.0,SAC,9,artifacts/final_submission/sac/best_model.zip,78fe38fcc78df0ba8f98bd07af373848833876e7ec5ddf1486cec9a3cd9ba44c,disabled,66da6332362cbf876667b08f276bd50b7cdba93a73315a4f2302dc81e40e2eb2,4ee145211a56ec18c4178a5088f8ff8865d4383a2afc0c82647b66ed1f453abe,0.14285714285714285,0.14,1.0,182,0.25,55,55,0,220,0.16480969998519868,205.6,0.10040071877807727,False,0.0,237.5,20.0,0,0,0.0,0.6211781820060093,220,False,True,,2026-07-29T17:17:33.438460+00:00,2026-07-29T17:17:33.604722+00:00,True
small-high-n0.0-riskshield_ppo-s0-d76ab0f0de86,small,10,high,0.07,0.0,RiskShield-PPO,0,artifacts/final_submission/riskshield_ppo/best_model.zip,d6c91caeb9bb10db866cbfe947ef1cc3db0ea8dc7470d098c9af6298ab75c812,k_step,66da6332362cbf876667b08f276bd50b7cdba93a73315a4f2302dc81e40e2eb2,d76ab0f0de86dc7fa858a1f2c7f8f25aacaebbc17695a1150d2a8c55d074462d,0.42857142857142855,0.01,0.0,0,0.0,0,0,0,220,0.1659448999853339,44.000000000000085,0.4744285714285714,False,0.0,0.0,0.0,37,0,0.0,0.6021240902059204,220,False,True,,2026-07-29T17:17:33.607618+00:00,2026-07-29T17:17:33.773276+00:00,True
small-high-n0.0-riskshield_ppo-s1-3dc75efef8dd,small,10,high,0.07,0.0,RiskShield-PPO,1,artifacts/final_submission/riskshield_ppo/best_model.zip,d6c91caeb9bb10db866cbfe947ef1cc3db0ea8dc7470d098c9af6298ab75c812,k_step,66da6332362cbf876667b08f276bd50b7cdba93a73315a4f2302dc81e40e2eb2,3dc75efef8ddb041763cca60906e14c772401ce560a75aa500da511708f9ae0d,0.14285714285714285,0.03,0.0,0,0.15,33,33,0,220,0.16875959999742918,45.600000000000115,0.07496638655462184,False,0.0,33.0,2.0,35,33,0.0,0.6158254551172088,220,False,True,,2026-07-29T17:17:33.776279+00:00,2026-07-29T17:17:33.946200+00:00,True
small-high-n0.0-riskshield_ppo-s2-c7131c82217d,small,10,high,0.07,0.0,RiskShield-PPO,2,artifacts/final_submission/riskshield_ppo/best_model.zip,d6c91caeb9bb10db866cbfe947ef1cc3db0ea8dc7470d098c9af6298ab75c812,k_step,66da6332362cbf876667b08f276bd50b7cdba93a73315a4f2302dc81e40e2eb2,c7131c82217d8eb15486531656b0aa1f2118eb755d37fc3b42d4fd7749572bbf,0.14285714285714285,0.01,0.0,0,0.01818181818181818,4,4,0,220,0.16349189999164082,44.000000000000085,0.12014285714285713,False,0.0,4.0,0.0,4,4,0.0,0.6003909092131917,220,False,True,,2026-07-29T17:17:33.949209+00:00,2026-07-29T17:17:34.113557+00:00,True
small-high-n0.0-riskshield_ppo-s3-0ec0f78120d8,small,10,high,0.07,0.0,RiskShield-PPO,3,artifacts/final_submission/riskshield_ppo/best_model.zip,d6c91caeb9bb10db866cbfe947ef1cc3db0ea8dc7470d098c9af6298ab75c812,k_step,66da6332362cbf876667b08f276bd50b7cdba93a73315a4f2302dc81e40e2eb2,0ec0f78120d88a0172f497c2410c6dad7fd4df1486fe7d69e7b06dff96242eab,0.2857142857142857,0.05,0.0,0,0.09545454545454546,21,21,0,220,0.16819110000506043,47.20000000000014,0.14292207792207792,False,0.0,21.0,4.0,25,21,0.0,0.6123772728394463,220,False,True,,2026-07-29T17:17:34.115466+00:00,2026-07-29T17:17:34.284281+00:00,True
small-high-n0.0-riskshield_ppo-s4-4e0d13b0663f,small,10,high,0.07,0.0,RiskShield-PPO,4,artifacts/final_submission/riskshield_ppo/best_model.zip,d6c91caeb9bb10db866cbfe947ef1cc3db0ea8dc7470d098c9af6298ab75c812,k_step,66da6332362cbf876667b08f276bd50b7cdba93a73315a4f2302dc81e40e2eb2,4e0d13b0663f9b27e2c2e6a0d17fef4a94fd85c35ca2c47d4bfbcf4a578f783a,0.5714285714285714,0.08,0.0,0,0.05454545454545454,12,12,0,220,0.16593039999133907,51.200000000000216,0.2756483516483516,False,0.0,12.0,9.0,21,12,0.0,0.6046881817217747,220,False,True,,2026-07-29T17:17:34.292333+00:00,2026-07-29T17:17:34.458569+00:00,True
small-high-n0.0-riskshield_ppo-s5-4ff8a2b11059,small,10,high,0.07,0.0,RiskShield-PPO,5,artifacts/final_submission/riskshield_ppo/best_model.zip,d6c91caeb9bb10db866cbfe947ef1cc3db0ea8dc7470d098c9af6298ab75c812,k_step,66da6332362cbf876667b08f276bd50b7cdba93a73315a4f2302dc81e40e2eb2,4ff8a2b1105965a4ba8667487947e2a531a020bad281f83bc5d00506320b8845,0.14285714285714285,0.03,0.0,0,0.01818181818181818,4,4,0,220,0.17002369998954237,46.40000000000013,0.12614285714285714,False,0.0,4.0,3.0,7,4,0.0,0.6238318182030608,220,False,True,,2026-07-29T17:17:34.461498+00:00,2026-07-29T17:17:34.632158+00:00,True
small-high-n0.0-riskshield_ppo-s6-953a52ff455f,small,10,high,0.07,0.0,RiskShield-PPO,6,artifacts/final_submission/riskshield_ppo/best_model.zip,d6c91caeb9bb10db866cbfe947ef1cc3db0ea8dc7470d098c9af6298ab75c812,k_step,66da6332362cbf876667b08f276bd50b7cdba93a73315a4f2302dc81e40e2eb2,953a52ff455f888772c277df96ff34ff5149f6e518ccc70f428384d6fa13ffab,0.14285714285714285,0.01,0.0,0,0.17727272727272728,39,39,0,220,0.17070529999909922,44.000000000000085,0.06764285714285714,False,0.0,39.0,0.0,39,39,0.0,0.6241854535553351,220,False,True,,2026-07-29T17:17:34.636175+00:00,2026-07-29T17:17:34.807763+00:00,True
small-high-n0.0-riskshield_ppo-s7-16c5912b0e22,small,10,high,0.07,0.0,RiskShield-PPO,7,artifacts/final_submission/riskshield_ppo/best_model.zip,d6c91caeb9bb10db866cbfe947ef1cc3db0ea8dc7470d098c9af6298ab75c812,k_step,66da6332362cbf876667b08f276bd50b7cdba93a73315a4f2302dc81e40e2eb2,16c5912b0e22557fa83f582639df3625f304a217e28a09bfb22ff7ba72d76a19,0.2857142857142857,0.05,0.0,0,0.04090909090909091,9,9,0,220,0.17362149999826215,47.20000000000013,0.15928571428571428,False,0.0,9.0,4.0,13,9,0.0,0.6401849988668057,220,False,True,,2026-07-29T17:17:34.811664+00:00,2026-07-29T17:17:34.985402+00:00,True
small-high-n0.0-riskshield_ppo-s8-ce3676d6ce3b,small,10,high,0.07,0.0,RiskShield-PPO,8,artifacts/final_submission/riskshield_ppo/best_model.zip,d6c91caeb9bb10db866cbfe947ef1cc3db0ea8dc7470d098c9af6298ab75c812,k_step,66da6332362cbf876667b08f276bd50b7cdba93a73315a4f2302dc81e40e2eb2,ce3676d6ce3be9196be8bc506ffd416906eb883a5801f6712dbd17eed81a81ed,0.2857142857142857,0.09,0.0,0,0.02727272727272727,6,6,0,220,0.16911469999467954,56.80000000000014,0.18414285714285716,False,0.0,6.0,16.0,22,6,0.0,0.6197063643908636,220,False,True,,2026-07-29T17:17:34.988403+00:00,2026-07-29T17:17:35.158416+00:00,True
small-high-n0.0-riskshield_ppo-s9-1a3c2ea65a02,small,10,high,0.07,0.0,RiskShield-PPO,9,artifacts/final_submission/riskshield_ppo/best_model.zip,d6c91caeb9bb10db866cbfe947ef1cc3db0ea8dc7470d098c9af6298ab75c812,k_step,66da6332362cbf876667b08f276bd50b7cdba93a73315a4f2302dc81e40e2eb2,1a3c2ea65a02578ce692fc9e0f91c5b22b52bd43ae7e9bf7991eb2c3049e6db8,0.0,0.03,0.0,0,0.031818181818181815,7,7,0,220,0.16913490000297315,47.200000000000145,0.0465,False,0.0,7.0,4.0,11,7,0.0,0.6235249995370395,220,False,True,,2026-07-29T17:17:35.161130+00:00,2026-07-29T17:17:35.331709+00:00,True
small-high-n0.1-risk_aware_astar-s0-249f31443a32,small,10,high,0.07,0.1,risk_aware_astar,0,,,disabled,66da6332362cbf876667b08f276bd50b7cdba93a73315a4f2302dc81e40e2eb2,249f31443a32bc2415510aa7530b1647208181d88de3c72b53aa64bf53967286,1.0,0.15,0.0,0,0.0,0,0,0,19,0.0023566999880131334,15.0,0.745,True,1.0,0.0,14.0,0,0,0.0,0.056510524652702246,19,True,False,,2026-07-29T17:16:39.125248+00:00,2026-07-29T17:16:39.153251+00:00,True
small-high-n0.1-risk_aware_astar-s1-ff180eda89d1,small,10,high,0.07,0.1,risk_aware_astar,1,,,disabled,66da6332362cbf876667b08f276bd50b7cdba93a73315a4f2302dc81e40e2eb2,ff180eda89d17dc44e923ae426a417bb41f45bfa7188608db978c968259111cc,1.0,0.24,0.0,0,0.125,4,4,0,32,0.005144700000528246,26.4,0.5265454545454545,True,1.0,4.5,25.0,0,0,0.0,0.08708437690074788,32,True,False,,2026-07-29T17:16:39.132254+00:00,2026-07-29T17:16:39.243503+00:00,True
small-high-n0.1-risk_aware_astar-s2-3ff2fb6f6fde,small,10,high,0.07,0.1,risk_aware_astar,2,,,disabled,66da6332362cbf876667b08f276bd50b7cdba93a73315a4f2302dc81e40e2eb2,3ff2fb6f6fdee3fc62cbdb3734f746778d01e2bb52909d71baa8193ebce5c87f,1.0,0.2,0.0,0,0.0625,2,2,0,32,0.004792399995494634,26.399999999999995,0.56,True,1.0,2.0,25.0,0,0,0.0,0.07835312590032117,32,True,False,,2026-07-29T17:16:39.137252+00:00,2026-07-29T17:16:39.182619+00:00,True
small-high-n0.1-risk_aware_astar-s3-a91aa3c6f7f5,small,10,high,0.07,0.1,risk_aware_astar,3,,,disabled,66da6332362cbf876667b08f276bd50b7cdba93a73315a4f2302dc81e40e2eb2,a91aa3c6f7f5eaf126aec3dd79a5d4a87e3aab8f9497eabea973cc3e94be3b54,1.0,0.16,0.0,0,0.04,1,2,1,25,0.003954799991333857,19.4,0.548,True,1.0,2.0,18.0,0,0,0.0,0.0896000035572797,25,True,False,,2026-07-29T17:16:39.146137+00:00,2026-07-29T17:16:39.150264+00:00,True
small-high-n0.1-risk_aware_astar-s4-8a535fc44fb4,small,10,high,0.07,0.1,risk_aware_astar,4,,,disabled,66da6332362cbf876667b08f276bd50b7cdba93a73315a4f2302dc81e40e2eb2,8a535fc44fb479f60a1b417b6623b59d829fc847b60e631a1633ab810e8384fa,1.0,0.18,0.0,0,0.03125,1,1,0,32,0.007244000007631257,26.4,0.604,True,1.0,1.0,25.0,0,0,0.0,0.15629687459295383,32,True,False,,2026-07-29T17:16:39.150264+00:00,2026-07-29T17:16:39.160240+00:00,True
small-high-n0.1-risk_aware_astar-s5-3a9e335ee3a5,small,10,high,0.07,0.1,risk_aware_astar,5,,,disabled,66da6332362cbf876667b08f276bd50b7cdba93a73315a4f2302dc81e40e2eb2,3a9e335ee3a565681794adbb5651f9af6f8ad51f30d5617f97a9333f0bcd369c,1.0,0.2,0.0,0,0.037037037037037035,2,2,0,54,0.013000600010855123,48.400000000000006,0.56,True,1.0,2.0,47.0,0,0,0.0,0.17554814500423768,54,True,False,,2026-07-29T17:16:39.153251+00:00,2026-07-29T17:16:39.177629+00:00,True
small-high-n0.1-risk_aware_astar-s6-a21b5654a869,small,10,high,0.07,0.1,risk_aware_astar,6,,,disabled,66da6332362cbf876667b08f276bd50b7cdba93a73315a4f2302dc81e40e2eb2,a21b5654a8697be42fe2b8cf8a7eec5aaeaa817b69c0d5a137a6a1fd0d2187d8,1.0,0.17,0.0,0,0.041666666666666664,1,1,0,24,0.003499199985526502,18.4,0.601,True,1.0,1.0,17.0,0,0,0.0,0.0734416680643335,24,True,False,,2026-07-29T17:16:39.160240+00:00,2026-07-29T17:16:39.164645+00:00,True
small-high-n0.1-risk_aware_astar-s7-b72a9f9307ff,small,10,high,0.07,0.1,risk_aware_astar,7,,,disabled,66da6332362cbf876667b08f276bd50b7cdba93a73315a4f2302dc81e40e2eb2,b72a9f9307ff238729046eb9e2f1b0f211dd79e7d20189e05a6b0f7b54b20d12,1.0,0.25,0.0,0,0.05555555555555555,2,2,0,36,0.006315700011327863,30.4,0.5750000000000001,True,1.0,2.0,29.0,0,0,0.0,0.10631944557341437,36,True,False,,2026-07-29T17:16:39.164645+00:00,2026-07-29T17:16:39.229378+00:00,True
small-high-n0.1-risk_aware_astar-s8-b7961da2da49,small,10,high,0.07,0.1,risk_aware_astar,8,,,disabled,66da6332362cbf876667b08f276bd50b7cdba93a73315a4f2302dc81e40e2eb2,b7961da2da4940597021fa9bca1754df041be821afe2df5e9a2f5ac009bf60fe,1.0,0.2,0.0,0,0.13333333333333333,4,4,0,30,0.004598300001816824,24.399999999999995,0.52,True,1.0,4.0,23.0,0,0,0.0,0.08176666451618075,30,True,False,,2026-07-29T17:16:39.177629+00:00,2026-07-29T17:16:39.187626+00:00,True
small-high-n0.1-risk_aware_astar-s9-8461b2fa3f6c,small,10,high,0.07,0.1,risk_aware_astar,9,,,disabled,66da6332362cbf876667b08f276bd50b7cdba93a73315a4f2302dc81e40e2eb2,8461b2fa3f6ca28e2f733b3a93bad406bad5022b68cd522443cd3bb13d72e85c,1.0,0.17,0.0,0,0.0,0,0,0,30,0.005176400009077042,25.2,0.651,True,1.0,0.5,24.0,0,0,0.0,0.10250333386162917,30,True,False,,2026-07-29T17:16:39.182619+00:00,2026-07-29T17:16:39.192792+00:00,True
small-high-n0.1-frontier_exploration-s0-cbd2fbb99195,small,10,high,0.07,0.1,frontier_exploration,0,,,disabled,66da6332362cbf876667b08f276bd50b7cdba93a73315a4f2302dc81e40e2eb2,cbd2fbb99195e5fd949c5cbb620859d3bbe744a4299d8419a85207b9326e4550,1.0,0.25,0.0,0,0.0,0,0,0,33,0.004344999993918464,29.0,0.775,True,1.0,0.0,28.0,0,0,0.0,0.06415757657536729,33,True,False,,2026-07-29T17:16:39.187626+00:00,2026-07-29T17:16:39.197756+00:00,True
small-high-n0.1-frontier_exploration-s1-e652561d195f,small,10,high,0.07,0.1,frontier_exploration,1,,,disabled,66da6332362cbf876667b08f276bd50b7cdba93a73315a4f2302dc81e40e2eb2,e652561d195fd211a7361d74c6928d15aed6c285c126dc2d14ab80371feaf694,1.0,0.46,0.0,0,0.013157894736842105,1,1,0,76,0.011794499994721264,70.4,0.6880000000000001,True,1.0,1.0,69.0,0,0,0.0,0.08354473806991193,76,True,False,,2026-07-29T17:16:39.193748+00:00,2026-07-29T17:16:39.264380+00:00,True
small-high-n0.1-frontier_exploration-s2-c1d02491322f,small,10,high,0.07,0.1,frontier_exploration,2,,,disabled,66da6332362cbf876667b08f276bd50b7cdba93a73315a4f2302dc81e40e2eb2,c1d02491322f2637b4dad1d696b35834aa89d608fe7bff2d2fec786d27bf7f02,1.0,0.55,0.0,0,0.07692307692307693,6,6,0,78,0.010634200007189065,72.4,0.6078571428571429,True,1.0,6.0,71.0,0,0,0.0,0.06591795066084999,78,True,False,,2026-07-29T17:16:39.197756+00:00,2026-07-29T17:16:39.209400+00:00,True
small-high-n0.1-frontier_exploration-s3-299f6434f768,small,10,high,0.07,0.1,frontier_exploration,3,,,disabled,66da6332362cbf876667b08f276bd50b7cdba93a73315a4f2302dc81e40e2eb2,299f6434f76899d6870c2749d9710bbf7acb781ddfe833b79a3cf85f829f6a2f,1.0,0.65,0.0,0,0.052083333333333336,5,5,0,96,0.013865600019926205,90.40000000000002,0.6411538461538461,True,1.0,5.5,89.0,0,0,0.0,0.07171666735909336,96,True,False,,2026-07-29T17:16:39.209400+00:00,2026-07-29T17:16:39.223378+00:00,True
small-high-n0.1-frontier_exploration-s4-5095bd9fbdf8,small,10,high,0.07,0.1,frontier_exploration,4,,,disabled,66da6332362cbf876667b08f276bd50b7cdba93a73315a4f2302dc81e40e2eb2,5095bd9fbdf8390ae74187cb12cab97773fe0041a5d6be8d24bf5c1797be6870,1.0,0.48,0.0,0,0.16666666666666666,10,10,0,60,0.007717800006503239,54.400000000000006,0.5690000000000001,True,1.0,11.0,53.0,0,0,0.0,0.06092000112403184,60,True,False,,2026-07-29T17:16:39.223378+00:00,2026-07-29T17:16:39.237475+00:00,True
small-high-n0.1-frontier_exploration-s5-924bcc84d58d,small,10,high,0.07,0.1,frontier_exploration,5,,,disabled,66da6332362cbf876667b08f276bd50b7cdba93a73315a4f2302dc81e40e2eb2,924bcc84d58d3e4c5be52633a030aecb22ace598c371325ee893c25209681080,1.0,0.41,0.0,0,0.09836065573770492,6,6,0,61,0.008844800002407283,55.400000000000006,0.5658571428571428,True,1.0,6.0,54.0,0,0,0.0,0.07749672169934531,61,True,False,,2026-07-29T17:16:39.230377+00:00,2026-07-29T17:16:39.252491+00:00,True
small-high-n0.1-frontier_exploration-s6-220032b36ffe,small,10,high,0.07,0.1,frontier_exploration,6,,,disabled,66da6332362cbf876667b08f276bd50b7cdba93a73315a4f2302dc81e40e2eb2,220032b36ffe08912eb6c1c5139341ea3122b4b8113d16ea5ff3648f9a39cd71,1.0,0.57,0.0,0,0.0,0,0,0,82,0.03306980000343174,76.4,0.871,True,1.0,0.0,75.0,0,0,0.0,0.07038658645242543,82,True,False,,2026-07-29T17:16:39.238474+00:00,2026-07-29T17:16:39.309205+00:00,True
small-high-n0.1-frontier_exploration-s7-db532659d6f1,small,10,high,0.07,0.1,frontier_exploration,7,,,disabled,66da6332362cbf876667b08f276bd50b7cdba93a73315a4f2302dc81e40e2eb2,db532659d6f1ac66764031f1acbe31856de72236c24ef2ee1c590690f619f942,1.0,0.57,0.0,0,0.0,0,0,0,77,0.02181350000319071,72.2,0.871,True,1.0,0.0,71.0,0,0,0.0,0.0651805202760915,77,True,False,,2026-07-29T17:16:39.243503+00:00,2026-07-29T17:16:39.296596+00:00,True
small-high-n0.1-frontier_exploration-s8-d0232ace2fe0,small,10,high,0.07,0.1,frontier_exploration,8,,,disabled,66da6332362cbf876667b08f276bd50b7cdba93a73315a4f2302dc81e40e2eb2,d0232ace2fe0d1a1831f1684bae1f4b45ada57cbd956e29f5affae2e489db314,1.0,0.51,0.0,0,0.07228915662650602,6,6,0,83,0.012503599980846047,77.4,0.5958571428571429,True,1.0,6.0,76.0,0,0,0.0,0.07812650586725269,83,True,False,,2026-07-29T17:16:39.252491+00:00,2026-07-29T17:16:39.321741+00:00,True
small-high-n0.1-frontier_exploration-s9-f0a93ea9bef6,small,10,high,0.07,0.1,frontier_exploration,9,,,disabled,66da6332362cbf876667b08f276bd50b7cdba93a73315a4f2302dc81e40e2eb2,f0a93ea9bef69bc57065df171ea9292c500180da365de1039959aaf87f3bf253,1.0,0.46,0.0,0,0.015384615384615385,1,1,0,65,0.009516999998595566,60.2,0.6880000000000001,True,1.0,1.0,59.0,0,0,0.0,0.07427230638523515,65,True,False,,2026-07-29T17:16:39.265364+00:00,2026-07-29T17:16:39.274363+00:00,True
small-high-n0.1-ppo-s0-57646611e5d6,small,10,high,0.07,0.1,PPO,0,artifacts/final_submission/ppo/best_model.zip,7c54226fc8927d7ef7fcdc7d5f3ff29b11fa8d1463293a9d8e3b6bebad84cc11,disabled,66da6332362cbf876667b08f276bd50b7cdba93a73315a4f2302dc81e40e2eb2,57646611e5d69ef142ad16985f9fea40dcc998d100434e6483a7dcab3972a654,0.42857142857142855,0.01,0.0,0,0.0,0,0,0,220,0.1602631999994628,44.000000000000085,0.4744285714285714,False,0.0,0.0,0.0,0,0,0.0,0.6150899996017952,220,False,True,,2026-07-29T17:17:35.335713+00:00,2026-07-29T17:17:35.496410+00:00,True
small-high-n0.1-ppo-s1-766a79729002,small,10,high,0.07,0.1,PPO,1,artifacts/final_submission/ppo/best_model.zip,7c54226fc8927d7ef7fcdc7d5f3ff29b11fa8d1463293a9d8e3b6bebad84cc11,disabled,66da6332362cbf876667b08f276bd50b7cdba93a73315a4f2302dc81e40e2eb2,766a79729002a90aa0f52dbb53456b929802e24dbd56f19da5ee5f809689d033,0.0,0.01,0.0,0,0.05,11,11,0,220,0.1572061000042595,44.000000000000085,0.027999999999999997,False,0.0,11.0,0.0,0,0,0.0,0.6052495456639339,220,False,True,,2026-07-29T17:17:35.499339+00:00,2026-07-29T17:17:35.657258+00:00,True
small-high-n0.1-ppo-s2-770ddc19aa35,small,10,high,0.07,0.1,PPO,2,artifacts/final_submission/ppo/best_model.zip,7c54226fc8927d7ef7fcdc7d5f3ff29b11fa8d1463293a9d8e3b6bebad84cc11,disabled,66da6332362cbf876667b08f276bd50b7cdba93a73315a4f2302dc81e40e2eb2,770ddc19aa359d2cfc8f22589a06ba217308364e3fc54569b76ea8ea564c4813,0.14285714285714285,0.01,0.0,0,0.01818181818181818,4,4,0,220,0.15898310000193305,44.000000000000085,0.12014285714285713,False,0.0,4.0,0.0,0,0,0.0,0.6150286357627589,220,False,True,,2026-07-29T17:17:35.660602+00:00,2026-07-29T17:17:35.819775+00:00,True
small-high-n0.1-ppo-s3-745c15a8828c,small,10,high,0.07,0.1,PPO,3,artifacts/final_submission/ppo/best_model.zip,7c54226fc8927d7ef7fcdc7d5f3ff29b11fa8d1463293a9d8e3b6bebad84cc11,disabled,66da6332362cbf876667b08f276bd50b7cdba93a73315a4f2302dc81e40e2eb2,745c15a8828cb86d2c43b5159b53722951fba4c070cb4a343c4dccaa8481e4d7,0.14285714285714285,0.01,0.0,0,0.15454545454545454,34,34,0,220,0.16281410001101904,44.000000000000085,0.06871428571428571,False,0.0,34.0,0.0,0,0,0.0,0.6287486369150098,220,False,True,,2026-07-29T17:17:35.823688+00:00,2026-07-29T17:17:35.987438+00:00,True
small-high-n0.1-ppo-s4-e139e0225fa1,small,10,high,0.07,0.1,PPO,4,artifacts/final_submission/ppo/best_model.zip,7c54226fc8927d7ef7fcdc7d5f3ff29b11fa8d1463293a9d8e3b6bebad84cc11,disabled,66da6332362cbf876667b08f276bd50b7cdba93a73315a4f2302dc81e40e2eb2,e139e0225fa189230378050433a90e9e64cdf94d3ade3efc448c083226618e9a,0.0,0.01,0.0,0,0.09090909090909091,20,20,0,220,0.15779269998893142,44.000000000000085,0.017285714285714286,False,0.0,20.0,0.0,0,0,0.0,0.6040699998266064,220,False,True,,2026-07-29T17:17:35.990443+00:00,2026-07-29T17:17:36.149189+00:00,True
small-high-n0.1-ppo-s5-f89723ea7bf0,small,10,high,0.07,0.1,PPO,5,artifacts/final_submission/ppo/best_model.zip,7c54226fc8927d7ef7fcdc7d5f3ff29b11fa8d1463293a9d8e3b6bebad84cc11,disabled,66da6332362cbf876667b08f276bd50b7cdba93a73315a4f2302dc81e40e2eb2,f89723ea7bf07be3d30648db301309a39933745b75ace72bc046f500c471cbe7,0.14285714285714285,0.01,0.0,0,0.06818181818181818,15,15,0,220,0.1626162999891676,44.000000000000085,0.07889285714285714,False,0.0,15.0,0.0,0,0,0.0,0.6278481814661063,220,False,True,,2026-07-29T17:17:36.152207+00:00,2026-07-29T17:17:36.314725+00:00,True
small-high-n0.1-ppo-s6-1e85a02d4c90,small,10,high,0.07,0.1,PPO,6,artifacts/final_submission/ppo/best_model.zip,7c54226fc8927d7ef7fcdc7d5f3ff29b11fa8d1463293a9d8e3b6bebad84cc11,disabled,66da6332362cbf876667b08f276bd50b7cdba93a73315a4f2302dc81e40e2eb2,1e85a02d4c905e4c2cde3508d2a4e6aac801e86092779ce46a2ae11a3d42f4e7,0.14285714285714285,0.01,0.0,0,0.17727272727272728,39,39,0,220,0.1634628000028897,44.000000000000085,0.06764285714285714,False,0.0,39.0,0.0,0,0,0.0,0.6301718175315976,220,False,True,,2026-07-29T17:17:36.317757+00:00,2026-07-29T17:17:36.482181+00:00,True
small-high-n0.1-ppo-s7-3122781429fb,small,10,high,0.07,0.1,PPO,7,artifacts/final_submission/ppo/best_model.zip,7c54226fc8927d7ef7fcdc7d5f3ff29b11fa8d1463293a9d8e3b6bebad84cc11,disabled,66da6332362cbf876667b08f276bd50b7cdba93a73315a4f2302dc81e40e2eb2,3122781429fb7bb7e6520155be71cdbe9109b71fcb3fbbbc745e2f8904e0e2bc,0.14285714285714285,0.01,0.0,0,0.12272727272727273,27,27,0,220,0.164282900019316,44.000000000000085,0.07085714285714285,False,0.0,27.0,0.0,0,0,0.0,0.6363686369943686,220,False,True,,2026-07-29T17:17:36.485189+00:00,2026-07-29T17:17:36.650180+00:00,True
small-high-n0.1-ppo-s8-f705b1c74852,small,10,high,0.07,0.1,PPO,8,artifacts/final_submission/ppo/best_model.zip,7c54226fc8927d7ef7fcdc7d5f3ff29b11fa8d1463293a9d8e3b6bebad84cc11,disabled,66da6332362cbf876667b08f276bd50b7cdba93a73315a4f2302dc81e40e2eb2,f705b1c748528a4504418b8e42f67bbde637f5e7b6923962eeae079a77fde053,0.14285714285714285,0.02,0.0,0,0.22272727272727272,49,49,0,220,0.1631583000125829,44.8000000000001,0.06914285714285714,False,0.0,49.0,1.0,0,0,0.0,0.6280509105470794,220,False,True,,2026-07-29T17:17:36.653086+00:00,2026-07-29T17:17:36.817311+00:00,True
small-high-n0.1-ppo-s9-9b55609ba378,small,10,high,0.07,0.1,PPO,9,artifacts/final_submission/ppo/best_model.zip,7c54226fc8927d7ef7fcdc7d5f3ff29b11fa8d1463293a9d8e3b6bebad84cc11,disabled,66da6332362cbf876667b08f276bd50b7cdba93a73315a4f2302dc81e40e2eb2,9b55609ba3786dba699795d9a7533ee9d3159b103334dac295edfb36091f77ec,0.0,0.01,0.0,0,0.1318181818181818,29,29,0,220,0.1638801999797579,44.000000000000085,0.013000000000000001,False,0.0,29.0,0.0,0,0,0.0,0.6323559103872288,220,False,True,,2026-07-29T17:17:36.820425+00:00,2026-07-29T17:17:36.984973+00:00,True
small-high-n0.1-sac-s0-eebdcb9c22a6,small,10,high,0.07,0.1,SAC,0,artifacts/final_submission/sac/best_model.zip,78fe38fcc78df0ba8f98bd07af373848833876e7ec5ddf1486cec9a3cd9ba44c,disabled,66da6332362cbf876667b08f276bd50b7cdba93a73315a4f2302dc81e40e2eb2,eebdcb9c22a6267cbdc5b3b51665a6fb4a0e8c7b1ae653030f6b8ef719cdb3d8,0.42857142857142855,0.01,1.0,166,0.0,0,0,0,220,0.18019149999599904,176.8,0.17622497861420017,False,0.0,166.0,0.0,0,0,0.0,0.697623182151636,220,False,True,,2026-07-29T17:17:36.987929+00:00,2026-07-29T17:17:37.168630+00:00,True
small-high-n0.1-sac-s1-a1df6157102a,small,10,high,0.07,0.1,SAC,1,artifacts/final_submission/sac/best_model.zip,78fe38fcc78df0ba8f98bd07af373848833876e7ec5ddf1486cec9a3cd9ba44c,disabled,66da6332362cbf876667b08f276bd50b7cdba93a73315a4f2302dc81e40e2eb2,a1df6157102a4cd1f0e55b30a642d646b7771dc3d0c3bb90a9e1b4c7d8bf9c44,0.2857142857142857,0.15,1.0,44,0.10909090909090909,24,24,0,220,0.17799729999387637,118.4000000000003,0.1636335403726708,False,0.0,68.0,49.0,0,0,0.0,0.688850000072059,220,False,True,,2026-07-29T17:17:37.170590+00:00,2026-07-29T17:17:37.349532+00:00,True
small-high-n0.1-sac-s2-90bc29766fdb,small,10,high,0.07,0.1,SAC,2,artifacts/final_submission/sac/best_model.zip,78fe38fcc78df0ba8f98bd07af373848833876e7ec5ddf1486cec9a3cd9ba44c,disabled,66da6332362cbf876667b08f276bd50b7cdba93a73315a4f2302dc81e40e2eb2,90bc29766fdba20ff714243ff4297b9ef355d68f99f058c623b81b6934aaa398,0.0,0.15,1.0,6,0.14545454545454545,32,33,1,220,0.17193010001210496,86.40000000000046,0.052142857142857144,False,0.0,41.0,47.0,0,0,0.0,0.6608327280528928,220,False,True,,2026-07-29T17:17:37.352471+00:00,2026-07-29T17:17:37.525283+00:00,True
small-high-n0.1-sac-s3-35f5b3bc184b,small,10,high,0.07,0.1,SAC,3,artifacts/final_submission/sac/best_model.zip,78fe38fcc78df0ba8f98bd07af373848833876e7ec5ddf1486cec9a3cd9ba44c,disabled,66da6332362cbf876667b08f276bd50b7cdba93a73315a4f2302dc81e40e2eb2,35f5b3bc184b76c3387559f5f76395c5ee11ab75d817280ff29e795509dfe1f2,0.42857142857142855,0.29,1.0,14,0.38181818181818183,84,96,12,220,0.16589779997593723,199.19999999999982,0.26103726708074537,False,0.0,114.0,180.0,0,0,0.0,0.6310231814330275,220,False,True,,2026-07-29T17:17:37.527276+00:00,2026-07-29T17:17:37.694613+00:00,True
small-high-n0.1-sac-s4-8c98dce0a964,small,10,high,0.07,0.1,SAC,4,artifacts/final_submission/sac/best_model.zip,78fe38fcc78df0ba8f98bd07af373848833876e7ec5ddf1486cec9a3cd9ba44c,disabled,66da6332362cbf876667b08f276bd50b7cdba93a73315a4f2302dc81e40e2eb2,8c98dce0a964fa2e1e0f10d7e0a8ae6ef3045415fc7697fb4ed76fcac113b2cc,0.14285714285714285,0.1,1.0,159,0.08636363636363636,19,20,1,220,0.15912830000161193,181.5999999999998,0.0888095238095238,False,0.0,179.0,13.0,0,0,0.0,0.6027540894468654,220,False,True,,2026-07-29T17:17:37.696630+00:00,2026-07-29T17:17:37.856167+00:00,True
small-high-n0.1-sac-s5-270a27ccbed8,small,10,high,0.07,0.1,SAC,5,artifacts/final_submission/sac/best_model.zip,78fe38fcc78df0ba8f98bd07af373848833876e7ec5ddf1486cec9a3cd9ba44c,disabled,66da6332362cbf876667b08f276bd50b7cdba93a73315a4f2302dc81e40e2eb2,270a27ccbed8f6f75981c89d149f842224e90fe817b62d3911be8eced8e49848,0.14285714285714285,0.12,1.0,38,0.10909090909090909,24,78,54,220,0.15967010002350435,142.40000000000003,0.09570695970695971,False,0.0,116.0,85.0,0,0,0.0,0.6055090909781442,220,False,True,,2026-07-29T17:17:37.860136+00:00,2026-07-29T17:17:38.020508+00:00,True
small-high-n0.1-sac-s6-0f3566841ea6,small,10,high,0.07,0.1,SAC,6,artifacts/final_submission/sac/best_model.zip,78fe38fcc78df0ba8f98bd07af373848833876e7ec5ddf1486cec9a3cd9ba44c,disabled,66da6332362cbf876667b08f276bd50b7cdba93a73315a4f2302dc81e40e2eb2,0f3566841ea606e6dea7197b6a62945d67dede8141815a5a14e01d5b053a88f7,0.14285714285714285,0.11,1.0,27,0.09545454545454546,21,21,0,220,0.16991629998665303,99.20000000000029,0.09626530612244898,False,0.0,48.0,42.0,0,0,0.0,0.6486759097738699,220,False,True,,2026-07-29T17:17:38.023415+00:00,2026-07-29T17:17:38.193312+00:00,True
small-high-n0.1-sac-s7-bc8358fb00e5,small,10,high,0.07,0.1,SAC,7,artifacts/final_submission/sac/best_model.zip,78fe38fcc78df0ba8f98bd07af373848833876e7ec5ddf1486cec9a3cd9ba44c,disabled,66da6332362cbf876667b08f276bd50b7cdba93a73315a4f2302dc81e40e2eb2,bc8358fb00e5e524c29d7673f6f37fc9e484fe8542de1a060edcb8ad0341e20d,0.14285714285714285,0.13,1.0,130,0.2772727272727273,61,66,5,220,0.19187850001617335,179.99999999999997,0.09766184448462929,False,0.0,196.5,40.0,0,0,0.0,0.740855454668318,220,False,True,,2026-07-29T17:17:38.197390+00:00,2026-07-29T17:17:38.389293+00:00,True
small-high-n0.1-sac-s8-343922c0f0ac,small,10,high,0.07,0.1,SAC,8,artifacts/final_submission/sac/best_model.zip,78fe38fcc78df0ba8f98bd07af373848833876e7ec5ddf1486cec9a3cd9ba44c,disabled,66da6332362cbf876667b08f276bd50b7cdba93a73315a4f2302dc81e40e2eb2,343922c0f0accf15da3b5a4d336757aeb72ca47f619312a21d9efc97a73c8c82,0.14285714285714285,0.12,1.0,91,0.10909090909090909,24,38,14,220,0.16247280000243336,216.8,0.09545054945054944,False,0.0,129.0,125.0,0,0,0.0,0.6176786363622259,220,False,True,,2026-07-29T17:17:38.392251+00:00,2026-07-29T17:17:38.555251+00:00,True
small-high-n0.1-sac-s9-2f1487094c7b,small,10,high,0.07,0.1,SAC,9,artifacts/final_submission/sac/best_model.zip,78fe38fcc78df0ba8f98bd07af373848833876e7ec5ddf1486cec9a3cd9ba44c,disabled,66da6332362cbf876667b08f276bd50b7cdba93a73315a4f2302dc81e40e2eb2,2f1487094c7b805438b298e6c00ea56997f7ad372b5890a118a3e36be1854872,0.14285714285714285,0.2,1.0,90,0.24545454545454545,54,54,0,220,0.16129270000965334,193.60000000000002,0.11920471281296023,False,0.0,144.5,97.0,0,0,0.0,0.6098309100542049,220,False,True,,2026-07-29T17:17:38.559140+00:00,2026-07-29T17:17:38.720585+00:00,True
small-high-n0.1-riskshield_ppo-s0-f17a82b3730a,small,10,high,0.07,0.1,RiskShield-PPO,0,artifacts/final_submission/riskshield_ppo/best_model.zip,d6c91caeb9bb10db866cbfe947ef1cc3db0ea8dc7470d098c9af6298ab75c812,k_step,66da6332362cbf876667b08f276bd50b7cdba93a73315a4f2302dc81e40e2eb2,f17a82b3730ac75c69a0fa8e7dcced32d48f9dfb2250d84962e14e780e9711d2,0.42857142857142855,0.01,0.0,0,0.0,0,0,0,220,0.17095070000505075,44.000000000000085,0.4744285714285714,False,0.0,0.0,0.0,73,0,0.0,0.6184731827075169,220,False,True,,2026-07-29T17:17:38.723530+00:00,2026-07-29T17:17:38.895516+00:00,True
small-high-n0.1-riskshield_ppo-s1-48e625e8521f,small,10,high,0.07,0.1,RiskShield-PPO,1,artifacts/final_submission/riskshield_ppo/best_model.zip,d6c91caeb9bb10db866cbfe947ef1cc3db0ea8dc7470d098c9af6298ab75c812,k_step,66da6332362cbf876667b08f276bd50b7cdba93a73315a4f2302dc81e40e2eb2,48e625e8521ff5a63ba02e164a4202e10ef677c73517e19a878379ab485de51d,0.14285714285714285,0.03,0.0,0,0.15,33,33,0,220,0.16962979998788796,45.600000000000115,0.07496638655462184,False,0.0,33.0,2.0,35,33,0.0,0.6177222743810323,220,False,True,,2026-07-29T17:17:38.898431+00:00,2026-07-29T17:17:39.068612+00:00,True
small-high-n0.1-riskshield_ppo-s2-5122838cbccc,small,10,high,0.07,0.1,RiskShield-PPO,2,artifacts/final_submission/riskshield_ppo/best_model.zip,d6c91caeb9bb10db866cbfe947ef1cc3db0ea8dc7470d098c9af6298ab75c812,k_step,66da6332362cbf876667b08f276bd50b7cdba93a73315a4f2302dc81e40e2eb2,5122838cbcccb06759d85c14860745092ecbfc339bdc1bdc43b525dac286fef3,0.14285714285714285,0.01,0.0,0,0.01818181818181818,4,4,0,220,0.16679369998746552,44.000000000000085,0.12014285714285713,False,0.0,4.0,0.0,4,4,0.0,0.6136781820466488,220,False,True,,2026-07-29T17:17:39.072615+00:00,2026-07-29T17:17:39.240236+00:00,True
small-high-n0.1-riskshield_ppo-s3-893a33e79245,small,10,high,0.07,0.1,RiskShield-PPO,3,artifacts/final_submission/riskshield_ppo/best_model.zip,d6c91caeb9bb10db866cbfe947ef1cc3db0ea8dc7470d098c9af6298ab75c812,k_step,66da6332362cbf876667b08f276bd50b7cdba93a73315a4f2302dc81e40e2eb2,893a33e792457ddca57badf099130deb4fa9d3ed822864fac213987d15592fce,0.2857142857142857,0.05,0.0,0,0.09545454545454546,21,21,0,220,0.1765974999871105,47.20000000000014,0.14292207792207792,False,0.0,21.0,4.0,25,21,0.0,0.646577727589333,220,False,True,,2026-07-29T17:17:39.243241+00:00,2026-07-29T17:17:39.420459+00:00,True
small-high-n0.1-riskshield_ppo-s4-a657729edb6e,small,10,high,0.07,0.1,RiskShield-PPO,4,artifacts/final_submission/riskshield_ppo/best_model.zip,d6c91caeb9bb10db866cbfe947ef1cc3db0ea8dc7470d098c9af6298ab75c812,k_step,66da6332362cbf876667b08f276bd50b7cdba93a73315a4f2302dc81e40e2eb2,a657729edb6ed2e5b67c8d507cf59e780cc93332fdeb3d32ac720f38ff4506dc,0.5714285714285714,0.08,0.0,0,0.05454545454545454,12,12,0,220,0.17380439999396913,51.200000000000216,0.2756483516483516,False,0.0,12.0,9.0,21,12,0.0,0.6358481816608798,220,False,True,,2026-07-29T17:17:39.423450+00:00,2026-07-29T17:17:39.596973+00:00,True
small-high-n0.1-riskshield_ppo-s5-15812413963f,small,10,high,0.07,0.1,RiskShield-PPO,5,artifacts/final_submission/riskshield_ppo/best_model.zip,d6c91caeb9bb10db866cbfe947ef1cc3db0ea8dc7470d098c9af6298ab75c812,k_step,66da6332362cbf876667b08f276bd50b7cdba93a73315a4f2302dc81e40e2eb2,15812413963f69a5f8b9f63ea29f8c153445b6cd1999ede95f48f25595dd6163,0.14285714285714285,0.03,0.0,0,0.01818181818181818,4,4,0,220,0.1759336999966763,46.40000000000013,0.12614285714285714,False,0.0,4.0,3.0,7,4,0.0,0.6480149986931462,220,False,True,,2026-07-29T17:17:39.600060+00:00,2026-07-29T17:17:39.776728+00:00,True
small-high-n0.1-riskshield_ppo-s6-fcb32096837d,small,10,high,0.07,0.1,RiskShield-PPO,6,artifacts/final_submission/riskshield_ppo/best_model.zip,d6c91caeb9bb10db866cbfe947ef1cc3db0ea8dc7470d098c9af6298ab75c812,k_step,66da6332362cbf876667b08f276bd50b7cdba93a73315a4f2302dc81e40e2eb2,fcb32096837d3439aa519fbd58404baf6ef5b04e7a2d8d94719f7937999a5349,0.14285714285714285,0.01,0.0,0,0.17727272727272728,39,39,0,220,0.17776880000019446,44.000000000000085,0.06764285714285714,False,0.0,39.0,0.0,39,39,0.0,0.6511168172106739,220,False,True,,2026-07-29T17:17:39.779727+00:00,2026-07-29T17:17:39.958157+00:00,True
small-high-n0.1-riskshield_ppo-s7-ae890929dddc,small,10,high,0.07,0.1,RiskShield-PPO,7,artifacts/final_submission/riskshield_ppo/best_model.zip,d6c91caeb9bb10db866cbfe947ef1cc3db0ea8dc7470d098c9af6298ab75c812,k_step,66da6332362cbf876667b08f276bd50b7cdba93a73315a4f2302dc81e40e2eb2,ae890929dddca847bef497d5028d8a76737e96c2429b7236a71572c159a4930f,0.2857142857142857,0.05,0.0,0,0.04090909090909091,9,9,0,220,0.1743830000050366,47.20000000000013,0.15928571428571428,False,0.0,9.0,4.0,13,9,0.0,0.641266819333065,220,False,True,,2026-07-29T17:17:39.961132+00:00,2026-07-29T17:17:40.136234+00:00,True
small-high-n0.1-riskshield_ppo-s8-16ec85e563f0,small,10,high,0.07,0.1,RiskShield-PPO,8,artifacts/final_submission/riskshield_ppo/best_model.zip,d6c91caeb9bb10db866cbfe947ef1cc3db0ea8dc7470d098c9af6298ab75c812,k_step,66da6332362cbf876667b08f276bd50b7cdba93a73315a4f2302dc81e40e2eb2,16ec85e563f0e2e97dfce985ddbaf94af950c52e363ae8ea67ba90a4d2782868,0.2857142857142857,0.09,0.0,0,0.02727272727272727,6,6,0,220,0.172921999997925,56.80000000000014,0.18414285714285716,False,0.0,6.0,16.0,22,6,0.0,0.6353004536570304,220,False,True,,2026-07-29T17:17:40.138251+00:00,2026-07-29T17:17:40.311843+00:00,True
small-high-n0.1-riskshield_ppo-s9-7516dce8e370,small,10,high,0.07,0.1,RiskShield-PPO,9,artifacts/final_submission/riskshield_ppo/best_model.zip,d6c91caeb9bb10db866cbfe947ef1cc3db0ea8dc7470d098c9af6298ab75c812,k_step,66da6332362cbf876667b08f276bd50b7cdba93a73315a4f2302dc81e40e2eb2,7516dce8e370f4f046ee18a46cef442f90adc34b5a36bb0cefe7c69ca4ae43cd,0.0,0.03,0.0,0,0.031818181818181815,7,7,0,220,0.17252980000921525,47.200000000000145,0.0465,False,0.0,7.0,4.0,11,7,0.0,0.6344227282997136,220,False,True,,2026-07-29T17:17:40.314778+00:00,2026-07-29T17:17:40.488357+00:00,True
small-high-n0.2-risk_aware_astar-s0-b70b40cf0464,small,10,high,0.07,0.2,risk_aware_astar,0,,,disabled,66da6332362cbf876667b08f276bd50b7cdba93a73315a4f2302dc81e40e2eb2,b70b40cf04642df401c15fe92e168967f60be0cb964dcb03706dbf8326df3f9d,1.0,0.15,0.0,0,0.0,0,0,0,19,0.0023680000158492476,15.0,0.745,True,1.0,0.0,14.0,0,0,0.0,0.05639999902709142,19,True,False,,2026-07-29T17:16:39.274363+00:00,2026-07-29T17:16:39.299595+00:00,True
small-high-n0.2-risk_aware_astar-s1-ff36ec1ab0d3,small,10,high,0.07,0.2,risk_aware_astar,1,,,disabled,66da6332362cbf876667b08f276bd50b7cdba93a73315a4f2302dc81e40e2eb2,ff36ec1ab0d3abf39fdc6ad3f1cfd6b7c292b954ec1e9fcb0d07215f1d71c5f6,1.0,0.24,0.0,0,0.125,4,4,0,32,0.004752400011057034,26.4,0.5265454545454545,True,1.0,4.5,25.0,0,0,0.0,0.0809499997558305,32,True,False,,2026-07-29T17:16:39.296596+00:00,2026-07-29T17:16:39.344719+00:00,True
small-high-n0.2-risk_aware_astar-s2-cb46447a1868,small,10,high,0.07,0.2,risk_aware_astar,2,,,disabled,66da6332362cbf876667b08f276bd50b7cdba93a73315a4f2302dc81e40e2eb2,cb46447a186897157e3628ffb37a8b815bce7c638564e5617adaf6d50f0081b9,1.0,0.2,0.0,0,0.0625,2,2,0,32,0.004612999997334555,26.399999999999995,0.56,True,1.0,2.0,25.0,0,0,0.0,0.07510000159527408,32,True,False,,2026-07-29T17:16:39.299595+00:00,2026-07-29T17:16:39.305103+00:00,True
small-high-n0.2-risk_aware_astar-s3-fd5696e9a77b,small,10,high,0.07,0.2,risk_aware_astar,3,,,disabled,66da6332362cbf876667b08f276bd50b7cdba93a73315a4f2302dc81e40e2eb2,fd5696e9a77bab53f0bb42dc50becd7b6c320714b4f1f9272b7c12825691c15f,1.0,0.16,0.0,0,0.04,1,2,1,25,0.003989099990576506,19.4,0.548,True,1.0,2.0,18.0,0,0,0.0,0.08970000082626939,25,True,False,,2026-07-29T17:16:39.305103+00:00,2026-07-29T17:16:39.309205+00:00,True
small-high-n0.2-risk_aware_astar-s4-371d2f247ffc,small,10,high,0.07,0.2,risk_aware_astar,4,,,disabled,66da6332362cbf876667b08f276bd50b7cdba93a73315a4f2302dc81e40e2eb2,371d2f247ffca2a0122156124bf49eede2cadb70e938de66bb37cab775281f36,1.0,0.18,0.0,0,0.03125,1,1,0,32,0.007049100007861853,26.4,0.604,True,1.0,1.0,25.0,0,0,0.0,0.15340937625296647,32,True,False,,2026-07-29T17:16:39.309205+00:00,2026-07-29T17:16:39.333711+00:00,True
small-high-n0.2-risk_aware_astar-s5-c280a181ea0d,small,10,high,0.07,0.2,risk_aware_astar,5,,,disabled,66da6332362cbf876667b08f276bd50b7cdba93a73315a4f2302dc81e40e2eb2,c280a181ea0dabefa0aed616656592b02a547190359b1d9be93e9fe08be5a901,1.0,0.2,0.0,0,0.037037037037037035,2,2,0,54,0.012914199993247166,48.400000000000006,0.56,True,1.0,2.0,47.0,0,0,0.0,0.1738388878207102,54,True,False,,2026-07-29T17:16:39.309205+00:00,2026-07-29T17:16:39.375459+00:00,True
small-high-n0.2-risk_aware_astar-s6-8dc6607ccf6f,small,10,high,0.07,0.2,risk_aware_astar,6,,,disabled,66da6332362cbf876667b08f276bd50b7cdba93a73315a4f2302dc81e40e2eb2,8dc6607ccf6f2344a5d152cb3a35e5b0a9d81557d9376dfbb34f3daf41404948,1.0,0.17,0.0,0,0.041666666666666664,1,1,0,24,0.0033005000150296837,18.4,0.601,True,1.0,1.0,17.0,0,0,0.0,0.07043333365193878,24,True,False,,2026-07-29T17:16:39.321741+00:00,2026-07-29T17:16:39.325716+00:00,True
small-high-n0.2-risk_aware_astar-s7-b6325a8b3bf5,small,10,high,0.07,0.2,risk_aware_astar,7,,,disabled,66da6332362cbf876667b08f276bd50b7cdba93a73315a4f2302dc81e40e2eb2,b6325a8b3bf538ce33a99884f7dc4e49ad1a00e8bb851cbe1fc4af45d5fe82e4,1.0,0.25,0.0,0,0.05555555555555555,2,2,0,36,0.006130299996584654,30.4,0.5750000000000001,True,1.0,2.0,29.0,0,0,0.0,0.10289444698072556,36,True,False,,2026-07-29T17:16:39.325716+00:00,2026-07-29T17:16:39.339708+00:00,True
small-high-n0.2-risk_aware_astar-s8-037b3d4d0ef6,small,10,high,0.07,0.2,risk_aware_astar,8,,,disabled,66da6332362cbf876667b08f276bd50b7cdba93a73315a4f2302dc81e40e2eb2,037b3d4d0ef6d23e786f724fa738c1a505c28c7e5f75ab409d15e236ef3077e6,1.0,0.2,0.0,0,0.13333333333333333,4,4,0,30,0.004548800003249198,24.399999999999995,0.52,True,1.0,4.0,23.0,0,0,0.0,0.07793666833701234,30,True,False,,2026-07-29T17:16:39.333711+00:00,2026-07-29T17:16:39.349629+00:00,True
small-high-n0.2-risk_aware_astar-s9-b2d1f26710cd,small,10,high,0.07,0.2,risk_aware_astar,9,,,disabled,66da6332362cbf876667b08f276bd50b7cdba93a73315a4f2302dc81e40e2eb2,b2d1f26710cdc8bb18f0dd0ab713f403d2e0eeca6225cac35964e940a4d7baff,1.0,0.17,0.0,0,0.0,0,0,0,30,0.005190700001548976,25.2,0.651,True,1.0,0.5,24.0,0,0,0.0,0.10311000320749979,30,True,False,,2026-07-29T17:16:39.339708+00:00,2026-07-29T17:16:39.400464+00:00,True
small-high-n0.2-frontier_exploration-s0-9abb25a5ba79,small,10,high,0.07,0.2,frontier_exploration,0,,,disabled,66da6332362cbf876667b08f276bd50b7cdba93a73315a4f2302dc81e40e2eb2,9abb25a5ba792933a07b4116d004c7b743fe4b128aa97ec604381618710251cd,1.0,0.25,0.0,0,0.0,0,0,0,33,0.004463400022359565,29.0,0.775,True,1.0,0.0,28.0,0,0,0.0,0.06464242875209135,33,True,False,,2026-07-29T17:16:39.344719+00:00,2026-07-29T17:16:39.451731+00:00,True
small-high-n0.2-frontier_exploration-s1-d4b45c6b2490,small,10,high,0.07,0.2,frontier_exploration,1,,,disabled,66da6332362cbf876667b08f276bd50b7cdba93a73315a4f2302dc81e40e2eb2,d4b45c6b2490bf963328bf12e1f8e025c0a9bd92970ad0118f2b65d550e3e112,1.0,0.46,0.0,0,0.013157894736842105,1,1,0,76,0.011642700002994388,70.4,0.6880000000000001,True,1.0,1.0,69.0,0,0,0.0,0.08417236830083359,76,True,False,,2026-07-29T17:16:39.349629+00:00,2026-07-29T17:16:39.361470+00:00,True
small-high-n0.2-frontier_exploration-s2-5ce5954f6556,small,10,high,0.07,0.2,frontier_exploration,2,,,disabled,66da6332362cbf876667b08f276bd50b7cdba93a73315a4f2302dc81e40e2eb2,5ce5954f6556ff19cf8b5975a7f12abebc465af7f352308d93350bfa8eb367aa,1.0,0.55,0.0,0,0.07692307692307693,6,6,0,78,0.010899300017626956,72.4,0.6078571428571429,True,1.0,6.0,71.0,0,0,0.0,0.06740897496899542,78,True,False,,2026-07-29T17:16:39.361470+00:00,2026-07-29T17:16:39.386461+00:00,True
small-high-n0.2-frontier_exploration-s3-e57b0e71bda6,small,10,high,0.07,0.2,frontier_exploration,3,,,disabled,66da6332362cbf876667b08f276bd50b7cdba93a73315a4f2302dc81e40e2eb2,e57b0e71bda6625ee641b500e91a260a8889cf8c2f87f4be857964392d5039d9,1.0,0.65,0.0,0,0.052083333333333336,5,5,0,96,0.013580200000433251,90.40000000000002,0.6411538461538461,True,1.0,5.5,89.0,0,0,0.0,0.07004687722655945,96,True,False,,2026-07-29T17:16:39.375459+00:00,2026-07-29T17:16:39.414633+00:00,True
small-high-n0.2-frontier_exploration-s4-fc289b4b5292,small,10,high,0.07,0.2,frontier_exploration,4,,,disabled,66da6332362cbf876667b08f276bd50b7cdba93a73315a4f2302dc81e40e2eb2,fc289b4b52923cf155989cf6dfd735511d23aad99b399e77943e8396715e66e5,1.0,0.48,0.0,0,0.16666666666666666,10,10,0,60,0.007803099986631423,54.400000000000006,0.5690000000000001,True,1.0,11.0,53.0,0,0,0.0,0.06162833597045392,60,True,False,,2026-07-29T17:16:39.386461+00:00,2026-07-29T17:16:39.394580+00:00,True
small-high-n0.2-frontier_exploration-s5-5933c3e6d31d,small,10,high,0.07,0.2,frontier_exploration,5,,,disabled,66da6332362cbf876667b08f276bd50b7cdba93a73315a4f2302dc81e40e2eb2,5933c3e6d31daa7a05191b1d46c2589ebade727c79b5b4173070ecb68f6ed381,1.0,0.41,0.0,0,0.09836065573770492,6,6,0,61,0.008744799997657537,55.400000000000006,0.5658571428571428,True,1.0,6.0,54.0,0,0,0.0,0.07543770394089525,61,True,False,,2026-07-29T17:16:39.394580+00:00,2026-07-29T17:16:39.423729+00:00,True
small-high-n0.2-frontier_exploration-s6-c39fd3d6f879,small,10,high,0.07,0.2,frontier_exploration,6,,,disabled,66da6332362cbf876667b08f276bd50b7cdba93a73315a4f2302dc81e40e2eb2,c39fd3d6f8798855d70290b94ad5302a2657bbffdcabf6f2a4ad15d11df6f964,1.0,0.57,0.0,0,0.0,0,0,0,82,0.011766300012823194,76.4,0.871,True,1.0,0.0,75.0,0,0,0.0,0.07174756106772892,82,True,False,,2026-07-29T17:16:39.400464+00:00,2026-07-29T17:16:39.554816+00:00,True
small-high-n0.2-frontier_exploration-s7-6c851283f88f,small,10,high,0.07,0.2,frontier_exploration,7,,,disabled,66da6332362cbf876667b08f276bd50b7cdba93a73315a4f2302dc81e40e2eb2,6c851283f88f6b7caa95a29d08a546975f8fe505ad8baeee26eaeb5c7c03202c,1.0,0.57,0.0,0,0.0,0,0,0,77,0.010195699986070395,72.2,0.871,True,1.0,0.0,71.0,0,0,0.0,0.06648311890395624,77,True,False,,2026-07-29T17:16:39.414633+00:00,2026-07-29T17:16:39.433749+00:00,True
small-high-n0.2-frontier_exploration-s8-823131f6f3c5,small,10,high,0.07,0.2,frontier_exploration,8,,,disabled,66da6332362cbf876667b08f276bd50b7cdba93a73315a4f2302dc81e40e2eb2,823131f6f3c513ba6cc1217cc45d8690adf24242bc8ebafaa92ad386a6d7fdf7,1.0,0.51,0.0,0,0.07228915662650602,6,6,0,83,0.012060600012773648,77.4,0.5958571428571429,True,1.0,6.0,76.0,0,0,0.0,0.07653132491991911,83,True,False,,2026-07-29T17:16:39.423729+00:00,2026-07-29T17:16:39.446725+00:00,True
small-high-n0.2-frontier_exploration-s9-220e249a5512,small,10,high,0.07,0.2,frontier_exploration,9,,,disabled,66da6332362cbf876667b08f276bd50b7cdba93a73315a4f2302dc81e40e2eb2,220e249a5512b60c658e193b8f9283f0b482b2072e922b62063730aa3c060d59,1.0,0.46,0.0,0,0.015384615384615385,1,1,0,65,0.009961200004909188,60.2,0.6880000000000001,True,1.0,1.0,59.0,0,0,0.0,0.07766153967867677,65,True,False,,2026-07-29T17:16:39.433749+00:00,2026-07-29T17:16:39.564816+00:00,True
small-high-n0.2-ppo-s0-46662e60b98b,small,10,high,0.07,0.2,PPO,0,artifacts/final_submission/ppo/best_model.zip,7c54226fc8927d7ef7fcdc7d5f3ff29b11fa8d1463293a9d8e3b6bebad84cc11,disabled,66da6332362cbf876667b08f276bd50b7cdba93a73315a4f2302dc81e40e2eb2,46662e60b98b02431bba037a00f78479976919fe396f943fb59841c396196b11,0.42857142857142855,0.01,0.0,0,0.0,0,0,0,220,0.16580419999081641,44.000000000000085,0.4744285714285714,False,0.0,0.0,0.0,0,0,0.0,0.6366072726615873,220,False,True,,2026-07-29T17:17:40.491366+00:00,2026-07-29T17:17:40.657300+00:00,True
small-high-n0.2-ppo-s1-12ce70fb8113,small,10,high,0.07,0.2,PPO,1,artifacts/final_submission/ppo/best_model.zip,7c54226fc8927d7ef7fcdc7d5f3ff29b11fa8d1463293a9d8e3b6bebad84cc11,disabled,66da6332362cbf876667b08f276bd50b7cdba93a73315a4f2302dc81e40e2eb2,12ce70fb8113a51b28b8c70146d05f2565322c120a58edef13936f5a30e32341,0.0,0.01,0.0,0,0.05,11,11,0,220,0.1621748000034131,44.000000000000085,0.027999999999999997,False,0.0,11.0,0.0,0,0,0.0,0.6266663636779413,220,False,True,,2026-07-29T17:17:40.660286+00:00,2026-07-29T17:17:40.822732+00:00,True
small-high-n0.2-ppo-s2-b86328e0fdde,small,10,high,0.07,0.2,PPO,2,artifacts/final_submission/ppo/best_model.zip,7c54226fc8927d7ef7fcdc7d5f3ff29b11fa8d1463293a9d8e3b6bebad84cc11,disabled,66da6332362cbf876667b08f276bd50b7cdba93a73315a4f2302dc81e40e2eb2,b86328e0fdde5a3d8b760113c2515ded2eca8c4e6c7c02ead7808352d29db071,0.14285714285714285,0.01,0.0,0,0.01818181818181818,4,4,0,220,0.166933100001188,44.000000000000085,0.12014285714285713,False,0.0,4.0,0.0,0,0,0.0,0.6478668185247277,220,False,True,,2026-07-29T17:17:40.826641+00:00,2026-07-29T17:17:40.993695+00:00,True
small-high-n0.2-ppo-s3-eb04c0717b2a,small,10,high,0.07,0.2,PPO,3,artifacts/final_submission/ppo/best_model.zip,7c54226fc8927d7ef7fcdc7d5f3ff29b11fa8d1463293a9d8e3b6bebad84cc11,disabled,66da6332362cbf876667b08f276bd50b7cdba93a73315a4f2302dc81e40e2eb2,eb04c0717b2ad98212f2f43a97db652309c1a884fb01cd5bb8e532f8da7f8562,0.14285714285714285,0.01,0.0,0,0.15454545454545454,34,34,0,220,0.16322230000514537,44.000000000000085,0.06871428571428571,False,0.0,34.0,0.0,0,0,0.0,0.6285740903959695,220,False,True,,2026-07-29T17:17:40.996705+00:00,2026-07-29T17:17:41.160524+00:00,True
small-high-n0.2-ppo-s4-3f16da3a2b46,small,10,high,0.07,0.2,PPO,4,artifacts/final_submission/ppo/best_model.zip,7c54226fc8927d7ef7fcdc7d5f3ff29b11fa8d1463293a9d8e3b6bebad84cc11,disabled,66da6332362cbf876667b08f276bd50b7cdba93a73315a4f2302dc81e40e2eb2,3f16da3a2b46eacf5cb9712881e9b14a91981e5845510d9ba305b609161b27c8,0.0,0.01,0.0,0,0.09090909090909091,20,20,0,220,0.16511889998218976,44.000000000000085,0.017285714285714286,False,0.0,20.0,0.0,0,0,0.0,0.633844545783094,220,False,True,,2026-07-29T17:17:41.163523+00:00,2026-07-29T17:17:41.329772+00:00,True
small-high-n0.2-ppo-s5-56e38204b4fc,small,10,high,0.07,0.2,PPO,5,artifacts/final_submission/ppo/best_model.zip,7c54226fc8927d7ef7fcdc7d5f3ff29b11fa8d1463293a9d8e3b6bebad84cc11,disabled,66da6332362cbf876667b08f276bd50b7cdba93a73315a4f2302dc81e40e2eb2,56e38204b4fc949c4b0022ffa78180ffc6968a94fc272d7d14962f59659288ca,0.14285714285714285,0.01,0.0,0,0.06818181818181818,15,15,0,220,0.16160230000969023,44.000000000000085,0.07889285714285714,False,0.0,15.0,0.0,0,0,0.0,0.6218727275898511,220,False,True,,2026-07-29T17:17:41.333791+00:00,2026-07-29T17:17:41.495279+00:00,True
small-high-n0.2-ppo-s6-c1e0c6dfa39c,small,10,high,0.07,0.2,PPO,6,artifacts/final_submission/ppo/best_model.zip,7c54226fc8927d7ef7fcdc7d5f3ff29b11fa8d1463293a9d8e3b6bebad84cc11,disabled,66da6332362cbf876667b08f276bd50b7cdba93a73315a4f2302dc81e40e2eb2,c1e0c6dfa39c07393c3e2cd1de75cfae8dd3c443e99e94887501d6cb7d961dba,0.14285714285714285,0.01,0.0,0,0.17727272727272728,39,39,0,220,0.1636393000080716,44.000000000000085,0.06764285714285714,False,0.0,39.0,0.0,0,0,0.0,0.6294004535778764,220,False,True,,2026-07-29T17:17:41.498368+00:00,2026-07-29T17:17:41.662264+00:00,True
small-high-n0.2-ppo-s7-812493dfa9ca,small,10,high,0.07,0.2,PPO,7,artifacts/final_submission/ppo/best_model.zip,7c54226fc8927d7ef7fcdc7d5f3ff29b11fa8d1463293a9d8e3b6bebad84cc11,disabled,66da6332362cbf876667b08f276bd50b7cdba93a73315a4f2302dc81e40e2eb2,812493dfa9caee6066b365905b949ac11db8bc515edbd40c7b5a7f179da93c28,0.14285714285714285,0.01,0.0,0,0.12272727272727273,27,27,0,220,0.1706209999974817,44.000000000000085,0.07085714285714285,False,0.0,27.0,0.0,0,0,0.0,0.6600468186661601,220,False,True,,2026-07-29T17:17:41.665254+00:00,2026-07-29T17:17:41.836946+00:00,True
small-high-n0.2-ppo-s8-46891c303cd2,small,10,high,0.07,0.2,PPO,8,artifacts/final_submission/ppo/best_model.zip,7c54226fc8927d7ef7fcdc7d5f3ff29b11fa8d1463293a9d8e3b6bebad84cc11,disabled,66da6332362cbf876667b08f276bd50b7cdba93a73315a4f2302dc81e40e2eb2,46891c303cd26f5e67e8fbd1560a7e7e415b8920b7550c7f2193c2e913bf8628,0.14285714285714285,0.02,0.0,0,0.22272727272727272,49,49,0,220,0.16705250000813976,44.8000000000001,0.06914285714285714,False,0.0,49.0,1.0,0,0,0.0,0.6414800001287155,220,False,True,,2026-07-29T17:17:41.839948+00:00,2026-07-29T17:17:42.006990+00:00,True
small-high-n0.2-ppo-s9-45c0f2255851,small,10,high,0.07,0.2,PPO,9,artifacts/final_submission/ppo/best_model.zip,7c54226fc8927d7ef7fcdc7d5f3ff29b11fa8d1463293a9d8e3b6bebad84cc11,disabled,66da6332362cbf876667b08f276bd50b7cdba93a73315a4f2302dc81e40e2eb2,45c0f2255851b46da769f086464fe3cee67417d9bc3d6d7ba8976978fef70809,0.0,0.01,0.0,0,0.1318181818181818,29,29,0,220,0.16241779999108985,44.000000000000085,0.013000000000000001,False,0.0,29.0,0.0,0,0,0.0,0.6276013637861152,220,False,True,,2026-07-29T17:17:42.011046+00:00,2026-07-29T17:17:42.173670+00:00,True
small-high-n0.2-sac-s0-2fa4fc8a0f2a,small,10,high,0.07,0.2,SAC,0,artifacts/final_submission/sac/best_model.zip,78fe38fcc78df0ba8f98bd07af373848833876e7ec5ddf1486cec9a3cd9ba44c,disabled,66da6332362cbf876667b08f276bd50b7cdba93a73315a4f2302dc81e40e2eb2,2fa4fc8a0f2af1d2cf7d4627c5b942c6d839be746e1bf94ac818c030988b9cca,0.42857142857142855,0.1,1.0,87,0.004545454545454545,1,8,7,220,0.18373029999202117,128.80000000000024,0.20455357142857142,False,0.0,95.0,19.0,0,0,0.0,0.7122122736869972,220,False,True,,2026-07-29T17:17:42.176672+00:00,2026-07-29T17:17:42.361247+00:00,True
small-high-n0.2-sac-s1-36aa19e97b87,small,10,high,0.07,0.2,SAC,1,artifacts/final_submission/sac/best_model.zip,78fe38fcc78df0ba8f98bd07af373848833876e7ec5ddf1486cec9a3cd9ba44c,disabled,66da6332362cbf876667b08f276bd50b7cdba93a73315a4f2302dc81e40e2eb2,36aa19e97b874dc71bd20012f3a154ceb733be804f37f94721d07aa636c309df,0.2857142857142857,0.12,1.0,13,0.1590909090909091,35,37,2,220,0.1802775000105612,69.60000000000018,0.15616806722689075,False,0.0,50.0,19.0,0,0,0.0,0.6929359093192033,220,False,True,,2026-07-29T17:17:42.364241+00:00,2026-07-29T17:17:42.545571+00:00,True
small-high-n0.2-sac-s2-085e5f0c4096,small,10,high,0.07,0.2,SAC,2,artifacts/final_submission/sac/best_model.zip,78fe38fcc78df0ba8f98bd07af373848833876e7ec5ddf1486cec9a3cd9ba44c,disabled,66da6332362cbf876667b08f276bd50b7cdba93a73315a4f2302dc81e40e2eb2,085e5f0c4096622e93507ba83efdd17611c78b1bf7ff312f5982cf2e1250de87,0.0,0.05,1.0,57,0.14545454545454545,32,83,51,220,0.17965489998459816,203.99999999999991,0.017127659574468084,False,0.0,140.0,143.0,0,0,0.0,0.6932004537454552,220,False,True,,2026-07-29T17:17:42.548476+00:00,2026-07-29T17:17:42.728176+00:00,True
small-high-n0.2-sac-s3-497062a1d440,small,10,high,0.07,0.2,SAC,3,artifacts/final_submission/sac/best_model.zip,78fe38fcc78df0ba8f98bd07af373848833876e7ec5ddf1486cec9a3cd9ba44c,disabled,66da6332362cbf876667b08f276bd50b7cdba93a73315a4f2302dc81e40e2eb2,497062a1d440292b75a4bc3ed0e6677e505dbeb36ab220b6bfd96e21a74d951d,0.2857142857142857,0.26,1.0,21,0.21818181818181817,48,52,4,220,0.17660879998584278,200.79999999999995,0.1962592242194891,False,0.0,74.5,175.0,0,0,0.0,0.6759986364737746,220,False,True,,2026-07-29T17:17:42.732153+00:00,2026-07-29T17:17:42.909581+00:00,True
small-high-n0.2-sac-s4-d9b053d43df5,small,10,high,0.07,0.2,SAC,4,artifacts/final_submission/sac/best_model.zip,78fe38fcc78df0ba8f98bd07af373848833876e7ec5ddf1486cec9a3cd9ba44c,disabled,66da6332362cbf876667b08f276bd50b7cdba93a73315a4f2302dc81e40e2eb2,d9b053d43df5c3517816c87f45bc3b0f2cfc200c9e231272aa6e467486741505,0.7142857142857143,0.26,1.0,82,0.43636363636363634,96,108,12,220,0.1635997999983374,195.20000000000005,0.3650446626544188,False,0.0,224.5,107.0,0,0,0.0,0.6219577262527309,220,False,True,,2026-07-29T17:17:42.912593+00:00,2026-07-29T17:17:43.076847+00:00,True
small-high-n0.2-sac-s5-e126583413e6,small,10,high,0.07,0.2,SAC,5,artifacts/final_submission/sac/best_model.zip,78fe38fcc78df0ba8f98bd07af373848833876e7ec5ddf1486cec9a3cd9ba44c,disabled,66da6332362cbf876667b08f276bd50b7cdba93a73315a4f2302dc81e40e2eb2,e126583413e6df37fb534af3a996e4efcf86831b5c6985b326a4c30e5a36c33b,0.2857142857142857,0.24,1.0,31,0.08636363636363636,19,54,35,220,0.15990500000771135,155.20000000000005,0.18977408637873752,False,0.0,85.0,108.0,0,0,0.0,0.6053668188873086,220,False,True,,2026-07-29T17:17:43.080790+00:00,2026-07-29T17:17:43.241192+00:00,True
small-high-n0.2-sac-s6-656b639e3948,small,10,high,0.07,0.2,SAC,6,artifacts/final_submission/sac/best_model.zip,78fe38fcc78df0ba8f98bd07af373848833876e7ec5ddf1486cec9a3cd9ba44c,disabled,66da6332362cbf876667b08f276bd50b7cdba93a73315a4f2302dc81e40e2eb2,656b639e3948830f7c0d6ce81dcecbf8a788134229edf16d79c492119d18c898,0.14285714285714285,0.13,1.0,45,0.05454545454545454,12,12,0,220,0.16465529997367412,117.60000000000022,0.10131527093596059,False,0.0,57.0,47.0,0,0,0.0,0.6318368181713264,220,False,True,,2026-07-29T17:17:43.244237+00:00,2026-07-29T17:17:43.409821+00:00,True
small-high-n0.2-sac-s7-60deb4b7d538,small,10,high,0.07,0.2,SAC,7,artifacts/final_submission/sac/best_model.zip,78fe38fcc78df0ba8f98bd07af373848833876e7ec5ddf1486cec9a3cd9ba44c,disabled,66da6332362cbf876667b08f276bd50b7cdba93a73315a4f2302dc81e40e2eb2,60deb4b7d5382050a9397a9c375add3a160c542b6be98dd92d970cabf00f1829,0.0,0.06,1.0,202,0.0,0,4,4,220,0.16625650000059977,216.8,0.019425178147268407,False,0.0,209.5,14.0,0,0,0.0,0.638757726516236,220,False,True,,2026-07-29T17:17:43.412817+00:00,2026-07-29T17:17:43.579088+00:00,True
small-high-n0.2-sac-s8-5943c3d2491c,small,10,high,0.07,0.2,SAC,8,artifacts/final_submission/sac/best_model.zip,78fe38fcc78df0ba8f98bd07af373848833876e7ec5ddf1486cec9a3cd9ba44c,disabled,66da6332362cbf876667b08f276bd50b7cdba93a73315a4f2302dc81e40e2eb2,5943c3d2491c62595d58354625bbfa873a79a0193cb4a929e6fc21d2ab74179a,0.42857142857142855,0.33,1.0,56,0.22727272727272727,50,106,56,220,0.16591969999717548,185.60000000000002,0.27226906222611746,False,0.0,162.0,121.0,0,0,0.0,0.615659091801552,220,False,True,,2026-07-29T17:17:43.582093+00:00,2026-07-29T17:17:43.749264+00:00,True
small-high-n0.2-sac-s9-15f0c4b00e0b,small,10,high,0.07,0.2,SAC,9,artifacts/final_submission/sac/best_model.zip,78fe38fcc78df0ba8f98bd07af373848833876e7ec5ddf1486cec9a3cd9ba44c,disabled,66da6332362cbf876667b08f276bd50b7cdba93a73315a4f2302dc81e40e2eb2,15f0c4b00e0b4d30d14097c326130b81a5a37d2f3f19086f9eef63e0b9341027,0.14285714285714285,0.13,0.0,0,0.20454545454545456,45,45,0,220,0.16458260000217706,204.0,0.10266459627329193,False,0.0,45.0,200.0,0,0,0.0,0.6243877275582318,220,False,True,,2026-07-29T17:17:43.752163+00:00,2026-07-29T17:17:43.916979+00:00,True
small-high-n0.2-riskshield_ppo-s0-ac03d825f4ea,small,10,high,0.07,0.2,RiskShield-PPO,0,artifacts/final_submission/riskshield_ppo/best_model.zip,d6c91caeb9bb10db866cbfe947ef1cc3db0ea8dc7470d098c9af6298ab75c812,k_step,66da6332362cbf876667b08f276bd50b7cdba93a73315a4f2302dc81e40e2eb2,ac03d825f4eaf132b11c4437dd892c1611b6692117ec986317ec33e761e20714,0.42857142857142855,0.01,0.0,0,0.0,0,0,0,220,0.17272030000458471,44.000000000000085,0.4744285714285714,False,0.0,0.0,0.0,78,0,0.0,0.6268295450188982,220,False,True,,2026-07-29T17:17:43.920001+00:00,2026-07-29T17:17:44.092758+00:00,True
small-high-n0.2-riskshield_ppo-s1-350e0f06cb9c,small,10,high,0.07,0.2,RiskShield-PPO,1,artifacts/final_submission/riskshield_ppo/best_model.zip,d6c91caeb9bb10db866cbfe947ef1cc3db0ea8dc7470d098c9af6298ab75c812,k_step,66da6332362cbf876667b08f276bd50b7cdba93a73315a4f2302dc81e40e2eb2,350e0f06cb9c88a2a0549e4c461845f6d0ddbfa45db707c9172c01b7708b68cb,0.14285714285714285,0.03,0.0,0,0.15,33,33,0,220,0.16585670001222752,45.600000000000115,0.07496638655462184,False,0.0,33.0,2.0,35,33,0.0,0.604180454948536,220,False,True,,2026-07-29T17:17:44.095765+00:00,2026-07-29T17:17:44.262580+00:00,True
small-high-n0.2-riskshield_ppo-s2-df7ef5e3a038,small,10,high,0.07,0.2,RiskShield-PPO,2,artifacts/final_submission/riskshield_ppo/best_model.zip,d6c91caeb9bb10db866cbfe947ef1cc3db0ea8dc7470d098c9af6298ab75c812,k_step,66da6332362cbf876667b08f276bd50b7cdba93a73315a4f2302dc81e40e2eb2,df7ef5e3a0386a0982cd1d1c1ebe1ea42e7f8161976e8ef3938f1a4343f6ef01,0.14285714285714285,0.01,0.0,0,0.01818181818181818,4,4,0,220,0.168473300000187,44.000000000000085,0.12014285714285713,False,0.0,4.0,0.0,4,4,0.0,0.6204568183007226,220,False,True,,2026-07-29T17:17:44.264542+00:00,2026-07-29T17:17:44.434449+00:00,True
small-high-n0.2-riskshield_ppo-s3-492669b46f4c,small,10,high,0.07,0.2,RiskShield-PPO,3,artifacts/final_submission/riskshield_ppo/best_model.zip,d6c91caeb9bb10db866cbfe947ef1cc3db0ea8dc7470d098c9af6298ab75c812,k_step,66da6332362cbf876667b08f276bd50b7cdba93a73315a4f2302dc81e40e2eb2,492669b46f4cb6543f5fa3b38ce9081388c10c3549dc2ac7b51860490588b4c1,0.2857142857142857,0.05,0.0,0,0.09545454545454546,21,21,0,220,0.16691179998451844,47.20000000000014,0.14292207792207792,False,0.0,21.0,4.0,25,21,0.0,0.605431363907304,220,False,True,,2026-07-29T17:17:44.437503+00:00,2026-07-29T17:17:44.605008+00:00,True
small-high-n0.2-riskshield_ppo-s4-831e126d15ec,small,10,high,0.07,0.2,RiskShield-PPO,4,artifacts/final_submission/riskshield_ppo/best_model.zip,d6c91caeb9bb10db866cbfe947ef1cc3db0ea8dc7470d098c9af6298ab75c812,k_step,66da6332362cbf876667b08f276bd50b7cdba93a73315a4f2302dc81e40e2eb2,831e126d15ecf6c103a429e39f5fb98cc4d503a125e8de4d270f487617f912eb,0.5714285714285714,0.08,0.0,0,0.05454545454545454,12,12,0,220,0.16941030000452884,51.200000000000216,0.2756483516483516,False,0.0,12.0,9.0,21,12,0.0,0.6184804558870383,220,False,True,,2026-07-29T17:17:44.608917+00:00,2026-07-29T17:17:44.778713+00:00,True
small-high-n0.2-riskshield_ppo-s5-5758046af71c,small,10,high,0.07,0.2,RiskShield-PPO,5,artifacts/final_submission/riskshield_ppo/best_model.zip,d6c91caeb9bb10db866cbfe947ef1cc3db0ea8dc7470d098c9af6298ab75c812,k_step,66da6332362cbf876667b08f276bd50b7cdba93a73315a4f2302dc81e40e2eb2,5758046af71c8e6c89e71dff9034425d702aa27fded4f06db7519c51599dba57,0.14285714285714285,0.03,0.0,0,0.01818181818181818,4,4,0,220,0.16706490001524799,46.40000000000013,0.12614285714285714,False,0.0,4.0,3.0,7,4,0.0,0.6076927290202796,220,False,True,,2026-07-29T17:17:44.781698+00:00,2026-07-29T17:17:44.949018+00:00,True
small-high-n0.2-riskshield_ppo-s6-3d1208a1f0b3,small,10,high,0.07,0.2,RiskShield-PPO,6,artifacts/final_submission/riskshield_ppo/best_model.zip,d6c91caeb9bb10db866cbfe947ef1cc3db0ea8dc7470d098c9af6298ab75c812,k_step,66da6332362cbf876667b08f276bd50b7cdba93a73315a4f2302dc81e40e2eb2,3d1208a1f0b3c7851704bcbcf7a7abc54d463ae35fe8a44a19b2116d65b708bb,0.14285714285714285,0.01,0.0,0,0.17727272727272728,39,39,0,220,0.16978579998249188,44.000000000000085,0.06764285714285714,False,0.0,39.0,0.0,39,39,0.0,0.6171118174362081,220,False,True,,2026-07-29T17:17:44.952019+00:00,2026-07-29T17:17:45.122158+00:00,True
small-high-n0.2-riskshield_ppo-s7-88c81ede7d0a,small,10,high,0.07,0.2,RiskShield-PPO,7,artifacts/final_submission/riskshield_ppo/best_model.zip,d6c91caeb9bb10db866cbfe947ef1cc3db0ea8dc7470d098c9af6298ab75c812,k_step,66da6332362cbf876667b08f276bd50b7cdba93a73315a4f2302dc81e40e2eb2,88c81ede7d0ae7c2c2dc9f6e1892e5936c99faf10f3ec9e22a5b8359db2f7707,0.2857142857142857,0.05,0.0,0,0.04090909090909091,9,9,0,220,0.17055530002107844,47.20000000000013,0.15928571428571428,False,0.0,9.0,4.0,13,9,0.0,0.6262154545931314,220,False,True,,2026-07-29T17:17:45.126152+00:00,2026-07-29T17:17:45.296708+00:00,True
small-high-n0.2-riskshield_ppo-s8-7280212bdaa0,small,10,high,0.07,0.2,RiskShield-PPO,8,artifacts/final_submission/riskshield_ppo/best_model.zip,d6c91caeb9bb10db866cbfe947ef1cc3db0ea8dc7470d098c9af6298ab75c812,k_step,66da6332362cbf876667b08f276bd50b7cdba93a73315a4f2302dc81e40e2eb2,7280212bdaa0a1adbe431cf0aca95b6b1494153dc349c7b13eb9f0dbc8aacffc,0.2857142857142857,0.09,0.0,0,0.02727272727272727,6,6,0,220,0.171375200006878,56.80000000000014,0.18414285714285716,False,0.0,6.0,16.0,22,6,0.0,0.6264740916032513,220,False,True,,2026-07-29T17:17:45.299715+00:00,2026-07-29T17:17:45.471621+00:00,True
small-high-n0.2-riskshield_ppo-s9-398334c0c8a0,small,10,high,0.07,0.2,RiskShield-PPO,9,artifacts/final_submission/riskshield_ppo/best_model.zip,d6c91caeb9bb10db866cbfe947ef1cc3db0ea8dc7470d098c9af6298ab75c812,k_step,66da6332362cbf876667b08f276bd50b7cdba93a73315a4f2302dc81e40e2eb2,398334c0c8a0c21b5da4730cd35d51da53a6560f850e44531389f4564a5f3ae2,0.0,0.03,0.0,0,0.031818181818181815,7,7,0,220,0.16901440001674928,47.200000000000145,0.0465,False,0.0,7.0,4.0,11,7,0.0,0.6203068184814501,220,False,True,,2026-07-29T17:17:45.474671+00:00,2026-07-29T17:17:45.644724+00:00,True
medium-low-n0.0-risk_aware_astar-s0-b41eb83b19e5,medium,14,low,0.03,0.0,risk_aware_astar,0,,,disabled,66da6332362cbf876667b08f276bd50b7cdba93a73315a4f2302dc81e40e2eb2,b41eb83b19e513d50743c390b04515c881fb5440de74f1aa79e75f89929e16b4,1.0,0.18877551020408162,0.0,0,0.0,0,0,0,46,0.013767399999778718,41.2,0.7566326530612245,True,1.0,0.0,40.0,0,0,0.0,0.21573043309415327,46,True,False,,2026-07-29T17:16:39.446725+00:00,2026-07-29T17:16:39.465723+00:00,True
medium-low-n0.0-risk_aware_astar-s1-43cc70cfad52,medium,14,low,0.03,0.0,risk_aware_astar,1,,,disabled,66da6332362cbf876667b08f276bd50b7cdba93a73315a4f2302dc81e40e2eb2,43cc70cfad52d6463d156d0c0637a2c83274568e791bf34287a3a58e787792fd,1.0,0.12755102040816327,0.0,0,0.0,0,0,0,43,0.015879400016274303,38.2,0.738265306122449,True,1.0,0.0,37.0,0,0,0.0,0.2857511626220806,43,True,False,,2026-07-29T17:16:39.451731+00:00,2026-07-29T17:16:39.494841+00:00,True
medium-low-n0.0-risk_aware_astar-s2-270c95126a9d,medium,14,low,0.03,0.0,risk_aware_astar,2,,,disabled,66da6332362cbf876667b08f276bd50b7cdba93a73315a4f2302dc81e40e2eb2,270c95126a9d072671789d25dd39618449f8905d588017f9a07faf6e26f335b7,1.0,0.15816326530612246,0.0,0,0.05128205128205128,2,2,0,39,0.012363900023046881,34.2,0.5474489795918368,True,1.0,2.0,33.0,0,0,0.0,0.23603846486180258,39,True,False,,2026-07-29T17:16:39.465723+00:00,2026-07-29T17:16:39.478729+00:00,True
medium-low-n0.0-risk_aware_astar-s3-abb9fdbf7838,medium,14,low,0.03,0.0,risk_aware_astar,3,,,disabled,66da6332362cbf876667b08f276bd50b7cdba93a73315a4f2302dc81e40e2eb2,abb9fdbf78382757b87e7ea3e28df37073d819888e22b8d0682e15e485930566,1.0,0.17857142857142858,0.0,0,0.018867924528301886,1,1,0,53,0.02617570001166314,48.2,0.6035714285714285,True,1.0,1.0,47.0,0,0,0.0,0.4072905658691559,53,True,False,,2026-07-29T17:16:39.478729+00:00,2026-07-29T17:16:39.541936+00:00,True
medium-low-n0.0-risk_aware_astar-s4-c6bf8cef21b6,medium,14,low,0.03,0.0,risk_aware_astar,4,,,disabled,66da6332362cbf876667b08f276bd50b7cdba93a73315a4f2302dc81e40e2eb2,c6bf8cef21b6ffde6c0eaaf9a5333ead43c786e58330da9e024ad1368e4093d1,1.0,0.11224489795918367,0.0,0,0.0,0,0,0,26,0.005395600019255653,22.8,0.7336734693877551,True,1.0,0.0,22.0,0,0,0.0,0.12921538459172902,26,True,False,,2026-07-29T17:16:39.494841+00:00,2026-07-29T17:16:39.500842+00:00,True
medium-low-n0.0-risk_aware_astar-s5-4fcbbf336558,medium,14,low,0.03,0.0,risk_aware_astar,5,,,disabled,66da6332362cbf876667b08f276bd50b7cdba93a73315a4f2302dc81e40e2eb2,4fcbbf33655870adaf99bd7b140064b1361d6c746a6265fa5a07c4dea508a25b,1.0,0.15816326530612246,0.0,0,0.07317073170731707,3,3,0,41,0.014790699991863221,36.2,0.5224489795918368,True,1.0,3.0,35.0,0,0,0.0,0.2719365868138195,41,True,False,,2026-07-29T17:16:39.500842+00:00,2026-07-29T17:16:39.515919+00:00,True
medium-low-n0.0-risk_aware_astar-s6-fa5c8c783167,medium,14,low,0.03,0.0,risk_aware_astar,6,,,disabled,66da6332362cbf876667b08f276bd50b7cdba93a73315a4f2302dc81e40e2eb2,fa5c8c7831671408da84ba6b921e2b6970509182860f06cf69fc66040efe23c2,1.0,0.16326530612244897,0.0,0,0.0,0,0,0,50,0.020039199996972457,45.2,0.7489795918367347,True,1.0,0.0,44.0,0,0,0.0,0.3124880010727793,50,True,False,,2026-07-29T17:16:39.515919+00:00,2026-07-29T17:16:39.585279+00:00,True
medium-low-n0.0-risk_aware_astar-s7-0ca622a526f6,medium,14,low,0.03,0.0,risk_aware_astar,7,,,disabled,66da6332362cbf876667b08f276bd50b7cdba93a73315a4f2302dc81e40e2eb2,0ca622a526f6e47f66ef9734fdde631870563b9dff7072b0cfb1f9647c56c489,1.0,0.11224489795918367,0.0,0,0.0,0,0,0,37,0.013651999994181097,32.199999999999996,0.7336734693877551,True,1.0,0.0,31.0,0,0,0.0,0.2873702670095136,37,True,False,,2026-07-29T17:16:39.541936+00:00,2026-07-29T17:16:39.599396+00:00,True
medium-low-n0.0-risk_aware_astar-s8-eb4dad0ad74a,medium,14,low,0.03,0.0,risk_aware_astar,8,,,disabled,66da6332362cbf876667b08f276bd50b7cdba93a73315a4f2302dc81e40e2eb2,eb4dad0ad74a78dfd79d8bacc1c75441de827dbc031e48e53f5359b194022e2a,1.0,0.15306122448979592,0.0,0,0.038461538461538464,2,2,0,52,0.018923399999039248,47.2,0.5459183673469388,True,1.0,2.0,46.0,0,0,0.0,0.2832923100168745,52,True,False,,2026-07-29T17:16:39.554816+00:00,2026-07-29T17:16:39.743738+00:00,True
medium-low-n0.0-risk_aware_astar-s9-bbc8e5b1b3ae,medium,14,low,0.03,0.0,risk_aware_astar,9,,,disabled,66da6332362cbf876667b08f276bd50b7cdba93a73315a4f2302dc81e40e2eb2,bbc8e5b1b3aeefa3fd774da18a85415dc8967136e9d806e24e860befe425ae0b,1.0,0.1683673469387755,0.0,0,0.0,0,0,0,43,0.01364419999299571,38.2,0.7505102040816327,True,1.0,0.0,37.0,0,0,0.0,0.23893488579169783,43,True,False,,2026-07-29T17:16:39.564816+00:00,2026-07-29T17:16:39.630770+00:00,True
medium-low-n0.0-frontier_exploration-s0-a04f4943ee8f,medium,14,low,0.03,0.0,frontier_exploration,0,,,disabled,66da6332362cbf876667b08f276bd50b7cdba93a73315a4f2302dc81e40e2eb2,a04f4943ee8f6cbae5e7cd0afc20455da5a207d2493bf6e887f704651a0c5bf9,1.0,0.6224489795918368,0.0,0,0.0,0,0,0,210,0.049903899984201416,205.2,0.7367346938775511,True,1.0,1.0,204.0,0,0,0.0,0.15460952348630166,210,True,False,,2026-07-29T17:16:39.585279+00:00,2026-07-29T17:16:39.680759+00:00,True
medium-low-n0.0-frontier_exploration-s1-f228f3b04094,medium,14,low,0.03,0.0,frontier_exploration,1,,,disabled,66da6332362cbf876667b08f276bd50b7cdba93a73315a4f2302dc81e40e2eb2,f228f3b04094c34575be6507ffc74e2737ed36b191694f43f98e7dce5ad58351,1.0,0.3520408163265306,0.0,0,0.0,0,0,0,83,0.016274800000246614,79.00000000000001,0.8056122448979592,True,1.0,0.0,78.0,0,0,0.0,0.11515060119914362,83,True,False,,2026-07-29T17:16:39.599396+00:00,2026-07-29T17:16:39.615656+00:00,True
medium-low-n0.0-frontier_exploration-s2-110cfe36a833,medium,14,low,0.03,0.0,frontier_exploration,2,,,disabled,66da6332362cbf876667b08f276bd50b7cdba93a73315a4f2302dc81e40e2eb2,110cfe36a8338573a5eb45090fb5f8b9efff59ceff3a2a679d0d19edb11f1649,1.0,0.34183673469387754,0.0,0,0.0,0,0,0,84,0.015978699986590073,79.2,0.8025510204081632,True,1.0,0.0,78.0,0,0,0.0,0.1126988077192523,84,True,False,,2026-07-29T17:16:39.615656+00:00,2026-07-29T17:16:40.099258+00:00,True
medium-low-n0.0-frontier_exploration-s3-b36212d34421,medium,14,low,0.03,0.0,frontier_exploration,3,,,disabled,66da6332362cbf876667b08f276bd50b7cdba93a73315a4f2302dc81e40e2eb2,b36212d34421e273ece961f53eb06c0ab7ed99b82084c58ce8009d447537a413,1.0,0.5867346938775511,0.0,0,0.0,0,0,0,177,0.04273429999011569,172.2,0.7260204081632654,True,1.0,1.0,171.0,0,0,0.0,0.15738700522441354,177,True,False,,2026-07-29T17:16:39.630770+00:00,2026-07-29T17:16:39.723707+00:00,True
medium-low-n0.0-frontier_exploration-s4-490a482ad6ca,medium,14,low,0.03,0.0,frontier_exploration,4,,,disabled,66da6332362cbf876667b08f276bd50b7cdba93a73315a4f2302dc81e40e2eb2,490a482ad6ca05e1d2fc2a8e1927aa106a290cc7099d95dbaf0cc1e242baf4e7,1.0,0.42346938775510207,0.0,0,0.0,0,0,0,120,0.024570399982621893,116.80000000000001,0.8270408163265306,True,1.0,0.0,116.0,0,0,0.0,0.12437416711084855,120,True,False,,2026-07-29T17:16:39.680759+00:00,2026-07-29T17:16:39.981877+00:00,True
medium-low-n0.0-frontier_exploration-s5-4f3cac769608,medium,14,low,0.03,0.0,frontier_exploration,5,,,disabled,66da6332362cbf876667b08f276bd50b7cdba93a73315a4f2302dc81e40e2eb2,4f3cac769608aef6bd12b1375cf2553f86b4b19316617c937f2ebaca25a5badd,1.0,0.6020408163265306,0.0,0,0.01762114537444934,4,4,0,227,0.05707999999867752,222.2,0.6306122448979592,True,1.0,5.0,221.0,0,0,0.0,0.16636784123831186,227,True,False,,2026-07-29T17:16:39.723707+00:00,2026-07-29T17:16:39.879364+00:00,True
medium-low-n0.0-frontier_exploration-s6-bedecf05aea7,medium,14,low,0.03,0.0,frontier_exploration,6,,,disabled,66da6332362cbf876667b08f276bd50b7cdba93a73315a4f2302dc81e40e2eb2,bedecf05aea7d706fd3ddc6d12b25ceefe3354c88a715d26b7baa2badaf9d147,1.0,0.3877551020408163,0.0,0,0.0,0,0,0,92,0.017789000004995614,87.2,0.8163265306122449,True,1.0,0.0,86.0,0,0,0.0,0.11264565198317818,92,True,False,,2026-07-29T17:16:39.743738+00:00,2026-07-29T17:16:39.761793+00:00,True
medium-low-n0.0-frontier_exploration-s7-8395371bae9a,medium,14,low,0.03,0.0,frontier_exploration,7,,,disabled,66da6332362cbf876667b08f276bd50b7cdba93a73315a4f2302dc81e40e2eb2,8395371bae9afdb02a8ab43dacdd9dc08b2bcf8e94cedc34b88f0191a0dac17f,1.0,0.6071428571428571,0.0,0,0.0,0,0,0,169,0.03370100000756793,164.2,0.8821428571428571,True,1.0,0.0,163.0,0,0,0.0,0.11531715921936392,169,True,False,,2026-07-29T17:16:39.761793+00:00,2026-07-29T17:16:39.795858+00:00,True
medium-low-n0.0-frontier_exploration-s8-8ebe67b11622,medium,14,low,0.03,0.0,frontier_exploration,8,,,disabled,66da6332362cbf876667b08f276bd50b7cdba93a73315a4f2302dc81e40e2eb2,8ebe67b11622fb1901893c5a8ea0ee00e8264b945d264c3e1bdaaff05db9aa9a,1.0,0.7142857142857143,0.0,0,0.0,0,0,0,254,0.14488710000296123,249.2,0.8142857142857143,True,1.0,0.5,248.0,0,0,0.0,0.1689673234813106,254,True,False,,2026-07-29T17:16:39.795858+00:00,2026-07-29T17:16:39.940876+00:00,True
medium-low-n0.0-frontier_exploration-s9-188d82cda03f,medium,14,low,0.03,0.0,frontier_exploration,9,,,disabled,66da6332362cbf876667b08f276bd50b7cdba93a73315a4f2302dc81e40e2eb2,188d82cda03f0117f320b97b4e9a55827a706fda96e4320a7369e201318f10a0,1.0,0.45918367346938777,0.0,0,0.0,0,0,0,108,0.020272099995054305,103.20000000000002,0.8377551020408163,True,1.0,0.0,102.0,0,0,0.0,0.10657592442671389,108,True,False,,2026-07-29T17:16:39.879364+00:00,2026-07-29T17:16:39.900368+00:00,True
medium-low-n0.0-ppo-s0-6323c9115aa6,medium,14,low,0.03,0.0,PPO,0,artifacts/final_submission/ppo/best_model.zip,7c54226fc8927d7ef7fcdc7d5f3ff29b11fa8d1463293a9d8e3b6bebad84cc11,disabled,66da6332362cbf876667b08f276bd50b7cdba93a73315a4f2302dc81e40e2eb2,6323c9115aa6f0bfd635b60f9dd67c69f1fddfc62e109d0dceb880c46015cb81,0.0,0.02040816326530612,1.0,114,0.01948051948051948,6,6,0,308,0.23020639998139814,155.19999999999996,0.008601787822567042,False,0.0,120.0,3.0,0,0,0.0,0.6204691550931772,308,False,True,,2026-07-29T17:17:45.647625+00:00,2026-07-29T17:17:45.877385+00:00,True
medium-low-n0.0-ppo-s1-e70d9d895afc,medium,14,low,0.03,0.0,PPO,1,artifacts/final_submission/ppo/best_model.zip,7c54226fc8927d7ef7fcdc7d5f3ff29b11fa8d1463293a9d8e3b6bebad84cc11,disabled,66da6332362cbf876667b08f276bd50b7cdba93a73315a4f2302dc81e40e2eb2,e70d9d895afc05b11281d6ad6a5eb28571542fa203d143d21b92ce3f6f75e84a,0.0,0.00510204081632653,0.0,0,1.0,308,308,0,308,0.23207880000700243,61.600000000000335,0.002501486031305726,False,0.0,308.0,0.0,0,0,0.0,0.62679577797996,308,False,True,,2026-07-29T17:17:45.882104+00:00,2026-07-29T17:17:46.114996+00:00,True
medium-low-n0.0-ppo-s2-48ab37d03516,medium,14,low,0.03,0.0,PPO,2,artifacts/final_submission/ppo/best_model.zip,7c54226fc8927d7ef7fcdc7d5f3ff29b11fa8d1463293a9d8e3b6bebad84cc11,disabled,66da6332362cbf876667b08f276bd50b7cdba93a73315a4f2302dc81e40e2eb2,48ab37d03516c0a40fd6a3883a7c57f0731cb0ff163d3c78f8512847da93c29c,0.16666666666666666,0.00510204081632653,0.0,0,0.11038961038961038,34,34,0,308,0.2339096000068821,61.600000000000335,0.0767687074829932,False,0.0,34.0,0.0,0,0,0.0,0.6318292214857208,308,False,True,,2026-07-29T17:17:46.118029+00:00,2026-07-29T17:17:46.352318+00:00,True
medium-low-n0.0-ppo-s3-7ce012eca124,medium,14,low,0.03,0.0,PPO,3,artifacts/final_submission/ppo/best_model.zip,7c54226fc8927d7ef7fcdc7d5f3ff29b11fa8d1463293a9d8e3b6bebad84cc11,disabled,66da6332362cbf876667b08f276bd50b7cdba93a73315a4f2302dc81e40e2eb2,7ce012eca1248d65fc14aba076942ba264b7a48a76e5f8895b10c17027e47f5b,0.16666666666666666,0.00510204081632653,0.0,0,0.045454545454545456,14,14,0,308,0.2313127999950666,61.600000000000335,0.08819727891156463,False,0.0,14.0,0.0,0,0,0.0,0.6258198064441987,308,False,True,,2026-07-29T17:17:46.356284+00:00,2026-07-29T17:17:46.588696+00:00,True
medium-low-n0.0-ppo-s4-0c3b89827813,medium,14,low,0.03,0.0,PPO,4,artifacts/final_submission/ppo/best_model.zip,7c54226fc8927d7ef7fcdc7d5f3ff29b11fa8d1463293a9d8e3b6bebad84cc11,disabled,66da6332362cbf876667b08f276bd50b7cdba93a73315a4f2302dc81e40e2eb2,0c3b898278132b350e6facc204fb776e3f2de7be34d0ac4af55ae0198f544b8c,0.5,0.00510204081632653,0.0,0,0.03896103896103896,12,12,0,308,0.23476469999877736,61.600000000000335,0.22460753532182104,False,0.0,12.0,0.0,0,0,0.0,0.637000973197305,308,False,True,,2026-07-29T17:17:46.591718+00:00,2026-07-29T17:17:46.827226+00:00,True
medium-low-n0.0-ppo-s5-028ace94ad6c,medium,14,low,0.03,0.0,PPO,5,artifacts/final_submission/ppo/best_model.zip,7c54226fc8927d7ef7fcdc7d5f3ff29b11fa8d1463293a9d8e3b6bebad84cc11,disabled,66da6332362cbf876667b08f276bd50b7cdba93a73315a4f2302dc81e40e2eb2,028ace94ad6c46445e902e574ba85c786f661063e1ec4c8c7d849d54808676b0,0.16666666666666666,0.00510204081632653,0.0,0,0.0,0,0,0,308,0.23539919999893755,61.600000000000335,0.3681972789115646,False,0.0,0.0,0.0,0,0,0.0,0.6380097408757799,308,False,True,,2026-07-29T17:17:46.831204+00:00,2026-07-29T17:17:47.067151+00:00,True
medium-low-n0.0-ppo-s6-4f41795ce910,medium,14,low,0.03,0.0,PPO,6,artifacts/final_submission/ppo/best_model.zip,7c54226fc8927d7ef7fcdc7d5f3ff29b11fa8d1463293a9d8e3b6bebad84cc11,disabled,66da6332362cbf876667b08f276bd50b7cdba93a73315a4f2302dc81e40e2eb2,4f41795ce910c712deaaf200aa73f6eea1a9ad6d7f8f8ae713c8e5b3a232a3d7,0.0,0.02040816326530612,0.0,0,0.11363636363636363,35,35,0,308,0.23466929999995045,64.00000000000037,0.014455782312925169,False,0.0,35.0,3.0,0,0,0.0,0.6297311689644182,308,False,True,,2026-07-29T17:17:47.070061+00:00,2026-07-29T17:17:47.305771+00:00,True
medium-low-n0.0-ppo-s7-c51899824849,medium,14,low,0.03,0.0,PPO,7,artifacts/final_submission/ppo/best_model.zip,7c54226fc8927d7ef7fcdc7d5f3ff29b11fa8d1463293a9d8e3b6bebad84cc11,disabled,66da6332362cbf876667b08f276bd50b7cdba93a73315a4f2302dc81e40e2eb2,c51899824849b6742b38a9bd2c454b1c8e687271568fcee3e3c9f57da72ec4bf,0.0,0.00510204081632653,0.0,0,0.0,0,0,0,308,0.23544710001442581,61.600000000000335,0.30153061224489797,False,0.0,0.0,0.0,0,0,0.0,0.6328172075173624,308,False,True,,2026-07-29T17:17:47.308672+00:00,2026-07-29T17:17:47.544438+00:00,True
medium-low-n0.0-ppo-s8-b7481078f08f,medium,14,low,0.03,0.0,PPO,8,artifacts/final_submission/ppo/best_model.zip,7c54226fc8927d7ef7fcdc7d5f3ff29b11fa8d1463293a9d8e3b6bebad84cc11,disabled,66da6332362cbf876667b08f276bd50b7cdba93a73315a4f2302dc81e40e2eb2,b7481078f08fb132771e645a4f144505155aa8347042d01799bc658fbbaffc37,0.0,0.00510204081632653,0.0,0,0.09090909090909091,28,28,0,308,0.23277120001148432,61.600000000000335,0.011875439831104855,False,0.0,28.0,0.0,0,0,0.0,0.6306275976526963,308,False,True,,2026-07-29T17:17:47.549454+00:00,2026-07-29T17:17:47.782749+00:00,True
medium-low-n0.0-ppo-s9-12a2a85fe253,medium,14,low,0.03,0.0,PPO,9,artifacts/final_submission/ppo/best_model.zip,7c54226fc8927d7ef7fcdc7d5f3ff29b11fa8d1463293a9d8e3b6bebad84cc11,disabled,66da6332362cbf876667b08f276bd50b7cdba93a73315a4f2302dc81e40e2eb2,12a2a85fe25311097599537e98a1959e08767f5a12330fcd9e474b669167a014,0.0,0.00510204081632653,0.0,0,0.0,0,0,0,308,0.2319595000008121,61.600000000000335,0.30153061224489797,False,0.0,0.0,0.0,0,0,0.0,0.6276097393582587,308,False,True,,2026-07-29T17:17:47.786856+00:00,2026-07-29T17:17:48.019618+00:00,True
medium-low-n0.0-sac-s0-88f4138f7d9f,medium,14,low,0.03,0.0,SAC,0,artifacts/final_submission/sac/best_model.zip,78fe38fcc78df0ba8f98bd07af373848833876e7ec5ddf1486cec9a3cd9ba44c,disabled,66da6332362cbf876667b08f276bd50b7cdba93a73315a4f2302dc81e40e2eb2,88f4138f7d9fa3543a4d2a43e982c125f1a92e825bc6268610180349eca2c385,0.0,0.015306122448979591,0.0,0,0.5,154,154,0,308,0.26719869999215007,308.0,0.0065273206056616195,False,0.0,154.0,308.0,0,0,0.0,0.7309496742726135,308,False,True,,2026-07-29T17:17:48.023621+00:00,2026-07-29T17:17:48.290847+00:00,True
medium-low-n0.0-sac-s1-b018b677d8ba,medium,14,low,0.03,0.0,SAC,1,artifacts/final_submission/sac/best_model.zip,78fe38fcc78df0ba8f98bd07af373848833876e7ec5ddf1486cec9a3cd9ba44c,disabled,66da6332362cbf876667b08f276bd50b7cdba93a73315a4f2302dc81e40e2eb2,b018b677d8ba82ba8909be2a4d9004a61991ae4cf8a62bc90eb99500121e1469,0.0,0.00510204081632653,0.0,0,1.0,308,308,0,308,0.2602325999760069,61.600000000000335,0.002501486031305726,False,0.0,308.0,0.0,0,0,0.0,0.7101571449689422,308,False,True,,2026-07-29T17:17:48.294181+00:00,2026-07-29T17:17:48.555770+00:00,True
medium-low-n0.0-sac-s2-c8da813050f4,medium,14,low,0.03,0.0,SAC,2,artifacts/final_submission/sac/best_model.zip,78fe38fcc78df0ba8f98bd07af373848833876e7ec5ddf1486cec9a3cd9ba44c,disabled,66da6332362cbf876667b08f276bd50b7cdba93a73315a4f2302dc81e40e2eb2,c8da813050f4a18665912d3f3c75e8fe6498d7e12df6b27f9bf5f4b9959c3aeb,0.0,0.02040816326530612,1.0,305,0.0,0,280,280,308,0.23997219998273067,308.0,0.006634394372083304,False,0.0,585.0,3.0,0,0,0.0,0.647344805833932,308,False,True,,2026-07-29T17:17:48.559770+00:00,2026-07-29T17:17:48.799996+00:00,True
medium-low-n0.0-sac-s3-12ebd6662838,medium,14,low,0.03,0.0,SAC,3,artifacts/final_submission/sac/best_model.zip,78fe38fcc78df0ba8f98bd07af373848833876e7ec5ddf1486cec9a3cd9ba44c,disabled,66da6332362cbf876667b08f276bd50b7cdba93a73315a4f2302dc81e40e2eb2,12ebd6662838e8c814477830552ea396b89ae81cc6a59af6456145a7049d76b9,0.0,0.04081632653061224,0.0,0,0.0,0,0,0,308,0.23243340000044554,308.0,0.31224489795918364,False,0.0,0.0,308.0,0,0,0.0,0.6226120125834963,308,False,True,,2026-07-29T17:17:48.802997+00:00,2026-07-29T17:17:49.036023+00:00,True
medium-low-n0.0-sac-s4-90eea466a844,medium,14,low,0.03,0.0,SAC,4,artifacts/final_submission/sac/best_model.zip,78fe38fcc78df0ba8f98bd07af373848833876e7ec5ddf1486cec9a3cd9ba44c,disabled,66da6332362cbf876667b08f276bd50b7cdba93a73315a4f2302dc81e40e2eb2,90eea466a844fe7b48d79b7fa7b26e2ddb1f44d5165842c260b97fae0b4938ad,0.5,0.015306122448979591,0.0,0,0.00974025974025974,3,3,0,308,0.23645029999897815,63.200000000000365,0.2795918367346939,False,0.0,3.0,2.0,0,0,0.0,0.6306577922153443,308,False,True,,2026-07-29T17:17:49.040022+00:00,2026-07-29T17:17:49.276954+00:00,True
medium-low-n0.0-sac-s5-83f64d990fbc,medium,14,low,0.03,0.0,SAC,5,artifacts/final_submission/sac/best_model.zip,78fe38fcc78df0ba8f98bd07af373848833876e7ec5ddf1486cec9a3cd9ba44c,disabled,66da6332362cbf876667b08f276bd50b7cdba93a73315a4f2302dc81e40e2eb2,83f64d990fbc04069fc63db97612f3a09d3b9da1a972e0a49acc8c2ffed212a8,0.0,0.015306122448979591,0.0,0,0.0,0,0,0,308,0.23305069998605177,308.0,0.30459183673469387,False,0.0,0.0,308.0,0,0,0.0,0.6181564936663823,308,False,True,,2026-07-29T17:17:49.279954+00:00,2026-07-29T17:17:49.513693+00:00,True
medium-low-n0.0-sac-s6-b15829c2f00d,medium,14,low,0.03,0.0,SAC,6,artifacts/final_submission/sac/best_model.zip,78fe38fcc78df0ba8f98bd07af373848833876e7ec5ddf1486cec9a3cd9ba44c,disabled,66da6332362cbf876667b08f276bd50b7cdba93a73315a4f2302dc81e40e2eb2,b15829c2f00d3797faa562e9b72c8bb31454689c631041ea104c6b51878e157a,0.16666666666666666,0.09693877551020408,1.0,46,0.11688311688311688,36,36,0,308,0.23440379998646677,168.00000000000006,0.0993627571510532,False,0.0,82.0,87.0,0,0,0.0,0.6223126635289533,308,False,True,,2026-07-29T17:17:49.516709+00:00,2026-07-29T17:17:49.752035+00:00,True
medium-low-n0.0-sac-s7-4cf0050c6ad5,medium,14,low,0.03,0.0,SAC,7,artifacts/final_submission/sac/best_model.zip,78fe38fcc78df0ba8f98bd07af373848833876e7ec5ddf1486cec9a3cd9ba44c,disabled,66da6332362cbf876667b08f276bd50b7cdba93a73315a4f2302dc81e40e2eb2,4cf0050c6ad5dca073ed50647f1b9dffa45c8aef917d0eb728627019cb88bf1d,0.0,0.04081632653061224,1.0,4,0.8409090909090909,259,259,0,308,0.23849700001301244,132.00000000000034,0.01338126159554731,False,0.0,263.0,84.0,0,0,0.0,0.6338662329748237,308,False,True,,2026-07-29T17:17:49.756036+00:00,2026-07-29T17:17:49.994972+00:00,True
medium-low-n0.0-sac-s8-82db10c0032e,medium,14,low,0.03,0.0,SAC,8,artifacts/final_submission/sac/best_model.zip,78fe38fcc78df0ba8f98bd07af373848833876e7ec5ddf1486cec9a3cd9ba44c,disabled,66da6332362cbf876667b08f276bd50b7cdba93a73315a4f2302dc81e40e2eb2,82db10c0032edae0bdfb1f1b667cfffe52313f6ad39d64bcd13c562bfc38d08e,0.0,0.061224489795918366,1.0,1,0.7045454545454546,217,217,0,308,0.23871259999577887,124.80000000000064,0.01970068027210884,False,0.0,224.0,78.0,0,0,0.0,0.6326347398239055,308,False,True,,2026-07-29T17:17:49.998968+00:00,2026-07-29T17:17:50.238014+00:00,True
medium-low-n0.0-sac-s9-dac41b2d208c,medium,14,low,0.03,0.0,SAC,9,artifacts/final_submission/sac/best_model.zip,78fe38fcc78df0ba8f98bd07af373848833876e7ec5ddf1486cec9a3cd9ba44c,disabled,66da6332362cbf876667b08f276bd50b7cdba93a73315a4f2302dc81e40e2eb2,dac41b2d208c421b4db9d7c2b897bbcc14fb1b5c38bbb42c778c5a1a8c8d2e96,0.0,0.04081632653061224,0.0,0,0.0,0,2,2,308,0.23962849998497404,78.40000000000028,0.11224489795918366,False,0.0,2.0,21.0,0,0,0.0,0.6421386361025371,308,False,True,,2026-07-29T17:17:50.242014+00:00,2026-07-29T17:17:50.482379+00:00,True
medium-low-n0.0-riskshield_ppo-s0-cc7755c98a02,medium,14,low,0.03,0.0,RiskShield-PPO,0,artifacts/final_submission/riskshield_ppo/best_model.zip,d6c91caeb9bb10db866cbfe947ef1cc3db0ea8dc7470d098c9af6298ab75c812,k_step,66da6332362cbf876667b08f276bd50b7cdba93a73315a4f2302dc81e40e2eb2,cc7755c98a02db8a62c2f77b60852d115c2ba3d49e7f77bcf3e2588495c069b3,0.16666666666666666,0.01020408163265306,0.0,0,0.03571428571428571,11,11,0,308,0.24899170000571758,62.40000000000033,0.09472789115646257,False,0.0,11.0,1.0,12,11,0.0,0.645700973487314,308,False,True,,2026-07-29T17:17:50.486924+00:00,2026-07-29T17:17:50.736450+00:00,True
medium-low-n0.0-riskshield_ppo-s1-0954fd0a53c1,medium,14,low,0.03,0.0,RiskShield-PPO,1,artifacts/final_submission/riskshield_ppo/best_model.zip,d6c91caeb9bb10db866cbfe947ef1cc3db0ea8dc7470d098c9af6298ab75c812,k_step,66da6332362cbf876667b08f276bd50b7cdba93a73315a4f2302dc81e40e2eb2,0954fd0a53c1a3b857aaf8777d2985d683621a9553b162c6827c3adef6cc0514,0.0,0.05612244897959184,0.0,0,0.003246753246753247,1,1,0,308,0.254266199975973,76.80000000000045,0.16683673469387755,False,0.0,1.0,19.0,20,1,0.0,0.6572022736820925,308,False,True,,2026-07-29T17:17:50.739450+00:00,2026-07-29T17:17:50.994391+00:00,True
medium-low-n0.0-riskshield_ppo-s2-ed10773a8784,medium,14,low,0.03,0.0,RiskShield-PPO,2,artifacts/final_submission/riskshield_ppo/best_model.zip,d6c91caeb9bb10db866cbfe947ef1cc3db0ea8dc7470d098c9af6298ab75c812,k_step,66da6332362cbf876667b08f276bd50b7cdba93a73315a4f2302dc81e40e2eb2,ed10773a878446d334e65788c1585d29b01d13224638965f1d4d3b7f5b351667,0.16666666666666666,0.030612244897959183,0.0,0,0.0,0,0,0,308,0.250138400006108,65.60000000000035,0.3758503401360544,False,0.0,0.0,5.0,5,0,0.0,0.6475399342605953,308,False,True,,2026-07-29T17:17:50.997585+00:00,2026-07-29T17:17:51.248237+00:00,True
medium-low-n0.0-riskshield_ppo-s3-1e4fb31d34ce,medium,14,low,0.03,0.0,RiskShield-PPO,3,artifacts/final_submission/riskshield_ppo/best_model.zip,d6c91caeb9bb10db866cbfe947ef1cc3db0ea8dc7470d098c9af6298ab75c812,k_step,66da6332362cbf876667b08f276bd50b7cdba93a73315a4f2302dc81e40e2eb2,1e4fb31d34ce02ae00e7040c54d9b9242cade25c0b0df6b638853f55ea98d597,0.16666666666666666,0.05612244897959184,0.0,0,0.0,0,0,0,308,0.2502972999936901,76.00000000000028,0.38350340136054417,False,0.0,0.0,18.0,18,0,0.0,0.64671883110468,308,False,True,,2026-07-29T17:17:51.251593+00:00,2026-07-29T17:17:51.502597+00:00,True
medium-low-n0.0-riskshield_ppo-s4-fa9ba971bc5b,medium,14,low,0.03,0.0,RiskShield-PPO,4,artifacts/final_submission/riskshield_ppo/best_model.zip,d6c91caeb9bb10db866cbfe947ef1cc3db0ea8dc7470d098c9af6298ab75c812,k_step,66da6332362cbf876667b08f276bd50b7cdba93a73315a4f2302dc81e40e2eb2,fa9ba971bc5beaeee09a7e7165a8b3f418a296b5b2e5b51e82fe01660b468071,0.5,0.02040816326530612,0.0,0,0.016233766233766232,5,5,0,308,0.24598489998606965,68.00000000000034,0.25612244897959185,False,0.0,5.0,8.0,13,5,0.0,0.6351431817732534,308,False,True,,2026-07-29T17:17:51.505380+00:00,2026-07-29T17:17:51.752396+00:00,True
medium-low-n0.0-riskshield_ppo-s5-6ee085a1d4a7,medium,14,low,0.03,0.0,RiskShield-PPO,5,artifacts/final_submission/riskshield_ppo/best_model.zip,d6c91caeb9bb10db866cbfe947ef1cc3db0ea8dc7470d098c9af6298ab75c812,k_step,66da6332362cbf876667b08f276bd50b7cdba93a73315a4f2302dc81e40e2eb2,6ee085a1d4a78b13d1dee51e7a2321d73aa0a122e84b0051a0ff98bfd779d8b2,0.16666666666666666,0.00510204081632653,0.0,0,0.0,0,0,0,308,0.2512323999835644,61.600000000000335,0.3681972789115646,False,0.0,0.0,0.0,0,0,0.0,0.6502068187858511,308,False,True,,2026-07-29T17:17:51.755859+00:00,2026-07-29T17:17:52.007370+00:00,True
medium-low-n0.0-riskshield_ppo-s6-e166ef67a403,medium,14,low,0.03,0.0,RiskShield-PPO,6,artifacts/final_submission/riskshield_ppo/best_model.zip,d6c91caeb9bb10db866cbfe947ef1cc3db0ea8dc7470d098c9af6298ab75c812,k_step,66da6332362cbf876667b08f276bd50b7cdba93a73315a4f2302dc81e40e2eb2,e166ef67a403c9d219a411fc31b8fdf0bc233ac5f4cca29cc7d48df0ad5d5eeb,0.16666666666666666,0.03571428571428571,0.0,0,0.0,0,0,0,308,0.24900189999607392,66.40000000000036,0.3773809523809524,False,0.0,0.0,6.0,6,0,0.0,0.6405987004619454,308,False,True,,2026-07-29T17:17:52.010562+00:00,2026-07-29T17:17:52.259803+00:00,True
medium-low-n0.0-riskshield_ppo-s7-5d39c6f5e3c1,medium,14,low,0.03,0.0,RiskShield-PPO,7,artifacts/final_submission/riskshield_ppo/best_model.zip,d6c91caeb9bb10db866cbfe947ef1cc3db0ea8dc7470d098c9af6298ab75c812,k_step,66da6332362cbf876667b08f276bd50b7cdba93a73315a4f2302dc81e40e2eb2,5d39c6f5e3c1ae27219cafc851ab0a0d4174cbb153927c6b0f403894b9eb8d94,0.0,0.00510204081632653,0.0,0,0.0,0,0,0,308,0.25516120000975206,61.600000000000335,0.30153061224489797,False,0.0,0.0,0.0,0,0,0.0,0.6605519475823558,308,False,True,,2026-07-29T17:17:52.263436+00:00,2026-07-29T17:17:52.519491+00:00,True
medium-low-n0.0-riskshield_ppo-s8-f04a38a84ad0,medium,14,low,0.03,0.0,RiskShield-PPO,8,artifacts/final_submission/riskshield_ppo/best_model.zip,d6c91caeb9bb10db866cbfe947ef1cc3db0ea8dc7470d098c9af6298ab75c812,k_step,66da6332362cbf876667b08f276bd50b7cdba93a73315a4f2302dc81e40e2eb2,f04a38a84ad0a877c64923c36ae69bd227814346b9268b4ee3505ef6a1fbcaad,0.0,0.05102040816326531,0.0,0,0.016233766233766232,5,5,0,308,0.24690940001164563,70.4000000000005,0.06530612244897958,False,0.0,5.0,11.0,16,5,0.0,0.6357532454950904,308,False,True,,2026-07-29T17:17:52.523491+00:00,2026-07-29T17:17:52.771390+00:00,True
medium-low-n0.0-riskshield_ppo-s9-0107b8a7438c,medium,14,low,0.03,0.0,RiskShield-PPO,9,artifacts/final_submission/riskshield_ppo/best_model.zip,d6c91caeb9bb10db866cbfe947ef1cc3db0ea8dc7470d098c9af6298ab75c812,k_step,66da6332362cbf876667b08f276bd50b7cdba93a73315a4f2302dc81e40e2eb2,0107b8a7438ce6947de7ea9ecc2556f1bcdb3a1994d697bebce691a86f63b8b2,0.0,0.00510204081632653,0.0,0,0.0,0,0,0,308,0.2484810999885667,61.600000000000335,0.30153061224489797,False,0.0,0.0,0.0,0,0,0.0,0.6451334411394782,308,False,True,,2026-07-29T17:17:52.774395+00:00,2026-07-29T17:17:53.023299+00:00,True
medium-low-n0.1-risk_aware_astar-s0-539a7357395c,medium,14,low,0.03,0.1,risk_aware_astar,0,,,disabled,66da6332362cbf876667b08f276bd50b7cdba93a73315a4f2302dc81e40e2eb2,539a7357395c8e6c7fcc9bf431ba6a602b3a38448f8ccd0279a45db1d7054f80,1.0,0.18877551020408162,0.0,0,0.0,0,0,0,46,0.09217459999490529,41.2,0.7566326530612245,True,1.0,0.0,40.0,0,0,0.0,0.20637391413481015,46,True,False,,2026-07-29T17:16:39.900368+00:00,2026-07-29T17:16:39.992878+00:00,True
medium-low-n0.1-risk_aware_astar-s1-8ec5a5379726,medium,14,low,0.03,0.1,risk_aware_astar,1,,,disabled,66da6332362cbf876667b08f276bd50b7cdba93a73315a4f2302dc81e40e2eb2,8ec5a5379726cccef87311ffa847a3a9d9e4876ac7ecc346a1c0227fe419c8f6,1.0,0.12755102040816327,0.0,0,0.0,0,0,0,43,0.015058799996040761,38.2,0.738265306122449,True,1.0,0.0,37.0,0,0,0.0,0.2727511610976572,43,True,False,,2026-07-29T17:16:39.940876+00:00,2026-07-29T17:16:39.956875+00:00,True
medium-low-n0.1-risk_aware_astar-s2-44cead82eb59,medium,14,low,0.03,0.1,risk_aware_astar,2,,,disabled,66da6332362cbf876667b08f276bd50b7cdba93a73315a4f2302dc81e40e2eb2,44cead82eb5928abc5031fbd37f1199740b80b729e0dc4595ad33409d6d29ffe,1.0,0.15816326530612246,0.0,0,0.05128205128205128,2,2,0,39,0.01286479999544099,34.2,0.5474489795918368,True,1.0,2.0,33.0,0,0,0.0,0.24634871918421525,39,True,False,,2026-07-29T17:16:39.956875+00:00,2026-07-29T17:16:40.047257+00:00,True
medium-low-n0.1-risk_aware_astar-s3-bec19e922b27,medium,14,low,0.03,0.1,risk_aware_astar,3,,,disabled,66da6332362cbf876667b08f276bd50b7cdba93a73315a4f2302dc81e40e2eb2,bec19e922b27e92136859ececf061a19b29374efcd64f32e70aef4104ad256f9,1.0,0.17857142857142858,0.0,0,0.018867924528301886,1,1,0,53,0.025444599974434823,48.2,0.6035714285714285,True,1.0,1.0,47.0,0,0,0.0,0.3968094336088606,53,True,False,,2026-07-29T17:16:39.981877+00:00,2026-07-29T17:16:40.018390+00:00,True
medium-low-n0.1-risk_aware_astar-s4-cb6ffb200db7,medium,14,low,0.03,0.1,risk_aware_astar,4,,,disabled,66da6332362cbf876667b08f276bd50b7cdba93a73315a4f2302dc81e40e2eb2,cb6ffb200db7f36b5f43759e319af097c47f716e34f4c28ef255a36a92dae5bd,1.0,0.11224489795918367,0.0,0,0.0,0,0,0,26,0.005548899993300438,22.8,0.7336734693877551,True,1.0,0.0,22.0,0,0,0.0,0.13178076971179017,26,True,False,,2026-07-29T17:16:39.992878+00:00,2026-07-29T17:16:40.068256+00:00,True
medium-low-n0.1-risk_aware_astar-s5-eea3a40dabbf,medium,14,low,0.03,0.1,risk_aware_astar,5,,,disabled,66da6332362cbf876667b08f276bd50b7cdba93a73315a4f2302dc81e40e2eb2,eea3a40dabbf6ffbe9e04d15d7fe181d3496cbb2f29fa0828b898ac73798320e,1.0,0.15816326530612246,0.0,0,0.07317073170731707,3,3,0,41,0.014797700016060844,36.2,0.5224489795918368,True,1.0,3.0,35.0,0,0,0.0,0.27478292581579855,41,True,False,,2026-07-29T17:16:40.018390+00:00,2026-07-29T17:16:40.033992+00:00,True
medium-low-n0.1-risk_aware_astar-s6-5c609db91053,medium,14,low,0.03,0.1,risk_aware_astar,6,,,disabled,66da6332362cbf876667b08f276bd50b7cdba93a73315a4f2302dc81e40e2eb2,5c609db91053e551f4dc21f16fbe0303f38a53b0d793ea30e7dbb0a6022efab6,1.0,0.16326530612244897,0.0,0,0.0,0,0,0,50,0.019085099978838116,45.2,0.7489795918367347,True,1.0,0.0,44.0,0,0,0.0,0.30084800149779767,50,True,False,,2026-07-29T17:16:40.033992+00:00,2026-07-29T17:16:40.224667+00:00,True
medium-low-n0.1-risk_aware_astar-s7-37bf963c250d,medium,14,low,0.03,0.1,risk_aware_astar,7,,,disabled,66da6332362cbf876667b08f276bd50b7cdba93a73315a4f2302dc81e40e2eb2,37bf963c250dc5b46aa548731b933faed99d037b1ecaf44c19ef0faba3415b9b,1.0,0.11224489795918367,0.0,0,0.0,0,0,0,37,0.01474040001630783,32.199999999999996,0.7336734693877551,True,1.0,0.0,31.0,0,0,0.0,0.3111054074661051,37,True,False,,2026-07-29T17:16:40.047257+00:00,2026-07-29T17:16:40.062257+00:00,True
medium-low-n0.1-risk_aware_astar-s8-03a05ca67549,medium,14,low,0.03,0.1,risk_aware_astar,8,,,disabled,66da6332362cbf876667b08f276bd50b7cdba93a73315a4f2302dc81e40e2eb2,03a05ca675498b285c9187810a5df2e668420baeda878f7cebfe8cc1bec2425f,1.0,0.15306122448979592,0.0,0,0.038461538461538464,2,2,0,52,0.01866810000501573,47.2,0.5459183673469388,True,1.0,2.0,46.0,0,0,0.0,0.2804134632102572,52,True,False,,2026-07-29T17:16:40.062257+00:00,2026-07-29T17:16:40.172154+00:00,True
medium-low-n0.1-risk_aware_astar-s9-bfd49e336008,medium,14,low,0.03,0.1,risk_aware_astar,9,,,disabled,66da6332362cbf876667b08f276bd50b7cdba93a73315a4f2302dc81e40e2eb2,bfd49e33600854e87d9ffbeeb86f5d8b023523de705c9059bb7396164aad2624,1.0,0.1683673469387755,0.0,0,0.0,0,0,0,43,0.013816499995300546,38.2,0.7505102040816327,True,1.0,0.0,37.0,0,0,0.0,0.24167209427782096,43,True,False,,2026-07-29T17:16:40.068256+00:00,2026-07-29T17:16:40.083256+00:00,True
medium-low-n0.1-frontier_exploration-s0-10ed70b98cbe,medium,14,low,0.03,0.1,frontier_exploration,0,,,disabled,66da6332362cbf876667b08f276bd50b7cdba93a73315a4f2302dc81e40e2eb2,10ed70b98cbee0b2b5da134edc2bd506f1c0f0e69743a41ae2fdc7f3a7fa77ef,1.0,0.6224489795918368,0.0,0,0.0,0,0,0,210,0.07016999999177642,205.2,0.7367346938775511,True,1.0,1.0,204.0,0,0,0.0,0.15893285592374878,210,True,False,,2026-07-29T17:16:40.083256+00:00,2026-07-29T17:16:40.186157+00:00,True
medium-low-n0.1-frontier_exploration-s1-90026e823d5b,medium,14,low,0.03,0.1,frontier_exploration,1,,,disabled,66da6332362cbf876667b08f276bd50b7cdba93a73315a4f2302dc81e40e2eb2,90026e823d5b48c87f73126227a53fd6a8896449a3db36f790e150a3ff03c6a0,1.0,0.3520408163265306,0.0,0,0.0,0,0,0,83,0.01626780000515282,79.00000000000001,0.8056122448979592,True,1.0,0.0,78.0,0,0,0.0,0.11286747092044497,83,True,False,,2026-07-29T17:16:40.099258+00:00,2026-07-29T17:16:40.115764+00:00,True
medium-low-n0.1-frontier_exploration-s2-18d851f0c1b4,medium,14,low,0.03,0.1,frontier_exploration,2,,,disabled,66da6332362cbf876667b08f276bd50b7cdba93a73315a4f2302dc81e40e2eb2,18d851f0c1b4ef30a90c2666ed0ee3dcbe5b88c79f3dc09f6a5e52d484f514df,1.0,0.34183673469387754,0.0,0,0.0,0,0,0,84,0.016045199998188764,79.2,0.8025510204081632,True,1.0,0.0,78.0,0,0,0.0,0.1129238070071941,84,True,False,,2026-07-29T17:16:40.115764+00:00,2026-07-29T17:16:40.241668+00:00,True
medium-low-n0.1-frontier_exploration-s3-db3c7c09419a,medium,14,low,0.03,0.1,frontier_exploration,3,,,disabled,66da6332362cbf876667b08f276bd50b7cdba93a73315a4f2302dc81e40e2eb2,db3c7c09419a26fcb7f163ebce899c675be9e7a0b32e64cc6089536e2a8f111c,1.0,0.5867346938775511,0.0,0,0.0,0,0,0,177,0.06132400000933558,172.2,0.7260204081632654,True,1.0,1.0,171.0,0,0,0.0,0.16664463311754757,177,True,False,,2026-07-29T17:16:40.172154+00:00,2026-07-29T17:16:40.552073+00:00,True
medium-low-n0.1-frontier_exploration-s4-7b633cdcf458,medium,14,low,0.03,0.1,frontier_exploration,4,,,disabled,66da6332362cbf876667b08f276bd50b7cdba93a73315a4f2302dc81e40e2eb2,7b633cdcf45892f3388780e1f756f06bf86644c77c09df3e71e9a02d4e9ae8b6,1.0,0.42346938775510207,0.0,0,0.0,0,0,0,120,0.22768140002153814,116.80000000000001,0.8270408163265306,True,1.0,0.0,116.0,0,0,0.0,0.12769583190674894,120,True,False,,2026-07-29T17:16:40.186157+00:00,2026-07-29T17:16:40.414234+00:00,True
medium-low-n0.1-frontier_exploration-s5-1ee8299b368e,medium,14,low,0.03,0.1,frontier_exploration,5,,,disabled,66da6332362cbf876667b08f276bd50b7cdba93a73315a4f2302dc81e40e2eb2,1ee8299b368e86f4f42826c494df5991173769887f96f5318e804feaa7e25732,1.0,0.6020408163265306,0.0,0,0.01762114537444934,4,4,0,227,0.0773611000040546,222.2,0.6306122448979592,True,1.0,5.0,221.0,0,0,0.0,0.1640819383134844,227,True,False,,2026-07-29T17:16:40.224667+00:00,2026-07-29T17:16:40.437689+00:00,True
medium-low-n0.1-frontier_exploration-s6-fa99f0c3ae55,medium,14,low,0.03,0.1,frontier_exploration,6,,,disabled,66da6332362cbf876667b08f276bd50b7cdba93a73315a4f2302dc81e40e2eb2,fa99f0c3ae5546f1321ea29b510ee33f01e1b4da9ab1a7f5376a7a504512a1e4,1.0,0.3877551020408163,0.0,0,0.0,0,0,0,92,0.01851419999729842,87.2,0.8163265306122449,True,1.0,0.0,86.0,0,0,0.0,0.11704891411405381,92,True,False,,2026-07-29T17:16:40.241668+00:00,2026-07-29T17:16:40.259667+00:00,True
medium-low-n0.1-frontier_exploration-s7-9eacaeb15540,medium,14,low,0.03,0.1,frontier_exploration,7,,,disabled,66da6332362cbf876667b08f276bd50b7cdba93a73315a4f2302dc81e40e2eb2,9eacaeb155404fb02e0f2c49a574f9f73bdb7a2b76874d92c6f3a9123367a75e,1.0,0.6071428571428571,0.0,0,0.0,0,0,0,169,0.033748599991668016,164.2,0.8821428571428571,True,1.0,0.0,163.0,0,0,0.0,0.1162307689272242,169,True,False,,2026-07-29T17:16:40.260667+00:00,2026-07-29T17:16:40.294673+00:00,True
medium-low-n0.1-frontier_exploration-s8-e9d8c1782cdc,medium,14,low,0.03,0.1,frontier_exploration,8,,,disabled,66da6332362cbf876667b08f276bd50b7cdba93a73315a4f2302dc81e40e2eb2,e9d8c1782cdc7e131d59a214818252bbc4583fd7c86342890c6e7b7a90e7c481,1.0,0.7142857142857143,0.0,0,0.0,0,0,0,254,0.06502559999353252,249.2,0.8142857142857143,True,1.0,0.5,248.0,0,0,0.0,0.17048110307733286,254,True,False,,2026-07-29T17:16:40.294673+00:00,2026-07-29T17:16:40.359719+00:00,True
medium-low-n0.1-frontier_exploration-s9-4d6a6fb72a1c,medium,14,low,0.03,0.1,frontier_exploration,9,,,disabled,66da6332362cbf876667b08f276bd50b7cdba93a73315a4f2302dc81e40e2eb2,4d6a6fb72a1c83e9b381c4cd6f8cb6ff414984b723bc4108484a6aeb5cc611e2,1.0,0.45918367346938777,0.0,0,0.0,0,0,0,108,0.019776800007093698,103.20000000000002,0.8377551020408163,True,1.0,0.0,102.0,0,0,0.0,0.1039564832117995,108,True,False,,2026-07-29T17:16:40.359719+00:00,2026-07-29T17:16:40.457690+00:00,True
medium-low-n0.1-ppo-s0-456b53be9ce0,medium,14,low,0.03,0.1,PPO,0,artifacts/final_submission/ppo/best_model.zip,7c54226fc8927d7ef7fcdc7d5f3ff29b11fa8d1463293a9d8e3b6bebad84cc11,disabled,66da6332362cbf876667b08f276bd50b7cdba93a73315a4f2302dc81e40e2eb2,456b53be9ce09a3a868ceeadfe784671baf2620e66c8d3c87719d2d96d71d0e5,0.0,0.02040816326530612,1.0,114,0.01948051948051948,6,6,0,308,0.23625840002205223,155.19999999999996,0.008601787822567042,False,0.0,120.0,3.0,0,0,0.0,0.63825032447749,308,False,True,,2026-07-29T17:17:53.026299+00:00,2026-07-29T17:17:53.263282+00:00,True
medium-low-n0.1-ppo-s1-e2e922440893,medium,14,low,0.03,0.1,PPO,1,artifacts/final_submission/ppo/best_model.zip,7c54226fc8927d7ef7fcdc7d5f3ff29b11fa8d1463293a9d8e3b6bebad84cc11,disabled,66da6332362cbf876667b08f276bd50b7cdba93a73315a4f2302dc81e40e2eb2,e2e922440893bab7624d4ce58d87b17a6fc7ea3639a55cd3365ff90e45604fa2,0.0,0.00510204081632653,0.0,0,1.0,308,308,0,308,0.25586789997760206,61.600000000000335,0.002501486031305726,False,0.0,308.0,0.0,0,0,0.0,0.693825324419009,308,False,True,,2026-07-29T17:17:53.268281+00:00,2026-07-29T17:17:53.525129+00:00,True
medium-low-n0.1-ppo-s2-d8e42793caa1,medium,14,low,0.03,0.1,PPO,2,artifacts/final_submission/ppo/best_model.zip,7c54226fc8927d7ef7fcdc7d5f3ff29b11fa8d1463293a9d8e3b6bebad84cc11,disabled,66da6332362cbf876667b08f276bd50b7cdba93a73315a4f2302dc81e40e2eb2,d8e42793caa1ee748bbb9e3132bdc4548f77aee69487840e82b732e02fda0481,0.16666666666666666,0.00510204081632653,0.0,0,0.11038961038961038,34,34,0,308,0.24925010002334602,61.600000000000335,0.0767687074829932,False,0.0,34.0,0.0,0,0,0.0,0.6740902579433358,308,False,True,,2026-07-29T17:17:53.528130+00:00,2026-07-29T17:17:53.777771+00:00,True
medium-low-n0.1-ppo-s3-740fe0313889,medium,14,low,0.03,0.1,PPO,3,artifacts/final_submission/ppo/best_model.zip,7c54226fc8927d7ef7fcdc7d5f3ff29b11fa8d1463293a9d8e3b6bebad84cc11,disabled,66da6332362cbf876667b08f276bd50b7cdba93a73315a4f2302dc81e40e2eb2,740fe0313889f6f127da4a5018ccf7807337c0f29808225490b144d950833ed7,0.16666666666666666,0.01020408163265306,0.0,0,0.003246753246753247,1,1,0,308,0.2393780999991577,62.40000000000033,0.21972789115646257,False,0.0,1.0,1.0,0,0,0.0,0.6478753248184266,308,False,True,,2026-07-29T17:17:53.781768+00:00,2026-07-29T17:17:54.021719+00:00,True
medium-low-n0.1-ppo-s4-9c36a6b5dae6,medium,14,low,0.03,0.1,PPO,4,artifacts/final_submission/ppo/best_model.zip,7c54226fc8927d7ef7fcdc7d5f3ff29b11fa8d1463293a9d8e3b6bebad84cc11,disabled,66da6332362cbf876667b08f276bd50b7cdba93a73315a4f2302dc81e40e2eb2,9c36a6b5dae6ed7efa6b7a261d3b538e6374b79de3b54f72e598b9b3d08fe2bf,0.5,0.00510204081632653,0.0,0,0.03896103896103896,12,12,0,308,0.23446740000508726,61.600000000000335,0.22460753532182104,False,0.0,12.0,0.0,0,0,0.0,0.6361396114119667,308,False,True,,2026-07-29T17:17:54.024719+00:00,2026-07-29T17:17:54.259903+00:00,True
medium-low-n0.1-ppo-s5-6f3eda35a657,medium,14,low,0.03,0.1,PPO,5,artifacts/final_submission/ppo/best_model.zip,7c54226fc8927d7ef7fcdc7d5f3ff29b11fa8d1463293a9d8e3b6bebad84cc11,disabled,66da6332362cbf876667b08f276bd50b7cdba93a73315a4f2302dc81e40e2eb2,6f3eda35a657d27f56fecb822f4617b7ba690bad9a0666fd6acc1621e01d2e8d,0.16666666666666666,0.00510204081632653,0.0,0,0.0,0,0,0,308,0.2426874999946449,61.600000000000335,0.3681972789115646,False,0.0,0.0,0.0,0,0,0.0,0.657266233979676,308,False,True,,2026-07-29T17:17:54.262904+00:00,2026-07-29T17:17:54.505982+00:00,True
medium-low-n0.1-ppo-s6-8144b7e4edf0,medium,14,low,0.03,0.1,PPO,6,artifacts/final_submission/ppo/best_model.zip,7c54226fc8927d7ef7fcdc7d5f3ff29b11fa8d1463293a9d8e3b6bebad84cc11,disabled,66da6332362cbf876667b08f276bd50b7cdba93a73315a4f2302dc81e40e2eb2,8144b7e4edf064c07d7d269944e29b2b5096836bad4a43b1a7b3db9f2ae58c91,0.0,0.02040816326530612,0.0,0,0.07792207792207792,24,24,0,308,0.23949780000839382,64.00000000000037,0.018122448979591838,False,0.0,24.0,3.0,0,0,0.0,0.6419902601447138,308,False,True,,2026-07-29T17:17:54.509380+00:00,2026-07-29T17:17:54.750032+00:00,True
medium-low-n0.1-ppo-s7-79fdc4dca018,medium,14,low,0.03,0.1,PPO,7,artifacts/final_submission/ppo/best_model.zip,7c54226fc8927d7ef7fcdc7d5f3ff29b11fa8d1463293a9d8e3b6bebad84cc11,disabled,66da6332362cbf876667b08f276bd50b7cdba93a73315a4f2302dc81e40e2eb2,79fdc4dca0187e3fc4e0dde7e751dd4f7fedcc729c439e2f95f71990a7ad1634,0.0,0.00510204081632653,0.0,0,0.0,0,0,0,308,0.24003600000287406,61.600000000000335,0.30153061224489797,False,0.0,0.0,0.0,0,0,0.0,0.6445022734553347,308,False,True,,2026-07-29T17:17:54.753033+00:00,2026-07-29T17:17:54.993397+00:00,True
medium-low-n0.1-ppo-s8-f256fae46b85,medium,14,low,0.03,0.1,PPO,8,artifacts/final_submission/ppo/best_model.zip,7c54226fc8927d7ef7fcdc7d5f3ff29b11fa8d1463293a9d8e3b6bebad84cc11,disabled,66da6332362cbf876667b08f276bd50b7cdba93a73315a4f2302dc81e40e2eb2,f256fae46b8562a2a7d891eb6fd761c5fb596d6faede51b7640cde3353ee13c8,0.0,0.00510204081632653,0.0,0,0.09090909090909091,28,28,0,308,0.23940200000652112,61.600000000000335,0.011875439831104855,False,0.0,28.0,0.0,0,0,0.0,0.6497948060633143,308,False,True,,2026-07-29T17:17:54.996395+00:00,2026-07-29T17:17:55.236303+00:00,True
medium-low-n0.1-ppo-s9-b061780d095b,medium,14,low,0.03,0.1,PPO,9,artifacts/final_submission/ppo/best_model.zip,7c54226fc8927d7ef7fcdc7d5f3ff29b11fa8d1463293a9d8e3b6bebad84cc11,disabled,66da6332362cbf876667b08f276bd50b7cdba93a73315a4f2302dc81e40e2eb2,b061780d095b45a068ce8e6ffc293b93c8a5547eee8499bdfdd22b2c766c82c0,0.0,0.00510204081632653,0.0,0,0.0,0,0,0,308,0.23611159998108633,61.600000000000335,0.30153061224489797,False,0.0,0.0,0.0,0,0,0.0,0.6391788961731696,308,False,True,,2026-07-29T17:17:55.240303+00:00,2026-07-29T17:17:55.476316+00:00,True
medium-low-n0.1-sac-s0-fb5270dc57c7,medium,14,low,0.03,0.1,SAC,0,artifacts/final_submission/sac/best_model.zip,78fe38fcc78df0ba8f98bd07af373848833876e7ec5ddf1486cec9a3cd9ba44c,disabled,66da6332362cbf876667b08f276bd50b7cdba93a73315a4f2302dc81e40e2eb2,fb5270dc57c717b00994e13c400996b936bfc27c6d0894051c6f26b32e0962d3,0.0,0.04081632653061224,1.0,21,0.45454545454545453,140,140,0,308,0.27299200001289137,306.4,0.014096749811035524,False,0.0,161.0,285.0,0,0,0.0,0.7464646101156673,308,False,True,,2026-07-29T17:17:55.479317+00:00,2026-07-29T17:17:55.753683+00:00,True
medium-low-n0.1-sac-s1-7b31c99af327,medium,14,low,0.03,0.1,SAC,1,artifacts/final_submission/sac/best_model.zip,78fe38fcc78df0ba8f98bd07af373848833876e7ec5ddf1486cec9a3cd9ba44c,disabled,66da6332362cbf876667b08f276bd50b7cdba93a73315a4f2302dc81e40e2eb2,7b31c99af32760703b8d51713a4b2ea7847e20a447c70dd528603b1412f6aaa6,0.0,0.00510204081632653,0.0,0,1.0,308,308,0,308,0.26437170000281185,61.600000000000335,0.002501486031305726,False,0.0,308.0,0.0,0,0,0.0,0.7232110396476595,308,False,True,,2026-07-29T17:17:55.756683+00:00,2026-07-29T17:17:56.021784+00:00,True
medium-low-n0.1-sac-s2-bfc176ad08e4,medium,14,low,0.03,0.1,SAC,2,artifacts/final_submission/sac/best_model.zip,78fe38fcc78df0ba8f98bd07af373848833876e7ec5ddf1486cec9a3cd9ba44c,disabled,66da6332362cbf876667b08f276bd50b7cdba93a73315a4f2302dc81e40e2eb2,bfc176ad08e49c6be15aa2d52d58de3046fc14a7dec309cb3d9d2cf43c37f8cd,0.16666666666666666,0.030612244897959183,1.0,299,0.0,0,280,280,308,0.25536840001586825,304.79999999999995,0.07636272271504674,False,0.0,584.5,5.0,0,0,0.0,0.6957172087126097,308,False,True,,2026-07-29T17:17:56.024785+00:00,2026-07-29T17:17:56.281110+00:00,True
medium-low-n0.1-sac-s3-780c925130ab,medium,14,low,0.03,0.1,SAC,3,artifacts/final_submission/sac/best_model.zip,78fe38fcc78df0ba8f98bd07af373848833876e7ec5ddf1486cec9a3cd9ba44c,disabled,66da6332362cbf876667b08f276bd50b7cdba93a73315a4f2302dc81e40e2eb2,780c925130abc58d071dc4c759db0561dd7148301aacd8c63128c930ed2eb6b1,0.0,0.04081632653061224,0.0,0,0.0,0,0,0,308,0.2368267999845557,308.0,0.31224489795918364,False,0.0,0.0,308.0,0,0,0.0,0.6369724043859653,308,False,True,,2026-07-29T17:17:56.284109+00:00,2026-07-29T17:17:56.521257+00:00,True
medium-low-n0.1-sac-s4-976449a76e3d,medium,14,low,0.03,0.1,SAC,4,artifacts/final_submission/sac/best_model.zip,78fe38fcc78df0ba8f98bd07af373848833876e7ec5ddf1486cec9a3cd9ba44c,disabled,66da6332362cbf876667b08f276bd50b7cdba93a73315a4f2302dc81e40e2eb2,976449a76e3d59fa818bc212532272c6539086b05c8c3070d7d780f1c42a372b,0.5,0.015306122448979591,0.0,0,0.05844155844155844,18,18,0,308,0.24160110001685098,63.200000000000365,0.2203813104189044,False,0.0,18.0,2.0,0,0,0.0,0.6469818179468418,308,False,True,,2026-07-29T17:17:56.525257+00:00,2026-07-29T17:17:56.767427+00:00,True
medium-low-n0.1-sac-s5-983cdb50d108,medium,14,low,0.03,0.1,SAC,5,artifacts/final_submission/sac/best_model.zip,78fe38fcc78df0ba8f98bd07af373848833876e7ec5ddf1486cec9a3cd9ba44c,disabled,66da6332362cbf876667b08f276bd50b7cdba93a73315a4f2302dc81e40e2eb2,983cdb50d1081595c0a574a5b69f8cf7066700747989f375003a83673044cb1d,0.3333333333333333,0.10714285714285714,1.0,16,0.06493506493506493,20,20,0,308,0.23418480000691488,250.4000000000002,0.1693223443223443,False,0.0,77.0,220.0,0,0,0.0,0.6218077922950487,308,False,True,,2026-07-29T17:17:56.770016+00:00,2026-07-29T17:17:57.004746+00:00,True
medium-low-n0.1-sac-s6-3fb9911a2c42,medium,14,low,0.03,0.1,SAC,6,artifacts/final_submission/sac/best_model.zip,78fe38fcc78df0ba8f98bd07af373848833876e7ec5ddf1486cec9a3cd9ba44c,disabled,66da6332362cbf876667b08f276bd50b7cdba93a73315a4f2302dc81e40e2eb2,3fb9911a2c420ae7544518cb5ec2451ea7b47ae619d4728fd0d256fa480a74b1,0.16666666666666666,0.061224489795918366,0.0,0,0.6525974025974026,201,201,0,308,0.23618949999217875,96.80000000000068,0.08651916212029366,False,0.0,201.0,44.0,0,0,0.0,0.6261990255753316,308,False,True,,2026-07-29T17:17:57.009562+00:00,2026-07-29T17:17:57.245949+00:00,True
medium-low-n0.1-sac-s7-484f1cb8165f,medium,14,low,0.03,0.1,SAC,7,artifacts/final_submission/sac/best_model.zip,78fe38fcc78df0ba8f98bd07af373848833876e7ec5ddf1486cec9a3cd9ba44c,disabled,66da6332362cbf876667b08f276bd50b7cdba93a73315a4f2302dc81e40e2eb2,484f1cb8165fc2cd005c003bd04b3d807116ca573a172e4c06f5f49e33f56d6f,0.0,0.03571428571428571,1.0,5,0.8766233766233766,270,270,0,308,0.239234899985604,105.60000000000072,0.011801242236024844,False,0.0,275.0,50.0,0,0,0.0,0.6352068169205752,308,False,True,,2026-07-29T17:17:57.248951+00:00,2026-07-29T17:17:57.488700+00:00,True
medium-low-n0.1-sac-s8-97d82b883e33,medium,14,low,0.03,0.1,SAC,8,artifacts/final_submission/sac/best_model.zip,78fe38fcc78df0ba8f98bd07af373848833876e7ec5ddf1486cec9a3cd9ba44c,disabled,66da6332362cbf876667b08f276bd50b7cdba93a73315a4f2302dc81e40e2eb2,97d82b883e33c290aa724c957d5ce1c2f883da27ffd7572531529bd7788ead55,0.16666666666666666,0.05102040816326531,0.0,0,0.4577922077922078,141,141,0,308,0.23270210000919178,159.19999999999837,0.08404175463288764,False,0.0,144.0,122.0,0,0,0.0,0.6178964281684489,308,False,True,,2026-07-29T17:17:57.493248+00:00,2026-07-29T17:17:57.726336+00:00,True
medium-low-n0.1-sac-s9-614efff670b9,medium,14,low,0.03,0.1,SAC,9,artifacts/final_submission/sac/best_model.zip,78fe38fcc78df0ba8f98bd07af373848833876e7ec5ddf1486cec9a3cd9ba44c,disabled,66da6332362cbf876667b08f276bd50b7cdba93a73315a4f2302dc81e40e2eb2,614efff670b90974fdbf4795cb9cf7e055067c6d0487f4ae15b4790156a50789,0.0,0.030612244897959183,1.0,23,0.0,0,1,1,308,0.23176380002405494,302.4,0.021183673469387754,False,0.0,24.0,278.0,0,0,0.0,0.6152422070222023,308,False,True,,2026-07-29T17:17:57.730336+00:00,2026-07-29T17:17:57.962484+00:00,True
medium-low-n0.1-riskshield_ppo-s0-7b382093c950,medium,14,low,0.03,0.1,RiskShield-PPO,0,artifacts/final_submission/riskshield_ppo/best_model.zip,d6c91caeb9bb10db866cbfe947ef1cc3db0ea8dc7470d098c9af6298ab75c812,k_step,66da6332362cbf876667b08f276bd50b7cdba93a73315a4f2302dc81e40e2eb2,7b382093c95004cd9426fc6a041533688582507482c9108dfe2bdfb22647f8c5,0.16666666666666666,0.01020408163265306,0.0,0,0.03571428571428571,11,11,0,308,0.2418922999931965,62.40000000000033,0.09472789115646257,False,0.0,11.0,1.0,12,11,0.0,0.6251727269022036,308,False,True,,2026-07-29T17:17:57.965484+00:00,2026-07-29T17:17:58.207814+00:00,True
medium-low-n0.1-riskshield_ppo-s1-b3aed0b1f572,medium,14,low,0.03,0.1,RiskShield-PPO,1,artifacts/final_submission/riskshield_ppo/best_model.zip,d6c91caeb9bb10db866cbfe947ef1cc3db0ea8dc7470d098c9af6298ab75c812,k_step,66da6332362cbf876667b08f276bd50b7cdba93a73315a4f2302dc81e40e2eb2,b3aed0b1f572fe44cf49a1163f7ff51ec29ac0028c2bbde4812714e02dbd9bc2,0.16666666666666666,0.0663265306122449,0.0,0,0.0,0,0,0,308,0.2510531000152696,78.40000000000045,0.3865646258503401,False,0.0,0.0,21.0,21,0,0.0,0.6455217535167558,308,False,True,,2026-07-29T17:17:58.210814+00:00,2026-07-29T17:17:58.463312+00:00,True
medium-low-n0.1-riskshield_ppo-s2-4f860b041976,medium,14,low,0.03,0.1,RiskShield-PPO,2,artifacts/final_submission/riskshield_ppo/best_model.zip,d6c91caeb9bb10db866cbfe947ef1cc3db0ea8dc7470d098c9af6298ab75c812,k_step,66da6332362cbf876667b08f276bd50b7cdba93a73315a4f2302dc81e40e2eb2,4f860b04197615e451f6ab132b73d9f3e5151bbe7b7f82f9c84ebbc92213a0e8,0.16666666666666666,0.030612244897959183,0.0,0,0.0,0,0,0,308,0.24647209999966435,65.60000000000035,0.3758503401360544,False,0.0,0.0,5.0,5,0,0.0,0.633518506078104,308,False,True,,2026-07-29T17:17:58.467315+00:00,2026-07-29T17:17:58.713954+00:00,True
medium-low-n0.1-riskshield_ppo-s3-2a49ce12ccbd,medium,14,low,0.03,0.1,RiskShield-PPO,3,artifacts/final_submission/riskshield_ppo/best_model.zip,d6c91caeb9bb10db866cbfe947ef1cc3db0ea8dc7470d098c9af6298ab75c812,k_step,66da6332362cbf876667b08f276bd50b7cdba93a73315a4f2302dc81e40e2eb2,2a49ce12ccbdac08f96457fd185fbde8e52eee5dd87b4a37bb4a8e9b9bbc2c9b,0.16666666666666666,0.05612244897959184,0.0,0,0.0,0,0,0,308,0.24568510000244714,76.00000000000028,0.38350340136054417,False,0.0,0.0,18.0,18,0,0.0,0.6334435062629606,308,False,True,,2026-07-29T17:17:58.717934+00:00,2026-07-29T17:17:58.963578+00:00,True
medium-low-n0.1-riskshield_ppo-s4-18b93efe74d1,medium,14,low,0.03,0.1,RiskShield-PPO,4,artifacts/final_submission/riskshield_ppo/best_model.zip,d6c91caeb9bb10db866cbfe947ef1cc3db0ea8dc7470d098c9af6298ab75c812,k_step,66da6332362cbf876667b08f276bd50b7cdba93a73315a4f2302dc81e40e2eb2,18b93efe74d10e66681ba11c4d46b58a0b7539016638ccf539dbeb5765f632cd,0.5,0.02040816326530612,0.0,0,0.016233766233766232,5,5,0,308,0.24781550001353025,68.00000000000034,0.25612244897959185,False,0.0,5.0,8.0,13,5,0.0,0.6415899354448941,308,False,True,,2026-07-29T17:17:58.966563+00:00,2026-07-29T17:17:59.215159+00:00,True
medium-low-n0.1-riskshield_ppo-s5-6733f1c8ca42,medium,14,low,0.03,0.1,RiskShield-PPO,5,artifacts/final_submission/riskshield_ppo/best_model.zip,d6c91caeb9bb10db866cbfe947ef1cc3db0ea8dc7470d098c9af6298ab75c812,k_step,66da6332362cbf876667b08f276bd50b7cdba93a73315a4f2302dc81e40e2eb2,6733f1c8ca429c698f8a64fca64fad58140ffa276cd72162d7be5f8430f3c3d5,0.16666666666666666,0.00510204081632653,0.0,0,0.0,0,0,0,308,0.25160560000222176,61.600000000000335,0.3681972789115646,False,0.0,0.0,0.0,0,0,0.0,0.6527818168487775,308,False,True,,2026-07-29T17:17:59.218172+00:00,2026-07-29T17:17:59.470297+00:00,True
medium-low-n0.1-riskshield_ppo-s6-7a6df92dce05,medium,14,low,0.03,0.1,RiskShield-PPO,6,artifacts/final_submission/riskshield_ppo/best_model.zip,d6c91caeb9bb10db866cbfe947ef1cc3db0ea8dc7470d098c9af6298ab75c812,k_step,66da6332362cbf876667b08f276bd50b7cdba93a73315a4f2302dc81e40e2eb2,7a6df92dce0507802cfcae52cde7427b230ecc37f6e8ee8ac21646a0772a10c6,0.16666666666666666,0.03571428571428571,0.0,0,0.0,0,0,0,308,0.25625040000886656,66.40000000000036,0.3773809523809524,False,0.0,0.0,6.0,6,0,0.0,0.663036688052529,308,False,True,,2026-07-29T17:17:59.474314+00:00,2026-07-29T17:17:59.730910+00:00,True
medium-low-n0.1-riskshield_ppo-s7-87a1e5aa0b7b,medium,14,low,0.03,0.1,RiskShield-PPO,7,artifacts/final_submission/riskshield_ppo/best_model.zip,d6c91caeb9bb10db866cbfe947ef1cc3db0ea8dc7470d098c9af6298ab75c812,k_step,66da6332362cbf876667b08f276bd50b7cdba93a73315a4f2302dc81e40e2eb2,87a1e5aa0b7b4d974e192592b787b64c2bd6a61a2770adef2871661022874d70,0.0,0.00510204081632653,0.0,0,0.0,0,0,0,308,0.24693239998305216,61.600000000000335,0.30153061224489797,False,0.0,0.0,0.0,0,0,0.0,0.635224350466538,308,False,True,,2026-07-29T17:17:59.734530+00:00,2026-07-29T17:17:59.982163+00:00,True
medium-low-n0.1-riskshield_ppo-s8-004b436f5251,medium,14,low,0.03,0.1,RiskShield-PPO,8,artifacts/final_submission/riskshield_ppo/best_model.zip,d6c91caeb9bb10db866cbfe947ef1cc3db0ea8dc7470d098c9af6298ab75c812,k_step,66da6332362cbf876667b08f276bd50b7cdba93a73315a4f2302dc81e40e2eb2,004b436f5251cdbef950467f02fd7fb730d016a09a39b6e3733c7846eb677933,0.0,0.05102040816326531,0.0,0,0.016233766233766232,5,5,0,308,0.25005710002733395,70.4000000000005,0.06530612244897958,False,0.0,5.0,11.0,16,5,0.0,0.6435655847202394,308,False,True,,2026-07-29T17:17:59.985163+00:00,2026-07-29T17:18:00.235238+00:00,True
medium-low-n0.1-riskshield_ppo-s9-014fe675d5c0,medium,14,low,0.03,0.1,RiskShield-PPO,9,artifacts/final_submission/riskshield_ppo/best_model.zip,d6c91caeb9bb10db866cbfe947ef1cc3db0ea8dc7470d098c9af6298ab75c812,k_step,66da6332362cbf876667b08f276bd50b7cdba93a73315a4f2302dc81e40e2eb2,014fe675d5c0c6af2cc3c59c8d827d35c4d51e5b0128add7366d58c6631474d4,0.0,0.00510204081632653,0.0,0,0.0,0,0,0,308,0.24844590001157485,61.600000000000335,0.30153061224489797,False,0.0,0.0,0.0,0,0,0.0,0.6431762994434866,308,False,True,,2026-07-29T17:18:00.238237+00:00,2026-07-29T17:18:00.487362+00:00,True
medium-low-n0.2-risk_aware_astar-s0-bcb1713718fa,medium,14,low,0.03,0.2,risk_aware_astar,0,,,disabled,66da6332362cbf876667b08f276bd50b7cdba93a73315a4f2302dc81e40e2eb2,bcb1713718fa4359a9e7ad47941f39605d04802c60a1d955b7f9255e58f0c6d4,1.0,0.18877551020408162,0.0,0,0.0,0,0,0,46,0.013201499998103827,41.2,0.7566326530612245,True,1.0,0.0,40.0,0,0,0.0,0.20812608936862292,46,True,False,,2026-07-29T17:16:40.414234+00:00,2026-07-29T17:16:40.427686+00:00,True
medium-low-n0.2-risk_aware_astar-s1-74fa9a68524a,medium,14,low,0.03,0.2,risk_aware_astar,1,,,disabled,66da6332362cbf876667b08f276bd50b7cdba93a73315a4f2302dc81e40e2eb2,74fa9a68524af16802c3f4c6e3aac06c23835529a07e2c28ed63dadd225f4dfe,1.0,0.12755102040816327,0.0,0,0.0,0,0,0,43,0.01610649999929592,38.2,0.738265306122449,True,1.0,0.0,37.0,0,0,0.0,0.28730929913107567,43,True,False,,2026-07-29T17:16:40.428692+00:00,2026-07-29T17:16:40.551072+00:00,True
medium-low-n0.2-risk_aware_astar-s2-0543250c2870,medium,14,low,0.03,0.2,risk_aware_astar,2,,,disabled,66da6332362cbf876667b08f276bd50b7cdba93a73315a4f2302dc81e40e2eb2,0543250c287010ffab5aeb72deab35e6751af766d358cf76179046783a3e4206,1.0,0.15816326530612246,0.0,0,0.05128205128205128,2,2,0,39,0.01193720000446774,34.2,0.5474489795918368,True,1.0,2.0,33.0,0,0,0.0,0.22867435771518219,39,True,False,,2026-07-29T17:16:40.437689+00:00,2026-07-29T17:16:40.703837+00:00,True
medium-low-n0.2-risk_aware_astar-s3-62b5e7fa5a30,medium,14,low,0.03,0.2,risk_aware_astar,3,,,disabled,66da6332362cbf876667b08f276bd50b7cdba93a73315a4f2302dc81e40e2eb2,62b5e7fa5a30374e1bdd8ee191f4fbfe10f4ddd275db810a39a13f7f04274922,1.0,0.17857142857142858,0.0,0,0.018867924528301886,1,1,0,53,0.025639600004069507,48.2,0.6035714285714285,True,1.0,1.0,47.0,0,0,0.0,0.4010377363916838,53,True,False,,2026-07-29T17:16:40.457690+00:00,2026-07-29T17:16:40.483691+00:00,True
medium-low-n0.2-risk_aware_astar-s4-9cb5c1b5552f,medium,14,low,0.03,0.2,risk_aware_astar,4,,,disabled,66da6332362cbf876667b08f276bd50b7cdba93a73315a4f2302dc81e40e2eb2,9cb5c1b5552f32f87f7623fd9e60632acde1edbef522cc5e7f7e4e6f342f7dc9,1.0,0.11224489795918367,0.0,0,0.0,0,0,0,26,0.005900500022107735,22.8,0.7336734693877551,True,1.0,0.0,22.0,0,0,0.0,0.13445000177643335,26,True,False,,2026-07-29T17:16:40.483691+00:00,2026-07-29T17:16:40.489851+00:00,True
medium-low-n0.2-risk_aware_astar-s5-d82e0a0b60b9,medium,14,low,0.03,0.2,risk_aware_astar,5,,,disabled,66da6332362cbf876667b08f276bd50b7cdba93a73315a4f2302dc81e40e2eb2,d82e0a0b60b9040ac6ae64a5c3ab7eb59153a8c32c4e6154ee606e307c073012,1.0,0.15816326530612246,0.0,0,0.07317073170731707,3,3,0,41,0.014245200000004843,36.2,0.5224489795918368,True,1.0,3.0,35.0,0,0,0.0,0.26501463825541843,41,True,False,,2026-07-29T17:16:40.489851+00:00,2026-07-29T17:16:40.824471+00:00,True
medium-low-n0.2-risk_aware_astar-s6-0bf0d3fad9a6,medium,14,low,0.03,0.2,risk_aware_astar,6,,,disabled,66da6332362cbf876667b08f276bd50b7cdba93a73315a4f2302dc81e40e2eb2,0bf0d3fad9a60c26c81ff0072176d46559cdcc693c4989fe51545bb7242568df,1.0,0.16326530612244897,0.0,0,0.0,0,0,0,50,0.019184500008122995,45.2,0.7489795918367347,True,1.0,0.0,44.0,0,0,0.0,0.30255400226451457,50,True,False,,2026-07-29T17:16:40.551072+00:00,2026-07-29T17:16:40.629817+00:00,True
medium-low-n0.2-risk_aware_astar-s7-96e87160f892,medium,14,low,0.03,0.2,risk_aware_astar,7,,,disabled,66da6332362cbf876667b08f276bd50b7cdba93a73315a4f2302dc81e40e2eb2,96e87160f892af00f060d5fa411af8f93709048a9ffdfe099995b20fff2bdef5,1.0,0.11224489795918367,0.0,0,0.0,0,0,0,37,0.013926300016464666,32.199999999999996,0.7336734693877551,True,1.0,0.0,31.0,0,0,0.0,0.2923486494723506,37,True,False,,2026-07-29T17:16:40.552073+00:00,2026-07-29T17:16:40.566072+00:00,True
medium-low-n0.2-risk_aware_astar-s8-85fa2c7aab2c,medium,14,low,0.03,0.2,risk_aware_astar,8,,,disabled,66da6332362cbf876667b08f276bd50b7cdba93a73315a4f2302dc81e40e2eb2,85fa2c7aab2c870f438157e04a6c8473271ec4946735236afd917bbaa743951d,1.0,0.15306122448979592,0.0,0,0.038461538461538464,2,2,0,52,0.01805339998099953,47.2,0.5459183673469388,True,1.0,2.0,46.0,0,0,0.0,0.2715365391430588,52,True,False,,2026-07-29T17:16:40.566072+00:00,2026-07-29T17:16:40.585072+00:00,True
medium-low-n0.2-risk_aware_astar-s9-4870a81f8b91,medium,14,low,0.03,0.2,risk_aware_astar,9,,,disabled,66da6332362cbf876667b08f276bd50b7cdba93a73315a4f2302dc81e40e2eb2,4870a81f8b9125babb1882c377238dc16bebc9436b45d36933e0ac1964851c6c,1.0,0.1683673469387755,0.0,0,0.0,0,0,0,43,0.01405739999609068,38.2,0.7505102040816327,True,1.0,0.0,37.0,0,0,0.0,0.24460930293317623,43,True,False,,2026-07-29T17:16:40.585072+00:00,2026-07-29T17:16:40.599075+00:00,True
medium-low-n0.2-frontier_exploration-s0-e90bf2b855c8,medium,14,low,0.03,0.2,frontier_exploration,0,,,disabled,66da6332362cbf876667b08f276bd50b7cdba93a73315a4f2302dc81e40e2eb2,e90bf2b855c8b7d14f3bf043208973c0b254da990bf8fa3c294d684c0d984f3f,1.0,0.6224489795918368,0.0,0,0.0,0,0,0,210,0.07159380000666715,205.2,0.7367346938775511,True,1.0,1.0,204.0,0,0,0.0,0.1602195246267088,210,True,False,,2026-07-29T17:16:40.599075+00:00,2026-07-29T17:16:40.671819+00:00,True
medium-low-n0.2-frontier_exploration-s1-81292a7481da,medium,14,low,0.03,0.2,frontier_exploration,1,,,disabled,66da6332362cbf876667b08f276bd50b7cdba93a73315a4f2302dc81e40e2eb2,81292a7481da45735639427e43ce0c7ab4e1fbcdd477bf6d546d0a962a4857bb,1.0,0.3520408163265306,0.0,0,0.0,0,0,0,83,0.01594070001738146,79.00000000000001,0.8056122448979592,True,1.0,0.0,78.0,0,0,0.0,0.11224217091529932,83,True,False,,2026-07-29T17:16:40.629817+00:00,2026-07-29T17:16:40.691821+00:00,True
medium-low-n0.2-frontier_exploration-s2-78751c88f5f0,medium,14,low,0.03,0.2,frontier_exploration,2,,,disabled,66da6332362cbf876667b08f276bd50b7cdba93a73315a4f2302dc81e40e2eb2,78751c88f5f0ce6068358539390684c8a56a6d3adaf296be9d231f8e7798b99b,1.0,0.34183673469387754,0.0,0,0.0,0,0,0,84,0.11471900000469759,79.2,0.8025510204081632,True,1.0,0.0,78.0,0,0,0.0,0.11410833325325734,84,True,False,,2026-07-29T17:16:40.671819+00:00,2026-07-29T17:16:40.787086+00:00,True
medium-low-n0.2-frontier_exploration-s3-d6da1325c18e,medium,14,low,0.03,0.2,frontier_exploration,3,,,disabled,66da6332362cbf876667b08f276bd50b7cdba93a73315a4f2302dc81e40e2eb2,d6da1325c18e310aa8bc4cbe57a36b43e79b2c1459addfde59f9e820d45836bc,1.0,0.5867346938775511,0.0,0,0.0,0,0,0,177,0.043437000014819205,172.2,0.7260204081632654,True,1.0,1.0,171.0,0,0,0.0,0.16107966124979875,177,True,False,,2026-07-29T17:16:40.691821+00:00,2026-07-29T17:16:40.774086+00:00,True
medium-low-n0.2-frontier_exploration-s4-3575ec770f12,medium,14,low,0.03,0.2,frontier_exploration,4,,,disabled,66da6332362cbf876667b08f276bd50b7cdba93a73315a4f2302dc81e40e2eb2,3575ec770f12ea6bfcc789300d668c6cce5a749adc3048f3ba7f207377e6700d,1.0,0.42346938775510207,0.0,0,0.0,0,0,0,120,0.025036499981069937,116.80000000000001,0.8270408163265306,True,1.0,0.0,116.0,0,0,0.0,0.1269383331721959,120,True,False,,2026-07-29T17:16:40.703837+00:00,2026-07-29T17:16:40.729085+00:00,True
medium-low-n0.2-frontier_exploration-s5-1d40e082dd85,medium,14,low,0.03,0.2,frontier_exploration,5,,,disabled,66da6332362cbf876667b08f276bd50b7cdba93a73315a4f2302dc81e40e2eb2,1d40e082dd857e3095c12d611c576e62d71a66f3a73ed517a86b6f2e022acd55,1.0,0.6020408163265306,0.0,0,0.01762114537444934,4,4,0,227,0.05695589998504147,222.2,0.6306122448979592,True,1.0,5.0,221.0,0,0,0.0,0.16666519917683092,227,True,False,,2026-07-29T17:16:40.729085+00:00,2026-07-29T17:16:41.527287+00:00,True
medium-low-n0.2-frontier_exploration-s6-dc53e76d071d,medium,14,low,0.03,0.2,frontier_exploration,6,,,disabled,66da6332362cbf876667b08f276bd50b7cdba93a73315a4f2302dc81e40e2eb2,dc53e76d071ddcf52afe49a6a51317f1ef2fd0605c060d9b67e3d0f25cc88d25,1.0,0.3877551020408163,0.0,0,0.0,0,0,0,92,0.03279399999883026,87.2,0.8163265306122449,True,1.0,0.0,86.0,0,0,0.0,0.13319239097536015,92,True,False,,2026-07-29T17:16:40.774086+00:00,2026-07-29T17:16:40.964598+00:00,True
medium-low-n0.2-frontier_exploration-s7-a3076cc2b780,medium,14,low,0.03,0.2,frontier_exploration,7,,,disabled,66da6332362cbf876667b08f276bd50b7cdba93a73315a4f2302dc81e40e2eb2,a3076cc2b78097f945155ab455d7feafa3b049a2fade133eab9318d55729e0d7,1.0,0.6071428571428571,0.0,0,0.0,0,0,0,169,0.21655919999466278,164.2,0.8821428571428571,True,1.0,0.0,163.0,0,0,0.0,0.11763609405028352,169,True,False,,2026-07-29T17:16:40.787086+00:00,2026-07-29T17:16:41.003094+00:00,True
medium-low-n0.2-frontier_exploration-s8-0ed6b38df636,medium,14,low,0.03,0.2,frontier_exploration,8,,,disabled,66da6332362cbf876667b08f276bd50b7cdba93a73315a4f2302dc81e40e2eb2,0ed6b38df636d67c51c699fad912e684d51f980b28cf668e00b13576a7b6d6a0,1.0,0.7142857142857143,0.0,0,0.0,0,0,0,254,0.06753599998774007,249.2,0.8142857142857143,True,1.0,0.5,248.0,0,0,0.0,0.17820984170053478,254,True,False,,2026-07-29T17:16:40.824471+00:00,2026-07-29T17:16:40.892474+00:00,True
medium-low-n0.2-frontier_exploration-s9-3075070e3977,medium,14,low,0.03,0.2,frontier_exploration,9,,,disabled,66da6332362cbf876667b08f276bd50b7cdba93a73315a4f2302dc81e40e2eb2,3075070e397778584ee269b4ff571a27e0030b6d8e502f99743a1bf8430a2f68,1.0,0.45918367346938777,0.0,0,0.0,0,0,0,108,0.020325199991930276,103.20000000000002,0.8377551020408163,True,1.0,0.0,102.0,0,0,0.0,0.10671018416932956,108,True,False,,2026-07-29T17:16:40.892474+00:00,2026-07-29T17:16:40.913004+00:00,True
medium-low-n0.2-ppo-s0-2568097b8973,medium,14,low,0.03,0.2,PPO,0,artifacts/final_submission/ppo/best_model.zip,7c54226fc8927d7ef7fcdc7d5f3ff29b11fa8d1463293a9d8e3b6bebad84cc11,disabled,66da6332362cbf876667b08f276bd50b7cdba93a73315a4f2302dc81e40e2eb2,2568097b89733ae247c2470d4204f8fb061891d8bbc6fa6acdf69c4bc15ccd51,0.0,0.02040816326530612,1.0,114,0.01948051948051948,6,6,0,308,0.2402017000131309,155.19999999999996,0.008601787822567042,False,0.0,120.0,3.0,0,0,0.0,0.6505607141827402,308,False,True,,2026-07-29T17:18:00.491363+00:00,2026-07-29T17:18:00.732009+00:00,True
medium-low-n0.2-ppo-s1-f43b3a9fdc1d,medium,14,low,0.03,0.2,PPO,1,artifacts/final_submission/ppo/best_model.zip,7c54226fc8927d7ef7fcdc7d5f3ff29b11fa8d1463293a9d8e3b6bebad84cc11,disabled,66da6332362cbf876667b08f276bd50b7cdba93a73315a4f2302dc81e40e2eb2,f43b3a9fdc1d1682baab4d73f2de1e6a69cc1cb0bc13b03ba62cc7299aec7803,0.0,0.00510204081632653,0.0,0,1.0,308,308,0,308,0.23610330000519753,61.600000000000335,0.002501486031305726,False,0.0,308.0,0.0,0,0,0.0,0.6400240249190987,308,False,True,,2026-07-29T17:18:00.736008+00:00,2026-07-29T17:18:00.972568+00:00,True
medium-low-n0.2-ppo-s2-6498cd2b4db0,medium,14,low,0.03,0.2,PPO,2,artifacts/final_submission/ppo/best_model.zip,7c54226fc8927d7ef7fcdc7d5f3ff29b11fa8d1463293a9d8e3b6bebad84cc11,disabled,66da6332362cbf876667b08f276bd50b7cdba93a73315a4f2302dc81e40e2eb2,6498cd2b4db08864dbf622c98ffb214e516b75929d878739d20cb9f191365fc1,0.16666666666666666,0.00510204081632653,0.0,0,0.11038961038961038,34,34,0,308,0.2348772999830544,61.600000000000335,0.0767687074829932,False,0.0,34.0,0.0,0,0,0.0,0.635069479913354,308,False,True,,2026-07-29T17:18:00.975598+00:00,2026-07-29T17:18:01.211366+00:00,True
medium-low-n0.2-ppo-s3-9c2fac49e3bd,medium,14,low,0.03,0.2,PPO,3,artifacts/final_submission/ppo/best_model.zip,7c54226fc8927d7ef7fcdc7d5f3ff29b11fa8d1463293a9d8e3b6bebad84cc11,disabled,66da6332362cbf876667b08f276bd50b7cdba93a73315a4f2302dc81e40e2eb2,9c2fac49e3bddee13b77b1a5cc684e0d2d1df12469eac5ba3cf4ccaddb7797df,0.16666666666666666,0.01020408163265306,0.0,0,0.003246753246753247,1,1,0,308,0.2308132000034675,62.40000000000033,0.21972789115646257,False,0.0,1.0,1.0,0,0,0.0,0.625518183038697,308,False,True,,2026-07-29T17:18:01.214435+00:00,2026-07-29T17:18:01.445933+00:00,True
medium-low-n0.2-ppo-s4-6b6bdd004c56,medium,14,low,0.03,0.2,PPO,4,artifacts/final_submission/ppo/best_model.zip,7c54226fc8927d7ef7fcdc7d5f3ff29b11fa8d1463293a9d8e3b6bebad84cc11,disabled,66da6332362cbf876667b08f276bd50b7cdba93a73315a4f2302dc81e40e2eb2,6b6bdd004c56a6646e52f41cc3103a953101a2d3374cd2805aa47a7a4b62592d,0.5,0.00510204081632653,0.0,0,0.03896103896103896,12,12,0,308,0.2451868999924045,61.600000000000335,0.22460753532182104,False,0.0,12.0,0.0,0,0,0.0,0.6685610383396738,308,False,True,,2026-07-29T17:18:01.448935+00:00,2026-07-29T17:18:01.695140+00:00,True
medium-low-n0.2-ppo-s5-bcd56d32d26d,medium,14,low,0.03,0.2,PPO,5,artifacts/final_submission/ppo/best_model.zip,7c54226fc8927d7ef7fcdc7d5f3ff29b11fa8d1463293a9d8e3b6bebad84cc11,disabled,66da6332362cbf876667b08f276bd50b7cdba93a73315a4f2302dc81e40e2eb2,bcd56d32d26d0337d59d60115cafedeb0f84b2a8815d11200eed17fbab54aa58,0.16666666666666666,0.00510204081632653,0.0,0,0.0,0,0,0,308,0.23399720000452362,61.600000000000335,0.3681972789115646,False,0.0,0.0,0.0,0,0,0.0,0.6321477269082536,308,False,True,,2026-07-29T17:18:01.698901+00:00,2026-07-29T17:18:01.932885+00:00,True
medium-low-n0.2-ppo-s6-4081273bb489,medium,14,low,0.03,0.2,PPO,6,artifacts/final_submission/ppo/best_model.zip,7c54226fc8927d7ef7fcdc7d5f3ff29b11fa8d1463293a9d8e3b6bebad84cc11,disabled,66da6332362cbf876667b08f276bd50b7cdba93a73315a4f2302dc81e40e2eb2,4081273bb489eb77e7723100d506dc1c5cc7eeb5caccf9ee26d27bd597c19165,0.0,0.02040816326530612,0.0,0,0.03571428571428571,11,11,0,308,0.23657069998444058,64.00000000000037,0.031122448979591835,False,0.0,11.0,3.0,0,0,0.0,0.6353120139441695,308,False,True,,2026-07-29T17:18:01.936887+00:00,2026-07-29T17:18:02.173646+00:00,True
medium-low-n0.2-ppo-s7-355db2511c77,medium,14,low,0.03,0.2,PPO,7,artifacts/final_submission/ppo/best_model.zip,7c54226fc8927d7ef7fcdc7d5f3ff29b11fa8d1463293a9d8e3b6bebad84cc11,disabled,66da6332362cbf876667b08f276bd50b7cdba93a73315a4f2302dc81e40e2eb2,355db2511c77d5eca882fe31a228c30165e2d47b12e94ad3204cc0ea0c168d38,0.0,0.00510204081632653,0.0,0,0.0,0,0,0,308,0.23968900000909343,61.600000000000335,0.30153061224489797,False,0.0,0.0,0.0,0,0,0.0,0.6454766236809566,308,False,True,,2026-07-29T17:18:02.177646+00:00,2026-07-29T17:18:02.417484+00:00,True
medium-low-n0.2-ppo-s8-8131e8d4a638,medium,14,low,0.03,0.2,PPO,8,artifacts/final_submission/ppo/best_model.zip,7c54226fc8927d7ef7fcdc7d5f3ff29b11fa8d1463293a9d8e3b6bebad84cc11,disabled,66da6332362cbf876667b08f276bd50b7cdba93a73315a4f2302dc81e40e2eb2,8131e8d4a6380b19fdd9a4e511a2fbfb73d5ccf38f9bea69b58ca5a052c834c4,0.0,0.00510204081632653,0.0,0,0.09090909090909091,28,28,0,308,0.23696350000682287,61.600000000000335,0.011875439831104855,False,0.0,28.0,0.0,0,0,0.0,0.6393399350375373,308,False,True,,2026-07-29T17:18:02.421177+00:00,2026-07-29T17:18:02.658657+00:00,True
medium-low-n0.2-ppo-s9-1c1a406cfc7b,medium,14,low,0.03,0.2,PPO,9,artifacts/final_submission/ppo/best_model.zip,7c54226fc8927d7ef7fcdc7d5f3ff29b11fa8d1463293a9d8e3b6bebad84cc11,disabled,66da6332362cbf876667b08f276bd50b7cdba93a73315a4f2302dc81e40e2eb2,1c1a406cfc7b4dad3680d433a88cd47c5b30637df48044bbdf34514fbfb088fe,0.0,0.00510204081632653,0.0,0,0.0,0,0,0,308,0.24238029998377897,61.600000000000335,0.30153061224489797,False,0.0,0.0,0.0,0,0,0.0,0.6599347404765219,308,False,True,,2026-07-29T17:18:02.662656+00:00,2026-07-29T17:18:02.905885+00:00,True
medium-low-n0.2-sac-s0-7f81883faff6,medium,14,low,0.03,0.2,SAC,0,artifacts/final_submission/sac/best_model.zip,78fe38fcc78df0ba8f98bd07af373848833876e7ec5ddf1486cec9a3cd9ba44c,disabled,66da6332362cbf876667b08f276bd50b7cdba93a73315a4f2302dc81e40e2eb2,7f81883faff6636cf6475232510d1f88717e2ea7c320e9261df8a513f24371cf,0.16666666666666666,0.025510204081632654,0.0,0,0.9675324675324676,298,298,0,308,0.26734739998937584,307.2,0.07532307237276181,False,0.0,298.0,307.0,0,0,0.0,0.7341068183025042,308,False,True,,2026-07-29T17:18:02.909028+00:00,2026-07-29T17:18:03.176437+00:00,True
medium-low-n0.2-sac-s1-2e01b35f2f13,medium,14,low,0.03,0.2,SAC,1,artifacts/final_submission/sac/best_model.zip,78fe38fcc78df0ba8f98bd07af373848833876e7ec5ddf1486cec9a3cd9ba44c,disabled,66da6332362cbf876667b08f276bd50b7cdba93a73315a4f2302dc81e40e2eb2,2e01b35f2f135ee686eed8380459a82a8b2d933aeb4033a343b074797dbeac35,0.0,0.00510204081632653,0.0,0,1.0,308,308,0,308,0.26588639998226427,61.600000000000335,0.002501486031305726,False,0.0,308.0,0.0,0,0,0.0,0.7278162340842211,308,False,True,,2026-07-29T17:18:03.180443+00:00,2026-07-29T17:18:03.446527+00:00,True
medium-low-n0.2-sac-s2-e509c4875f1b,medium,14,low,0.03,0.2,SAC,2,artifacts/final_submission/sac/best_model.zip,78fe38fcc78df0ba8f98bd07af373848833876e7ec5ddf1486cec9a3cd9ba44c,disabled,66da6332362cbf876667b08f276bd50b7cdba93a73315a4f2302dc81e40e2eb2,e509c4875f1b9f8b7d8c9447e6c8d042cce20e80be011bcd64f576ddd6ae73fe,0.16666666666666666,0.030612244897959183,1.0,289,0.0,0,280,280,308,0.26669349998701364,302.3999999999999,0.07636982065553494,False,0.0,576.5,12.0,0,0,0.0,0.7290295454674981,308,False,True,,2026-07-29T17:18:03.450526+00:00,2026-07-29T17:18:03.717071+00:00,True
medium-low-n0.2-sac-s3-1644d4b52b77,medium,14,low,0.03,0.2,SAC,3,artifacts/final_submission/sac/best_model.zip,78fe38fcc78df0ba8f98bd07af373848833876e7ec5ddf1486cec9a3cd9ba44c,disabled,66da6332362cbf876667b08f276bd50b7cdba93a73315a4f2302dc81e40e2eb2,1644d4b52b7724fe2e8b9c1a7a5a54a372d5ca94e8f7fa1746e3ebf0fc4b0853,0.0,0.04081632653061224,0.0,0,0.0,0,0,0,308,0.24804259999655187,307.2,0.31224489795918364,False,0.0,0.0,307.0,0,0,0.0,0.6713477263261879,308,False,True,,2026-07-29T17:18:03.720100+00:00,2026-07-29T17:18:03.969546+00:00,True
medium-low-n0.2-sac-s4-b3e3875ae169,medium,14,low,0.03,0.2,SAC,4,artifacts/final_submission/sac/best_model.zip,78fe38fcc78df0ba8f98bd07af373848833876e7ec5ddf1486cec9a3cd9ba44c,disabled,66da6332362cbf876667b08f276bd50b7cdba93a73315a4f2302dc81e40e2eb2,b3e3875ae169bc789232779ea8a968464637f7d2eb9e8c143c84328663fc7272,0.5,0.015306122448979591,0.0,0,0.05844155844155844,18,18,0,308,0.24003240000456572,63.200000000000365,0.2203813104189044,False,0.0,18.0,2.0,0,0,0.0,0.6455032480162471,308,False,True,,2026-07-29T17:18:03.972527+00:00,2026-07-29T17:18:04.213067+00:00,True
medium-low-n0.2-sac-s5-34f11a5ff811,medium,14,low,0.03,0.2,SAC,5,artifacts/final_submission/sac/best_model.zip,78fe38fcc78df0ba8f98bd07af373848833876e7ec5ddf1486cec9a3cd9ba44c,disabled,66da6332362cbf876667b08f276bd50b7cdba93a73315a4f2302dc81e40e2eb2,34f11a5ff81105aae48f3dd422d5cc411797060a89847daa9099e2e6f54a72d4,0.16666666666666666,0.14795918367346939,1.0,182,0.048701298701298704,15,19,4,308,0.24171349999960512,303.19999999999993,0.11244331065759636,False,0.0,215.0,120.0,0,0,0.0,0.643818831134001,308,False,True,,2026-07-29T17:18:04.216499+00:00,2026-07-29T17:18:04.459112+00:00,True
medium-low-n0.2-sac-s6-2094c31cc9ef,medium,14,low,0.03,0.2,SAC,6,artifacts/final_submission/sac/best_model.zip,78fe38fcc78df0ba8f98bd07af373848833876e7ec5ddf1486cec9a3cd9ba44c,disabled,66da6332362cbf876667b08f276bd50b7cdba93a73315a4f2302dc81e40e2eb2,2094c31cc9efaefee81419f1b8093d099abaa0be387974c54b382b5ee573a088,0.16666666666666666,0.04591836734693878,1.0,18,0.39935064935064934,123,123,0,308,0.23958150000544265,94.40000000000039,0.08255485292708632,False,0.0,141.0,23.0,0,0,0.0,0.638705519724988,308,False,True,,2026-07-29T17:18:04.462115+00:00,2026-07-29T17:18:04.702655+00:00,True
medium-low-n0.2-sac-s7-30be804a4241,medium,14,low,0.03,0.2,SAC,7,artifacts/final_submission/sac/best_model.zip,78fe38fcc78df0ba8f98bd07af373848833876e7ec5ddf1486cec9a3cd9ba44c,disabled,66da6332362cbf876667b08f276bd50b7cdba93a73315a4f2302dc81e40e2eb2,30be804a4241b98be84587e00620a43dd43687395dfb8824cc9ee3368a0d160e,0.0,0.05612244897959184,1.0,15,0.5487012987012987,169,169,0,308,0.23445920000085607,231.19999999999902,0.018458356315499174,False,0.0,184.0,197.0,0,0,0.0,0.6227181811836645,308,False,True,,2026-07-29T17:18:04.705666+00:00,2026-07-29T17:18:04.940958+00:00,True
medium-low-n0.2-sac-s8-83a6b4072acf,medium,14,low,0.03,0.2,SAC,8,artifacts/final_submission/sac/best_model.zip,78fe38fcc78df0ba8f98bd07af373848833876e7ec5ddf1486cec9a3cd9ba44c,disabled,66da6332362cbf876667b08f276bd50b7cdba93a73315a4f2302dc81e40e2eb2,83a6b4072acf9c53405a2dea04ecbdd4fcb551372e5240a87f5a5dff67ee44c5,0.16666666666666666,0.061224489795918366,1.0,2,0.9025974025974026,278,284,6,308,0.24143860000185668,87.20000000000078,0.0860720758891792,False,0.0,288.0,30.0,0,0,0.0,0.6467454535501114,308,False,True,,2026-07-29T17:18:04.943973+00:00,2026-07-29T17:18:05.186381+00:00,True
medium-low-n0.2-sac-s9-a547e1675f49,medium,14,low,0.03,0.2,SAC,9,artifacts/final_submission/sac/best_model.zip,78fe38fcc78df0ba8f98bd07af373848833876e7ec5ddf1486cec9a3cd9ba44c,disabled,66da6332362cbf876667b08f276bd50b7cdba93a73315a4f2302dc81e40e2eb2,a547e1675f4972ebe73fd78a138fc05e0a99d07e0b4ce6ee9b1a8b0154410242,0.0,0.030612244897959183,1.0,26,0.0,0,1,1,308,0.24163790000602603,304.8,0.01989795918367347,False,0.0,27.0,278.0,0,0,0.0,0.6449259743895744,308,False,True,,2026-07-29T17:18:05.189390+00:00,2026-07-29T17:18:05.432047+00:00,True
medium-low-n0.2-riskshield_ppo-s0-ff3dd31eb75d,medium,14,low,0.03,0.2,RiskShield-PPO,0,artifacts/final_submission/riskshield_ppo/best_model.zip,d6c91caeb9bb10db866cbfe947ef1cc3db0ea8dc7470d098c9af6298ab75c812,k_step,66da6332362cbf876667b08f276bd50b7cdba93a73315a4f2302dc81e40e2eb2,ff3dd31eb75d21daa6c357173dc0499cefb886071c9dd8b04d4b7e091850ca97,0.16666666666666666,0.01020408163265306,0.0,0,0.03571428571428571,11,11,0,308,0.24442760000238195,62.40000000000033,0.09472789115646257,False,0.0,11.0,1.0,12,11,0.0,0.6313704540265132,308,False,True,,2026-07-29T17:18:05.435045+00:00,2026-07-29T17:18:05.680126+00:00,True
medium-low-n0.2-riskshield_ppo-s1-3dcfd69906c1,medium,14,low,0.03,0.2,RiskShield-PPO,1,artifacts/final_submission/riskshield_ppo/best_model.zip,d6c91caeb9bb10db866cbfe947ef1cc3db0ea8dc7470d098c9af6298ab75c812,k_step,66da6332362cbf876667b08f276bd50b7cdba93a73315a4f2302dc81e40e2eb2,3dcfd69906c1fd53f0faecb1830c587c244a3a2967cf5aebb12a1cf218b81947,0.0,0.04081632653061224,0.0,0,0.0,0,0,0,308,0.2471720000030473,67.20000000000041,0.31224489795918364,False,0.0,0.0,7.0,7,0,0.0,0.6381084414141542,308,False,True,,2026-07-29T17:18:05.684297+00:00,2026-07-29T17:18:05.932181+00:00,True
medium-low-n0.2-riskshield_ppo-s2-fe4177e54b3f,medium,14,low,0.03,0.2,RiskShield-PPO,2,artifacts/final_submission/riskshield_ppo/best_model.zip,d6c91caeb9bb10db866cbfe947ef1cc3db0ea8dc7470d098c9af6298ab75c812,k_step,66da6332362cbf876667b08f276bd50b7cdba93a73315a4f2302dc81e40e2eb2,fe4177e54b3f68a82cbdf7cf3876fb3d99e7b80a49bd13e847e9c8d63f17e5e8,0.16666666666666666,0.030612244897959183,0.0,0,0.0,0,0,0,308,0.24842680001165718,65.60000000000035,0.3758503401360544,False,0.0,0.0,5.0,5,0,0.0,0.6467136355984787,308,False,True,,2026-07-29T17:18:05.935183+00:00,2026-07-29T17:18:06.184265+00:00,True
medium-low-n0.2-riskshield_ppo-s3-65f33c66748f,medium,14,low,0.03,0.2,RiskShield-PPO,3,artifacts/final_submission/riskshield_ppo/best_model.zip,d6c91caeb9bb10db866cbfe947ef1cc3db0ea8dc7470d098c9af6298ab75c812,k_step,66da6332362cbf876667b08f276bd50b7cdba93a73315a4f2302dc81e40e2eb2,65f33c66748f2e363811cff7dfc98b5160879102c65751b8515ecd8f692dd7a7,0.16666666666666666,0.05612244897959184,0.0,0,0.0,0,0,0,308,0.24727920000441372,76.00000000000028,0.38350340136054417,False,0.0,0.0,18.0,18,0,0.0,0.6402172068853609,308,False,True,,2026-07-29T17:18:06.189282+00:00,2026-07-29T17:18:06.436263+00:00,True
medium-low-n0.2-riskshield_ppo-s4-19ced61befe4,medium,14,low,0.03,0.2,RiskShield-PPO,4,artifacts/final_submission/riskshield_ppo/best_model.zip,d6c91caeb9bb10db866cbfe947ef1cc3db0ea8dc7470d098c9af6298ab75c812,k_step,66da6332362cbf876667b08f276bd50b7cdba93a73315a4f2302dc81e40e2eb2,19ced61befe47b0feeeb47da630ba1be5682e30232fe3b028d3c4374a3495e1f,0.5,0.02040816326530612,0.0,0,0.016233766233766232,5,5,0,308,0.24791459998232313,68.00000000000034,0.25612244897959185,False,0.0,5.0,8.0,13,5,0.0,0.6428464283137099,308,False,True,,2026-07-29T17:18:06.440282+00:00,2026-07-29T17:18:06.689973+00:00,True
medium-low-n0.2-riskshield_ppo-s5-05f5c239364e,medium,14,low,0.03,0.2,RiskShield-PPO,5,artifacts/final_submission/riskshield_ppo/best_model.zip,d6c91caeb9bb10db866cbfe947ef1cc3db0ea8dc7470d098c9af6298ab75c812,k_step,66da6332362cbf876667b08f276bd50b7cdba93a73315a4f2302dc81e40e2eb2,05f5c239364e08224aaad097bb10bdeb2630d0279b36b1378cc37d219bf8b78a,0.16666666666666666,0.00510204081632653,0.0,0,0.0,0,0,0,308,0.2510617000225466,61.600000000000335,0.3681972789115646,False,0.0,0.0,0.0,0,0,0.0,0.6502308444703578,308,False,True,,2026-07-29T17:18:06.693976+00:00,2026-07-29T17:18:06.944682+00:00,True
medium-low-n0.2-riskshield_ppo-s6-e08ec6d30734,medium,14,low,0.03,0.2,RiskShield-PPO,6,artifacts/final_submission/riskshield_ppo/best_model.zip,d6c91caeb9bb10db866cbfe947ef1cc3db0ea8dc7470d098c9af6298ab75c812,k_step,66da6332362cbf876667b08f276bd50b7cdba93a73315a4f2302dc81e40e2eb2,e08ec6d30734fd9360af0591c2b8de6dd60e7b9447946a435ba7c2efa44f8f53,0.16666666666666666,0.03571428571428571,0.0,0,0.0,0,0,0,308,0.25248460000148043,66.40000000000036,0.3773809523809524,False,0.0,0.0,6.0,6,0,0.0,0.6510587663324732,308,False,True,,2026-07-29T17:18:06.948684+00:00,2026-07-29T17:18:07.201471+00:00,True
medium-low-n0.2-riskshield_ppo-s7-cbb9926e364c,medium,14,low,0.03,0.2,RiskShield-PPO,7,artifacts/final_submission/riskshield_ppo/best_model.zip,d6c91caeb9bb10db866cbfe947ef1cc3db0ea8dc7470d098c9af6298ab75c812,k_step,66da6332362cbf876667b08f276bd50b7cdba93a73315a4f2302dc81e40e2eb2,cbb9926e364cb7d26d849676482e247ce2fabf80d72a2c376638dda60085c0ee,0.0,0.00510204081632653,0.0,0,0.0,0,0,0,308,0.2556895000161603,61.600000000000335,0.30153061224489797,False,0.0,0.0,0.0,0,0,0.0,0.6617123379021302,308,False,True,,2026-07-29T17:18:07.205476+00:00,2026-07-29T17:18:07.461225+00:00,True
medium-low-n0.2-riskshield_ppo-s8-eea228c647ad,medium,14,low,0.03,0.2,RiskShield-PPO,8,artifacts/final_submission/riskshield_ppo/best_model.zip,d6c91caeb9bb10db866cbfe947ef1cc3db0ea8dc7470d098c9af6298ab75c812,k_step,66da6332362cbf876667b08f276bd50b7cdba93a73315a4f2302dc81e40e2eb2,eea228c647adbee96c2aa7cae1a6b9b78a2f28083a3c2895b894ee374cfaf7de,0.0,0.05102040816326531,0.0,0,0.016233766233766232,5,5,0,308,0.25633879998349585,70.4000000000005,0.06530612244897958,False,0.0,5.0,11.0,16,5,0.0,0.662059415632242,308,False,True,,2026-07-29T17:18:07.465225+00:00,2026-07-29T17:18:07.722996+00:00,True
medium-low-n0.2-riskshield_ppo-s9-0d5fb9f9d64c,medium,14,low,0.03,0.2,RiskShield-PPO,9,artifacts/final_submission/riskshield_ppo/best_model.zip,d6c91caeb9bb10db866cbfe947ef1cc3db0ea8dc7470d098c9af6298ab75c812,k_step,66da6332362cbf876667b08f276bd50b7cdba93a73315a4f2302dc81e40e2eb2,0d5fb9f9d64cc5a757848f9d3f9bcc7ba9d9e00496a25f04ba5a193988c02f65,0.0,0.00510204081632653,0.0,0,0.0,0,0,0,308,0.2484722000081092,61.600000000000335,0.30153061224489797,False,0.0,0.0,0.0,0,0,0.0,0.6465590901010634,308,False,True,,2026-07-29T17:18:07.725997+00:00,2026-07-29T17:18:07.975625+00:00,True
medium-medium-n0.0-risk_aware_astar-s0-394e954b4f25,medium,14,medium,0.05,0.0,risk_aware_astar,0,,,disabled,66da6332362cbf876667b08f276bd50b7cdba93a73315a4f2302dc81e40e2eb2,394e954b4f25532dd23109ed9d771c7fb1b3391261f5521ccf61edf3814bd5d5,1.0,0.18877551020408162,0.0,0,0.0196078431372549,1,1,0,51,0.012575700005982071,43.0,0.5766326530612245,True,1.0,1.5,41.0,0,0,0.0,0.15200588477811977,51,True,False,,2026-07-29T17:16:40.914004+00:00,2026-07-29T17:16:40.926005+00:00,True
medium-medium-n0.0-risk_aware_astar-s1-9ee216664bfa,medium,14,medium,0.05,0.0,risk_aware_astar,1,,,disabled,66da6332362cbf876667b08f276bd50b7cdba93a73315a4f2302dc81e40e2eb2,9ee216664bfadb6db9ee40a319336b0b50776c69b8a5aa5c89b97011848a89ea,1.0,0.22959183673469388,0.0,0,0.0,0,0,0,58,0.1620184000057634,50.0,0.7688775510204082,True,1.0,0.0,48.0,0,0,0.0,0.1994655186567327,58,True,False,,2026-07-29T17:16:40.926005+00:00,2026-07-29T17:16:41.088613+00:00,True
medium-medium-n0.0-risk_aware_astar-s2-a3a27840f7fe,medium,14,medium,0.05,0.0,risk_aware_astar,2,,,disabled,66da6332362cbf876667b08f276bd50b7cdba93a73315a4f2302dc81e40e2eb2,a3a27840f7feec9497dbcf30795e45850c55126e0f2c68a686f955d8e2314893,1.0,0.19387755102040816,0.0,0,0.0,0,0,0,47,0.011622499994700775,39.0,0.7581632653061224,True,1.0,0.0,37.0,0,0,0.0,0.1511468051714783,47,True,False,,2026-07-29T17:16:40.964598+00:00,2026-07-29T17:16:40.977091+00:00,True
medium-medium-n0.0-risk_aware_astar-s3-97680d4d1099,medium,14,medium,0.05,0.0,risk_aware_astar,3,,,disabled,66da6332362cbf876667b08f276bd50b7cdba93a73315a4f2302dc81e40e2eb2,97680d4d1099a553fc945a4d80833914eea9d6b0a0e2c5c948795e50fb1e31b6,1.0,0.25510204081632654,0.0,0,0.0,0,0,0,75,0.05463679999229498,67.00000000000001,0.776530612244898,True,1.0,0.0,65.0,0,0,0.0,0.21194800036028028,75,True,False,,2026-07-29T17:16:40.977091+00:00,2026-07-29T17:16:41.032609+00:00,True
medium-medium-n0.0-risk_aware_astar-s4-1991227fe499,medium,14,medium,0.05,0.0,risk_aware_astar,4,,,disabled,66da6332362cbf876667b08f276bd50b7cdba93a73315a4f2302dc81e40e2eb2,1991227fe499d06481df91b59db1065ab5ba2345a5d04c91230eb4f0e1c6250f,1.0,0.18877551020408162,0.0,0,0.029850746268656716,2,2,0,67,0.13292909998563118,59.000000000000014,0.5566326530612246,True,1.0,2.0,57.0,0,0,0.0,0.22699104390913316,67,True,False,,2026-07-29T17:16:41.004097+00:00,2026-07-29T17:16:41.137249+00:00,True
medium-medium-n0.0-risk_aware_astar-s5-1660dbf1c909,medium,14,medium,0.05,0.0,risk_aware_astar,5,,,disabled,66da6332362cbf876667b08f276bd50b7cdba93a73315a4f2302dc81e40e2eb2,1660dbf1c90980bd389b7793a93dc99ca2d7aaec5fcebebe253aece370c2ec02,1.0,0.18877551020408162,0.0,0,0.0,0,0,0,58,0.021498699992662296,50.0,0.6566326530612245,True,1.0,0.5,48.0,0,0,0.0,0.2761499972307476,58,True,False,,2026-07-29T17:16:41.032609+00:00,2026-07-29T17:16:41.054610+00:00,True
medium-medium-n0.0-risk_aware_astar-s6-15ba465b5da7,medium,14,medium,0.05,0.0,risk_aware_astar,6,,,disabled,66da6332362cbf876667b08f276bd50b7cdba93a73315a4f2302dc81e40e2eb2,15ba465b5da764fca5fbefa4fca0ded266ae92f8f028d69ebc039a0df31b45ef,1.0,0.1836734693877551,0.0,0,0.0625,3,3,0,48,0.011953300010645762,40.8,0.5301020408163265,True,1.0,3.0,39.0,0,0,0.0,0.15535833760319898,48,True,False,,2026-07-29T17:16:41.054610+00:00,2026-07-29T17:16:41.066609+00:00,True
medium-medium-n0.0-risk_aware_astar-s7-4c8461fbb4cc,medium,14,medium,0.05,0.0,risk_aware_astar,7,,,disabled,66da6332362cbf876667b08f276bd50b7cdba93a73315a4f2302dc81e40e2eb2,4c8461fbb4cc5b01de49d8f64844fe0c2d1d6179c69453991eb38b3030b588a9,1.0,0.19387755102040816,0.0,0,0.0,0,0,0,61,0.02163020000443794,53.0,0.7581632653061224,True,1.0,0.0,51.0,0,0,0.0,0.2572458999834527,61,True,False,,2026-07-29T17:16:41.066609+00:00,2026-07-29T17:16:41.088613+00:00,True
medium-medium-n0.0-risk_aware_astar-s8-427fa28547cc,medium,14,medium,0.05,0.0,risk_aware_astar,8,,,disabled,66da6332362cbf876667b08f276bd50b7cdba93a73315a4f2302dc81e40e2eb2,427fa28547cc904eab1642340fe5fb383be1545c10908d634e8c2a00f8986b21,1.0,0.15306122448979592,0.0,0,0.058823529411764705,3,3,0,51,0.018173799995565787,43.0,0.5125850340136054,True,1.0,3.5,41.0,0,0,0.0,0.26395098322217225,51,True,False,,2026-07-29T17:16:41.088613+00:00,2026-07-29T17:16:41.280782+00:00,True
medium-medium-n0.0-risk_aware_astar-s9-a4f266f9d68d,medium,14,medium,0.05,0.0,risk_aware_astar,9,,,disabled,66da6332362cbf876667b08f276bd50b7cdba93a73315a4f2302dc81e40e2eb2,a4f266f9d68df1354c77f44c9ca960dc8f913154759477177a481d463c498b34,1.0,0.20918367346938777,0.0,0,0.03125,2,2,0,64,0.02388510000309907,56.8,0.5627551020408164,True,1.0,2.0,55.0,0,0,0.0,0.27850468995893607,64,True,False,,2026-07-29T17:16:41.088613+00:00,2026-07-29T17:16:41.113449+00:00,True
medium-medium-n0.0-frontier_exploration-s0-2271baea1937,medium,14,medium,0.05,0.0,frontier_exploration,0,,,disabled,66da6332362cbf876667b08f276bd50b7cdba93a73315a4f2302dc81e40e2eb2,2271baea1937062cd89bdc676d0cc502c66e43d01dc59b74d0b97d4ab0ba731b,1.0,0.5918367346938775,0.0,0,0.0,0,0,0,197,0.19950420001987368,188.99999999999994,0.8775510204081634,True,1.0,0.0,187.0,0,0,0.0,0.13828883257808003,197,True,False,,2026-07-29T17:16:41.113449+00:00,2026-07-29T17:16:41.313267+00:00,True
medium-medium-n0.0-frontier_exploration-s1-93bc4feb5ff2,medium,14,medium,0.05,0.0,frontier_exploration,1,,,disabled,66da6332362cbf876667b08f276bd50b7cdba93a73315a4f2302dc81e40e2eb2,93bc4feb5ff2e78cb81386b6a256fdcf90b53dece5efb77fb3876a391c6f2628,1.0,0.6479591836734694,0.0,0,0.015,3,3,0,200,0.04372929999954067,192.0,0.6693877551020408,True,1.0,3.0,190.0,0,0,0.0,0.12631599907763302,200,True,False,,2026-07-29T17:16:41.137249+00:00,2026-07-29T17:16:41.181247+00:00,True
medium-medium-n0.0-frontier_exploration-s2-2a56b4c7624f,medium,14,medium,0.05,0.0,frontier_exploration,2,,,disabled,66da6332362cbf876667b08f276bd50b7cdba93a73315a4f2302dc81e40e2eb2,2a56b4c7624f7c8525896db67607ceeb0ad6065c1fee97dbd2ec1a6cf7faec12,1.0,0.49489795918367346,0.0,0,0.024390243902439025,3,3,0,123,0.023723899998003617,115.00000000000001,0.6234693877551021,True,1.0,3.0,113.0,0,0,0.0,0.1048357725215364,123,True,False,,2026-07-29T17:16:41.181247+00:00,2026-07-29T17:16:41.205757+00:00,True
medium-medium-n0.0-frontier_exploration-s3-168b304ddc27,medium,14,medium,0.05,0.0,frontier_exploration,3,,,disabled,66da6332362cbf876667b08f276bd50b7cdba93a73315a4f2302dc81e40e2eb2,168b304ddc27836dff0ba146f44aea0505bad085ddca64a091a4f254a6042516,1.0,0.5663265306122449,0.0,0,0.0,0,0,0,160,0.0324012000055518,152.0,0.8698979591836735,True,1.0,0.0,150.0,0,0,0.0,0.11444375086284708,160,True,False,,2026-07-29T17:16:41.205757+00:00,2026-07-29T17:16:41.237757+00:00,True
medium-medium-n0.0-frontier_exploration-s4-0f318f1938c7,medium,14,medium,0.05,0.0,frontier_exploration,4,,,disabled,66da6332362cbf876667b08f276bd50b7cdba93a73315a4f2302dc81e40e2eb2,0f318f1938c7217cd85f30f27801ab53a7c164aceb50b6d4255702b301446224,1.0,0.45408163265306123,0.0,0,0.0125,2,2,0,160,0.21214230000623502,152.0,0.6112244897959184,True,1.0,3.0,150.0,0,0,0.0,0.1480518749303883,160,True,False,,2026-07-29T17:16:41.238757+00:00,2026-07-29T17:16:41.450777+00:00,True
medium-medium-n0.0-frontier_exploration-s5-8992cfd77d2a,medium,14,medium,0.05,0.0,frontier_exploration,5,,,disabled,66da6332362cbf876667b08f276bd50b7cdba93a73315a4f2302dc81e40e2eb2,8992cfd77d2a6912d621ceb6eb5d284a8e406f8b3e8804bac163db8a8d0840dc,1.0,0.6632653061224489,0.0,0,0.004,1,1,0,250,0.3814651999855414,241.99999999999997,0.6989795918367346,True,1.0,2.0,240.0,0,0,0.0,0.1989239996764809,250,True,False,,2026-07-29T17:16:41.280782+00:00,2026-07-29T17:16:41.662805+00:00,True
medium-medium-n0.0-frontier_exploration-s6-02aa2d158aa7,medium,14,medium,0.05,0.0,frontier_exploration,6,,,disabled,66da6332362cbf876667b08f276bd50b7cdba93a73315a4f2302dc81e40e2eb2,02aa2d158aa774311c0f52b2ff5405b1e4b7b5209e70a52bca1a366c0a5a013f,1.0,0.6173469387755102,0.0,0,0.013761467889908258,3,3,0,218,0.05249810000532307,210.79999999999995,0.660204081632653,True,1.0,3.0,209.0,0,0,0.0,0.14463348694384917,218,True,False,,2026-07-29T17:16:41.313267+00:00,2026-07-29T17:16:41.366267+00:00,True
medium-medium-n0.0-frontier_exploration-s7-c12fc898a631,medium,14,medium,0.05,0.0,frontier_exploration,7,,,disabled,66da6332362cbf876667b08f276bd50b7cdba93a73315a4f2302dc81e40e2eb2,c12fc898a631ee9bb22d24bfffe956d4deb160c0b5636ac4fff35b32d08d9e44,1.0,0.45918367346938777,0.0,0,0.0,0,0,0,114,0.023370199982309714,106.0,0.8377551020408163,True,1.0,0.0,104.0,0,0,0.0,0.11153245679707381,114,True,False,,2026-07-29T17:16:41.366267+00:00,2026-07-29T17:16:41.390271+00:00,True
medium-medium-n0.0-frontier_exploration-s8-713494045bad,medium,14,medium,0.05,0.0,frontier_exploration,8,,,disabled,66da6332362cbf876667b08f276bd50b7cdba93a73315a4f2302dc81e40e2eb2,713494045bad9df42dcd4d1bb3ca4b497c539f55824296e1903f08431eac33a7,1.0,0.5306122448979592,0.0,0,0.044444444444444446,6,6,0,135,0.027312699996400625,127.00000000000001,0.5991836734693878,True,1.0,6.5,125.0,0,0,0.0,0.10838148235860798,135,True,False,,2026-07-29T17:16:41.390271+00:00,2026-07-29T17:16:41.417776+00:00,True
medium-medium-n0.0-frontier_exploration-s9-d626d36a5352,medium,14,medium,0.05,0.0,frontier_exploration,9,,,disabled,66da6332362cbf876667b08f276bd50b7cdba93a73315a4f2302dc81e40e2eb2,d626d36a5352249b33cb7d0720d24db86a748c4d3e38b4edf670383d27e1edf7,1.0,0.5,0.0,0,0.005128205128205128,1,1,0,195,0.7127466000092681,187.8,0.65,True,1.0,2.0,186.0,0,0,0.0,0.19089128308666822,195,True,False,,2026-07-29T17:16:41.417776+00:00,2026-07-29T17:16:42.130383+00:00,True
medium-medium-n0.0-ppo-s0-1ef545554e95,medium,14,medium,0.05,0.0,PPO,0,artifacts/final_submission/ppo/best_model.zip,7c54226fc8927d7ef7fcdc7d5f3ff29b11fa8d1463293a9d8e3b6bebad84cc11,disabled,66da6332362cbf876667b08f276bd50b7cdba93a73315a4f2302dc81e40e2eb2,1ef545554e950417735616fe6ec5220fb44dd3c06e04b4af833313cc95d6b04f,0.0,0.00510204081632653,0.0,0,0.0,0,0,0,308,0.23910909998812713,61.600000000000335,0.30153061224489797,False,0.0,0.0,0.0,0,0,0.0,0.6441607129799396,308,False,True,,2026-07-29T17:18:07.978627+00:00,2026-07-29T17:18:08.218498+00:00,True
medium-medium-n0.0-ppo-s1-7bce3d2d7cb2,medium,14,medium,0.05,0.0,PPO,1,artifacts/final_submission/ppo/best_model.zip,7c54226fc8927d7ef7fcdc7d5f3ff29b11fa8d1463293a9d8e3b6bebad84cc11,disabled,66da6332362cbf876667b08f276bd50b7cdba93a73315a4f2302dc81e40e2eb2,7bce3d2d7cb244119469c749ef124094a33883f3f0dbeb71c5c03dc884a1ffa6,0.1,0.00510204081632653,0.0,0,0.016233766233766232,5,5,0,308,0.24134229999617673,61.600000000000335,0.09153061224489796,False,0.0,5.0,0.0,0,0,0.0,0.6443788962704795,308,False,True,,2026-07-29T17:18:08.222504+00:00,2026-07-29T17:18:08.464375+00:00,True
medium-medium-n0.0-ppo-s2-3be95a1bcc46,medium,14,medium,0.05,0.0,PPO,2,artifacts/final_submission/ppo/best_model.zip,7c54226fc8927d7ef7fcdc7d5f3ff29b11fa8d1463293a9d8e3b6bebad84cc11,disabled,66da6332362cbf876667b08f276bd50b7cdba93a73315a4f2302dc81e40e2eb2,3be95a1bcc46a67240b030657cef6524af20a159dbbba8cb65eb586a3f984934,0.1,0.00510204081632653,0.0,0,0.02922077922077922,9,9,0,308,0.24132069997722283,61.600000000000335,0.07153061224489796,False,0.0,9.0,0.0,0,0,0.0,0.6462123373322274,308,False,True,,2026-07-29T17:18:08.468375+00:00,2026-07-29T17:18:08.709774+00:00,True
medium-medium-n0.0-ppo-s3-52f8af521943,medium,14,medium,0.05,0.0,PPO,3,artifacts/final_submission/ppo/best_model.zip,7c54226fc8927d7ef7fcdc7d5f3ff29b11fa8d1463293a9d8e3b6bebad84cc11,disabled,66da6332362cbf876667b08f276bd50b7cdba93a73315a4f2302dc81e40e2eb2,52f8af521943455a6f3d6409c8b8a1049baafc11ddcb978af3be728b0a1a6f29,0.0,0.00510204081632653,0.0,0,0.003246753246753247,1,1,0,308,0.24006050001480617,61.600000000000335,0.15153061224489794,False,0.0,1.0,0.0,0,0,0.0,0.6413295450801779,308,False,True,,2026-07-29T17:18:08.713789+00:00,2026-07-29T17:18:08.954071+00:00,True
medium-medium-n0.0-ppo-s4-f07769b8f68a,medium,14,medium,0.05,0.0,PPO,4,artifacts/final_submission/ppo/best_model.zip,7c54226fc8927d7ef7fcdc7d5f3ff29b11fa8d1463293a9d8e3b6bebad84cc11,disabled,66da6332362cbf876667b08f276bd50b7cdba93a73315a4f2302dc81e40e2eb2,f07769b8f68ae2827418d7a731eebff91cdb326fe9a14b6bb0a282b4b782f36a,0.0,0.00510204081632653,1.0,308,0.23376623376623376,72,72,0,308,0.24527859999216162,308.0,0.002318013819701109,False,0.0,380.0,0.0,0,0,0.0,0.6595370135770494,308,False,True,,2026-07-29T17:18:08.957062+00:00,2026-07-29T17:18:09.203174+00:00,True
medium-medium-n0.0-ppo-s5-d15dfe2988c2,medium,14,medium,0.05,0.0,PPO,5,artifacts/final_submission/ppo/best_model.zip,7c54226fc8927d7ef7fcdc7d5f3ff29b11fa8d1463293a9d8e3b6bebad84cc11,disabled,66da6332362cbf876667b08f276bd50b7cdba93a73315a4f2302dc81e40e2eb2,d15dfe2988c2d21086de90fedddced5ac341b0d9f4df615b8159c0e672dfac40,0.1,0.00510204081632653,1.0,286,0.10714285714285714,33,33,0,308,0.24433590000262484,290.3999999999999,0.042468112244897965,False,0.0,319.0,0.0,0,0,0.0,0.6496006500636614,308,False,True,,2026-07-29T17:18:09.206207+00:00,2026-07-29T17:18:09.450855+00:00,True
medium-medium-n0.0-ppo-s6-3ae34ac29890,medium,14,medium,0.05,0.0,PPO,6,artifacts/final_submission/ppo/best_model.zip,7c54226fc8927d7ef7fcdc7d5f3ff29b11fa8d1463293a9d8e3b6bebad84cc11,disabled,66da6332362cbf876667b08f276bd50b7cdba93a73315a4f2302dc81e40e2eb2,3ae34ac2989087118287d2581344fb8864a840dba0a78a693798633442f5801f,0.2,0.00510204081632653,0.0,0,0.11038961038961038,34,34,0,308,0.2464019000180997,61.600000000000335,0.09010204081632656,False,0.0,34.0,0.0,0,0,0.0,0.6492243501034191,308,False,True,,2026-07-29T17:18:09.454855+00:00,2026-07-29T17:18:09.701618+00:00,True
medium-medium-n0.0-ppo-s7-a74cfcdd415c,medium,14,medium,0.05,0.0,PPO,7,artifacts/final_submission/ppo/best_model.zip,7c54226fc8927d7ef7fcdc7d5f3ff29b11fa8d1463293a9d8e3b6bebad84cc11,disabled,66da6332362cbf876667b08f276bd50b7cdba93a73315a4f2302dc81e40e2eb2,a74cfcdd415cd2317e84fcaff0c947be1ee75b713205f672314564003514f597,0.0,0.00510204081632653,0.0,0,0.05519480519480519,17,17,0,308,0.24129240002366714,61.600000000000335,0.018197278911564627,False,0.0,17.0,0.0,0,0,0.0,0.650170454211146,308,False,True,,2026-07-29T17:18:09.704307+00:00,2026-07-29T17:18:09.946704+00:00,True
medium-medium-n0.0-ppo-s8-98b9568e5207,medium,14,medium,0.05,0.0,PPO,8,artifacts/final_submission/ppo/best_model.zip,7c54226fc8927d7ef7fcdc7d5f3ff29b11fa8d1463293a9d8e3b6bebad84cc11,disabled,66da6332362cbf876667b08f276bd50b7cdba93a73315a4f2302dc81e40e2eb2,98b9568e520737db4dd3ae22881a0b6fe2b93ff88f12d0473d026dc2c5e61204,0.1,0.00510204081632653,0.0,0,0.0,0,0,0,308,0.24432999998680316,61.600000000000335,0.34153061224489795,False,0.0,0.0,0.0,0,0,0.0,0.658798376691691,308,False,True,,2026-07-29T17:18:09.949599+00:00,2026-07-29T17:18:10.195261+00:00,True
medium-medium-n0.0-ppo-s9-d64007d9f53f,medium,14,medium,0.05,0.0,PPO,9,artifacts/final_submission/ppo/best_model.zip,7c54226fc8927d7ef7fcdc7d5f3ff29b11fa8d1463293a9d8e3b6bebad84cc11,disabled,66da6332362cbf876667b08f276bd50b7cdba93a73315a4f2302dc81e40e2eb2,d64007d9f53f564c35a4ab2df907f62b6908376c37becf957a93e65454e61d65,0.1,0.00510204081632653,0.0,0,0.012987012987012988,4,4,0,308,0.2438665000081528,61.600000000000335,0.10153061224489796,False,0.0,4.0,0.0,0,0,0.0,0.6603873369787433,308,False,True,,2026-07-29T17:18:10.198271+00:00,2026-07-29T17:18:10.442537+00:00,True
medium-medium-n0.0-sac-s0-d735f250ccf3,medium,14,medium,0.05,0.0,SAC,0,artifacts/final_submission/sac/best_model.zip,78fe38fcc78df0ba8f98bd07af373848833876e7ec5ddf1486cec9a3cd9ba44c,disabled,66da6332362cbf876667b08f276bd50b7cdba93a73315a4f2302dc81e40e2eb2,d735f250ccf3b5753b92769895afdc4c5fff35620bc184855a8bfcf34184cc27,0.0,0.030612244897959183,1.0,301,0.0,0,0,0,308,0.28023959998972714,306.4,0.010177050952831463,False,0.0,301.0,5.0,0,0,0.0,0.7672931818675565,308,False,True,,2026-07-29T17:18:10.445541+00:00,2026-07-29T17:18:10.726237+00:00,True
medium-medium-n0.0-sac-s1-71825f5a373a,medium,14,medium,0.05,0.0,SAC,1,artifacts/final_submission/sac/best_model.zip,78fe38fcc78df0ba8f98bd07af373848833876e7ec5ddf1486cec9a3cd9ba44c,disabled,66da6332362cbf876667b08f276bd50b7cdba93a73315a4f2302dc81e40e2eb2,71825f5a373a1c77aa7a34dab5f5c7ab92bfcb6117104a0daa53e36b361ee09f,0.1,0.07653061224489796,1.0,8,0.37337662337662336,115,236,121,308,0.2686321999935899,283.20000000000005,0.06418367346938776,False,0.0,244.0,269.0,0,0,0.0,0.7270025964387898,308,False,True,,2026-07-29T17:18:10.730218+00:00,2026-07-29T17:18:10.998764+00:00,True
medium-medium-n0.0-sac-s2-5d98d31b4a6f,medium,14,medium,0.05,0.0,SAC,2,artifacts/final_submission/sac/best_model.zip,78fe38fcc78df0ba8f98bd07af373848833876e7ec5ddf1486cec9a3cd9ba44c,disabled,66da6332362cbf876667b08f276bd50b7cdba93a73315a4f2302dc81e40e2eb2,5d98d31b4a6f53a01c201182ca20d16e3f3947a3731069c6dd32533791888a43,0.2,0.14795918367346939,1.0,132,0.07467532467532467,23,27,4,308,0.2602455999876838,307.2,0.12626275510204082,False,0.0,159.0,175.0,0,0,0.0,0.7025896112907787,308,False,True,,2026-07-29T17:18:11.002457+00:00,2026-07-29T17:18:11.263364+00:00,True
medium-medium-n0.0-sac-s3-cb12206d8e24,medium,14,medium,0.05,0.0,SAC,3,artifacts/final_submission/sac/best_model.zip,78fe38fcc78df0ba8f98bd07af373848833876e7ec5ddf1486cec9a3cd9ba44c,disabled,66da6332362cbf876667b08f276bd50b7cdba93a73315a4f2302dc81e40e2eb2,cb12206d8e24d0a3e7847515b438724391efc887013929871a0f8d7ab57a006a,0.3,0.061224489795918366,1.0,285,0.016233766233766232,5,5,0,308,0.23798989999340847,307.2,0.1393947441990495,False,0.0,291.0,22.0,0,0,0.0,0.6327698050314778,308,False,True,,2026-07-29T17:18:11.266479+00:00,2026-07-29T17:18:11.505086+00:00,True
medium-medium-n0.0-sac-s4-fd6da23c2d5c,medium,14,medium,0.05,0.0,SAC,4,artifacts/final_submission/sac/best_model.zip,78fe38fcc78df0ba8f98bd07af373848833876e7ec5ddf1486cec9a3cd9ba44c,disabled,66da6332362cbf876667b08f276bd50b7cdba93a73315a4f2302dc81e40e2eb2,fd6da23c2d5c28b28491fcdde450146153fa4c57cccaeb5e17ad032bf8e6047e,0.0,0.02040816326530612,0.0,0,0.05194805194805195,16,16,0,308,0.2358228999946732,71.20000000000049,0.02376950780312125,False,0.0,16.0,12.0,0,0,0.0,0.6218230521515036,308,False,True,,2026-07-29T17:18:11.508768+00:00,2026-07-29T17:18:11.745637+00:00,True
medium-medium-n0.0-sac-s5-b3dfe3d9ba95,medium,14,medium,0.05,0.0,SAC,5,artifacts/final_submission/sac/best_model.zip,78fe38fcc78df0ba8f98bd07af373848833876e7ec5ddf1486cec9a3cd9ba44c,disabled,66da6332362cbf876667b08f276bd50b7cdba93a73315a4f2302dc81e40e2eb2,b3dfe3d9ba95b1e5245ba7e733b1cf35291eab98e5f62d7d07ae25bd819fa410,0.1,0.12244897959183673,1.0,32,0.016233766233766232,5,5,0,308,0.23802180000348017,307.2,0.08462943071965628,False,0.0,37.0,275.0,0,0,0.0,0.6258490260285264,308,False,True,,2026-07-29T17:18:11.749626+00:00,2026-07-29T17:18:11.988763+00:00,True
medium-medium-n0.0-sac-s6-10e4240d4bac,medium,14,medium,0.05,0.0,SAC,6,artifacts/final_submission/sac/best_model.zip,78fe38fcc78df0ba8f98bd07af373848833876e7ec5ddf1486cec9a3cd9ba44c,disabled,66da6332362cbf876667b08f276bd50b7cdba93a73315a4f2302dc81e40e2eb2,10e4240d4bac1cf3fd78f9ce04d1e0bcb2c5dbc24b519c7681a11c4b44b46d1c,0.4,0.1377551020408163,1.0,36,0.05844155844155844,18,24,6,308,0.23392889997921884,275.2,0.20612653061224492,False,0.0,61.5,231.0,0,0,0.0,0.6150834419418356,308,False,True,,2026-07-29T17:18:11.991775+00:00,2026-07-29T17:18:12.226399+00:00,True
medium-medium-n0.0-sac-s7-af7422b0784c,medium,14,medium,0.05,0.0,SAC,7,artifacts/final_submission/sac/best_model.zip,78fe38fcc78df0ba8f98bd07af373848833876e7ec5ddf1486cec9a3cd9ba44c,disabled,66da6332362cbf876667b08f276bd50b7cdba93a73315a4f2302dc81e40e2eb2,af7422b0784cfbac45d55298382a7c68b09d66c56699e7c88b770506b5efd88f,0.0,0.10714285714285714,1.0,42,0.04220779220779221,13,20,7,308,0.2431749000097625,148.79999999999964,0.0369047619047619,False,0.0,62.0,67.0,0,0,0.0,0.6365896104918127,308,False,True,,2026-07-29T17:18:12.231299+00:00,2026-07-29T17:18:12.474365+00:00,True
medium-medium-n0.0-sac-s8-0293cb32066c,medium,14,medium,0.05,0.0,SAC,8,artifacts/final_submission/sac/best_model.zip,78fe38fcc78df0ba8f98bd07af373848833876e7ec5ddf1486cec9a3cd9ba44c,disabled,66da6332362cbf876667b08f276bd50b7cdba93a73315a4f2302dc81e40e2eb2,0293cb32066c63092d8668d4608ac77493fcdfa622dad9a88a1c277fa325e614,0.1,0.00510204081632653,0.0,0,0.0,0,0,0,308,0.23838170000817627,61.600000000000335,0.34153061224489795,False,0.0,0.0,0.0,0,0,0.0,0.6320756478703811,308,False,True,,2026-07-29T17:18:12.478276+00:00,2026-07-29T17:18:12.716575+00:00,True
medium-medium-n0.0-sac-s9-6860f4fbeabc,medium,14,medium,0.05,0.0,SAC,9,artifacts/final_submission/sac/best_model.zip,78fe38fcc78df0ba8f98bd07af373848833876e7ec5ddf1486cec9a3cd9ba44c,disabled,66da6332362cbf876667b08f276bd50b7cdba93a73315a4f2302dc81e40e2eb2,6860f4fbeabc8d159a9917c19ef0564dd0a0da793eaf5b4598fe82662510627b,0.0,0.10204081632653061,1.0,6,0.08116883116883117,25,26,1,308,0.235749500017846,93.60000000000065,0.03970315398886827,False,0.0,32.0,34.0,0,0,0.0,0.6201159094298536,308,False,True,,2026-07-29T17:18:12.720566+00:00,2026-07-29T17:18:12.956705+00:00,True
medium-medium-n0.0-riskshield_ppo-s0-d2badbe1f4c1,medium,14,medium,0.05,0.0,RiskShield-PPO,0,artifacts/final_submission/riskshield_ppo/best_model.zip,d6c91caeb9bb10db866cbfe947ef1cc3db0ea8dc7470d098c9af6298ab75c812,k_step,66da6332362cbf876667b08f276bd50b7cdba93a73315a4f2302dc81e40e2eb2,d2badbe1f4c14e68e9fb1dc020863ebc8f609001cdc19b5c49b3b694c138694d,0.0,0.00510204081632653,0.0,0,0.0,0,0,0,308,0.2517961999983527,61.600000000000335,0.30153061224489797,False,0.0,0.0,0.0,0,0,0.0,0.6531857135713209,308,False,True,,2026-07-29T17:18:12.959646+00:00,2026-07-29T17:18:13.212835+00:00,True
medium-medium-n0.0-riskshield_ppo-s1-5fe5c178c77d,medium,14,medium,0.05,0.0,RiskShield-PPO,1,artifacts/final_submission/riskshield_ppo/best_model.zip,d6c91caeb9bb10db866cbfe947ef1cc3db0ea8dc7470d098c9af6298ab75c812,k_step,66da6332362cbf876667b08f276bd50b7cdba93a73315a4f2302dc81e40e2eb2,5fe5c178c77d720ff9656095521e013679bd2808dd4cd679c3c224199652afad,0.2,0.04591836734693878,0.0,0,0.04220779220779221,13,13,0,308,0.25070939998840913,78.40000000000042,0.11520408163265308,False,0.0,13.0,21.0,38,13,0.0,0.6336396097624372,308,False,True,,2026-07-29T17:18:13.215820+00:00,2026-07-29T17:18:13.467376+00:00,True
medium-medium-n0.0-riskshield_ppo-s2-dfbe7476f4d7,medium,14,medium,0.05,0.0,RiskShield-PPO,2,artifacts/final_submission/riskshield_ppo/best_model.zip,d6c91caeb9bb10db866cbfe947ef1cc3db0ea8dc7470d098c9af6298ab75c812,k_step,66da6332362cbf876667b08f276bd50b7cdba93a73315a4f2302dc81e40e2eb2,dfbe7476f4d7930b035603b689864cf8d625706a2c9eb1509cabd693a3e928e6,0.2,0.02040816326530612,0.0,0,0.012987012987012988,4,4,0,308,0.2543772000062745,76.8000000000005,0.14612244897959187,False,0.0,4.0,19.0,30,4,0.0,0.6484685064287397,308,False,True,,2026-07-29T17:18:13.470378+00:00,2026-07-29T17:18:13.725360+00:00,True
medium-medium-n0.0-riskshield_ppo-s3-1f9b72e293ca,medium,14,medium,0.05,0.0,RiskShield-PPO,3,artifacts/final_submission/riskshield_ppo/best_model.zip,d6c91caeb9bb10db866cbfe947ef1cc3db0ea8dc7470d098c9af6298ab75c812,k_step,66da6332362cbf876667b08f276bd50b7cdba93a73315a4f2302dc81e40e2eb2,1f9b72e293ca2f4f6d2584a579d1c2323c9b8c3e48dda20f651d7036d53ec00f,0.1,0.02040816326530612,0.0,0,0.12337662337662338,38,38,0,308,0.2580934999859892,65.6000000000004,0.053814756671899534,False,0.0,38.0,5.0,43,38,0.0,0.6583847403911838,308,False,True,,2026-07-29T17:18:13.728361+00:00,2026-07-29T17:18:13.987715+00:00,True
medium-medium-n0.0-riskshield_ppo-s4-0b286bdc0e24,medium,14,medium,0.05,0.0,RiskShield-PPO,4,artifacts/final_submission/riskshield_ppo/best_model.zip,d6c91caeb9bb10db866cbfe947ef1cc3db0ea8dc7470d098c9af6298ab75c812,k_step,66da6332362cbf876667b08f276bd50b7cdba93a73315a4f2302dc81e40e2eb2,0b286bdc0e24428bc7dcd80fe186ac3e9252ccda68d126c49157fdd810a77b0a,0.0,0.00510204081632653,0.0,0,0.23376623376623376,72,72,0,308,0.25311399999191053,61.600000000000335,0.005640201285993849,False,0.0,72.0,0.0,198,72,0.0,0.6384818189907456,308,False,True,,2026-07-29T17:18:13.991282+00:00,2026-07-29T17:18:14.244939+00:00,True
medium-medium-n0.0-riskshield_ppo-s5-7a4888c000f2,medium,14,medium,0.05,0.0,RiskShield-PPO,5,artifacts/final_submission/riskshield_ppo/best_model.zip,d6c91caeb9bb10db866cbfe947ef1cc3db0ea8dc7470d098c9af6298ab75c812,k_step,66da6332362cbf876667b08f276bd50b7cdba93a73315a4f2302dc81e40e2eb2,7a4888c000f2c8d11d4c85b26b7006aa9e4f3c3126d3374ab722119429a9c4da,0.1,0.015306122448979591,0.0,0,0.09090909090909091,28,28,0,308,0.2537083000061102,69.60000000000034,0.05493666432090078,False,0.0,28.0,10.0,38,28,0.0,0.6448045453659936,308,False,True,,2026-07-29T17:18:14.247973+00:00,2026-07-29T17:18:14.502800+00:00,True
medium-medium-n0.0-riskshield_ppo-s6-ee1086362bb6,medium,14,medium,0.05,0.0,RiskShield-PPO,6,artifacts/final_submission/riskshield_ppo/best_model.zip,d6c91caeb9bb10db866cbfe947ef1cc3db0ea8dc7470d098c9af6298ab75c812,k_step,66da6332362cbf876667b08f276bd50b7cdba93a73315a4f2302dc81e40e2eb2,ee1086362bb6e267940f56343ce8bf39173c0d2083e072812d7634c33af9c3df,0.4,0.05102040816326531,0.0,0,0.03896103896103896,12,12,0,308,0.2574618000071496,86.40000000000049,0.1983830455259027,False,0.0,12.0,31.0,43,12,0.0,0.657057467479162,308,False,True,,2026-07-29T17:18:14.505821+00:00,2026-07-29T17:18:14.763466+00:00,True
medium-medium-n0.0-riskshield_ppo-s7-9b893017e3eb,medium,14,medium,0.05,0.0,RiskShield-PPO,7,artifacts/final_submission/riskshield_ppo/best_model.zip,d6c91caeb9bb10db866cbfe947ef1cc3db0ea8dc7470d098c9af6298ab75c812,k_step,66da6332362cbf876667b08f276bd50b7cdba93a73315a4f2302dc81e40e2eb2,9b893017e3eb1981af7a872334bf300eb685cfff4f78fadb4eadbe84d06b6cbe,0.1,0.08673469387755102,0.0,0,0.025974025974025976,8,8,0,308,0.25504499999806285,84.00000000000047,0.09935374149659865,False,0.0,8.0,28.0,36,8,0.0,0.6464941563370469,308,False,True,,2026-07-29T17:18:14.767586+00:00,2026-07-29T17:18:15.023192+00:00,True
medium-medium-n0.0-riskshield_ppo-s8-b2bf31bbaf17,medium,14,medium,0.05,0.0,RiskShield-PPO,8,artifacts/final_submission/riskshield_ppo/best_model.zip,d6c91caeb9bb10db866cbfe947ef1cc3db0ea8dc7470d098c9af6298ab75c812,k_step,66da6332362cbf876667b08f276bd50b7cdba93a73315a4f2302dc81e40e2eb2,b2bf31bbaf17b670687e24952af2fd4e65accab91da3866cca0abb0959232ca9,0.1,0.00510204081632653,0.0,0,0.0,0,0,0,308,0.2464110000000801,61.600000000000335,0.34153061224489795,False,0.0,0.0,0.0,0,0,0.0,0.6331324684297569,308,False,True,,2026-07-29T17:18:15.026319+00:00,2026-07-29T17:18:15.273570+00:00,True
medium-medium-n0.0-riskshield_ppo-s9-83159c0d4269,medium,14,medium,0.05,0.0,RiskShield-PPO,9,artifacts/final_submission/riskshield_ppo/best_model.zip,d6c91caeb9bb10db866cbfe947ef1cc3db0ea8dc7470d098c9af6298ab75c812,k_step,66da6332362cbf876667b08f276bd50b7cdba93a73315a4f2302dc81e40e2eb2,83159c0d426931bb90344c45926c6d6df3583e9a08c0a5907834f82d23f3835c,0.1,0.00510204081632653,0.0,0,0.012987012987012988,4,4,0,308,0.25093039998319,61.600000000000335,0.10153061224489796,False,0.0,4.0,0.0,4,4,0.0,0.6532457799086795,308,False,True,,2026-07-29T17:18:15.277572+00:00,2026-07-29T17:18:15.529364+00:00,True
medium-medium-n0.1-risk_aware_astar-s0-65630cca3496,medium,14,medium,0.05,0.1,risk_aware_astar,0,,,disabled,66da6332362cbf876667b08f276bd50b7cdba93a73315a4f2302dc81e40e2eb2,65630cca34969b5aaf624da11a048f3ea290c82c5a3f77f1932eb6a0ad146075,1.0,0.18877551020408162,0.0,0,0.0196078431372549,1,1,0,51,0.01261589999194257,43.0,0.5766326530612245,True,1.0,1.5,41.0,0,0,0.0,0.15359019573010943,51,True,False,,2026-07-29T17:16:41.450777+00:00,2026-07-29T17:16:41.463776+00:00,True
medium-medium-n0.1-risk_aware_astar-s1-b32368591f9f,medium,14,medium,0.05,0.1,risk_aware_astar,1,,,disabled,66da6332362cbf876667b08f276bd50b7cdba93a73315a4f2302dc81e40e2eb2,b32368591f9f39fac135945082136b59d853ea348091503a0d9f05e345995b08,1.0,0.22959183673469388,0.0,0,0.0,0,0,0,58,0.10930359998019412,50.0,0.7688775510204082,True,1.0,0.0,48.0,0,0,0.0,0.19784654984411237,58,True,False,,2026-07-29T17:16:41.463776+00:00,2026-07-29T17:16:41.573287+00:00,True
medium-medium-n0.1-risk_aware_astar-s2-7998b48b1cf8,medium,14,medium,0.05,0.1,risk_aware_astar,2,,,disabled,66da6332362cbf876667b08f276bd50b7cdba93a73315a4f2302dc81e40e2eb2,7998b48b1cf810ad1c23ae77ad68e53881b4a9154246123ecba99e8109c7689f,1.0,0.19387755102040816,0.0,0,0.0,0,0,0,47,0.011240800027735531,39.0,0.7581632653061224,True,1.0,0.0,37.0,0,0,0.0,0.1466723407886209,47,True,False,,2026-07-29T17:16:41.527287+00:00,2026-07-29T17:16:41.539287+00:00,True
medium-medium-n0.1-risk_aware_astar-s3-194ef1180455,medium,14,medium,0.05,0.1,risk_aware_astar,3,,,disabled,66da6332362cbf876667b08f276bd50b7cdba93a73315a4f2302dc81e40e2eb2,194ef11804556988eed0aa9868dd8af0a459493e66c07a16700789a4dfe7b492,1.0,0.25510204081632654,0.0,0,0.0,0,0,0,75,0.022623500000918284,67.00000000000001,0.776530612244898,True,1.0,0.0,65.0,0,0,0.0,0.20938266650773585,75,True,False,,2026-07-29T17:16:41.539287+00:00,2026-07-29T17:16:41.562287+00:00,True
medium-medium-n0.1-risk_aware_astar-s4-e0eb609919cd,medium,14,medium,0.05,0.1,risk_aware_astar,4,,,disabled,66da6332362cbf876667b08f276bd50b7cdba93a73315a4f2302dc81e40e2eb2,e0eb609919cd675998ce7dc48adaa15a42c13e9205d0636ac9ac4527acf6cad8,1.0,0.18877551020408162,0.0,0,0.029850746268656716,2,2,0,67,0.02074080001330003,59.000000000000014,0.5566326530612246,True,1.0,2.0,57.0,0,0,0.0,0.21918955321576614,67,True,False,,2026-07-29T17:16:41.562287+00:00,2026-07-29T17:16:42.601052+00:00,True
medium-medium-n0.1-risk_aware_astar-s5-ed05c6a30df1,medium,14,medium,0.05,0.1,risk_aware_astar,5,,,disabled,66da6332362cbf876667b08f276bd50b7cdba93a73315a4f2302dc81e40e2eb2,ed05c6a30df1f9f821fc02097b8bd343d0c92dc1cf5e67fa46cd352ba99acb94,1.0,0.18877551020408162,0.0,0,0.0,0,0,0,58,0.020501799997873604,50.0,0.6566326530612245,True,1.0,0.5,48.0,0,0,0.0,0.2636448274454873,58,True,False,,2026-07-29T17:16:41.573287+00:00,2026-07-29T17:16:41.594295+00:00,True
medium-medium-n0.1-risk_aware_astar-s6-ccccedeae459,medium,14,medium,0.05,0.1,risk_aware_astar,6,,,disabled,66da6332362cbf876667b08f276bd50b7cdba93a73315a4f2302dc81e40e2eb2,ccccedeae459abe55f681bd03f31bb7475e81403d6f8077cb5c8eb216de36c28,1.0,0.1836734693877551,0.0,0,0.0625,3,3,0,48,0.21762359997956082,40.8,0.5301020408163265,True,1.0,3.0,39.0,0,0,0.0,0.15223333624210986,48,True,False,,2026-07-29T17:16:41.594295+00:00,2026-07-29T17:16:41.812779+00:00,True
medium-medium-n0.1-risk_aware_astar-s7-a0b0f705abd5,medium,14,medium,0.05,0.1,risk_aware_astar,7,,,disabled,66da6332362cbf876667b08f276bd50b7cdba93a73315a4f2302dc81e40e2eb2,a0b0f705abd5c6f51fc3fe36eedf13e8057ece06857eccebfa40d71414879be8,1.0,0.19387755102040816,0.0,0,0.0,0,0,0,61,0.02075999998487532,53.0,0.7581632653061224,True,1.0,0.0,51.0,0,0,0.0,0.24731311618854276,61,True,False,,2026-07-29T17:16:41.662805+00:00,2026-07-29T17:16:41.683594+00:00,True
medium-medium-n0.1-risk_aware_astar-s8-b6df8a6a747c,medium,14,medium,0.05,0.1,risk_aware_astar,8,,,disabled,66da6332362cbf876667b08f276bd50b7cdba93a73315a4f2302dc81e40e2eb2,b6df8a6a747c657881547c441c25f8c1148160bd4252b7705947a04399183232,1.0,0.15306122448979592,0.0,0,0.058823529411764705,3,3,0,51,0.017984900012379512,43.0,0.5125850340136054,True,1.0,3.5,41.0,0,0,0.0,0.26002156835816365,51,True,False,,2026-07-29T17:16:41.684595+00:00,2026-07-29T17:16:41.702883+00:00,True
medium-medium-n0.1-risk_aware_astar-s9-e6955c2114d5,medium,14,medium,0.05,0.1,risk_aware_astar,9,,,disabled,66da6332362cbf876667b08f276bd50b7cdba93a73315a4f2302dc81e40e2eb2,e6955c2114d5a4e20b592271b0051812850fd8f28e95da988cc04d1c28f040fc,1.0,0.20918367346938777,0.0,0,0.03125,2,2,0,64,0.023575799976242706,56.8,0.5627551020408164,True,1.0,2.0,55.0,0,0,0.0,0.27173750049769296,64,True,False,,2026-07-29T17:16:41.702883+00:00,2026-07-29T17:16:41.726413+00:00,True
medium-medium-n0.1-frontier_exploration-s0-c694fb572c9e,medium,14,medium,0.05,0.1,frontier_exploration,0,,,disabled,66da6332362cbf876667b08f276bd50b7cdba93a73315a4f2302dc81e40e2eb2,c694fb572c9e7dd404a64c98b935b042ab3f68d6861459512b9c42c05cb8c925,1.0,0.5918367346938775,0.0,0,0.0,0,0,0,197,0.04535050000413321,188.99999999999994,0.8775510204081634,True,1.0,0.0,187.0,0,0,0.0,0.13597208139637892,197,True,False,,2026-07-29T17:16:41.726413+00:00,2026-07-29T17:16:41.772413+00:00,True
medium-medium-n0.1-frontier_exploration-s1-8a32916969ea,medium,14,medium,0.05,0.1,frontier_exploration,1,,,disabled,66da6332362cbf876667b08f276bd50b7cdba93a73315a4f2302dc81e40e2eb2,8a32916969ea996dc104226bedae6d3f90ca045b8201c4ee905969ba34caa3e6,1.0,0.6479591836734694,0.0,0,0.015,3,3,0,200,0.1484952000027988,192.0,0.6693877551020408,True,1.0,3.0,190.0,0,0,0.0,0.12298900110181421,200,True,False,,2026-07-29T17:16:41.772413+00:00,2026-07-29T17:16:41.921287+00:00,True
medium-medium-n0.1-frontier_exploration-s2-e3b0519c5801,medium,14,medium,0.05,0.1,frontier_exploration,2,,,disabled,66da6332362cbf876667b08f276bd50b7cdba93a73315a4f2302dc81e40e2eb2,e3b0519c58015fdc0e274582df595ac9826b1d486a93a8677a4d97f5391c8095,1.0,0.49489795918367346,0.0,0,0.024390243902439025,3,3,0,123,0.0238571000227239,115.00000000000001,0.6234693877551021,True,1.0,3.0,113.0,0,0,0.0,0.10656585327228456,123,True,False,,2026-07-29T17:16:41.812779+00:00,2026-07-29T17:16:41.836779+00:00,True
medium-medium-n0.1-frontier_exploration-s3-d92a01e5c952,medium,14,medium,0.05,0.1,frontier_exploration,3,,,disabled,66da6332362cbf876667b08f276bd50b7cdba93a73315a4f2302dc81e40e2eb2,d92a01e5c9522c5c5dbf98f885c2bf8342323ad85162ab56550d07c71af8b40b,1.0,0.5663265306122449,0.0,0,0.0,0,0,0,160,0.03301479999208823,152.0,0.8698979591836735,True,1.0,0.0,150.0,0,0,0.0,0.11627937601588201,160,True,False,,2026-07-29T17:16:41.836779+00:00,2026-07-29T17:16:41.869779+00:00,True
medium-medium-n0.1-frontier_exploration-s4-218210730a7d,medium,14,medium,0.05,0.1,frontier_exploration,4,,,disabled,66da6332362cbf876667b08f276bd50b7cdba93a73315a4f2302dc81e40e2eb2,218210730a7dbde73a11f023856251c1afe70a616d827c823e320b679ff12dd6,1.0,0.45408163265306123,0.0,0,0.0125,2,2,0,160,0.03805100001045503,152.0,0.6112244897959184,True,1.0,3.0,150.0,0,0,0.0,0.14672749966848642,160,True,False,,2026-07-29T17:16:41.870782+00:00,2026-07-29T17:16:41.908288+00:00,True
medium-medium-n0.1-frontier_exploration-s5-c786ab0bac03,medium,14,medium,0.05,0.1,frontier_exploration,5,,,disabled,66da6332362cbf876667b08f276bd50b7cdba93a73315a4f2302dc81e40e2eb2,c786ab0bac038ab4d0b1506223143fe5a6a26a6f17368fdc23db07fca8cd6a4c,1.0,0.6632653061224489,0.0,0,0.004,1,1,0,250,0.07471340001211502,241.99999999999997,0.6989795918367346,True,1.0,2.0,240.0,0,0,0.0,0.20576159993652254,250,True,False,,2026-07-29T17:16:41.909287+00:00,2026-07-29T17:16:42.024288+00:00,True
medium-medium-n0.1-frontier_exploration-s6-51e9d449007f,medium,14,medium,0.05,0.1,frontier_exploration,6,,,disabled,66da6332362cbf876667b08f276bd50b7cdba93a73315a4f2302dc81e40e2eb2,51e9d449007f3dd3ba0ae4ce486d56bb915d9a148791824f86ea2ff900399b0e,1.0,0.6173469387755102,0.0,0,0.013761467889908258,3,3,0,218,0.05158040000242181,210.79999999999995,0.660204081632653,True,1.0,3.0,209.0,0,0,0.0,0.1420284419292755,218,True,False,,2026-07-29T17:16:41.921287+00:00,2026-07-29T17:16:42.091877+00:00,True
medium-medium-n0.1-frontier_exploration-s7-2de1917e1349,medium,14,medium,0.05,0.1,frontier_exploration,7,,,disabled,66da6332362cbf876667b08f276bd50b7cdba93a73315a4f2302dc81e40e2eb2,2de1917e1349f3528564d58261ea9c3d24f53e870841299285fa98e09dc77a53,1.0,0.45918367346938777,0.0,0,0.0,0,0,0,114,0.21158869998180307,106.0,0.8377551020408163,True,1.0,0.0,104.0,0,0,0.0,0.11029298388676946,114,True,False,,2026-07-29T17:16:42.024288+00:00,2026-07-29T17:16:42.235896+00:00,True
medium-medium-n0.1-frontier_exploration-s8-055333bf5f13,medium,14,medium,0.05,0.1,frontier_exploration,8,,,disabled,66da6332362cbf876667b08f276bd50b7cdba93a73315a4f2302dc81e40e2eb2,055333bf5f131a3f8c37b21b9c8b1b27010d7ab368c6db81ded5ef87fd239be8,1.0,0.5306122448979592,0.0,0,0.044444444444444446,6,6,0,135,0.027591299993218854,127.00000000000001,0.5991836734693878,True,1.0,6.5,125.0,0,0,0.0,0.10912740598777654,135,True,False,,2026-07-29T17:16:42.091877+00:00,2026-07-29T17:16:42.120383+00:00,True
medium-medium-n0.1-frontier_exploration-s9-ae336aa09e3d,medium,14,medium,0.05,0.1,frontier_exploration,9,,,disabled,66da6332362cbf876667b08f276bd50b7cdba93a73315a4f2302dc81e40e2eb2,ae336aa09e3d893427695f0fddbf4598a562366cd08d4734abe6a0811714d496,1.0,0.5,0.0,0,0.005128205128205128,1,1,0,195,0.05559440000797622,187.8,0.65,True,1.0,2.0,186.0,0,0,0.0,0.18640666564281744,195,True,False,,2026-07-29T17:16:42.120383+00:00,2026-07-29T17:16:42.186384+00:00,True
medium-medium-n0.1-ppo-s0-e5bd184e52d6,medium,14,medium,0.05,0.1,PPO,0,artifacts/final_submission/ppo/best_model.zip,7c54226fc8927d7ef7fcdc7d5f3ff29b11fa8d1463293a9d8e3b6bebad84cc11,disabled,66da6332362cbf876667b08f276bd50b7cdba93a73315a4f2302dc81e40e2eb2,e5bd184e52d6d1ab3c3b051a7e83ef568f14b292542cbf634c8cfae3fb3f3cf1,0.0,0.00510204081632653,0.0,0,0.0,0,0,0,308,0.23799090000102296,61.600000000000335,0.30153061224489797,False,0.0,0.0,0.0,0,0,0.0,0.6417909087333525,308,False,True,,2026-07-29T17:18:15.532874+00:00,2026-07-29T17:18:15.770766+00:00,True
medium-medium-n0.1-ppo-s1-2f43ddaf8eca,medium,14,medium,0.05,0.1,PPO,1,artifacts/final_submission/ppo/best_model.zip,7c54226fc8927d7ef7fcdc7d5f3ff29b11fa8d1463293a9d8e3b6bebad84cc11,disabled,66da6332362cbf876667b08f276bd50b7cdba93a73315a4f2302dc81e40e2eb2,2f43ddaf8ecac61ff22c3fd241e099bb5c7483f477880243a12a8e50b40bc650,0.1,0.00510204081632653,0.0,0,0.016233766233766232,5,5,0,308,0.23089490001439117,61.600000000000335,0.09153061224489796,False,0.0,5.0,0.0,0,0,0.0,0.6135224028114024,308,False,True,,2026-07-29T17:18:15.774766+00:00,2026-07-29T17:18:16.006994+00:00,True
medium-medium-n0.1-ppo-s2-50f1a32d07b0,medium,14,medium,0.05,0.1,PPO,2,artifacts/final_submission/ppo/best_model.zip,7c54226fc8927d7ef7fcdc7d5f3ff29b11fa8d1463293a9d8e3b6bebad84cc11,disabled,66da6332362cbf876667b08f276bd50b7cdba93a73315a4f2302dc81e40e2eb2,50f1a32d07b02d871e6d3c2ac03f0d1ad613f4edc8ce13cab33a03d128429169,0.1,0.00510204081632653,0.0,0,0.02922077922077922,9,9,0,308,0.23709929999313317,61.600000000000335,0.07153061224489796,False,0.0,9.0,0.0,0,0,0.0,0.633219806001183,308,False,True,,2026-07-29T17:18:16.010551+00:00,2026-07-29T17:18:16.247469+00:00,True
medium-medium-n0.1-ppo-s3-13857b63d9bd,medium,14,medium,0.05,0.1,PPO,3,artifacts/final_submission/ppo/best_model.zip,7c54226fc8927d7ef7fcdc7d5f3ff29b11fa8d1463293a9d8e3b6bebad84cc11,disabled,66da6332362cbf876667b08f276bd50b7cdba93a73315a4f2302dc81e40e2eb2,13857b63d9bd42e10c558a9c6dc2f80ae58141d8fd0186e0df1b717fb31e9961,0.0,0.00510204081632653,0.0,0,0.003246753246753247,1,1,0,308,0.23440990000381134,61.600000000000335,0.15153061224489794,False,0.0,1.0,0.0,0,0,0.0,0.6261503246617383,308,False,True,,2026-07-29T17:18:16.250470+00:00,2026-07-29T17:18:16.486000+00:00,True
medium-medium-n0.1-ppo-s4-1668aeedaaab,medium,14,medium,0.05,0.1,PPO,4,artifacts/final_submission/ppo/best_model.zip,7c54226fc8927d7ef7fcdc7d5f3ff29b11fa8d1463293a9d8e3b6bebad84cc11,disabled,66da6332362cbf876667b08f276bd50b7cdba93a73315a4f2302dc81e40e2eb2,1668aeedaaab7d4146809ff2fd93cfe7479b741a9bb04df3d5cc39472d3de023,0.0,0.00510204081632653,1.0,308,0.23376623376623376,72,72,0,308,0.24156560000847094,308.0,0.002318013819701109,False,0.0,380.0,0.0,0,0,0.0,0.6494811675004818,308,False,True,,2026-07-29T17:18:16.489376+00:00,2026-07-29T17:18:16.731617+00:00,True
medium-medium-n0.1-ppo-s5-a2d8187c9aa5,medium,14,medium,0.05,0.1,PPO,5,artifacts/final_submission/ppo/best_model.zip,7c54226fc8927d7ef7fcdc7d5f3ff29b11fa8d1463293a9d8e3b6bebad84cc11,disabled,66da6332362cbf876667b08f276bd50b7cdba93a73315a4f2302dc81e40e2eb2,a2d8187c9aa5f71599678c622a6ad840ab7c4f8c7d36b65ee52e47942c136dd2,0.1,0.00510204081632653,1.0,267,0.10714285714285714,33,33,0,308,0.23460890000569634,275.19999999999976,0.04252728998576175,False,0.0,300.0,0.0,0,0,0.0,0.6234948045208252,308,False,True,,2026-07-29T17:18:16.734633+00:00,2026-07-29T17:18:16.969205+00:00,True
medium-medium-n0.1-ppo-s6-364e744c5421,medium,14,medium,0.05,0.1,PPO,6,artifacts/final_submission/ppo/best_model.zip,7c54226fc8927d7ef7fcdc7d5f3ff29b11fa8d1463293a9d8e3b6bebad84cc11,disabled,66da6332362cbf876667b08f276bd50b7cdba93a73315a4f2302dc81e40e2eb2,364e744c542115feca00006ce32ff699751d3da969774cf5a599c651ac8e52da,0.2,0.00510204081632653,0.0,0,0.11038961038961038,34,34,0,308,0.23864049999974668,61.600000000000335,0.09010204081632656,False,0.0,34.0,0.0,0,0,0.0,0.6307409100148331,308,False,True,,2026-07-29T17:18:16.972809+00:00,2026-07-29T17:18:17.212169+00:00,True
medium-medium-n0.1-ppo-s7-71e12baa5292,medium,14,medium,0.05,0.1,PPO,7,artifacts/final_submission/ppo/best_model.zip,7c54226fc8927d7ef7fcdc7d5f3ff29b11fa8d1463293a9d8e3b6bebad84cc11,disabled,66da6332362cbf876667b08f276bd50b7cdba93a73315a4f2302dc81e40e2eb2,71e12baa529277e98f8f219df8c71687aa8c9009882b127349b218d22e8d73e7,0.0,0.00510204081632653,0.0,0,0.05519480519480519,17,17,0,308,0.22874240000965074,61.600000000000335,0.018197278911564627,False,0.0,17.0,0.0,0,0,0.0,0.6129425331797487,308,False,True,,2026-07-29T17:18:17.215172+00:00,2026-07-29T17:18:17.445076+00:00,True
medium-medium-n0.1-ppo-s8-daee78cd2f80,medium,14,medium,0.05,0.1,PPO,8,artifacts/final_submission/ppo/best_model.zip,7c54226fc8927d7ef7fcdc7d5f3ff29b11fa8d1463293a9d8e3b6bebad84cc11,disabled,66da6332362cbf876667b08f276bd50b7cdba93a73315a4f2302dc81e40e2eb2,daee78cd2f80edfa1287fdd08c72f3999cbd975a3aa462d20c7fe4ad4ce23f25,0.1,0.02040816326530612,1.0,300,0.04220779220779221,13,13,0,308,0.2506015000108164,304.0,0.047077862992330695,False,0.0,313.0,3.0,0,0,0.0,0.6715435071322197,308,False,True,,2026-07-29T17:18:17.448310+00:00,2026-07-29T17:18:17.699669+00:00,True
medium-medium-n0.1-ppo-s9-803b8f1a2764,medium,14,medium,0.05,0.1,PPO,9,artifacts/final_submission/ppo/best_model.zip,7c54226fc8927d7ef7fcdc7d5f3ff29b11fa8d1463293a9d8e3b6bebad84cc11,disabled,66da6332362cbf876667b08f276bd50b7cdba93a73315a4f2302dc81e40e2eb2,803b8f1a2764b04e3499d5773eb9f7126bd785baef238f1fbf425f0dbba66659,0.1,0.00510204081632653,0.0,0,0.012987012987012988,4,4,0,308,0.23921109997900203,61.600000000000335,0.10153061224489796,False,0.0,4.0,0.0,0,0,0.0,0.6448009740992134,308,False,True,,2026-07-29T17:18:17.703667+00:00,2026-07-29T17:18:17.943539+00:00,True
medium-medium-n0.1-sac-s0-7ff5ba7873e7,medium,14,medium,0.05,0.1,SAC,0,artifacts/final_submission/sac/best_model.zip,78fe38fcc78df0ba8f98bd07af373848833876e7ec5ddf1486cec9a3cd9ba44c,disabled,66da6332362cbf876667b08f276bd50b7cdba93a73315a4f2302dc81e40e2eb2,7ff5ba7873e7e56b9b1ff3f79566f931bb341ddd1db52626315fbfa4fd95c3f6,0.0,0.030612244897959183,1.0,302,0.0,0,0,0,308,0.27289930000551976,307.2,0.010173772479288745,False,0.0,302.0,5.0,0,0,0.0,0.744902597707787,308,False,True,,2026-07-29T17:18:17.946538+00:00,2026-07-29T17:18:18.219900+00:00,True
medium-medium-n0.1-sac-s1-8def248658f8,medium,14,medium,0.05,0.1,SAC,1,artifacts/final_submission/sac/best_model.zip,78fe38fcc78df0ba8f98bd07af373848833876e7ec5ddf1486cec9a3cd9ba44c,disabled,66da6332362cbf876667b08f276bd50b7cdba93a73315a4f2302dc81e40e2eb2,8def248658f8a54cd076fe487644d45264e804f3cbe70785630efe97694b9d8b,0.2,0.061224489795918366,1.0,189,0.8538961038961039,263,266,3,308,0.2700436000013724,267.19999999999965,0.09902524167561763,False,0.0,455.0,68.0,0,0,0.0,0.7280737012148496,308,False,True,,2026-07-29T17:18:18.223900+00:00,2026-07-29T17:18:18.495458+00:00,True
medium-medium-n0.1-sac-s2-f8a1b1caf0c9,medium,14,medium,0.05,0.1,SAC,2,artifacts/final_submission/sac/best_model.zip,78fe38fcc78df0ba8f98bd07af373848833876e7ec5ddf1486cec9a3cd9ba44c,disabled,66da6332362cbf876667b08f276bd50b7cdba93a73315a4f2302dc81e40e2eb2,f8a1b1caf0c9d8fb761107128f2d9952ffac96f7d5a57c3e6d3cff2bff81b7ab,0.2,0.0663265306122449,1.0,201,0.05519480519480519,17,20,3,308,0.24913849998847581,307.2,0.10124931053502484,False,0.0,221.0,106.0,0,0,0.0,0.6697503249833735,308,False,True,,2026-07-29T17:18:18.498430+00:00,2026-07-29T17:18:18.748022+00:00,True
medium-medium-n0.1-sac-s3-f4fea945399f,medium,14,medium,0.05,0.1,SAC,3,artifacts/final_submission/sac/best_model.zip,78fe38fcc78df0ba8f98bd07af373848833876e7ec5ddf1486cec9a3cd9ba44c,disabled,66da6332362cbf876667b08f276bd50b7cdba93a73315a4f2302dc81e40e2eb2,f4fea945399f8ca721d12b09123c465387f27445b0b1790d414048a151d2a5af,0.3,0.061224489795918366,1.0,259,0.06168831168831169,19,19,0,308,0.23943570000119507,307.2,0.13941629798772656,False,0.0,285.0,48.0,0,0,0.0,0.6328633135598902,308,False,True,,2026-07-29T17:18:18.751027+00:00,2026-07-29T17:18:18.991124+00:00,True
medium-medium-n0.1-sac-s4-278c87c83dfe,medium,14,medium,0.05,0.1,SAC,4,artifacts/final_submission/sac/best_model.zip,78fe38fcc78df0ba8f98bd07af373848833876e7ec5ddf1486cec9a3cd9ba44c,disabled,66da6332362cbf876667b08f276bd50b7cdba93a73315a4f2302dc81e40e2eb2,278c87c83dfe34b2c3ecae1fd31177cbf17091e270859d004a0c7e3e60f7bf06,0.0,0.02040816326530612,1.0,3,0.03896103896103896,12,12,0,308,0.23620230000233278,70.40000000000046,0.024872448979591837,False,0.0,15.0,8.0,0,0,0.0,0.623903896655077,308,False,True,,2026-07-29T17:18:18.995123+00:00,2026-07-29T17:18:19.231331+00:00,True
medium-medium-n0.1-sac-s5-d6723ee9d16a,medium,14,medium,0.05,0.1,SAC,5,artifacts/final_submission/sac/best_model.zip,78fe38fcc78df0ba8f98bd07af373848833876e7ec5ddf1486cec9a3cd9ba44c,disabled,66da6332362cbf876667b08f276bd50b7cdba93a73315a4f2302dc81e40e2eb2,d6723ee9d16a35b8d600514cd1ed355a3d34ad9ebfb3f588bc0135248803c7d9,0.1,0.15306122448979592,1.0,162,0.05519480519480519,17,20,3,308,0.23937070000101812,304.79999999999995,0.08755771160923385,False,0.0,182.0,142.0,0,0,0.0,0.6275694805398498,308,False,True,,2026-07-29T17:18:19.236331+00:00,2026-07-29T17:18:19.475609+00:00,True
medium-medium-n0.1-sac-s6-82a6bdbd434a,medium,14,medium,0.05,0.1,SAC,6,artifacts/final_submission/sac/best_model.zip,78fe38fcc78df0ba8f98bd07af373848833876e7ec5ddf1486cec9a3cd9ba44c,disabled,66da6332362cbf876667b08f276bd50b7cdba93a73315a4f2302dc81e40e2eb2,82a6bdbd434ae563f19e419ee8fb98af61afb2a66c4fcbaffc9372c88600decc,0.3,0.17857142857142858,1.0,186,0.12012987012987013,37,40,3,308,0.24163569998927414,300.7999999999999,0.17488147223955083,False,0.0,228.0,113.0,0,0,0.0,0.6313029227456284,308,False,True,,2026-07-29T17:18:19.479608+00:00,2026-07-29T17:18:19.721594+00:00,True
medium-medium-n0.1-sac-s7-b46c53400923,medium,14,medium,0.05,0.1,SAC,7,artifacts/final_submission/sac/best_model.zip,78fe38fcc78df0ba8f98bd07af373848833876e7ec5ddf1486cec9a3cd9ba44c,disabled,66da6332362cbf876667b08f276bd50b7cdba93a73315a4f2302dc81e40e2eb2,b46c53400923fdf2cc93a1c163c5e79198c0ebd4a5e26b8d2424e658ef879660,0.0,0.07142857142857142,1.0,65,0.10714285714285714,33,35,2,308,0.24761029999353923,272.79999999999967,0.024398868458274395,False,0.0,100.0,199.0,0,0,0.0,0.652573375876497,308,False,True,,2026-07-29T17:18:19.725597+00:00,2026-07-29T17:18:19.973857+00:00,True
medium-medium-n0.1-sac-s8-d305fcd5f768,medium,14,medium,0.05,0.1,SAC,8,artifacts/final_submission/sac/best_model.zip,78fe38fcc78df0ba8f98bd07af373848833876e7ec5ddf1486cec9a3cd9ba44c,disabled,66da6332362cbf876667b08f276bd50b7cdba93a73315a4f2302dc81e40e2eb2,d305fcd5f7687f6bca2f5958117fc8ad311c2f112264b8a30e92b7aa6f85fb73,0.1,0.01020408163265306,1.0,9,0.05519480519480519,17,17,0,308,0.2447563000023365,70.40000000000045,0.05417233560090704,False,0.0,26.0,2.0,0,0,0.0,0.6482068173528359,308,False,True,,2026-07-29T17:18:19.977860+00:00,2026-07-29T17:18:20.223135+00:00,True
medium-medium-n0.1-sac-s9-6940be5c542a,medium,14,medium,0.05,0.1,SAC,9,artifacts/final_submission/sac/best_model.zip,78fe38fcc78df0ba8f98bd07af373848833876e7ec5ddf1486cec9a3cd9ba44c,disabled,66da6332362cbf876667b08f276bd50b7cdba93a73315a4f2302dc81e40e2eb2,6940be5c542a3b767dc07a31055c7f1976a5ce1a2ca5706675bf427281b72c7e,0.2,0.21428571428571427,1.0,45,0.3051948051948052,94,98,4,308,0.24486849998356774,272.0,0.14636183885318835,False,0.0,143.5,218.0,0,0,0.0,0.6461798704974656,308,False,True,,2026-07-29T17:18:20.226136+00:00,2026-07-29T17:18:20.472074+00:00,True
medium-medium-n0.1-riskshield_ppo-s0-12cca31e4436,medium,14,medium,0.05,0.1,RiskShield-PPO,0,artifacts/final_submission/riskshield_ppo/best_model.zip,d6c91caeb9bb10db866cbfe947ef1cc3db0ea8dc7470d098c9af6298ab75c812,k_step,66da6332362cbf876667b08f276bd50b7cdba93a73315a4f2302dc81e40e2eb2,12cca31e4436a2f59ec9d360ca8e436e3d37bbf342065f0e43b7b6342a010ac2,0.0,0.00510204081632653,0.0,0,0.0,0,0,0,308,0.2558197000180371,61.600000000000335,0.30153061224489797,False,0.0,0.0,0.0,0,0,0.0,0.6575779208849947,308,False,True,,2026-07-29T17:18:20.475075+00:00,2026-07-29T17:18:20.731263+00:00,True
medium-medium-n0.1-riskshield_ppo-s1-f7d0322fe747,medium,14,medium,0.05,0.1,RiskShield-PPO,1,artifacts/final_submission/riskshield_ppo/best_model.zip,d6c91caeb9bb10db866cbfe947ef1cc3db0ea8dc7470d098c9af6298ab75c812,k_step,66da6332362cbf876667b08f276bd50b7cdba93a73315a4f2302dc81e40e2eb2,f7d0322fe7473cd15f6d23fb80d3ee5075c251a61656bfb36f2c4d33cbb13a51,0.3,0.05612244897959184,0.0,0,0.06493506493506493,20,20,0,308,0.2626376000116579,88.0000000000005,0.15112244897959184,False,0.0,20.0,33.0,88,20,0.0,0.6591438303713675,308,False,True,,2026-07-29T17:18:20.735267+00:00,2026-07-29T17:18:20.997588+00:00,True
medium-medium-n0.1-riskshield_ppo-s2-a4d94bc089a3,medium,14,medium,0.05,0.1,RiskShield-PPO,2,artifacts/final_submission/riskshield_ppo/best_model.zip,d6c91caeb9bb10db866cbfe947ef1cc3db0ea8dc7470d098c9af6298ab75c812,k_step,66da6332362cbf876667b08f276bd50b7cdba93a73315a4f2302dc81e40e2eb2,a4d94bc089a3b0f0d3166f8ca82158ca278b604cd46ee26238b093d62a64095e,0.2,0.025510204081632654,0.0,0,0.012987012987012988,4,4,0,308,0.25296260000322945,71.20000000000044,0.1476530612244898,False,0.0,4.0,12.0,23,4,0.0,0.6423334427806852,308,False,True,,2026-07-29T17:18:21.001586+00:00,2026-07-29T17:18:21.254737+00:00,True
medium-medium-n0.1-riskshield_ppo-s3-0e13118de1ac,medium,14,medium,0.05,0.1,RiskShield-PPO,3,artifacts/final_submission/riskshield_ppo/best_model.zip,d6c91caeb9bb10db866cbfe947ef1cc3db0ea8dc7470d098c9af6298ab75c812,k_step,66da6332362cbf876667b08f276bd50b7cdba93a73315a4f2302dc81e40e2eb2,0e13118de1acd319d3789588ae4e28fe4268e43e0bf64e29f1c62a6c8c6f2a22,0.1,0.02040816326530612,0.0,0,0.12337662337662338,38,38,0,308,0.2582527000049595,65.6000000000004,0.053814756671899534,False,0.0,38.0,5.0,43,38,0.0,0.6516545449871897,308,False,True,,2026-07-29T17:18:21.259631+00:00,2026-07-29T17:18:21.518197+00:00,True
medium-medium-n0.1-riskshield_ppo-s4-b7ffcf9bdb82,medium,14,medium,0.05,0.1,RiskShield-PPO,4,artifacts/final_submission/riskshield_ppo/best_model.zip,d6c91caeb9bb10db866cbfe947ef1cc3db0ea8dc7470d098c9af6298ab75c812,k_step,66da6332362cbf876667b08f276bd50b7cdba93a73315a4f2302dc81e40e2eb2,b7ffcf9bdb82c2cc3cb88a30c7e7710a72b15edbdf20ea82add6d1b33de0310b,0.0,0.00510204081632653,0.0,0,0.23376623376623376,72,72,0,308,0.26842449998366646,61.600000000000335,0.005640201285993849,False,0.0,72.0,0.0,194,72,0.0,0.6807980519022442,308,False,True,,2026-07-29T17:18:21.521196+00:00,2026-07-29T17:18:21.790432+00:00,True
medium-medium-n0.1-riskshield_ppo-s5-4d9ce21e7013,medium,14,medium,0.05,0.1,RiskShield-PPO,5,artifacts/final_submission/riskshield_ppo/best_model.zip,d6c91caeb9bb10db866cbfe947ef1cc3db0ea8dc7470d098c9af6298ab75c812,k_step,66da6332362cbf876667b08f276bd50b7cdba93a73315a4f2302dc81e40e2eb2,4d9ce21e7013a81d3a3beaf3cf3c1f36c8ac32668ebbedc84d9c7b59a6cdffe1,0.1,0.015306122448979591,0.0,0,0.09090909090909091,28,28,0,308,0.2620758000120986,69.60000000000034,0.05493666432090078,False,0.0,28.0,10.0,38,28,0.0,0.6686834418691102,308,False,True,,2026-07-29T17:18:21.793434+00:00,2026-07-29T17:18:22.056051+00:00,True
medium-medium-n0.1-riskshield_ppo-s6-2e4bfca38356,medium,14,medium,0.05,0.1,RiskShield-PPO,6,artifacts/final_submission/riskshield_ppo/best_model.zip,d6c91caeb9bb10db866cbfe947ef1cc3db0ea8dc7470d098c9af6298ab75c812,k_step,66da6332362cbf876667b08f276bd50b7cdba93a73315a4f2302dc81e40e2eb2,2e4bfca38356d28c0427b82a6196235faa323ee0ec1658519ae0513f11870154,0.4,0.04081632653061224,0.0,0,0.032467532467532464,10,10,0,308,0.2564100000017788,84.8000000000005,0.199517625231911,False,0.0,10.0,29.0,38,10,0.0,0.652558118287873,308,False,True,,2026-07-29T17:18:22.060054+00:00,2026-07-29T17:18:22.316473+00:00,True
medium-medium-n0.1-riskshield_ppo-s7-e53160c70b6f,medium,14,medium,0.05,0.1,RiskShield-PPO,7,artifacts/final_submission/riskshield_ppo/best_model.zip,d6c91caeb9bb10db866cbfe947ef1cc3db0ea8dc7470d098c9af6298ab75c812,k_step,66da6332362cbf876667b08f276bd50b7cdba93a73315a4f2302dc81e40e2eb2,e53160c70b6f88680fbfebc8a9c690fed6b7911e5202eaaa2d36d287e5d01110,0.1,0.08673469387755102,0.0,0,0.025974025974025976,8,8,0,308,0.26026459998684004,84.00000000000047,0.09935374149659865,False,0.0,8.0,28.0,36,8,0.0,0.6598139618479574,308,False,True,,2026-07-29T17:18:22.320472+00:00,2026-07-29T17:18:22.581513+00:00,True
medium-medium-n0.1-riskshield_ppo-s8-598f3c80043c,medium,14,medium,0.05,0.1,RiskShield-PPO,8,artifacts/final_submission/riskshield_ppo/best_model.zip,d6c91caeb9bb10db866cbfe947ef1cc3db0ea8dc7470d098c9af6298ab75c812,k_step,66da6332362cbf876667b08f276bd50b7cdba93a73315a4f2302dc81e40e2eb2,598f3c80043ca90757b3dcc10f5749b63c00d72a3d527cc3a27f22cb55d967ab,0.1,0.00510204081632653,0.0,0,0.0,0,0,0,308,0.2569037000066601,61.600000000000335,0.34153061224489795,False,0.0,0.0,0.0,0,0,0.0,0.6650720778535205,308,False,True,,2026-07-29T17:18:22.585517+00:00,2026-07-29T17:18:22.843218+00:00,True
medium-medium-n0.1-riskshield_ppo-s9-b7301cdaba55,medium,14,medium,0.05,0.1,RiskShield-PPO,9,artifacts/final_submission/riskshield_ppo/best_model.zip,d6c91caeb9bb10db866cbfe947ef1cc3db0ea8dc7470d098c9af6298ab75c812,k_step,66da6332362cbf876667b08f276bd50b7cdba93a73315a4f2302dc81e40e2eb2,b7301cdaba55e2d7e8645803c49d046cff357cc2972b15dc7303f36281192e65,0.1,0.00510204081632653,0.0,0,0.012987012987012988,4,4,0,308,0.25266880000708625,61.600000000000335,0.10153061224489796,False,0.0,4.0,0.0,4,4,0.0,0.6532626624926683,308,False,True,,2026-07-29T17:18:22.846217+00:00,2026-07-29T17:18:23.100348+00:00,True
medium-medium-n0.2-risk_aware_astar-s0-46178feb282a,medium,14,medium,0.05,0.2,risk_aware_astar,0,,,disabled,66da6332362cbf876667b08f276bd50b7cdba93a73315a4f2302dc81e40e2eb2,46178feb282ac1010d8f9e5ca95ceee2de5ed1c056d5bea373bcb4563c7f21fa,1.0,0.18877551020408162,0.0,0,0.0196078431372549,1,1,0,51,0.012596899992786348,43.0,0.5766326530612245,True,1.0,1.5,41.0,0,0,0.0,0.15343529430181518,51,True,False,,2026-07-29T17:16:42.130383+00:00,2026-07-29T17:16:42.216894+00:00,True
medium-medium-n0.2-risk_aware_astar-s1-2a46331eea6f,medium,14,medium,0.05,0.2,risk_aware_astar,1,,,disabled,66da6332362cbf876667b08f276bd50b7cdba93a73315a4f2302dc81e40e2eb2,2a46331eea6fd2af921324b0d975c98636c1d868be6cdba567464570b7905e05,1.0,0.22959183673469388,0.0,0,0.0,0,0,0,58,0.03005750000011176,50.0,0.7688775510204082,True,1.0,0.0,48.0,0,0,0.0,0.19928448480264893,58,True,False,,2026-07-29T17:16:42.186384+00:00,2026-07-29T17:16:42.216894+00:00,True
medium-medium-n0.2-risk_aware_astar-s2-024a0756f434,medium,14,medium,0.05,0.2,risk_aware_astar,2,,,disabled,66da6332362cbf876667b08f276bd50b7cdba93a73315a4f2302dc81e40e2eb2,024a0756f43448bbe4ff06864dbaa671fb69590b1d2b20c0855e192256e5171b,1.0,0.19387755102040816,0.0,0,0.0,0,0,0,47,0.04097109998110682,39.0,0.7581632653061224,True,1.0,0.0,37.0,0,0,0.0,0.1508808512726125,47,True,False,,2026-07-29T17:16:42.216894+00:00,2026-07-29T17:16:42.258895+00:00,True
medium-medium-n0.2-risk_aware_astar-s3-2f3ccc4f2aaa,medium,14,medium,0.05,0.2,risk_aware_astar,3,,,disabled,66da6332362cbf876667b08f276bd50b7cdba93a73315a4f2302dc81e40e2eb2,2f3ccc4f2aaa3f3ba10d69231d383c4cbc529d9e2628cebba656b1d6435e09f9,1.0,0.25510204081632654,0.0,0,0.0,0,0,0,75,0.339732600026764,67.00000000000001,0.776530612244898,True,1.0,0.0,65.0,0,0,0.0,0.20904666666562358,75,True,False,,2026-07-29T17:16:42.216894+00:00,2026-07-29T17:16:42.710596+00:00,True
medium-medium-n0.2-risk_aware_astar-s4-1a39398723f0,medium,14,medium,0.05,0.2,risk_aware_astar,4,,,disabled,66da6332362cbf876667b08f276bd50b7cdba93a73315a4f2302dc81e40e2eb2,1a39398723f0943cd3118686efc8d66dbdcca582fa2c89f132ee8fd5806871e2,1.0,0.18877551020408162,0.0,0,0.029850746268656716,2,2,0,67,0.021178999973926693,59.000000000000014,0.5566326530612246,True,1.0,2.0,57.0,0,0,0.0,0.22538805835699635,67,True,False,,2026-07-29T17:16:42.235896+00:00,2026-07-29T17:16:42.257894+00:00,True
medium-medium-n0.2-risk_aware_astar-s5-c0d95299675d,medium,14,medium,0.05,0.2,risk_aware_astar,5,,,disabled,66da6332362cbf876667b08f276bd50b7cdba93a73315a4f2302dc81e40e2eb2,c0d95299675dcdbc6beaad0c91a812340008bfce3e0cd859f2202b1fbbda7335,1.0,0.18877551020408162,0.0,0,0.0,0,0,0,58,0.021944899985101074,50.0,0.6566326530612245,True,1.0,0.5,48.0,0,0,0.0,0.2781396565139936,58,True,False,,2026-07-29T17:16:42.257894+00:00,2026-07-29T17:16:42.680562+00:00,True
medium-medium-n0.2-risk_aware_astar-s6-d3c9b69c3cd8,medium,14,medium,0.05,0.2,risk_aware_astar,6,,,disabled,66da6332362cbf876667b08f276bd50b7cdba93a73315a4f2302dc81e40e2eb2,d3c9b69c3cd8583a67717f91bfbcb0fbe9f58c98b68561d4e21dfbd91307bfab,1.0,0.1836734693877551,0.0,0,0.0625,3,3,0,48,0.012019999994663522,40.8,0.5301020408163265,True,1.0,3.0,39.0,0,0,0.0,0.1561770841362886,48,True,False,,2026-07-29T17:16:42.258895+00:00,2026-07-29T17:16:42.270895+00:00,True
medium-medium-n0.2-risk_aware_astar-s7-4f619d57f454,medium,14,medium,0.05,0.2,risk_aware_astar,7,,,disabled,66da6332362cbf876667b08f276bd50b7cdba93a73315a4f2302dc81e40e2eb2,4f619d57f4541915a8888a67a261d8ef9c0b482616352a0944555074086fcacc,1.0,0.19387755102040816,0.0,0,0.0,0,0,0,61,0.02125940000405535,53.0,0.7581632653061224,True,1.0,0.0,51.0,0,0,0.0,0.24977868630886688,61,True,False,,2026-07-29T17:16:42.270895+00:00,2026-07-29T17:16:42.293393+00:00,True
medium-medium-n0.2-risk_aware_astar-s8-4282476cf3b4,medium,14,medium,0.05,0.2,risk_aware_astar,8,,,disabled,66da6332362cbf876667b08f276bd50b7cdba93a73315a4f2302dc81e40e2eb2,4282476cf3b4100e63abc70915e49f8adfccc80a81f36aaafd9be25acd4493b3,1.0,0.15306122448979592,0.0,0,0.058823529411764705,3,3,0,51,0.017657199990935624,43.0,0.5125850340136054,True,1.0,3.5,41.0,0,0,0.0,0.25808823571138667,51,True,False,,2026-07-29T17:16:42.293393+00:00,2026-07-29T17:16:42.310890+00:00,True
medium-medium-n0.2-risk_aware_astar-s9-8921f18fb05d,medium,14,medium,0.05,0.2,risk_aware_astar,9,,,disabled,66da6332362cbf876667b08f276bd50b7cdba93a73315a4f2302dc81e40e2eb2,8921f18fb05dce0c3765cf471fc84b3d06f3d5c672b370c87f67098e480a3ed8,1.0,0.20918367346938777,0.0,0,0.03125,2,2,0,64,0.022789600014220923,56.8,0.5627551020408164,True,1.0,2.0,55.0,0,0,0.0,0.26550781240075594,64,True,False,,2026-07-29T17:16:42.310890+00:00,2026-07-29T17:16:42.333873+00:00,True
medium-medium-n0.2-frontier_exploration-s0-f19bbf3450f5,medium,14,medium,0.05,0.2,frontier_exploration,0,,,disabled,66da6332362cbf876667b08f276bd50b7cdba93a73315a4f2302dc81e40e2eb2,f19bbf3450f5025c8371898e1f620d28aa0f7e3dd8d30e3c83d196c1ec1c396c,1.0,0.5918367346938775,0.0,0,0.0,0,0,0,197,0.06038430001353845,188.99999999999994,0.8775510204081634,True,1.0,0.0,187.0,0,0,0.0,0.13710710714656274,197,True,False,,2026-07-29T17:16:42.333873+00:00,2026-07-29T17:16:42.394877+00:00,True
medium-medium-n0.2-frontier_exploration-s1-8670dd75eb67,medium,14,medium,0.05,0.2,frontier_exploration,1,,,disabled,66da6332362cbf876667b08f276bd50b7cdba93a73315a4f2302dc81e40e2eb2,8670dd75eb67a1748e4565ac5bcd1a528efdc62bb87d48d7e2b02a9ef701b0c3,1.0,0.6479591836734694,0.0,0,0.015,3,3,0,200,0.0421931000018958,192.0,0.6693877551020408,True,1.0,3.0,190.0,0,0,0.0,0.12141900006099604,200,True,False,,2026-07-29T17:16:42.394877+00:00,2026-07-29T17:16:42.437383+00:00,True
medium-medium-n0.2-frontier_exploration-s2-f2a18effcc92,medium,14,medium,0.05,0.2,frontier_exploration,2,,,disabled,66da6332362cbf876667b08f276bd50b7cdba93a73315a4f2302dc81e40e2eb2,f2a18effcc92a8f00809a4c5af24448b66a40853db091e40b4b5b9eda74279e0,1.0,0.49489795918367346,0.0,0,0.024390243902439025,3,3,0,123,0.023113300005206838,115.00000000000001,0.6234693877551021,True,1.0,3.0,113.0,0,0,0.0,0.10334959322760805,123,True,False,,2026-07-29T17:16:42.437383+00:00,2026-07-29T17:16:42.461384+00:00,True
medium-medium-n0.2-frontier_exploration-s3-089b0d53a9d0,medium,14,medium,0.05,0.2,frontier_exploration,3,,,disabled,66da6332362cbf876667b08f276bd50b7cdba93a73315a4f2302dc81e40e2eb2,089b0d53a9d0c1ba3700ad6a335f67d9c26768d735f0bad7731dc51727c711c4,1.0,0.5663265306122449,0.0,0,0.0,0,0,0,160,0.03260429998044856,152.0,0.8698979591836735,True,1.0,0.0,150.0,0,0,0.0,0.1152087485024822,160,True,False,,2026-07-29T17:16:42.461384+00:00,2026-07-29T17:16:42.493861+00:00,True
medium-medium-n0.2-frontier_exploration-s4-6d015ef81cc8,medium,14,medium,0.05,0.2,frontier_exploration,4,,,disabled,66da6332362cbf876667b08f276bd50b7cdba93a73315a4f2302dc81e40e2eb2,6d015ef81cc8bef7240e4c6fed1ff045c6e0f1e55c555764098ff1cd5c344ba0,1.0,0.45408163265306123,0.0,0,0.0125,2,2,0,160,0.03854090001550503,152.0,0.6112244897959184,True,1.0,3.0,150.0,0,0,0.0,0.14850625047984067,160,True,False,,2026-07-29T17:16:42.493861+00:00,2026-07-29T17:16:42.533049+00:00,True
medium-medium-n0.2-frontier_exploration-s5-61db784f2fa3,medium,14,medium,0.05,0.2,frontier_exploration,5,,,disabled,66da6332362cbf876667b08f276bd50b7cdba93a73315a4f2302dc81e40e2eb2,61db784f2fa32a9b5ff1318e3014ba97479a239875ca4800f3b790f7bb8bf3b3,1.0,0.6632653061224489,0.0,0,0.004,1,1,0,250,0.09439549999660812,241.99999999999997,0.6989795918367346,True,1.0,2.0,240.0,0,0,0.0,0.20195039978716522,250,True,False,,2026-07-29T17:16:42.533049+00:00,2026-07-29T17:16:42.627562+00:00,True
medium-medium-n0.2-frontier_exploration-s6-c727e5a552d9,medium,14,medium,0.05,0.2,frontier_exploration,6,,,disabled,66da6332362cbf876667b08f276bd50b7cdba93a73315a4f2302dc81e40e2eb2,c727e5a552d90214f8c96acf5d42952a21ca69385428d88943053bf2a2ea3b1e,1.0,0.6173469387755102,0.0,0,0.013761467889908258,3,3,0,218,0.09953149998909794,210.79999999999995,0.660204081632653,True,1.0,3.0,209.0,0,0,0.0,0.14037431437744324,218,True,False,,2026-07-29T17:16:42.601052+00:00,2026-07-29T17:16:42.993467+00:00,True
medium-medium-n0.2-frontier_exploration-s7-bff70aa396b2,medium,14,medium,0.05,0.2,frontier_exploration,7,,,disabled,66da6332362cbf876667b08f276bd50b7cdba93a73315a4f2302dc81e40e2eb2,bff70aa396b266d16fe3ec4bfe689a540f07ff50046c09e2be7b8ef527c54d82,1.0,0.45918367346938777,0.0,0,0.0,0,0,0,114,0.023149199987528846,106.0,0.8377551020408163,True,1.0,0.0,104.0,0,0,0.0,0.1108973675607622,114,True,False,,2026-07-29T17:16:42.627562+00:00,2026-07-29T17:16:42.651562+00:00,True
medium-medium-n0.2-frontier_exploration-s8-7d6746b7701c,medium,14,medium,0.05,0.2,frontier_exploration,8,,,disabled,66da6332362cbf876667b08f276bd50b7cdba93a73315a4f2302dc81e40e2eb2,7d6746b7701cd51b89dddd1f6b2555030f156cc4277feb2f5a91639270e49c4b,1.0,0.5306122448979592,0.0,0,0.044444444444444446,6,6,0,135,0.09979960002237931,127.00000000000001,0.5991836734693878,True,1.0,6.5,125.0,0,0,0.0,0.10800518599959712,135,True,False,,2026-07-29T17:16:42.651562+00:00,2026-07-29T17:16:42.752000+00:00,True
medium-medium-n0.2-frontier_exploration-s9-d1b881e2ae15,medium,14,medium,0.05,0.2,frontier_exploration,9,,,disabled,66da6332362cbf876667b08f276bd50b7cdba93a73315a4f2302dc81e40e2eb2,d1b881e2ae153b7cb953b7749782895af0f0d15563775f209e9f6c414b990268,1.0,0.5,0.0,0,0.005128205128205128,1,1,0,195,0.11072590001276694,187.8,0.65,True,1.0,2.0,186.0,0,0,0.0,0.1907979496396505,195,True,False,,2026-07-29T17:16:42.680562+00:00,2026-07-29T17:16:42.792002+00:00,True
medium-medium-n0.2-ppo-s0-a176bbdafad9,medium,14,medium,0.05,0.2,PPO,0,artifacts/final_submission/ppo/best_model.zip,7c54226fc8927d7ef7fcdc7d5f3ff29b11fa8d1463293a9d8e3b6bebad84cc11,disabled,66da6332362cbf876667b08f276bd50b7cdba93a73315a4f2302dc81e40e2eb2,a176bbdafad999733fe02502b343f247ae4df17b6c6ccb4bc81cf09ccd41ed0d,0.0,0.00510204081632653,0.0,0,0.0,0,0,0,308,0.23764169999049045,61.600000000000335,0.30153061224489797,False,0.0,0.0,0.0,0,0,0.0,0.6378961027964236,308,False,True,,2026-07-29T17:18:23.104347+00:00,2026-07-29T17:18:23.341898+00:00,True
medium-medium-n0.2-ppo-s1-101638b1cee5,medium,14,medium,0.05,0.2,PPO,1,artifacts/final_submission/ppo/best_model.zip,7c54226fc8927d7ef7fcdc7d5f3ff29b11fa8d1463293a9d8e3b6bebad84cc11,disabled,66da6332362cbf876667b08f276bd50b7cdba93a73315a4f2302dc81e40e2eb2,101638b1cee59731c2f340ad171d62f0078c1e5a1933178624047bb8aa625ae9,0.1,0.00510204081632653,0.0,0,0.016233766233766232,5,5,0,308,0.24781690002419055,61.600000000000335,0.09153061224489796,False,0.0,5.0,0.0,0,0,0.0,0.6646558435636802,308,False,True,,2026-07-29T17:18:23.345512+00:00,2026-07-29T17:18:23.594606+00:00,True
medium-medium-n0.2-ppo-s2-a568bc56e450,medium,14,medium,0.05,0.2,PPO,2,artifacts/final_submission/ppo/best_model.zip,7c54226fc8927d7ef7fcdc7d5f3ff29b11fa8d1463293a9d8e3b6bebad84cc11,disabled,66da6332362cbf876667b08f276bd50b7cdba93a73315a4f2302dc81e40e2eb2,a568bc56e450af02a1bc704298f60dc29b1c7ddcaf5ad00858d641d114c4fc39,0.1,0.00510204081632653,0.0,0,0.02922077922077922,9,9,0,308,0.23960169998463243,61.600000000000335,0.07153061224489796,False,0.0,9.0,0.0,0,0,0.0,0.6401558450495751,308,False,True,,2026-07-29T17:18:23.597608+00:00,2026-07-29T17:18:23.838057+00:00,True
medium-medium-n0.2-ppo-s3-e242c3cb70e8,medium,14,medium,0.05,0.2,PPO,3,artifacts/final_submission/ppo/best_model.zip,7c54226fc8927d7ef7fcdc7d5f3ff29b11fa8d1463293a9d8e3b6bebad84cc11,disabled,66da6332362cbf876667b08f276bd50b7cdba93a73315a4f2302dc81e40e2eb2,e242c3cb70e8865e600975be32c272d57fb4cef99cdace7ab72f3b42f79a6e52,0.0,0.00510204081632653,0.0,0,0.003246753246753247,1,1,0,308,0.24197110001114197,61.600000000000335,0.15153061224489794,False,0.0,1.0,0.0,0,0,0.0,0.6477987017087916,308,False,True,,2026-07-29T17:18:23.841058+00:00,2026-07-29T17:18:24.083186+00:00,True
medium-medium-n0.2-ppo-s4-7482139875b6,medium,14,medium,0.05,0.2,PPO,4,artifacts/final_submission/ppo/best_model.zip,7c54226fc8927d7ef7fcdc7d5f3ff29b11fa8d1463293a9d8e3b6bebad84cc11,disabled,66da6332362cbf876667b08f276bd50b7cdba93a73315a4f2302dc81e40e2eb2,7482139875b629f44cc63b9c14dd3d413f1cd48aeed21a35e87408450cd0b4df,0.0,0.00510204081632653,1.0,308,0.23376623376623376,72,72,0,308,0.24427860000287183,308.0,0.002318013819701109,False,0.0,380.0,0.0,0,0,0.0,0.6547269471671565,308,False,True,,2026-07-29T17:18:24.087186+00:00,2026-07-29T17:18:24.331895+00:00,True
medium-medium-n0.2-ppo-s5-9b60481c73b0,medium,14,medium,0.05,0.2,PPO,5,artifacts/final_submission/ppo/best_model.zip,7c54226fc8927d7ef7fcdc7d5f3ff29b11fa8d1463293a9d8e3b6bebad84cc11,disabled,66da6332362cbf876667b08f276bd50b7cdba93a73315a4f2302dc81e40e2eb2,9b60481c73b071a69d4670210a3ae55a33576fe7abbddcc37509755cffa88b80,0.1,0.00510204081632653,1.0,245,0.10714285714285714,33,33,0,308,0.24404779999167658,257.5999999999997,0.042605881062102266,False,0.0,278.0,0.0,0,0,0.0,0.6517964284284972,308,False,True,,2026-07-29T17:18:24.334921+00:00,2026-07-29T17:18:24.579819+00:00,True
medium-medium-n0.2-ppo-s6-2d87f575a0f6,medium,14,medium,0.05,0.2,PPO,6,artifacts/final_submission/ppo/best_model.zip,7c54226fc8927d7ef7fcdc7d5f3ff29b11fa8d1463293a9d8e3b6bebad84cc11,disabled,66da6332362cbf876667b08f276bd50b7cdba93a73315a4f2302dc81e40e2eb2,2d87f575a0f6d82fd333d15dc2c3089a4d0d5e323bb2047c8ad3678a7b6ac9a2,0.2,0.00510204081632653,0.0,0,0.11038961038961038,34,34,0,308,0.25557529999059625,61.600000000000335,0.09010204081632656,False,0.0,34.0,0.0,0,0,0.0,0.6806558449170552,308,False,True,,2026-07-29T17:18:24.584142+00:00,2026-07-29T17:18:24.839535+00:00,True
medium-medium-n0.2-ppo-s7-cac6b718dcc0,medium,14,medium,0.05,0.2,PPO,7,artifacts/final_submission/ppo/best_model.zip,7c54226fc8927d7ef7fcdc7d5f3ff29b11fa8d1463293a9d8e3b6bebad84cc11,disabled,66da6332362cbf876667b08f276bd50b7cdba93a73315a4f2302dc81e40e2eb2,cac6b718dcc06295cd86a07d04fa4a4074dc93b4fe479af3f53d7eb2105901ad,0.0,0.00510204081632653,0.0,0,0.05519480519480519,17,17,0,308,0.2383387000008952,61.600000000000335,0.018197278911564627,False,0.0,17.0,0.0,0,0,0.0,0.6401058439129068,308,False,True,,2026-07-29T17:18:24.842715+00:00,2026-07-29T17:18:25.082328+00:00,True
medium-medium-n0.2-ppo-s8-e0424a3b9fd9,medium,14,medium,0.05,0.2,PPO,8,artifacts/final_submission/ppo/best_model.zip,7c54226fc8927d7ef7fcdc7d5f3ff29b11fa8d1463293a9d8e3b6bebad84cc11,disabled,66da6332362cbf876667b08f276bd50b7cdba93a73315a4f2302dc81e40e2eb2,e0424a3b9fd9fff2d0bacd0e49405eb52a734dcbb87d2a183216f7ea18e32467,0.2,0.02040816326530612,1.0,299,0.012987012987012988,4,4,0,308,0.24120330001460388,303.19999999999993,0.08710929108485502,False,0.0,303.0,3.0,0,0,0.0,0.6460714277353247,308,False,True,,2026-07-29T17:18:25.085330+00:00,2026-07-29T17:18:25.326417+00:00,True
medium-medium-n0.2-ppo-s9-2b6f5cd6a263,medium,14,medium,0.05,0.2,PPO,9,artifacts/final_submission/ppo/best_model.zip,7c54226fc8927d7ef7fcdc7d5f3ff29b11fa8d1463293a9d8e3b6bebad84cc11,disabled,66da6332362cbf876667b08f276bd50b7cdba93a73315a4f2302dc81e40e2eb2,2b6f5cd6a26308f1bd4936d44fc52cb67c561069849b36dcbbc902e595accf40,0.1,0.00510204081632653,0.0,0,0.012987012987012988,4,4,0,308,0.2385420999780763,61.600000000000335,0.10153061224489796,False,0.0,4.0,0.0,0,0,0.0,0.642782793071895,308,False,True,,2026-07-29T17:18:25.330328+00:00,2026-07-29T17:18:25.569121+00:00,True
medium-medium-n0.2-sac-s0-b2b502475762,medium,14,medium,0.05,0.2,SAC,0,artifacts/final_submission/sac/best_model.zip,78fe38fcc78df0ba8f98bd07af373848833876e7ec5ddf1486cec9a3cd9ba44c,disabled,66da6332362cbf876667b08f276bd50b7cdba93a73315a4f2302dc81e40e2eb2,b2b50247576237e4226888d5e718be03ce306488297c7e57d254f48af6a00aee,0.0,0.030612244897959183,1.0,301,0.0,0,0,0,308,0.27511399998911656,306.4,0.010177050952831463,False,0.0,301.0,5.0,0,0,0.0,0.7521360386888702,308,False,True,,2026-07-29T17:18:25.572820+00:00,2026-07-29T17:18:25.848320+00:00,True
medium-medium-n0.2-sac-s1-83450704a8bc,medium,14,medium,0.05,0.2,SAC,1,artifacts/final_submission/sac/best_model.zip,78fe38fcc78df0ba8f98bd07af373848833876e7ec5ddf1486cec9a3cd9ba44c,disabled,66da6332362cbf876667b08f276bd50b7cdba93a73315a4f2302dc81e40e2eb2,83450704a8bcf951bd2d70b331dcdc51bfae3211d30f6809221c42d8cbbd1924,0.2,0.07653061224489796,1.0,268,0.9285714285714286,286,292,6,308,0.27209539999603294,303.2,0.10349394303175817,False,0.0,560.0,34.0,0,0,0.0,0.7347396106040408,308,False,True,,2026-07-29T17:18:25.851308+00:00,2026-07-29T17:18:26.124830+00:00,True
medium-medium-n0.2-sac-s2-0669fc8482c7,medium,14,medium,0.05,0.2,SAC,2,artifacts/final_submission/sac/best_model.zip,78fe38fcc78df0ba8f98bd07af373848833876e7ec5ddf1486cec9a3cd9ba44c,disabled,66da6332362cbf876667b08f276bd50b7cdba93a73315a4f2302dc81e40e2eb2,0669fc8482c7b8ad4c18da304ab5f0d1445563ffd77ec475125e4b73d1c019ec,0.0,0.11734693877551021,1.0,74,0.19155844155844157,59,60,1,308,0.26423200001590885,308.0,0.03742630385487528,False,0.0,134.0,234.0,0,0,0.0,0.7078574671577844,308,False,True,,2026-07-29T17:18:26.127828+00:00,2026-07-29T17:18:26.392055+00:00,True
medium-medium-n0.2-sac-s3-8aa5e1e9ac80,medium,14,medium,0.05,0.2,SAC,3,artifacts/final_submission/sac/best_model.zip,78fe38fcc78df0ba8f98bd07af373848833876e7ec5ddf1486cec9a3cd9ba44c,disabled,66da6332362cbf876667b08f276bd50b7cdba93a73315a4f2302dc81e40e2eb2,8aa5e1e9ac80cd56b6b50538cab91394c4dd6d4868b0b0f50d11ed14abc4cc68,0.3,0.10204081632653061,1.0,168,0.11688311688311688,36,36,0,308,0.24582089998875745,299.99999999999994,0.15204765159652378,False,0.0,208.0,130.0,0,0,0.0,0.6496889607235486,308,False,True,,2026-07-29T17:18:26.395959+00:00,2026-07-29T17:18:26.642251+00:00,True
medium-medium-n0.2-sac-s4-e1f86943b312,medium,14,medium,0.05,0.2,SAC,4,artifacts/final_submission/sac/best_model.zip,78fe38fcc78df0ba8f98bd07af373848833876e7ec5ddf1486cec9a3cd9ba44c,disabled,66da6332362cbf876667b08f276bd50b7cdba93a73315a4f2302dc81e40e2eb2,e1f86943b312d53a876c761064ca2ed2302343fbee2f1228b97e1063cb3f6a68,0.0,0.02040816326530612,1.0,3,0.03896103896103896,12,12,0,308,0.24110780001501553,70.40000000000046,0.024872448979591837,False,0.0,15.0,8.0,0,0,0.0,0.6411123382798457,308,False,True,,2026-07-29T17:18:26.645142+00:00,2026-07-29T17:18:26.887328+00:00,True
medium-medium-n0.2-sac-s5-1203bc42840e,medium,14,medium,0.05,0.2,SAC,5,artifacts/final_submission/sac/best_model.zip,78fe38fcc78df0ba8f98bd07af373848833876e7ec5ddf1486cec9a3cd9ba44c,disabled,66da6332362cbf876667b08f276bd50b7cdba93a73315a4f2302dc81e40e2eb2,1203bc42840e125834de1608cf21edf4642ce5ed57f224cfa450e8ba7ce4d495,0.2,0.14285714285714285,1.0,166,0.23376623376623376,72,75,3,308,0.23999309999635443,300.8,0.12409681227863047,False,0.0,241.0,133.0,0,0,0.0,0.628348052038285,308,False,True,,2026-07-29T17:18:26.890438+00:00,2026-07-29T17:18:27.130954+00:00,True
medium-medium-n0.2-sac-s6-fa82dbb4b22f,medium,14,medium,0.05,0.2,SAC,6,artifacts/final_submission/sac/best_model.zip,78fe38fcc78df0ba8f98bd07af373848833876e7ec5ddf1486cec9a3cd9ba44c,disabled,66da6332362cbf876667b08f276bd50b7cdba93a73315a4f2302dc81e40e2eb2,fa82dbb4b22f4adacf0fb1f025c7635e6869c1da99860bb05287f04a0c943ecf,0.2,0.17346938775510204,1.0,244,0.8441558441558441,260,265,5,308,0.25732519998564385,303.20000000000005,0.13262618218018918,False,0.0,511.5,58.0,0,0,0.0,0.6777512979453321,308,False,True,,2026-07-29T17:18:27.134848+00:00,2026-07-29T17:18:27.392386+00:00,True
medium-medium-n0.2-sac-s7-cdce6f93f86b,medium,14,medium,0.05,0.2,SAC,7,artifacts/final_submission/sac/best_model.zip,78fe38fcc78df0ba8f98bd07af373848833876e7ec5ddf1486cec9a3cd9ba44c,disabled,66da6332362cbf876667b08f276bd50b7cdba93a73315a4f2302dc81e40e2eb2,cdce6f93f86b2573aef6aad7715f4b7da24a5e41df24169af5cce47c9411d91b,0.0,0.1326530612244898,1.0,34,0.11038961038961038,34,41,7,308,0.24292760001844727,306.4,0.04374328678839957,False,0.0,75.0,272.0,0,0,0.0,0.6344126619273107,308,False,True,,2026-07-29T17:18:27.396384+00:00,2026-07-29T17:18:27.640072+00:00,True
medium-medium-n0.2-sac-s8-942c0fd1c2c6,medium,14,medium,0.05,0.2,SAC,8,artifacts/final_submission/sac/best_model.zip,78fe38fcc78df0ba8f98bd07af373848833876e7ec5ddf1486cec9a3cd9ba44c,disabled,66da6332362cbf876667b08f276bd50b7cdba93a73315a4f2302dc81e40e2eb2,942c0fd1c2c6f06d7ae97c31a2fcca532f0bf451003f6d4dfdcb899a15a0d20c,0.1,0.01020408163265306,1.0,7,0.016233766233766232,5,5,0,308,0.2477702999894973,68.00000000000044,0.066138147566719,False,0.0,12.0,1.0,0,0,0.0,0.6607662333219385,308,False,True,,2026-07-29T17:18:27.644207+00:00,2026-07-29T17:18:27.892429+00:00,True
medium-medium-n0.2-sac-s9-3f69c2f7e66b,medium,14,medium,0.05,0.2,SAC,9,artifacts/final_submission/sac/best_model.zip,78fe38fcc78df0ba8f98bd07af373848833876e7ec5ddf1486cec9a3cd9ba44c,disabled,66da6332362cbf876667b08f276bd50b7cdba93a73315a4f2302dc81e40e2eb2,3f69c2f7e66b57fc84cf1b37be710ddaa22b7d8b1e39c539bb385def1c2cc8e0,0.1,0.16326530612244897,1.0,215,0.08441558441558442,26,27,1,308,0.2387272999912966,288.0,0.09021415973796927,False,0.0,242.0,68.0,0,0,0.0,0.6290701303560009,308,False,True,,2026-07-29T17:18:27.895331+00:00,2026-07-29T17:18:28.134950+00:00,True
medium-medium-n0.2-riskshield_ppo-s0-67094122c262,medium,14,medium,0.05,0.2,RiskShield-PPO,0,artifacts/final_submission/riskshield_ppo/best_model.zip,d6c91caeb9bb10db866cbfe947ef1cc3db0ea8dc7470d098c9af6298ab75c812,k_step,66da6332362cbf876667b08f276bd50b7cdba93a73315a4f2302dc81e40e2eb2,67094122c2621046ad2c70378eda810c2780c4b7a3addad3519f87963fe2ac13,0.0,0.00510204081632653,0.0,0,0.0,0,0,0,308,0.24736870001652278,61.600000000000335,0.30153061224489797,False,0.0,0.0,0.0,0,0,0.0,0.634376298864493,308,False,True,,2026-07-29T17:18:28.138929+00:00,2026-07-29T17:18:28.386600+00:00,True
medium-medium-n0.2-riskshield_ppo-s1-b8d9af8ae397,medium,14,medium,0.05,0.2,RiskShield-PPO,1,artifacts/final_submission/riskshield_ppo/best_model.zip,d6c91caeb9bb10db866cbfe947ef1cc3db0ea8dc7470d098c9af6298ab75c812,k_step,66da6332362cbf876667b08f276bd50b7cdba93a73315a4f2302dc81e40e2eb2,b8d9af8ae39790f1abf02e0ada63ec698da84629a7fd43fc1b011cbaace76485,0.3,0.03571428571428571,0.0,0,0.025974025974025976,8,8,0,308,0.266080300003523,120.0000000000005,0.16404761904761903,False,0.0,8.0,73.0,154,8,0.0,0.6661961042600406,308,False,True,,2026-07-29T17:18:28.390512+00:00,2026-07-29T17:18:28.657250+00:00,True
medium-medium-n0.2-riskshield_ppo-s2-00e1fe6c1f69,medium,14,medium,0.05,0.2,RiskShield-PPO,2,artifacts/final_submission/riskshield_ppo/best_model.zip,d6c91caeb9bb10db866cbfe947ef1cc3db0ea8dc7470d098c9af6298ab75c812,k_step,66da6332362cbf876667b08f276bd50b7cdba93a73315a4f2302dc81e40e2eb2,00e1fe6c1f699f09a7160459c5af947374e022a985096819aeeeb1a63aeacfcd,0.2,0.025510204081632654,0.0,0,0.00974025974025974,3,3,0,308,0.26303449997794814,82.40000000000055,0.1626530612244898,False,0.0,3.0,26.0,29,3,0.0,0.6674951302982238,308,False,True,,2026-07-29T17:18:28.661204+00:00,2026-07-29T17:18:28.924118+00:00,True
medium-medium-n0.2-riskshield_ppo-s3-666a2c238129,medium,14,medium,0.05,0.2,RiskShield-PPO,3,artifacts/final_submission/riskshield_ppo/best_model.zip,d6c91caeb9bb10db866cbfe947ef1cc3db0ea8dc7470d098c9af6298ab75c812,k_step,66da6332362cbf876667b08f276bd50b7cdba93a73315a4f2302dc81e40e2eb2,666a2c2381292654d0a82aaea9536155b4c768ff544e0796e0006ecb0b680d90,0.1,0.02040816326530612,0.0,0,0.12337662337662338,38,38,0,308,0.2641263999976218,65.6000000000004,0.053814756671899534,False,0.0,38.0,5.0,43,38,0.0,0.6673594165854942,308,False,True,,2026-07-29T17:18:28.927090+00:00,2026-07-29T17:18:29.191799+00:00,True
medium-medium-n0.2-riskshield_ppo-s4-c4d04080ccdf,medium,14,medium,0.05,0.2,RiskShield-PPO,4,artifacts/final_submission/riskshield_ppo/best_model.zip,d6c91caeb9bb10db866cbfe947ef1cc3db0ea8dc7470d098c9af6298ab75c812,k_step,66da6332362cbf876667b08f276bd50b7cdba93a73315a4f2302dc81e40e2eb2,c4d04080ccdffad57b1e68313243f9efb5cad17f0b46076d07c72b4b6a5d80d7,0.0,0.00510204081632653,0.0,0,0.23376623376623376,72,72,0,308,0.2777378000027966,61.600000000000335,0.005640201285993849,False,0.0,72.0,0.0,180,72,0.0,0.7119334428329263,308,False,True,,2026-07-29T17:18:29.195760+00:00,2026-07-29T17:18:29.474147+00:00,True
medium-medium-n0.2-riskshield_ppo-s5-aa53e633d32f,medium,14,medium,0.05,0.2,RiskShield-PPO,5,artifacts/final_submission/riskshield_ppo/best_model.zip,d6c91caeb9bb10db866cbfe947ef1cc3db0ea8dc7470d098c9af6298ab75c812,k_step,66da6332362cbf876667b08f276bd50b7cdba93a73315a4f2302dc81e40e2eb2,aa53e633d32f9da9dc1d39b58c0713e4da01d3e9f51d2711613efe0144dee4dd,0.1,0.015306122448979591,0.0,0,0.09090909090909091,28,28,0,308,0.2932351999916136,69.60000000000034,0.05493666432090078,False,0.0,28.0,10.0,38,28,0.0,0.7680892860615178,308,False,True,,2026-07-29T17:18:29.478097+00:00,2026-07-29T17:18:29.771673+00:00,True
medium-medium-n0.2-riskshield_ppo-s6-35ae289d36e0,medium,14,medium,0.05,0.2,RiskShield-PPO,6,artifacts/final_submission/riskshield_ppo/best_model.zip,d6c91caeb9bb10db866cbfe947ef1cc3db0ea8dc7470d098c9af6298ab75c812,k_step,66da6332362cbf876667b08f276bd50b7cdba93a73315a4f2302dc81e40e2eb2,35ae289d36e03cffe6ed8dd033e9f8b76893c6b8a697a12c2ac5c0f3e0a817b1,0.4,0.04081632653061224,0.0,0,0.032467532467532464,10,10,0,308,0.2993060000007972,84.8000000000005,0.199517625231911,False,0.0,10.0,29.0,39,10,0.0,0.7886899359843258,308,False,True,,2026-07-29T17:18:29.775041+00:00,2026-07-29T17:18:30.075079+00:00,True
medium-medium-n0.2-riskshield_ppo-s7-011da096eb3a,medium,14,medium,0.05,0.2,RiskShield-PPO,7,artifacts/final_submission/riskshield_ppo/best_model.zip,d6c91caeb9bb10db866cbfe947ef1cc3db0ea8dc7470d098c9af6298ab75c812,k_step,66da6332362cbf876667b08f276bd50b7cdba93a73315a4f2302dc81e40e2eb2,011da096eb3abd04290dd9b96b069cc5bba8cd3ec5fe4ae9c563db178cfec81e,0.1,0.08673469387755102,0.0,0,0.025974025974025976,8,8,0,308,0.2753550999914296,84.00000000000047,0.09935374149659865,False,0.0,8.0,28.0,36,8,0.0,0.7024110396363917,308,False,True,,2026-07-29T17:18:30.078075+00:00,2026-07-29T17:18:30.354395+00:00,True
medium-medium-n0.2-riskshield_ppo-s8-0c6df4e9f874,medium,14,medium,0.05,0.2,RiskShield-PPO,8,artifacts/final_submission/riskshield_ppo/best_model.zip,d6c91caeb9bb10db866cbfe947ef1cc3db0ea8dc7470d098c9af6298ab75c812,k_step,66da6332362cbf876667b08f276bd50b7cdba93a73315a4f2302dc81e40e2eb2,0c6df4e9f87417b29be060427b34019ac63f9d4bbf18bc0a32b25c6b715bf632,0.1,0.00510204081632653,0.0,0,0.0,0,0,0,308,0.2567141999898013,61.600000000000335,0.34153061224489795,False,0.0,0.0,0.0,0,0,0.0,0.6574402593889624,308,False,True,,2026-07-29T17:18:30.357435+00:00,2026-07-29T17:18:30.614759+00:00,True
medium-medium-n0.2-riskshield_ppo-s9-2b1ab5cdaea7,medium,14,medium,0.05,0.2,RiskShield-PPO,9,artifacts/final_submission/riskshield_ppo/best_model.zip,d6c91caeb9bb10db866cbfe947ef1cc3db0ea8dc7470d098c9af6298ab75c812,k_step,66da6332362cbf876667b08f276bd50b7cdba93a73315a4f2302dc81e40e2eb2,2b1ab5cdaea7f02ead855fcee4b0d8d22e7230473ac5d16827f5ef9e93d4a177,0.1,0.00510204081632653,0.0,0,0.012987012987012988,4,4,0,308,0.25936719999299385,61.600000000000335,0.10153061224489796,False,0.0,4.0,0.0,4,4,0.0,0.6686840909412252,308,False,True,,2026-07-29T17:18:30.618778+00:00,2026-07-29T17:18:30.878126+00:00,True
medium-high-n0.0-risk_aware_astar-s0-4d9133c25dee,medium,14,high,0.07,0.0,risk_aware_astar,0,,,disabled,66da6332362cbf876667b08f276bd50b7cdba93a73315a4f2302dc81e40e2eb2,4d9133c25deec2a28cfd64eb73230707634b5e319c8fd33d9c4cb4730b6128f0,1.0,0.24489795918367346,0.0,0,0.11594202898550725,8,8,0,69,0.01972179999575019,57.80000000000001,0.5007421150278293,True,1.0,10.0,55.0,0,0,0.0,0.1884014484897742,69,True,False,,2026-07-29T17:16:42.710596+00:00,2026-07-29T17:16:42.730599+00:00,True
medium-high-n0.0-risk_aware_astar-s1-f2b3e2e8fdc3,medium,14,high,0.07,0.0,risk_aware_astar,1,,,disabled,66da6332362cbf876667b08f276bd50b7cdba93a73315a4f2302dc81e40e2eb2,f2b3e2e8fdc3d5a8848fd24292894cda21827f507b2671d6d602f09d5b8bd76c,1.0,0.24489795918367346,0.0,0,0.08974358974358974,7,7,0,78,0.26424600000609644,67.60000000000001,0.510969387755102,True,1.0,7.0,65.0,0,0,0.0,3.2778333336001455,78,True,False,,2026-07-29T17:16:42.730599+00:00,2026-07-29T17:16:43.945709+00:00,True
medium-high-n0.0-risk_aware_astar-s2-72fcdf8f05a6,medium,14,high,0.07,0.0,risk_aware_astar,2,,,disabled,66da6332362cbf876667b08f276bd50b7cdba93a73315a4f2302dc81e40e2eb2,72fcdf8f05a67fdae92bc84c36a93a20d941641dc70190490c6f03bda89c856d,1.0,0.3010204081632653,0.0,0,0.04,4,4,0,100,0.3224049999844283,89.60000000000002,0.5403061224489797,True,1.0,5.0,87.0,0,0,0.0,0.4121930029941723,100,True,False,,2026-07-29T17:16:42.752000+00:00,2026-07-29T17:16:43.074398+00:00,True
medium-high-n0.0-risk_aware_astar-s3-71c5ee026190,medium,14,high,0.07,0.0,risk_aware_astar,3,,,disabled,66da6332362cbf876667b08f276bd50b7cdba93a73315a4f2302dc81e40e2eb2,71c5ee02619007bb088e4bc71e982b191b1b2ef53ea7238b33a64143654846b2,1.0,0.4336734693877551,0.0,0,0.034722222222222224,5,5,0,144,0.09341649999259971,133.60000000000002,0.5701020408163265,True,1.0,6.5,131.0,0,0,0.0,0.542233332857399,144,True,False,,2026-07-29T17:16:42.792002+00:00,2026-07-29T17:16:42.885423+00:00,True
medium-high-n0.0-risk_aware_astar-s4-b66d3ebc02b4,medium,14,high,0.07,0.0,risk_aware_astar,4,,,disabled,66da6332362cbf876667b08f276bd50b7cdba93a73315a4f2302dc81e40e2eb2,b66d3ebc02b4823cbb1f30b8634fdcbf25a66e44832de252e4673ab3ee9e5170,1.0,0.30612244897959184,0.0,0,0.04597701149425287,4,4,0,87,0.06419160001678392,75.80000000000001,0.5518367346938775,True,1.0,4.0,73.0,0,0,0.0,0.2932770096766495,87,True,False,,2026-07-29T17:16:42.886422+00:00,2026-07-29T17:16:42.950570+00:00,True
medium-high-n0.0-risk_aware_astar-s5-bb0d17901009,medium,14,high,0.07,0.0,risk_aware_astar,5,,,disabled,66da6332362cbf876667b08f276bd50b7cdba93a73315a4f2302dc81e40e2eb2,bb0d179010095f79c4e2ddc60bcafa8c287e5a6b2b8f995513cdd47b6ace8bda,1.0,0.21428571428571427,0.0,0,0.10606060606060606,7,7,0,66,0.12423509999644011,55.60000000000002,0.4976190476190476,True,1.0,8.0,53.0,0,0,0.0,0.21304999906781383,66,True,False,,2026-07-29T17:16:42.950570+00:00,2026-07-29T17:16:43.075398+00:00,True
medium-high-n0.0-risk_aware_astar-s6-c1092f251a91,medium,14,high,0.07,0.0,risk_aware_astar,6,,,disabled,66da6332362cbf876667b08f276bd50b7cdba93a73315a4f2302dc81e40e2eb2,c1092f251a91e7a2ed139f05173824499a3ce96465885618a8f3b96a208944d6,1.0,0.25510204081632654,0.0,0,0.06578947368421052,5,5,0,76,0.03135540001676418,65.60000000000001,0.526530612244898,True,1.0,5.0,63.0,0,0,0.0,0.30949079059370743,76,True,False,,2026-07-29T17:16:42.993467+00:00,2026-07-29T17:16:43.025086+00:00,True
medium-high-n0.0-risk_aware_astar-s7-d16a43cbcfdc,medium,14,high,0.07,0.0,risk_aware_astar,7,,,disabled,66da6332362cbf876667b08f276bd50b7cdba93a73315a4f2302dc81e40e2eb2,d16a43cbcfdc489ca58c98eec5ce06f530ea1e7c433cd78773f18d8fde6f9b08,1.0,0.2755102040816326,0.0,0,0.016666666666666666,2,2,0,120,0.4202201000007335,108.80000000000001,0.5683673469387756,True,1.0,2.5,106.0,0,0,0.0,0.4484516680046606,120,True,False,,2026-07-29T17:16:43.025086+00:00,2026-07-29T17:16:43.729029+00:00,True
medium-high-n0.0-risk_aware_astar-s8-0a30c3812e97,medium,14,high,0.07,0.0,risk_aware_astar,8,,,disabled,66da6332362cbf876667b08f276bd50b7cdba93a73315a4f2302dc81e40e2eb2,0a30c3812e97015351ec0cc9a94ef829839f6bc839ae706c115d596a31506db8,1.0,0.2755102040816326,0.0,0,0.046511627906976744,4,4,0,86,0.033037699991837144,74.80000000000001,0.5326530612244899,True,1.0,5.0,72.0,0,0,0.0,0.28154883820693505,86,True,False,,2026-07-29T17:16:43.074398+00:00,2026-07-29T17:16:43.108906+00:00,True
medium-high-n0.0-risk_aware_astar-s9-fd910bb9cf19,medium,14,high,0.07,0.0,risk_aware_astar,9,,,disabled,66da6332362cbf876667b08f276bd50b7cdba93a73315a4f2302dc81e40e2eb2,fd910bb9cf19f635bd35955830244a460b1c8e3102e7a0144ae70199473b209b,1.0,0.3622448979591837,0.0,0,0.0603448275862069,7,7,0,116,0.06766189998597838,104.80000000000003,0.5420068027210885,True,1.0,8.0,102.0,0,0,0.0,0.47924310412530885,116,True,False,,2026-07-29T17:16:43.075398+00:00,2026-07-29T17:16:43.308418+00:00,True
medium-high-n0.0-frontier_exploration-s0-66ab83d35e2e,medium,14,high,0.07,0.0,frontier_exploration,0,,,disabled,66da6332362cbf876667b08f276bd50b7cdba93a73315a4f2302dc81e40e2eb2,66ab83d35e2e49cf3322f92560512483e39b92e75aa4cbe1768fef24be199f11,1.0,0.6938775510204082,0.0,0,0.06896551724137931,18,18,0,261,0.07582500000717118,250.6,0.6224489795918366,True,1.0,20.0,248.0,0,0,0.0,0.19467586280788754,261,True,False,,2026-07-29T17:16:43.108906+00:00,2026-07-29T17:16:43.184402+00:00,True
medium-high-n0.0-frontier_exploration-s1-080c22c6ae64,medium,14,high,0.07,0.0,frontier_exploration,1,,,disabled,66da6332362cbf876667b08f276bd50b7cdba93a73315a4f2302dc81e40e2eb2,080c22c6ae6450a78f3c46c81d252c0542e47472500ebdf4b249b838d9b8e9f1,0.9285714285714286,0.7397959183673469,0.0,0,0.04220779220779221,13,14,1,308,0.23737019998952746,298.4,0.6110144057623049,False,0.0,16.0,296.0,0,0,0.0,0.25937467609009063,308,False,True,,2026-07-29T17:16:43.184402+00:00,2026-07-29T17:16:43.422976+00:00,True
medium-high-n0.0-frontier_exploration-s2-ba3a6af3215b,medium,14,high,0.07,0.0,frontier_exploration,2,,,disabled,66da6332362cbf876667b08f276bd50b7cdba93a73315a4f2302dc81e40e2eb2,ba3a6af3215ba6dfa6647e9d80bfe6c851aeab6f825751af079695f540f0df6c,1.0,0.6632653061224489,0.0,0,0.04060913705583756,8,8,0,197,0.937594299990451,186.59999999999997,0.632312925170068,True,1.0,8.0,184.0,0,0,0.0,0.12289949185758602,197,True,False,,2026-07-29T17:16:43.308418+00:00,2026-07-29T17:16:44.299267+00:00,True
medium-high-n0.0-frontier_exploration-s3-132d290d5688,medium,14,high,0.07,0.0,frontier_exploration,3,,,disabled,66da6332362cbf876667b08f276bd50b7cdba93a73315a4f2302dc81e40e2eb2,132d290d56887a1ecc4e21a2d528efdd747b821cb19fadfccfd00b69f57a136e,1.0,0.6224489795918368,0.0,0,0.046153846153846156,9,9,0,195,0.04482250000000931,184.6,0.6167346938775511,True,1.0,9.0,182.0,0,0,0.0,0.13136769232984918,195,True,False,,2026-07-29T17:16:43.422976+00:00,2026-07-29T17:16:43.471973+00:00,True
medium-high-n0.0-frontier_exploration-s4-5378fedd0c04,medium,14,high,0.07,0.0,frontier_exploration,4,,,disabled,66da6332362cbf876667b08f276bd50b7cdba93a73315a4f2302dc81e40e2eb2,5378fedd0c0479b7a4b8bcaf5c254b5d44e0faa080203918e89b32bed734e65c,1.0,0.6020408163265306,0.0,0,0.0425531914893617,8,8,0,188,0.04259620001539588,176.8,0.6139455782312925,True,1.0,8.0,174.0,0,0,0.0,0.12556914883502263,188,True,False,,2026-07-29T17:16:43.471973+00:00,2026-07-29T17:16:43.514482+00:00,True
medium-high-n0.0-frontier_exploration-s5-a33221a1dd81,medium,14,high,0.07,0.0,frontier_exploration,5,,,disabled,66da6332362cbf876667b08f276bd50b7cdba93a73315a4f2302dc81e40e2eb2,a33221a1dd81e802afc251c56cdae077ef1bf0f0c8aea10678bff4ba1b174fb0,1.0,0.6326530612244898,0.0,0,0.00796812749003984,2,3,1,251,0.07101159999729134,240.59999999999997,0.6564625850340136,True,1.0,3.5,238.0,0,0,0.0,0.18121274890827083,251,True,False,,2026-07-29T17:16:43.514482+00:00,2026-07-29T17:16:43.586199+00:00,True
medium-high-n0.0-frontier_exploration-s6-4a02635b7ea2,medium,14,high,0.07,0.0,frontier_exploration,6,,,disabled,66da6332362cbf876667b08f276bd50b7cdba93a73315a4f2302dc81e40e2eb2,4a02635b7ea22415237b088c349642b4aa40a869215aba48ac6610d36267b6f8,1.0,0.4846938775510204,0.0,0,0.05194805194805195,8,8,0,154,0.03867010000976734,143.60000000000002,0.5787414965986395,True,1.0,8.0,141.0,0,0,0.0,0.14972337521612644,154,True,False,,2026-07-29T17:16:43.586199+00:00,2026-07-29T17:16:43.624709+00:00,True
medium-high-n0.0-frontier_exploration-s7-dc67646afb62,medium,14,high,0.07,0.0,frontier_exploration,7,,,disabled,66da6332362cbf876667b08f276bd50b7cdba93a73315a4f2302dc81e40e2eb2,dc67646afb6245f5ea27d3e0bb28cb0a8176f08053d50f5ffc8bef1066287ee5,1.0,0.6887755102040817,0.0,0,0.004329004329004329,1,1,0,231,0.05283550001331605,220.59999999999997,0.7066326530612245,True,1.0,2.0,218.0,0,0,0.0,0.13140389467468605,231,True,False,,2026-07-29T17:16:43.624709+00:00,2026-07-29T17:16:43.678708+00:00,True
medium-high-n0.0-frontier_exploration-s8-72bd3ac4711f,medium,14,high,0.07,0.0,frontier_exploration,8,,,disabled,66da6332362cbf876667b08f276bd50b7cdba93a73315a4f2302dc81e40e2eb2,72bd3ac4711f473f473966078719e488184ba96eaa708e03de8a4431346c570d,1.0,0.5459183673469388,0.0,0,0.044585987261146494,7,7,0,157,0.08175979999941774,145.79999999999998,0.597108843537415,True,1.0,8.0,143.0,0,0,0.0,0.11588152828715315,157,True,False,,2026-07-29T17:16:43.678708+00:00,2026-07-29T17:16:43.760030+00:00,True
medium-high-n0.0-frontier_exploration-s9-93b727c80bd8,medium,14,high,0.07,0.0,frontier_exploration,9,,,disabled,66da6332362cbf876667b08f276bd50b7cdba93a73315a4f2302dc81e40e2eb2,93b727c80bd875ffab5bc46c2a959bf041861b620412a34bd530c705758cbaf6,0.9285714285714286,0.6887755102040817,0.0,0,0.012987012987012988,4,4,0,308,0.10301590000744909,298.4,0.618061224489796,False,0.0,6.5,296.0,0,0,0.0,0.2309775965321543,308,False,True,,2026-07-29T17:16:43.729029+00:00,2026-07-29T17:16:43.883183+00:00,True
medium-high-n0.0-ppo-s0-08d29fb09b6f,medium,14,high,0.07,0.0,PPO,0,artifacts/final_submission/ppo/best_model.zip,7c54226fc8927d7ef7fcdc7d5f3ff29b11fa8d1463293a9d8e3b6bebad84cc11,disabled,66da6332362cbf876667b08f276bd50b7cdba93a73315a4f2302dc81e40e2eb2,08d29fb09b6f15715f467ecf9f3b659f925606063446454d0f9dde3c47e2d05f,0.0,0.00510204081632653,0.0,0,0.08766233766233766,27,27,0,308,0.2500051000097301,61.600000000000335,0.012244897959183673,False,0.0,27.0,0.0,0,0,0.0,0.6553120126829833,308,False,True,,2026-07-29T17:18:30.882127+00:00,2026-07-29T17:18:31.132010+00:00,True
medium-high-n0.0-ppo-s1-5f402270d45b,medium,14,high,0.07,0.0,PPO,1,artifacts/final_submission/ppo/best_model.zip,7c54226fc8927d7ef7fcdc7d5f3ff29b11fa8d1463293a9d8e3b6bebad84cc11,disabled,66da6332362cbf876667b08f276bd50b7cdba93a73315a4f2302dc81e40e2eb2,5f402270d45b43a064c0f9f856ee0a8863f74f7eedc83c017f8e4290810cefb2,0.0,0.015306122448979591,0.0,0,0.10064935064935066,31,31,0,308,0.26093290001153946,63.200000000000365,0.013966836734693877,False,0.0,31.0,2.0,0,0,0.0,0.688535713155258,308,False,True,,2026-07-29T17:18:31.135905+00:00,2026-07-29T17:18:31.396691+00:00,True
medium-high-n0.0-ppo-s2-ff1444f5c5d3,medium,14,high,0.07,0.0,PPO,2,artifacts/final_submission/ppo/best_model.zip,7c54226fc8927d7ef7fcdc7d5f3ff29b11fa8d1463293a9d8e3b6bebad84cc11,disabled,66da6332362cbf876667b08f276bd50b7cdba93a73315a4f2302dc81e40e2eb2,ff1444f5c5d3d59ab8caabb34e878fa50dcf3b374c85f323b547933446bdc8b7,0.14285714285714285,0.00510204081632653,0.0,0,0.09415584415584416,29,29,0,308,0.2690608999982942,61.600000000000335,0.06867346938775509,False,0.0,29.0,0.0,0,0,0.0,0.7239938305400602,308,False,True,,2026-07-29T17:18:31.400717+00:00,2026-07-29T17:18:31.670034+00:00,True
medium-high-n0.0-ppo-s3-7ac85cc7df8b,medium,14,high,0.07,0.0,PPO,3,artifacts/final_submission/ppo/best_model.zip,7c54226fc8927d7ef7fcdc7d5f3ff29b11fa8d1463293a9d8e3b6bebad84cc11,disabled,66da6332362cbf876667b08f276bd50b7cdba93a73315a4f2302dc81e40e2eb2,7ac85cc7df8b30ea04fa3cb8e0c7481e1f085c12747b8c975418fd250be4eaf1,0.0,0.00510204081632653,0.0,0,1.0,308,308,0,308,0.35703720001038164,61.600000000000335,0.002501486031305726,False,0.0,308.0,0.0,0,0,0.0,0.99945649217025,308,False,True,,2026-07-29T17:18:31.673931+00:00,2026-07-29T17:18:32.031589+00:00,True
medium-high-n0.0-ppo-s4-6b99cbd4224f,medium,14,high,0.07,0.0,PPO,4,artifacts/final_submission/ppo/best_model.zip,7c54226fc8927d7ef7fcdc7d5f3ff29b11fa8d1463293a9d8e3b6bebad84cc11,disabled,66da6332362cbf876667b08f276bd50b7cdba93a73315a4f2302dc81e40e2eb2,6b99cbd4224f232defc4ea7bdda3184797060c902a13308f11cda48d544cbc09,0.0,0.015306122448979591,0.0,0,0.1038961038961039,32,32,0,308,0.2756987000175286,63.200000000000365,0.013682745825602968,False,0.0,32.0,2.0,0,0,0.0,0.739335389101013,308,False,True,,2026-07-29T17:18:32.034574+00:00,2026-07-29T17:18:32.311148+00:00,True
medium-high-n0.0-ppo-s5-8dd17922d9a5,medium,14,high,0.07,0.0,PPO,5,artifacts/final_submission/ppo/best_model.zip,7c54226fc8927d7ef7fcdc7d5f3ff29b11fa8d1463293a9d8e3b6bebad84cc11,disabled,66da6332362cbf876667b08f276bd50b7cdba93a73315a4f2302dc81e40e2eb2,8dd17922d9a56240508b93ea46de7c0724258a5122a99ea02fcb50e8836ffa65,0.14285714285714285,0.00510204081632653,0.0,0,0.16558441558441558,51,51,0,308,0.29604980000294745,61.600000000000335,0.06444270015698586,False,0.0,51.0,0.0,0,0,0.0,0.8089327926758084,308,False,True,,2026-07-29T17:18:32.314362+00:00,2026-07-29T17:18:32.611208+00:00,True
medium-high-n0.0-ppo-s6-32e529e78fde,medium,14,high,0.07,0.0,PPO,6,artifacts/final_submission/ppo/best_model.zip,7c54226fc8927d7ef7fcdc7d5f3ff29b11fa8d1463293a9d8e3b6bebad84cc11,disabled,66da6332362cbf876667b08f276bd50b7cdba93a73315a4f2302dc81e40e2eb2,32e529e78fdec7ae19b92216152f30c29a04023c14e8ddd67cfd017f35ede3a8,0.0,0.00510204081632653,0.0,0,0.2662337662337662,82,82,0,308,0.2947942999890074,61.600000000000335,0.00514507007622326,False,0.0,82.0,0.0,0,0,0.0,0.8021519478189747,308,False,True,,2026-07-29T17:18:32.615100+00:00,2026-07-29T17:18:32.910378+00:00,True
medium-high-n0.0-ppo-s7-b033fb432024,medium,14,high,0.07,0.0,PPO,7,artifacts/final_submission/ppo/best_model.zip,7c54226fc8927d7ef7fcdc7d5f3ff29b11fa8d1463293a9d8e3b6bebad84cc11,disabled,66da6332362cbf876667b08f276bd50b7cdba93a73315a4f2302dc81e40e2eb2,b033fb4320245a78c2f3c411fe8d74e7b856dc1dae3df5b7644ceade72d3a865,0.07142857142857142,0.00510204081632653,0.0,0,0.09415584415584416,29,29,0,308,0.2768960999965202,61.600000000000335,0.04010204081632653,False,0.0,29.0,0.0,0,0,0.0,0.7492860383429721,308,False,True,,2026-07-29T17:18:32.913621+00:00,2026-07-29T17:18:33.191004+00:00,True
medium-high-n0.0-ppo-s8-8c189a14850b,medium,14,high,0.07,0.0,PPO,8,artifacts/final_submission/ppo/best_model.zip,7c54226fc8927d7ef7fcdc7d5f3ff29b11fa8d1463293a9d8e3b6bebad84cc11,disabled,66da6332362cbf876667b08f276bd50b7cdba93a73315a4f2302dc81e40e2eb2,8c189a14850bfbc1f80f2f4f8411d31b528dc391fd63843ec0e167ce3bf59c42,0.14285714285714285,0.025510204081632654,0.0,0,0.006493506493506494,2,2,0,308,0.25369129999307916,64.80000000000038,0.16479591836734692,False,0.0,2.0,4.0,0,0,0.0,0.6774512986847586,308,False,True,,2026-07-29T17:18:33.199022+00:00,2026-07-29T17:18:33.452915+00:00,True
medium-high-n0.0-ppo-s9-614de13cdcec,medium,14,high,0.07,0.0,PPO,9,artifacts/final_submission/ppo/best_model.zip,7c54226fc8927d7ef7fcdc7d5f3ff29b11fa8d1463293a9d8e3b6bebad84cc11,disabled,66da6332362cbf876667b08f276bd50b7cdba93a73315a4f2302dc81e40e2eb2,614de13cdcec486c51bdfbc01c99185f7369501adaeafbab1a728ed223feb19f,0.0,0.00510204081632653,0.0,0,0.032467532467532464,10,10,0,308,0.30372080000233836,61.600000000000335,0.02880333951762523,False,0.0,10.0,0.0,0,0,0.0,0.8296902592342299,308,False,True,,2026-07-29T17:18:33.455374+00:00,2026-07-29T17:18:33.760610+00:00,True
medium-high-n0.0-sac-s0-e6b0c2e526dd,medium,14,high,0.07,0.0,SAC,0,artifacts/final_submission/sac/best_model.zip,78fe38fcc78df0ba8f98bd07af373848833876e7ec5ddf1486cec9a3cd9ba44c,disabled,66da6332362cbf876667b08f276bd50b7cdba93a73315a4f2302dc81e40e2eb2,e6b0c2e526ddd5e61adf37bd9cdc48bdd93dbf78a32b95035a465053fc24b9f1,0.42857142857142855,0.20918367346938777,1.0,14,0.2597402597402597,80,141,61,308,0.29912540002260357,235.9999999999995,0.23607641794888304,False,0.0,157.5,204.0,0,0,0.0,0.8074207796092302,308,False,True,,2026-07-29T17:18:33.763610+00:00,2026-07-29T17:18:34.063828+00:00,True
medium-high-n0.0-sac-s1-a7b86224d728,medium,14,high,0.07,0.0,SAC,1,artifacts/final_submission/sac/best_model.zip,78fe38fcc78df0ba8f98bd07af373848833876e7ec5ddf1486cec9a3cd9ba44c,disabled,66da6332362cbf876667b08f276bd50b7cdba93a73315a4f2302dc81e40e2eb2,a7b86224d728a0d2e498db98e52f8c4b7bb617cfb5aa8b33136833eb1a0dd38f,0.0,0.015306122448979591,1.0,1,0.05844155844155844,18,18,0,308,0.28043010001420043,65.60000000000039,0.019591836734693877,False,0.0,19.0,4.0,0,0,0.0,0.7518214271320696,308,False,True,,2026-07-29T17:18:34.066830+00:00,2026-07-29T17:18:34.347407+00:00,True
medium-high-n0.0-sac-s2-194bca81eb4f,medium,14,high,0.07,0.0,SAC,2,artifacts/final_submission/sac/best_model.zip,78fe38fcc78df0ba8f98bd07af373848833876e7ec5ddf1486cec9a3cd9ba44c,disabled,66da6332362cbf876667b08f276bd50b7cdba93a73315a4f2302dc81e40e2eb2,194bca81eb4f73227849f66dbfd04d311d76fe83730d6c686d2960f05c30f454,0.14285714285714285,0.05102040816326531,1.0,13,0.1525974025974026,47,51,4,308,0.28615249998983927,306.4,0.07706436420722135,False,0.0,64.0,293.0,0,0,0.0,0.7693100647506449,308,False,True,,2026-07-29T17:18:34.351409+00:00,2026-07-29T17:18:34.638078+00:00,True
medium-high-n0.0-sac-s3-7e0ff49a0160,medium,14,high,0.07,0.0,SAC,3,artifacts/final_submission/sac/best_model.zip,78fe38fcc78df0ba8f98bd07af373848833876e7ec5ddf1486cec9a3cd9ba44c,disabled,66da6332362cbf876667b08f276bd50b7cdba93a73315a4f2302dc81e40e2eb2,7e0ff49a0160dc4f1f21fbfece55a681514a3ed904df92dd3f6d22dc84053d7a,0.07142857142857142,0.030612244897959183,1.0,204,0.09090909090909091,28,29,1,308,0.29856729999301024,255.9999999999999,0.039037153322867606,False,0.0,233.0,39.0,0,0,0.0,0.819538961570595,308,False,True,,2026-07-29T17:18:34.641078+00:00,2026-07-29T17:18:34.940403+00:00,True
medium-high-n0.0-sac-s4-5b2090023d63,medium,14,high,0.07,0.0,SAC,4,artifacts/final_submission/sac/best_model.zip,78fe38fcc78df0ba8f98bd07af373848833876e7ec5ddf1486cec9a3cd9ba44c,disabled,66da6332362cbf876667b08f276bd50b7cdba93a73315a4f2302dc81e40e2eb2,5b2090023d639e817afe402beaa3f2adf3af840b893f70ae3f33916772e2e542,0.0,0.01020408163265306,0.0,0,0.16558441558441558,51,358,307,308,0.30826859999797307,64.00000000000037,0.0038968790858961966,False,0.0,358.0,3.0,0,0,0.0,0.843914611134285,308,False,True,,2026-07-29T17:18:34.944403+00:00,2026-07-29T17:18:35.253127+00:00,True
medium-high-n0.0-sac-s5-1acadbf47ca4,medium,14,high,0.07,0.0,SAC,5,artifacts/final_submission/sac/best_model.zip,78fe38fcc78df0ba8f98bd07af373848833876e7ec5ddf1486cec9a3cd9ba44c,disabled,66da6332362cbf876667b08f276bd50b7cdba93a73315a4f2302dc81e40e2eb2,1acadbf47ca43b9cd8208e3e6ea01f19aa138b1ff8700c84ac72ee323c0a4b96,0.2857142857142857,0.09183673469387756,1.0,138,0.07142857142857142,22,22,0,308,0.2722393000149168,222.39999999999895,0.14370008873114465,False,0.0,160.0,63.0,0,0,0.0,0.7240964295743215,308,False,True,,2026-07-29T17:18:35.256203+00:00,2026-07-29T17:18:35.528827+00:00,True
medium-high-n0.0-sac-s6-997498c8e108,medium,14,high,0.07,0.0,SAC,6,artifacts/final_submission/sac/best_model.zip,78fe38fcc78df0ba8f98bd07af373848833876e7ec5ddf1486cec9a3cd9ba44c,disabled,66da6332362cbf876667b08f276bd50b7cdba93a73315a4f2302dc81e40e2eb2,997498c8e108d14e8d63e3f038b5a3c0f87ef419e4827e94ba0ede7722ec308c,0.07142857142857142,0.025510204081632654,0.0,0,0.9967532467532467,307,307,0,308,0.27953970001544803,66.4000000000004,0.03719851576994434,False,0.0,307.0,6.0,0,0,0.0,0.7498107147335027,308,False,True,,2026-07-29T17:18:35.531843+00:00,2026-07-29T17:18:35.811862+00:00,True
medium-high-n0.0-sac-s7-91598c0ecda2,medium,14,high,0.07,0.0,SAC,7,artifacts/final_submission/sac/best_model.zip,78fe38fcc78df0ba8f98bd07af373848833876e7ec5ddf1486cec9a3cd9ba44c,disabled,66da6332362cbf876667b08f276bd50b7cdba93a73315a4f2302dc81e40e2eb2,91598c0ecda24281ac0a1f72dcd212b7f42b4620810462538553067f587669a7,0.21428571428571427,0.08163265306122448,1.0,9,0.711038961038961,219,219,0,308,0.2779720999824349,152.7999999999999,0.11146194326787319,False,0.0,237.5,105.0,0,0,0.0,0.742546104022465,308,False,True,,2026-07-29T17:18:35.814863+00:00,2026-07-29T17:18:36.093229+00:00,True
medium-high-n0.0-sac-s8-79a60328d243,medium,14,high,0.07,0.0,SAC,8,artifacts/final_submission/sac/best_model.zip,78fe38fcc78df0ba8f98bd07af373848833876e7ec5ddf1486cec9a3cd9ba44c,disabled,66da6332362cbf876667b08f276bd50b7cdba93a73315a4f2302dc81e40e2eb2,79a60328d2438ffb2068b8d9b1304e23fd537466b62fed94ad2655034b052692,0.07142857142857142,0.00510204081632653,0.0,0,0.016233766233766232,5,5,0,308,0.27664130000630394,61.600000000000335,0.08010204081632652,False,0.0,5.0,0.0,0,0,0.0,0.7409633128970329,308,False,True,,2026-07-29T17:18:36.097229+00:00,2026-07-29T17:18:36.373901+00:00,True
medium-high-n0.0-sac-s9-73738d2e6f56,medium,14,high,0.07,0.0,SAC,9,artifacts/final_submission/sac/best_model.zip,78fe38fcc78df0ba8f98bd07af373848833876e7ec5ddf1486cec9a3cd9ba44c,disabled,66da6332362cbf876667b08f276bd50b7cdba93a73315a4f2302dc81e40e2eb2,73738d2e6f5618a410d6e5b42fbe68fb4b54e84f1d4d689661e6858f89615d3c,0.0,0.025510204081632654,1.0,18,0.04220779220779221,13,13,0,308,0.2866349999967497,79.20000000000039,0.017028061224489795,False,0.0,31.0,4.0,0,0,0.0,0.7742636367624214,308,False,True,,2026-07-29T17:18:36.377934+00:00,2026-07-29T17:18:36.665039+00:00,True
medium-high-n0.0-riskshield_ppo-s0-4b0eda1053de,medium,14,high,0.07,0.0,RiskShield-PPO,0,artifacts/final_submission/riskshield_ppo/best_model.zip,d6c91caeb9bb10db866cbfe947ef1cc3db0ea8dc7470d098c9af6298ab75c812,k_step,66da6332362cbf876667b08f276bd50b7cdba93a73315a4f2302dc81e40e2eb2,4b0eda1053de92ee03ffa4848c005f76177c87a4f91ca2f590903954bac1fb87,0.0,0.030612244897959183,0.0,0,0.00974025974025974,3,3,0,308,0.2921356000006199,72.00000000000048,0.08418367346938775,False,0.0,3.0,13.0,28,3,0.0,0.7637120130760656,308,False,True,,2026-07-29T17:18:36.669043+00:00,2026-07-29T17:18:36.961464+00:00,True
medium-high-n0.0-riskshield_ppo-s1-824c0801a7aa,medium,14,high,0.07,0.0,RiskShield-PPO,1,artifacts/final_submission/riskshield_ppo/best_model.zip,d6c91caeb9bb10db866cbfe947ef1cc3db0ea8dc7470d098c9af6298ab75c812,k_step,66da6332362cbf876667b08f276bd50b7cdba93a73315a4f2302dc81e40e2eb2,824c0801a7aa969345c95c6ce2e19743780530344c62b813f439827c8a4fb9df,0.21428571428571427,0.08673469387755102,0.0,0,0.003246753246753247,1,1,0,308,0.30663790000835434,84.80000000000048,0.261734693877551,False,0.0,1.0,29.0,45,1,0.0,0.7927668831415486,308,False,True,,2026-07-29T17:18:36.966035+00:00,2026-07-29T17:18:37.272527+00:00,True
medium-high-n0.0-riskshield_ppo-s2-400baaaa3bcd,medium,14,high,0.07,0.0,RiskShield-PPO,2,artifacts/final_submission/riskshield_ppo/best_model.zip,d6c91caeb9bb10db866cbfe947ef1cc3db0ea8dc7470d098c9af6298ab75c812,k_step,66da6332362cbf876667b08f276bd50b7cdba93a73315a4f2302dc81e40e2eb2,400baaaa3bcdd847927120d1f502121efd956b2be97f8f27fc1ac69147506b47,0.14285714285714285,0.015306122448979591,0.0,0,0.08766233766233766,27,27,0,308,0.29340130000491627,64.80000000000037,0.07244897959183673,False,0.0,27.0,4.0,31,27,0.0,0.7611149342771463,308,False,True,,2026-07-29T17:18:37.276527+00:00,2026-07-29T17:18:37.570515+00:00,True
medium-high-n0.0-riskshield_ppo-s3-4e729b1a25d0,medium,14,high,0.07,0.0,RiskShield-PPO,3,artifacts/final_submission/riskshield_ppo/best_model.zip,d6c91caeb9bb10db866cbfe947ef1cc3db0ea8dc7470d098c9af6298ab75c812,k_step,66da6332362cbf876667b08f276bd50b7cdba93a73315a4f2302dc81e40e2eb2,4e729b1a25d0ffc50e7688da895d05f0304a759861a495c461d9ade9f3286dd0,0.0,0.015306122448979591,0.0,0,0.21428571428571427,66,66,0,308,0.29540089998045005,63.20000000000036,0.009069448674992386,False,0.0,66.0,2.0,68,66,0.0,0.760006169994912,308,False,True,,2026-07-29T17:18:37.573519+00:00,2026-07-29T17:18:37.869547+00:00,True
medium-high-n0.0-riskshield_ppo-s4-29ab5694faeb,medium,14,high,0.07,0.0,RiskShield-PPO,4,artifacts/final_submission/riskshield_ppo/best_model.zip,d6c91caeb9bb10db866cbfe947ef1cc3db0ea8dc7470d098c9af6298ab75c812,k_step,66da6332362cbf876667b08f276bd50b7cdba93a73315a4f2302dc81e40e2eb2,29ab5694faeb4c67aa427fcd0250d89a705fee48356dfa0ac3ac12c3ec6f3ebe,0.0,0.025510204081632654,0.0,0,0.07467532467532467,23,23,0,308,0.30629720000433736,64.80000000000038,0.020153061224489795,False,0.0,23.0,4.0,27,23,0.0,0.797371102505297,308,False,True,,2026-07-29T17:18:37.872728+00:00,2026-07-29T17:18:38.179376+00:00,True
medium-high-n0.0-riskshield_ppo-s5-7d2fdab6dac4,medium,14,high,0.07,0.0,RiskShield-PPO,5,artifacts/final_submission/riskshield_ppo/best_model.zip,d6c91caeb9bb10db866cbfe947ef1cc3db0ea8dc7470d098c9af6298ab75c812,k_step,66da6332362cbf876667b08f276bd50b7cdba93a73315a4f2302dc81e40e2eb2,7d2fdab6dac411f43ba03d51fa0e58193c84d147a47cbf34ec7debfb2dc98d99,0.21428571428571427,0.02040816326530612,0.0,0,0.01948051948051948,6,6,0,308,0.29853699999512173,64.8000000000004,0.1346938775510204,False,0.0,6.0,4.0,10,6,0.0,0.7780675318767921,308,False,True,,2026-07-29T17:18:38.183143+00:00,2026-07-29T17:18:38.481763+00:00,True
medium-high-n0.0-riskshield_ppo-s6-7e49c33a41ad,medium,14,high,0.07,0.0,RiskShield-PPO,6,artifacts/final_submission/riskshield_ppo/best_model.zip,d6c91caeb9bb10db866cbfe947ef1cc3db0ea8dc7470d098c9af6298ab75c812,k_step,66da6332362cbf876667b08f276bd50b7cdba93a73315a4f2302dc81e40e2eb2,7e49c33a41adfa598b1e118f214ae485d9ab24ee12b16be85b408bfb00cc8d04,0.0,0.00510204081632653,0.0,0,0.2662337662337662,82,82,0,308,0.2966442999895662,61.600000000000335,0.00514507007622326,False,0.0,82.0,0.0,82,82,0.0,0.7637396103108314,308,False,True,,2026-07-29T17:18:38.484767+00:00,2026-07-29T17:18:38.782147+00:00,True
medium-high-n0.0-riskshield_ppo-s7-e527448abe06,medium,14,high,0.07,0.0,RiskShield-PPO,7,artifacts/final_submission/riskshield_ppo/best_model.zip,d6c91caeb9bb10db866cbfe947ef1cc3db0ea8dc7470d098c9af6298ab75c812,k_step,66da6332362cbf876667b08f276bd50b7cdba93a73315a4f2302dc81e40e2eb2,e527448abe069fa9c834d9c5d0303e9f737d508c6f6662605203a4358acda69a,0.5714285714285714,0.04591836734693878,0.0,0,0.012987012987012988,4,4,0,308,0.26455710001755506,76.00000000000043,0.3023469387755102,False,0.0,4.0,18.0,25,4,0.0,0.6713733771005524,308,False,True,,2026-07-29T17:18:38.786150+00:00,2026-07-29T17:18:39.051595+00:00,True
medium-high-n0.0-riskshield_ppo-s8-e1f39f09e36e,medium,14,high,0.07,0.0,RiskShield-PPO,8,artifacts/final_submission/riskshield_ppo/best_model.zip,d6c91caeb9bb10db866cbfe947ef1cc3db0ea8dc7470d098c9af6298ab75c812,k_step,66da6332362cbf876667b08f276bd50b7cdba93a73315a4f2302dc81e40e2eb2,e1f39f09e36e4512715efeff0fc95213f288138fa5755256205d765b5a9dc406,0.21428571428571427,0.02040816326530612,0.0,0,0.00974025974025974,3,3,0,308,0.36142860000836663,64.80000000000035,0.16683673469387755,False,0.0,3.0,4.0,7,3,0.0,0.9842798708750589,308,False,True,,2026-07-29T17:18:39.054699+00:00,2026-07-29T17:18:39.416181+00:00,True
medium-high-n0.0-riskshield_ppo-s9-61c67a876cfa,medium,14,high,0.07,0.0,RiskShield-PPO,9,artifacts/final_submission/riskshield_ppo/best_model.zip,d6c91caeb9bb10db866cbfe947ef1cc3db0ea8dc7470d098c9af6298ab75c812,k_step,66da6332362cbf876667b08f276bd50b7cdba93a73315a4f2302dc81e40e2eb2,61c67a876cfa461a564ad9e46864be9cbee821020f7f15f677c2aa6ad093ace7,0.0,0.01020408163265306,0.0,0,0.06818181818181818,21,21,0,308,0.26434630001313053,65.60000000000035,0.016697588126159554,False,0.0,21.0,5.0,26,21,0.0,0.6694691557121197,308,False,True,,2026-07-29T17:18:39.420205+00:00,2026-07-29T17:18:39.685303+00:00,True
medium-high-n0.1-risk_aware_astar-s0-87f3ad68d12b,medium,14,high,0.07,0.1,risk_aware_astar,0,,,disabled,66da6332362cbf876667b08f276bd50b7cdba93a73315a4f2302dc81e40e2eb2,87f3ad68d12ba9bb93d2893b5b8afe22883f76de3825b9ab9433b4ea3b49d0e9,1.0,0.24489795918367346,0.0,0,0.11594202898550725,8,8,0,69,0.05170609999913722,57.80000000000001,0.5007421150278293,True,1.0,10.0,55.0,0,0,0.0,0.1994246368944321,69,True,False,,2026-07-29T17:16:43.761031+00:00,2026-07-29T17:16:43.812184+00:00,True
medium-high-n0.1-risk_aware_astar-s1-3df39f0a2208,medium,14,high,0.07,0.1,risk_aware_astar,1,,,disabled,66da6332362cbf876667b08f276bd50b7cdba93a73315a4f2302dc81e40e2eb2,3df39f0a2208052a8f3d9bc1746f29ca11da2dad276ccb62953417c6f86fbf13,1.0,0.24489795918367346,0.0,0,0.08974358974358974,7,7,0,78,0.16046289997757412,67.60000000000001,0.510969387755102,True,1.0,7.0,65.0,0,0,0.0,1.95207179543407,78,True,False,,2026-07-29T17:16:43.813183+00:00,2026-07-29T17:16:44.192755+00:00,True
medium-high-n0.1-risk_aware_astar-s2-178853e26ecd,medium,14,high,0.07,0.1,risk_aware_astar,2,,,disabled,66da6332362cbf876667b08f276bd50b7cdba93a73315a4f2302dc81e40e2eb2,178853e26ecd6b25d50f77df87da29480dab43c0c60314a00fbc6ff2a47ca978,1.0,0.3010204081632653,0.0,0,0.04,4,4,0,100,0.05111980001674965,89.60000000000002,0.5403061224489797,True,1.0,5.0,87.0,0,0,0.0,0.4044810004415922,100,True,False,,2026-07-29T17:16:43.883183+00:00,2026-07-29T17:16:43.934693+00:00,True
medium-high-n0.1-risk_aware_astar-s3-cf6907a498fd,medium,14,high,0.07,0.1,risk_aware_astar,3,,,disabled,66da6332362cbf876667b08f276bd50b7cdba93a73315a4f2302dc81e40e2eb2,cf6907a498fda25a5ae99ad42d77038c67a0e123f13198106fbc19fb1141f514,1.0,0.4336734693877551,0.0,0,0.034722222222222224,5,5,0,144,0.8339352000039071,133.60000000000002,0.5701020408163265,True,1.0,6.5,131.0,0,0,0.0,5.683802081168526,144,True,False,,2026-07-29T17:16:43.935693+00:00,2026-07-29T17:16:45.041248+00:00,True
medium-high-n0.1-risk_aware_astar-s4-ac7b1631437f,medium,14,high,0.07,0.1,risk_aware_astar,4,,,disabled,66da6332362cbf876667b08f276bd50b7cdba93a73315a4f2302dc81e40e2eb2,ac7b1631437fa9489205e34ac5f6f7eb6c771a075a52f6feff4e64d9897c2221,1.0,0.30612244897959184,0.0,0,0.04597701149425287,4,4,0,87,0.03279249998740852,75.80000000000001,0.5518367346938775,True,1.0,4.0,73.0,0,0,0.0,0.2829091979361985,87,True,False,,2026-07-29T17:16:43.945709+00:00,2026-07-29T17:16:43.978619+00:00,True
medium-high-n0.1-risk_aware_astar-s5-24d1fee60942,medium,14,high,0.07,0.1,risk_aware_astar,5,,,disabled,66da6332362cbf876667b08f276bd50b7cdba93a73315a4f2302dc81e40e2eb2,24d1fee60942953a49766bfb72a205eddecaa8c03dacbe3b2fa587556d60d119,1.0,0.21428571428571427,0.0,0,0.10606060606060606,7,7,0,66,0.020227500004693866,55.60000000000002,0.4976190476190476,True,1.0,8.0,53.0,0,0,0.0,0.20359999722462485,66,True,False,,2026-07-29T17:16:43.979631+00:00,2026-07-29T17:16:43.999330+00:00,True
medium-high-n0.1-risk_aware_astar-s6-e4039d6e7db9,medium,14,high,0.07,0.1,risk_aware_astar,6,,,disabled,66da6332362cbf876667b08f276bd50b7cdba93a73315a4f2302dc81e40e2eb2,e4039d6e7db95b82c4990ca2e2c074870dd14fd17d713ace4eedfaac81e780c9,1.0,0.25510204081632654,0.0,0,0.06578947368421052,5,5,0,76,0.06409440000425093,65.60000000000001,0.526530612244898,True,1.0,5.0,63.0,0,0,0.0,0.3194486864805712,76,True,False,,2026-07-29T17:16:43.999330+00:00,2026-07-29T17:16:44.064526+00:00,True
medium-high-n0.1-risk_aware_astar-s7-634f8c203431,medium,14,high,0.07,0.1,risk_aware_astar,7,,,disabled,66da6332362cbf876667b08f276bd50b7cdba93a73315a4f2302dc81e40e2eb2,634f8c203431a3c7e428ca764fbe5edd12185ba15e711d30c427307b913e8842,1.0,0.2755102040816326,0.0,0,0.016666666666666666,2,2,0,120,0.06652210000902414,108.80000000000001,0.5683673469387756,True,1.0,2.5,106.0,0,0,0.0,0.454031666352724,120,True,False,,2026-07-29T17:16:44.064526+00:00,2026-07-29T17:16:44.130755+00:00,True
medium-high-n0.1-risk_aware_astar-s8-a00980002cb5,medium,14,high,0.07,0.1,risk_aware_astar,8,,,disabled,66da6332362cbf876667b08f276bd50b7cdba93a73315a4f2302dc81e40e2eb2,a00980002cb5d1ac0e54d88666d7ba7f52c679315f6347a32942fc5720d42740,1.0,0.2755102040816326,0.0,0,0.046511627906976744,4,4,0,86,0.230605300021125,74.80000000000001,0.5326530612244899,True,1.0,5.0,72.0,0,0,0.0,0.297497674690148,86,True,False,,2026-07-29T17:16:44.131754+00:00,2026-07-29T17:16:44.362580+00:00,True
medium-high-n0.1-risk_aware_astar-s9-f0add6f6478d,medium,14,high,0.07,0.1,risk_aware_astar,9,,,disabled,66da6332362cbf876667b08f276bd50b7cdba93a73315a4f2302dc81e40e2eb2,f0add6f6478d2b6394e4e8d6206df23b32ff87bbccfbdf61d8f5a22db8441725,1.0,0.3622448979591837,0.0,0,0.0603448275862069,7,7,0,116,0.22269009999581613,104.80000000000003,0.5420068027210885,True,1.0,8.0,102.0,0,0,0.0,0.4749922418027538,116,True,False,,2026-07-29T17:16:44.193755+00:00,2026-07-29T17:16:44.416124+00:00,True
medium-high-n0.1-frontier_exploration-s0-b870a89f7f63,medium,14,high,0.07,0.1,frontier_exploration,0,,,disabled,66da6332362cbf876667b08f276bd50b7cdba93a73315a4f2302dc81e40e2eb2,b870a89f7f6390b97e5d0230e4c969cba4a471fb4d99cfd7d48b405e85ebee39,1.0,0.6938775510204082,0.0,0,0.06896551724137931,18,18,0,261,0.17099879999295808,250.6,0.6224489795918366,True,1.0,20.0,248.0,0,0,0.0,0.19839042148702704,261,True,False,,2026-07-29T17:16:44.299267+00:00,2026-07-29T17:16:44.471111+00:00,True
medium-high-n0.1-frontier_exploration-s1-0ec90f5883d3,medium,14,high,0.07,0.1,frontier_exploration,1,,,disabled,66da6332362cbf876667b08f276bd50b7cdba93a73315a4f2302dc81e40e2eb2,0ec90f5883d3df7f3b28453cea1a7ed0543ab6e4ed771e5a73853c9d9f79b2a3,0.9285714285714286,0.7397959183673469,0.0,0,0.04220779220779221,13,14,1,308,0.11100919998716563,298.4,0.6110144057623049,False,0.0,16.0,296.0,0,0,0.0,0.2577626627345279,308,False,True,,2026-07-29T17:16:44.362580+00:00,2026-07-29T17:16:44.582621+00:00,True
medium-high-n0.1-frontier_exploration-s2-a26a9ae2d3d7,medium,14,high,0.07,0.1,frontier_exploration,2,,,disabled,66da6332362cbf876667b08f276bd50b7cdba93a73315a4f2302dc81e40e2eb2,a26a9ae2d3d7e4c76437da7b748fd8d1eb685d7d8410454f69b7cc56b5c25567,1.0,0.6632653061224489,0.0,0,0.04060913705583756,8,8,0,197,0.20266920002177358,186.59999999999997,0.632312925170068,True,1.0,8.0,184.0,0,0,0.0,0.12230609046049454,197,True,False,,2026-07-29T17:16:44.416124+00:00,2026-07-29T17:16:44.619135+00:00,True
medium-high-n0.1-frontier_exploration-s3-9b474af8b548,medium,14,high,0.07,0.1,frontier_exploration,3,,,disabled,66da6332362cbf876667b08f276bd50b7cdba93a73315a4f2302dc81e40e2eb2,9b474af8b5488f0d3ac095525c979f3e86c0251df7a6bac56fe6556b8847e8e0,1.0,0.6224489795918368,0.0,0,0.046153846153846156,9,9,0,195,0.05494410000392236,184.6,0.6167346938775511,True,1.0,9.0,182.0,0,0,0.0,0.1376882061147346,195,True,False,,2026-07-29T17:16:44.471111+00:00,2026-07-29T17:16:44.737841+00:00,True
medium-high-n0.1-frontier_exploration-s4-ba595ee80732,medium,14,high,0.07,0.1,frontier_exploration,4,,,disabled,66da6332362cbf876667b08f276bd50b7cdba93a73315a4f2302dc81e40e2eb2,ba595ee80732e1b27e265045409afc88207cd50f63432570247e6d60a3ba2f4e,1.0,0.6020408163265306,0.0,0,0.0425531914893617,8,8,0,188,0.24260089997551404,176.8,0.6139455782312925,True,1.0,8.0,174.0,0,0,0.0,0.12697233955321358,188,True,False,,2026-07-29T17:16:44.582621+00:00,2026-07-29T17:16:44.825598+00:00,True
medium-high-n0.1-frontier_exploration-s5-94700638de23,medium,14,high,0.07,0.1,frontier_exploration,5,,,disabled,66da6332362cbf876667b08f276bd50b7cdba93a73315a4f2302dc81e40e2eb2,94700638de2305762f669c2f38331f89ec6fb7a49dc330e2f8827111d7f05d59,1.0,0.6326530612244898,0.0,0,0.00796812749003984,2,3,1,251,0.0883703000145033,240.59999999999997,0.6564625850340136,True,1.0,3.5,238.0,0,0,0.0,0.1768282879249701,251,True,False,,2026-07-29T17:16:44.619135+00:00,2026-07-29T17:16:44.708817+00:00,True
medium-high-n0.1-frontier_exploration-s6-653084ef810c,medium,14,high,0.07,0.1,frontier_exploration,6,,,disabled,66da6332362cbf876667b08f276bd50b7cdba93a73315a4f2302dc81e40e2eb2,653084ef810c81fefe23d5ba3f75f75a1ea6ebdfc712928bef0aca75bd02bbe9,1.0,0.4846938775510204,0.0,0,0.05194805194805195,8,8,0,154,0.038306200003717095,143.60000000000002,0.5787414965986395,True,1.0,8.0,141.0,0,0,0.0,0.1465590897865908,154,True,False,,2026-07-29T17:16:44.708817+00:00,2026-07-29T17:16:44.864599+00:00,True
medium-high-n0.1-frontier_exploration-s7-7e252d0195e5,medium,14,high,0.07,0.1,frontier_exploration,7,,,disabled,66da6332362cbf876667b08f276bd50b7cdba93a73315a4f2302dc81e40e2eb2,7e252d0195e5cd9e4f142b0c5998cc260c3a7cdc2745762b22af08b0c66bed96,1.0,0.6887755102040817,0.0,0,0.004329004329004329,1,1,0,231,0.05520199998863973,220.59999999999997,0.7066326530612245,True,1.0,2.0,218.0,0,0,0.0,0.13731645084554692,231,True,False,,2026-07-29T17:16:44.737841+00:00,2026-07-29T17:16:44.793883+00:00,True
medium-high-n0.1-frontier_exploration-s8-34e43f50696d,medium,14,high,0.07,0.1,frontier_exploration,8,,,disabled,66da6332362cbf876667b08f276bd50b7cdba93a73315a4f2302dc81e40e2eb2,34e43f50696d7220fe0ad47b621359c2fbfa37c404586e3857be6d4558746798,1.0,0.5459183673469388,0.0,0,0.044585987261146494,7,7,0,157,0.6728054000122938,145.79999999999998,0.597108843537415,True,1.0,8.0,143.0,0,0,0.0,0.11908471310706988,157,True,False,,2026-07-29T17:16:44.793883+00:00,2026-07-29T17:16:45.466602+00:00,True
medium-high-n0.1-frontier_exploration-s9-6b74649e58f8,medium,14,high,0.07,0.1,frontier_exploration,9,,,disabled,66da6332362cbf876667b08f276bd50b7cdba93a73315a4f2302dc81e40e2eb2,6b74649e58f85e13ed7542e97d22103557df992c6ab2135640d272a00752be7b,0.9285714285714286,0.6887755102040817,0.0,0,0.012987012987012988,4,4,0,308,0.10578750001150183,298.4,0.618061224489796,False,0.0,6.5,296.0,0,0,0.0,0.2306025975509305,308,False,True,,2026-07-29T17:16:44.825598+00:00,2026-07-29T17:16:45.028251+00:00,True
medium-high-n0.1-ppo-s0-f3c192b165dc,medium,14,high,0.07,0.1,PPO,0,artifacts/final_submission/ppo/best_model.zip,7c54226fc8927d7ef7fcdc7d5f3ff29b11fa8d1463293a9d8e3b6bebad84cc11,disabled,66da6332362cbf876667b08f276bd50b7cdba93a73315a4f2302dc81e40e2eb2,f3c192b165dc88d701a90517736d202efb673b008b0d0323225857c41988c9ac,0.0,0.00510204081632653,0.0,0,0.08766233766233766,27,27,0,308,0.29489750001812354,61.600000000000335,0.012244897959183673,False,0.0,27.0,0.0,0,0,0.0,0.8030847391920987,308,False,True,,2026-07-29T17:18:39.688289+00:00,2026-07-29T17:18:39.984324+00:00,True
medium-high-n0.1-ppo-s1-8754e90746b9,medium,14,high,0.07,0.1,PPO,1,artifacts/final_submission/ppo/best_model.zip,7c54226fc8927d7ef7fcdc7d5f3ff29b11fa8d1463293a9d8e3b6bebad84cc11,disabled,66da6332362cbf876667b08f276bd50b7cdba93a73315a4f2302dc81e40e2eb2,8754e90746b9949e7b55460f841f8a12225ddd3b69413f4861f541acec60e7d4,0.0,0.015306122448979591,0.0,0,0.2077922077922078,64,64,0,308,0.3079690999875311,63.20000000000036,0.009207221350078492,False,0.0,64.0,2.0,0,0,0.0,0.848798702286508,308,False,True,,2026-07-29T17:18:39.987718+00:00,2026-07-29T17:18:40.295653+00:00,True
medium-high-n0.1-ppo-s2-508eb0edc9c7,medium,14,high,0.07,0.1,PPO,2,artifacts/final_submission/ppo/best_model.zip,7c54226fc8927d7ef7fcdc7d5f3ff29b11fa8d1463293a9d8e3b6bebad84cc11,disabled,66da6332362cbf876667b08f276bd50b7cdba93a73315a4f2302dc81e40e2eb2,508eb0edc9c7b18a33f512a250aa5caaef61fd248f512fcfb865d69c2be9d580,0.14285714285714285,0.00510204081632653,0.0,0,0.09415584415584416,29,29,0,308,0.27889600000344217,61.600000000000335,0.06867346938775509,False,0.0,29.0,0.0,0,0,0.0,0.7568360387586517,308,False,True,,2026-07-29T17:18:40.299626+00:00,2026-07-29T17:18:40.578980+00:00,True
medium-high-n0.1-ppo-s3-9c4b4315e8d5,medium,14,high,0.07,0.1,PPO,3,artifacts/final_submission/ppo/best_model.zip,7c54226fc8927d7ef7fcdc7d5f3ff29b11fa8d1463293a9d8e3b6bebad84cc11,disabled,66da6332362cbf876667b08f276bd50b7cdba93a73315a4f2302dc81e40e2eb2,9c4b4315e8d54bd7ee99802cd7285000098ad4010c34a75109b5f709a61238f1,0.0,0.00510204081632653,0.0,0,1.0,308,308,0,308,0.25032190000638366,61.600000000000335,0.002501486031305726,False,0.0,308.0,0.0,0,0,0.0,0.6651555194803696,308,False,True,,2026-07-29T17:18:40.581993+00:00,2026-07-29T17:18:40.832999+00:00,True
medium-high-n0.1-ppo-s4-cd31d2c742f3,medium,14,high,0.07,0.1,PPO,4,artifacts/final_submission/ppo/best_model.zip,7c54226fc8927d7ef7fcdc7d5f3ff29b11fa8d1463293a9d8e3b6bebad84cc11,disabled,66da6332362cbf876667b08f276bd50b7cdba93a73315a4f2302dc81e40e2eb2,cd31d2c742f36ff0739c0ecf4f4a9d08ea1b3a5b50929a7fa53ad9575e52e4c7,0.0,0.015306122448979591,0.0,0,0.1038961038961039,32,32,0,308,0.30883960000937805,63.200000000000365,0.013682745825602968,False,0.0,32.0,2.0,0,0,0.0,0.853970778581396,308,False,True,,2026-07-29T17:18:40.836604+00:00,2026-07-29T17:18:41.146185+00:00,True
medium-high-n0.1-ppo-s5-d12fa9149a31,medium,14,high,0.07,0.1,PPO,5,artifacts/final_submission/ppo/best_model.zip,7c54226fc8927d7ef7fcdc7d5f3ff29b11fa8d1463293a9d8e3b6bebad84cc11,disabled,66da6332362cbf876667b08f276bd50b7cdba93a73315a4f2302dc81e40e2eb2,d12fa9149a314e1953ada1be7a61506983b29862d3a0f9b9035b0661fcbdc5f1,0.14285714285714285,0.00510204081632653,0.0,0,0.16558441558441558,51,51,0,308,0.2627859000058379,61.600000000000335,0.06444270015698586,False,0.0,51.0,0.0,0,0,0.0,0.7038788947272235,308,False,True,,2026-07-29T17:18:41.150184+00:00,2026-07-29T17:18:41.412613+00:00,True
medium-high-n0.1-ppo-s6-6f28071f3462,medium,14,high,0.07,0.1,PPO,6,artifacts/final_submission/ppo/best_model.zip,7c54226fc8927d7ef7fcdc7d5f3ff29b11fa8d1463293a9d8e3b6bebad84cc11,disabled,66da6332362cbf876667b08f276bd50b7cdba93a73315a4f2302dc81e40e2eb2,6f28071f346261db35d9af0018b780717bf300633d97b97f20ae92ac86bb39bc,0.0,0.00510204081632653,0.0,0,0.2662337662337662,82,82,0,308,0.29631840001093224,61.600000000000335,0.00514507007622326,False,0.0,82.0,0.0,0,0,0.0,0.8096805199725227,308,False,True,,2026-07-29T17:18:41.415777+00:00,2026-07-29T17:18:41.713734+00:00,True
medium-high-n0.1-ppo-s7-81d55d16db95,medium,14,high,0.07,0.1,PPO,7,artifacts/final_submission/ppo/best_model.zip,7c54226fc8927d7ef7fcdc7d5f3ff29b11fa8d1463293a9d8e3b6bebad84cc11,disabled,66da6332362cbf876667b08f276bd50b7cdba93a73315a4f2302dc81e40e2eb2,81d55d16db951976ca31547fa577f0e0840dc92cca5ab992209da6f7dd7d6bee,0.07142857142857142,0.00510204081632653,0.0,0,0.09415584415584416,29,29,0,308,0.28121380001539364,61.600000000000335,0.04010204081632653,False,0.0,29.0,0.0,0,0,0.0,0.7634233755540321,308,False,True,,2026-07-29T17:18:41.716735+00:00,2026-07-29T17:18:41.998303+00:00,True
medium-high-n0.1-ppo-s8-72767f397504,medium,14,high,0.07,0.1,PPO,8,artifacts/final_submission/ppo/best_model.zip,7c54226fc8927d7ef7fcdc7d5f3ff29b11fa8d1463293a9d8e3b6bebad84cc11,disabled,66da6332362cbf876667b08f276bd50b7cdba93a73315a4f2302dc81e40e2eb2,72767f397504290d325a15a0f6dc8eb2c2146587dc00ef1a31ffcd98946e6cc9,0.07142857142857142,0.025510204081632654,0.0,0,0.04220779220779221,13,13,0,308,0.26282430000719614,64.80000000000038,0.05765306122448979,False,0.0,13.0,4.0,0,0,0.0,0.7017243481747649,308,False,True,,2026-07-29T17:18:42.002309+00:00,2026-07-29T17:18:42.266609+00:00,True
medium-high-n0.1-ppo-s9-0fd2ebf562b6,medium,14,high,0.07,0.1,PPO,9,artifacts/final_submission/ppo/best_model.zip,7c54226fc8927d7ef7fcdc7d5f3ff29b11fa8d1463293a9d8e3b6bebad84cc11,disabled,66da6332362cbf876667b08f276bd50b7cdba93a73315a4f2302dc81e40e2eb2,0fd2ebf562b642be5cf431e594a9c6b1e53829c96dee7dff54fa4b67fcf8a26f,0.0,0.00510204081632653,0.0,0,0.032467532467532464,10,10,0,308,0.2610809000034351,61.600000000000335,0.02880333951762523,False,0.0,10.0,0.0,0,0,0.0,0.6972444804072344,308,False,True,,2026-07-29T17:18:42.269707+00:00,2026-07-29T17:18:42.530956+00:00,True
medium-high-n0.1-sac-s0-a332cd89a184,medium,14,high,0.07,0.1,SAC,0,artifacts/final_submission/sac/best_model.zip,78fe38fcc78df0ba8f98bd07af373848833876e7ec5ddf1486cec9a3cd9ba44c,disabled,66da6332362cbf876667b08f276bd50b7cdba93a73315a4f2302dc81e40e2eb2,a332cd89a1848c35576cc63ec461b3b6c7dbf2abb2932e5a5d20c997a45d8455,0.07142857142857142,0.09693877551020408,1.0,56,0.17532467532467533,54,54,0,308,0.3028446000244003,298.4,0.06033163265306122,False,0.0,111.0,240.0,0,0,0.0,0.8220181806283616,308,False,True,,2026-07-29T17:18:42.535112+00:00,2026-07-29T17:18:42.838081+00:00,True
medium-high-n0.1-sac-s1-d498809d799a,medium,14,high,0.07,0.1,SAC,1,artifacts/final_submission/sac/best_model.zip,78fe38fcc78df0ba8f98bd07af373848833876e7ec5ddf1486cec9a3cd9ba44c,disabled,66da6332362cbf876667b08f276bd50b7cdba93a73315a4f2302dc81e40e2eb2,d498809d799ab704429c4d32c81e71562577c98b6c95837ab2783d5cb30ef3d2,0.14285714285714285,0.08673469387755102,1.0,169,0.1396103896103896,43,43,0,308,0.34291020000819117,239.99999999999994,0.08456513446500095,False,0.0,213.0,54.0,0,0,0.0,0.9542886359963336,308,False,True,,2026-07-29T17:18:42.842373+00:00,2026-07-29T17:18:43.186678+00:00,True
medium-high-n0.1-sac-s2-1bebd7ab8dee,medium,14,high,0.07,0.1,SAC,2,artifacts/final_submission/sac/best_model.zip,78fe38fcc78df0ba8f98bd07af373848833876e7ec5ddf1486cec9a3cd9ba44c,disabled,66da6332362cbf876667b08f276bd50b7cdba93a73315a4f2302dc81e40e2eb2,1bebd7ab8dee75a094096b016ae17a3edf1240d736856e6d62984ee7dbfbae26,0.14285714285714285,0.05612244897959184,1.0,126,0.07142857142857142,22,26,4,308,0.3207348999858368,294.4,0.0759339892308715,False,0.0,152.5,165.0,0,0,0.0,0.8838840915448056,308,False,True,,2026-07-29T17:18:43.189924+00:00,2026-07-29T17:18:43.511204+00:00,True
medium-high-n0.1-sac-s3-7cbdc544415c,medium,14,high,0.07,0.1,SAC,3,artifacts/final_submission/sac/best_model.zip,78fe38fcc78df0ba8f98bd07af373848833876e7ec5ddf1486cec9a3cd9ba44c,disabled,66da6332362cbf876667b08f276bd50b7cdba93a73315a4f2302dc81e40e2eb2,7cbdc544415c88585dcf549397e90018a9ae44e8c7b7c074c64e4b1f4377ddf8,0.07142857142857142,0.030612244897959183,1.0,239,0.032467532467532464,10,12,2,308,0.2807291000208352,264.79999999999995,0.038945578231292514,False,0.0,251.0,15.0,0,0,0.0,0.7563756495168397,308,False,True,,2026-07-29T17:18:43.515167+00:00,2026-07-29T17:18:43.796426+00:00,True
medium-high-n0.1-sac-s4-883533f4c0f3,medium,14,high,0.07,0.1,SAC,4,artifacts/final_submission/sac/best_model.zip,78fe38fcc78df0ba8f98bd07af373848833876e7ec5ddf1486cec9a3cd9ba44c,disabled,66da6332362cbf876667b08f276bd50b7cdba93a73315a4f2302dc81e40e2eb2,883533f4c0f35589c5022cf661667db1bb4087e0bf59eac99ad0b6b5a21f8f67,0.0,0.015306122448979591,0.0,0,0.262987012987013,81,386,305,308,0.2746120000083465,65.60000000000036,0.0053670305331434895,False,0.0,386.0,5.0,0,0,0.0,0.7276220777065965,308,False,True,,2026-07-29T17:18:43.800550+00:00,2026-07-29T17:18:44.075671+00:00,True
medium-high-n0.1-sac-s5-e39f63957d44,medium,14,high,0.07,0.1,SAC,5,artifacts/final_submission/sac/best_model.zip,78fe38fcc78df0ba8f98bd07af373848833876e7ec5ddf1486cec9a3cd9ba44c,disabled,66da6332362cbf876667b08f276bd50b7cdba93a73315a4f2302dc81e40e2eb2,e39f63957d443ee9e9085ebb74f7d9cf4e94c576eaff45b3959019d5a75a3866,0.35714285714285715,0.11224489795918367,1.0,33,0.13636363636363635,42,46,4,308,0.29325620000599883,275.2,0.18028061224489797,False,0.0,79.0,234.0,0,0,0.0,0.7903152598066606,308,False,True,,2026-07-29T17:18:44.078693+00:00,2026-07-29T17:18:44.373035+00:00,True
medium-high-n0.1-sac-s6-376363723c7e,medium,14,high,0.07,0.1,SAC,6,artifacts/final_submission/sac/best_model.zip,78fe38fcc78df0ba8f98bd07af373848833876e7ec5ddf1486cec9a3cd9ba44c,disabled,66da6332362cbf876667b08f276bd50b7cdba93a73315a4f2302dc81e40e2eb2,376363723c7ea5327d9fef4290c4e85a36f6739e6e633b7f4f72c9a26965d880,0.07142857142857142,0.025510204081632654,0.0,0,0.9967532467532467,307,307,0,308,0.32332679998944513,66.4000000000004,0.03719851576994434,False,0.0,307.0,6.0,0,0,0.0,0.8900126627708373,308,False,True,,2026-07-29T17:18:44.376030+00:00,2026-07-29T17:18:44.699323+00:00,True
medium-high-n0.1-sac-s7-73903bf8f02f,medium,14,high,0.07,0.1,SAC,7,artifacts/final_submission/sac/best_model.zip,78fe38fcc78df0ba8f98bd07af373848833876e7ec5ddf1486cec9a3cd9ba44c,disabled,66da6332362cbf876667b08f276bd50b7cdba93a73315a4f2302dc81e40e2eb2,73903bf8f02fceeafae24869fd01d1d47cbddfb8c1cbfc48c2bb20d9ae303e77,0.2857142857142857,0.2193877551020408,1.0,170,0.30844155844155846,95,157,62,308,0.298788499989314,290.39999999999986,0.18101389491967,False,0.0,328.0,116.0,0,0,0.0,0.805669480896186,308,False,True,,2026-07-29T17:18:44.703307+00:00,2026-07-29T17:18:45.003221+00:00,True
medium-high-n0.1-sac-s8-88beb9979c44,medium,14,high,0.07,0.1,SAC,8,artifacts/final_submission/sac/best_model.zip,78fe38fcc78df0ba8f98bd07af373848833876e7ec5ddf1486cec9a3cd9ba44c,disabled,66da6332362cbf876667b08f276bd50b7cdba93a73315a4f2302dc81e40e2eb2,88beb9979c44cb6a3a7ccb6f8ebbff29e2eda6a1170456dfe5312d75f64a92d3,0.07142857142857142,0.00510204081632653,0.0,0,0.016233766233766232,5,5,0,308,0.3284898999845609,61.600000000000335,0.08010204081632652,False,0.0,5.0,0.0,0,0,0.0,0.904179544244022,308,False,True,,2026-07-29T17:18:45.006233+00:00,2026-07-29T17:18:45.335660+00:00,True
medium-high-n0.1-sac-s9-c3677ae10894,medium,14,high,0.07,0.1,SAC,9,artifacts/final_submission/sac/best_model.zip,78fe38fcc78df0ba8f98bd07af373848833876e7ec5ddf1486cec9a3cd9ba44c,disabled,66da6332362cbf876667b08f276bd50b7cdba93a73315a4f2302dc81e40e2eb2,c3677ae10894a0b72e35d4738568d418f354486764986c2a03fc217fca3348a8,0.0,0.025510204081632654,1.0,34,0.05194805194805195,16,16,0,308,0.3125966000079643,96.80000000000048,0.013535414165666266,False,0.0,50.0,10.0,0,0,0.0,0.8581967542647965,308,False,True,,2026-07-29T17:18:45.339195+00:00,2026-07-29T17:18:45.652656+00:00,True
medium-high-n0.1-riskshield_ppo-s0-bf41466d4061,medium,14,high,0.07,0.1,RiskShield-PPO,0,artifacts/final_submission/riskshield_ppo/best_model.zip,d6c91caeb9bb10db866cbfe947ef1cc3db0ea8dc7470d098c9af6298ab75c812,k_step,66da6332362cbf876667b08f276bd50b7cdba93a73315a4f2302dc81e40e2eb2,bf41466d4061246684dd884b4850146f0d8d643b45bcff78dba668a3d874d4bf,0.0,0.030612244897959183,0.0,0,0.022727272727272728,7,7,0,308,0.3006611000164412,73.6000000000005,0.04668367346938775,False,0.0,7.0,15.0,32,7,0.0,0.7807902596602155,308,False,True,,2026-07-29T17:18:45.656656+00:00,2026-07-29T17:18:45.958046+00:00,True
medium-high-n0.1-riskshield_ppo-s1-b4849cbe73f3,medium,14,high,0.07,0.1,RiskShield-PPO,1,artifacts/final_submission/riskshield_ppo/best_model.zip,d6c91caeb9bb10db866cbfe947ef1cc3db0ea8dc7470d098c9af6298ab75c812,k_step,66da6332362cbf876667b08f276bd50b7cdba93a73315a4f2302dc81e40e2eb2,b4849cbe73f303a1518f81bc78e41ada42274c0ab9b4f1cca556db306f964dd0,0.2857142857142857,0.09693877551020408,0.0,0,0.006493506493506494,2,2,0,308,0.2701054000062868,88.00000000000047,0.2433673469387755,False,0.0,2.0,33.0,34,2,0.0,0.6796814941244756,308,False,True,,2026-07-29T17:18:45.961383+00:00,2026-07-29T17:18:46.232418+00:00,True
medium-high-n0.1-riskshield_ppo-s2-3c720263d9e5,medium,14,high,0.07,0.1,RiskShield-PPO,2,artifacts/final_submission/riskshield_ppo/best_model.zip,d6c91caeb9bb10db866cbfe947ef1cc3db0ea8dc7470d098c9af6298ab75c812,k_step,66da6332362cbf876667b08f276bd50b7cdba93a73315a4f2302dc81e40e2eb2,3c720263d9e55b2a7d3a43715966e0f1905c21635235346065d7ef3c04b26ecf,0.14285714285714285,0.015306122448979591,0.0,0,0.08766233766233766,27,27,0,308,0.29562410002108663,64.80000000000037,0.07244897959183673,False,0.0,27.0,4.0,31,27,0.0,0.7653753250510759,308,False,True,,2026-07-29T17:18:46.236418+00:00,2026-07-29T17:18:46.532329+00:00,True
medium-high-n0.1-riskshield_ppo-s3-1fef2d61dea6,medium,14,high,0.07,0.1,RiskShield-PPO,3,artifacts/final_submission/riskshield_ppo/best_model.zip,d6c91caeb9bb10db866cbfe947ef1cc3db0ea8dc7470d098c9af6298ab75c812,k_step,66da6332362cbf876667b08f276bd50b7cdba93a73315a4f2302dc81e40e2eb2,1fef2d61dea64936116684fd75f5041a48d0e6990d412dcc6c13a424512f665f,0.0,0.015306122448979591,0.0,0,0.21428571428571427,66,66,0,308,0.3081878999946639,63.20000000000036,0.009069448674992386,False,0.0,66.0,2.0,68,66,0.0,0.799709740423676,308,False,True,,2026-07-29T17:18:46.535330+00:00,2026-07-29T17:18:46.844174+00:00,True
medium-high-n0.1-riskshield_ppo-s4-86b90bd66521,medium,14,high,0.07,0.1,RiskShield-PPO,4,artifacts/final_submission/riskshield_ppo/best_model.zip,d6c91caeb9bb10db866cbfe947ef1cc3db0ea8dc7470d098c9af6298ab75c812,k_step,66da6332362cbf876667b08f276bd50b7cdba93a73315a4f2302dc81e40e2eb2,86b90bd665219190db60d3d2692045a91b50daee7cdbad12c6978f237dee91ce,0.0,0.025510204081632654,0.0,0,0.07467532467532467,23,23,0,308,0.3053887000132818,64.80000000000038,0.020153061224489795,False,0.0,23.0,4.0,27,23,0.0,0.7893801953109865,308,False,True,,2026-07-29T17:18:46.848165+00:00,2026-07-29T17:18:47.154477+00:00,True
medium-high-n0.1-riskshield_ppo-s5-28fbbd09ec50,medium,14,high,0.07,0.1,RiskShield-PPO,5,artifacts/final_submission/riskshield_ppo/best_model.zip,d6c91caeb9bb10db866cbfe947ef1cc3db0ea8dc7470d098c9af6298ab75c812,k_step,66da6332362cbf876667b08f276bd50b7cdba93a73315a4f2302dc81e40e2eb2,28fbbd09ec50e7c9d344de968b792f0e14e469fa00843b2687fb1db17c5d54bd,0.21428571428571427,0.02040816326530612,0.0,0,0.01948051948051948,6,6,0,308,0.2684337999962736,64.8000000000004,0.1346938775510204,False,0.0,6.0,4.0,10,6,0.0,0.6791590910454813,308,False,True,,2026-07-29T17:18:47.157575+00:00,2026-07-29T17:18:47.426279+00:00,True
medium-high-n0.1-riskshield_ppo-s6-fe9e44ac7a88,medium,14,high,0.07,0.1,RiskShield-PPO,6,artifacts/final_submission/riskshield_ppo/best_model.zip,d6c91caeb9bb10db866cbfe947ef1cc3db0ea8dc7470d098c9af6298ab75c812,k_step,66da6332362cbf876667b08f276bd50b7cdba93a73315a4f2302dc81e40e2eb2,fe9e44ac7a88e59fd6309e07f502047e767d86539a8cd83054454165763a6634,0.0,0.00510204081632653,0.0,0,0.2662337662337662,82,82,0,308,0.31506029999582097,61.600000000000335,0.00514507007622326,False,0.0,82.0,0.0,82,82,0.0,0.818355194260457,308,False,True,,2026-07-29T17:18:47.430280+00:00,2026-07-29T17:18:47.745616+00:00,True
medium-high-n0.1-riskshield_ppo-s7-3a5922497337,medium,14,high,0.07,0.1,RiskShield-PPO,7,artifacts/final_submission/riskshield_ppo/best_model.zip,d6c91caeb9bb10db866cbfe947ef1cc3db0ea8dc7470d098c9af6298ab75c812,k_step,66da6332362cbf876667b08f276bd50b7cdba93a73315a4f2302dc81e40e2eb2,3a5922497337ab64936ae87d8855144dd6b83d98d0c346c56f7fd95a01103643,0.5714285714285714,0.04591836734693878,0.0,0,0.012987012987012988,4,4,0,308,0.29197769999154843,76.80000000000042,0.3023469387755102,False,0.0,4.0,19.0,25,4,0.0,0.7548727272395891,308,False,True,,2026-07-29T17:18:47.749618+00:00,2026-07-29T17:18:48.041728+00:00,True
medium-high-n0.1-riskshield_ppo-s8-a78812674c54,medium,14,high,0.07,0.1,RiskShield-PPO,8,artifacts/final_submission/riskshield_ppo/best_model.zip,d6c91caeb9bb10db866cbfe947ef1cc3db0ea8dc7470d098c9af6298ab75c812,k_step,66da6332362cbf876667b08f276bd50b7cdba93a73315a4f2302dc81e40e2eb2,a78812674c54772e6850ec943ce8e9ff23b547608d462c26713ec9250b5669a1,0.21428571428571427,0.02040816326530612,0.0,0,0.00974025974025974,3,3,0,308,0.30599749999237247,64.80000000000035,0.16683673469387755,False,0.0,3.0,4.0,7,3,0.0,0.7904892856884119,308,False,True,,2026-07-29T17:18:48.045285+00:00,2026-07-29T17:18:48.351484+00:00,True
medium-high-n0.1-riskshield_ppo-s9-4fe2d9890fd1,medium,14,high,0.07,0.1,RiskShield-PPO,9,artifacts/final_submission/riskshield_ppo/best_model.zip,d6c91caeb9bb10db866cbfe947ef1cc3db0ea8dc7470d098c9af6298ab75c812,k_step,66da6332362cbf876667b08f276bd50b7cdba93a73315a4f2302dc81e40e2eb2,4fe2d9890fd1e0aa2aecacf03ec95f29e75ed8d4c85e4397b241af6b73f79682,0.0,0.01020408163265306,0.0,0,0.06818181818181818,21,21,0,308,0.29391670000040904,65.60000000000035,0.016697588126159554,False,0.0,21.0,5.0,26,21,0.0,0.7629808442525009,308,False,True,,2026-07-29T17:18:48.355526+00:00,2026-07-29T17:18:48.650775+00:00,True
medium-high-n0.2-risk_aware_astar-s0-e1a8908fe63d,medium,14,high,0.07,0.2,risk_aware_astar,0,,,disabled,66da6332362cbf876667b08f276bd50b7cdba93a73315a4f2302dc81e40e2eb2,e1a8908fe63d8f60ffe862b31678ceba9798387bca4e1cc7a8efa3eeff5f38f0,1.0,0.24489795918367346,0.0,0,0.11594202898550725,8,8,0,69,0.019974299997556955,57.80000000000001,0.5007421150278293,True,1.0,10.0,55.0,0,0,0.0,0.19181884008635214,69,True,False,,2026-07-29T17:16:44.864599+00:00,2026-07-29T17:16:44.885599+00:00,True
medium-high-n0.2-risk_aware_astar-s1-2122b8ecba91,medium,14,high,0.07,0.2,risk_aware_astar,1,,,disabled,66da6332362cbf876667b08f276bd50b7cdba93a73315a4f2302dc81e40e2eb2,2122b8ecba91744cf0ea414475a899ec95280b6d68e460b94caa88fc82b47069,1.0,0.24489795918367346,0.0,0,0.08974358974358974,7,7,0,78,0.2445341999991797,67.60000000000001,0.510969387755102,True,1.0,7.0,65.0,0,0,0.0,3.0291602571453087,78,True,False,,2026-07-29T17:16:44.885599+00:00,2026-07-29T17:16:45.129760+00:00,True
medium-high-n0.2-risk_aware_astar-s2-02bdf1fa787d,medium,14,high,0.07,0.2,risk_aware_astar,2,,,disabled,66da6332362cbf876667b08f276bd50b7cdba93a73315a4f2302dc81e40e2eb2,02bdf1fa787d49da12c7f61406e1ef7b8af8007bd3f2f10b459da80b892e53bd,1.0,0.3010204081632653,0.0,0,0.04,4,4,0,100,0.050241799996001646,89.60000000000002,0.5403061224489797,True,1.0,5.0,87.0,0,0,0.0,0.3962860006140545,100,True,False,,2026-07-29T17:16:45.028251+00:00,2026-07-29T17:16:45.092255+00:00,True
medium-high-n0.2-risk_aware_astar-s3-b983862ce9fe,medium,14,high,0.07,0.2,risk_aware_astar,3,,,disabled,66da6332362cbf876667b08f276bd50b7cdba93a73315a4f2302dc81e40e2eb2,b983862ce9fe6753f415153c5419607785c6d707539580a39e9e4bea5a26e080,1.0,0.4336734693877551,0.0,0,0.034722222222222224,5,5,0,144,0.35406340000918135,133.60000000000002,0.5701020408163265,True,1.0,6.5,131.0,0,0,0.0,0.5199895840632962,144,True,False,,2026-07-29T17:16:45.041248+00:00,2026-07-29T17:16:45.484640+00:00,True
medium-high-n0.2-risk_aware_astar-s4-627213cf9894,medium,14,high,0.07,0.2,risk_aware_astar,4,,,disabled,66da6332362cbf876667b08f276bd50b7cdba93a73315a4f2302dc81e40e2eb2,627213cf9894769226301b32386acc95cd7d2b79cf4602fb3c96237a2907927b,1.0,0.30612244897959184,0.0,0,0.04597701149425287,4,4,0,87,0.033643400005530566,75.80000000000001,0.5518367346938775,True,1.0,4.0,73.0,0,0,0.0,0.2899977001200976,87,True,False,,2026-07-29T17:16:45.092255+00:00,2026-07-29T17:16:45.126758+00:00,True
medium-high-n0.2-risk_aware_astar-s5-757f2f84de89,medium,14,high,0.07,0.2,risk_aware_astar,5,,,disabled,66da6332362cbf876667b08f276bd50b7cdba93a73315a4f2302dc81e40e2eb2,757f2f84de898fb268c64b0bf457d67ffb60492960ea1c0177dc5b4ec45562b9,1.0,0.21428571428571427,0.0,0,0.10606060606060606,7,7,0,66,0.02032009998220019,55.60000000000002,0.4976190476190476,True,1.0,8.0,53.0,0,0,0.0,0.20399545698610105,66,True,False,,2026-07-29T17:16:45.126758+00:00,2026-07-29T17:16:45.277782+00:00,True
medium-high-n0.2-risk_aware_astar-s6-c88fb704d94d,medium,14,high,0.07,0.2,risk_aware_astar,6,,,disabled,66da6332362cbf876667b08f276bd50b7cdba93a73315a4f2302dc81e40e2eb2,c88fb704d94deeeb53036a75293487613cb56129877444b39570819a2adfd5b3,1.0,0.25510204081632654,0.0,0,0.06578947368421052,5,5,0,76,0.032968100014841184,65.60000000000001,0.526530612244898,True,1.0,5.0,63.0,0,0,0.0,0.327882894213728,76,True,False,,2026-07-29T17:16:45.129760+00:00,2026-07-29T17:16:45.188775+00:00,True
medium-high-n0.2-risk_aware_astar-s7-6cd0e5c5eeea,medium,14,high,0.07,0.2,risk_aware_astar,7,,,disabled,66da6332362cbf876667b08f276bd50b7cdba93a73315a4f2302dc81e40e2eb2,6cd0e5c5eeea49d40404ca9349a4d251c1d938ef477947d156ebde5a22f95ff6,1.0,0.2755102040816326,0.0,0,0.016666666666666666,2,2,0,120,0.18917560001136735,108.80000000000001,0.5683673469387756,True,1.0,2.5,106.0,0,0,0.0,0.4403866652864963,120,True,False,,2026-07-29T17:16:45.188775+00:00,2026-07-29T17:16:45.426604+00:00,True
medium-high-n0.2-risk_aware_astar-s8-b85d3f495754,medium,14,high,0.07,0.2,risk_aware_astar,8,,,disabled,66da6332362cbf876667b08f276bd50b7cdba93a73315a4f2302dc81e40e2eb2,b85d3f495754c36921fa9f10a707fe56e3902fb7e8a258092e900f108922b872,1.0,0.2755102040816326,0.0,0,0.046511627906976744,4,4,0,86,0.033919099980266765,74.80000000000001,0.5326530612244899,True,1.0,5.0,72.0,0,0,0.0,0.28731860389640596,86,True,False,,2026-07-29T17:16:45.277782+00:00,2026-07-29T17:16:45.312091+00:00,True
medium-high-n0.2-risk_aware_astar-s9-41a807047a97,medium,14,high,0.07,0.2,risk_aware_astar,9,,,disabled,66da6332362cbf876667b08f276bd50b7cdba93a73315a4f2302dc81e40e2eb2,41a807047a97f821acc0bb73eae0831967e846bea6b19fa058209cc37b6211f6,1.0,0.3622448979591837,0.0,0,0.0603448275862069,7,7,0,116,0.06855759999598376,104.80000000000003,0.5420068027210885,True,1.0,8.0,102.0,0,0,0.0,0.4867577583103537,116,True,False,,2026-07-29T17:16:45.312091+00:00,2026-07-29T17:16:45.381131+00:00,True
medium-high-n0.2-frontier_exploration-s0-a00fe3ce9b8d,medium,14,high,0.07,0.2,frontier_exploration,0,,,disabled,66da6332362cbf876667b08f276bd50b7cdba93a73315a4f2302dc81e40e2eb2,a00fe3ce9b8d29fc700d49f8409a95cf32d3261409b692d8d5517c03ef242879,1.0,0.6938775510204082,0.0,0,0.06896551724137931,18,18,0,261,0.3373489000077825,250.6,0.6224489795918366,True,1.0,20.0,248.0,0,0,0.0,0.1943160920721475,261,True,False,,2026-07-29T17:16:45.381131+00:00,2026-07-29T17:16:45.764233+00:00,True
medium-high-n0.2-frontier_exploration-s1-c17bfaf176b5,medium,14,high,0.07,0.2,frontier_exploration,1,,,disabled,66da6332362cbf876667b08f276bd50b7cdba93a73315a4f2302dc81e40e2eb2,c17bfaf176b5c50cafe0779d24cc7137b51ab75c780668ee733d03679874eb51,0.9285714285714286,0.7397959183673469,0.0,0,0.04220779220779221,13,14,1,308,0.8933173000114039,298.4,0.6110144057623049,False,0.0,16.0,296.0,0,0,0.0,0.25491006506074754,308,False,True,,2026-07-29T17:16:45.426604+00:00,2026-07-29T17:16:46.326308+00:00,True
medium-high-n0.2-frontier_exploration-s2-ebf9a4a76925,medium,14,high,0.07,0.2,frontier_exploration,2,,,disabled,66da6332362cbf876667b08f276bd50b7cdba93a73315a4f2302dc81e40e2eb2,ebf9a4a769256063558b54661ed3422f988a5dca9a3d91c6bf8ba39b06499095,1.0,0.6632653061224489,0.0,0,0.04060913705583756,8,8,0,197,0.04467770000337623,186.59999999999997,0.632312925170068,True,1.0,8.0,184.0,0,0,0.0,0.12335482187602234,197,True,False,,2026-07-29T17:16:45.467601+00:00,2026-07-29T17:16:45.641319+00:00,True
medium-high-n0.2-frontier_exploration-s3-4f2d5057c465,medium,14,high,0.07,0.2,frontier_exploration,3,,,disabled,66da6332362cbf876667b08f276bd50b7cdba93a73315a4f2302dc81e40e2eb2,4f2d5057c4659b671a8d40431a189d64aaa45f9bb6330f1904a0536037f3876f,1.0,0.6224489795918368,0.0,0,0.046153846153846156,9,9,0,195,0.04774730000644922,184.6,0.6167346938775511,True,1.0,9.0,182.0,0,0,0.0,0.1398148727065955,195,True,False,,2026-07-29T17:16:45.484640+00:00,2026-07-29T17:16:45.532518+00:00,True
medium-high-n0.2-frontier_exploration-s4-1209ffa2b375,medium,14,high,0.07,0.2,frontier_exploration,4,,,disabled,66da6332362cbf876667b08f276bd50b7cdba93a73315a4f2302dc81e40e2eb2,1209ffa2b37585fd724347aaef02a358f8d1bb931d3446504da874bed108ed37,1.0,0.6020408163265306,0.0,0,0.0425531914893617,8,8,0,188,0.12417769999592565,176.8,0.6139455782312925,True,1.0,8.0,174.0,0,0,0.0,0.12916436111133428,188,True,False,,2026-07-29T17:16:45.532518+00:00,2026-07-29T17:16:45.657318+00:00,True
medium-high-n0.2-frontier_exploration-s5-78d71e7e027e,medium,14,high,0.07,0.2,frontier_exploration,5,,,disabled,66da6332362cbf876667b08f276bd50b7cdba93a73315a4f2302dc81e40e2eb2,78d71e7e027e2918bfe7edcaeef1d72eee6192aa9f0dfb9a3e98ec2a5683879c,1.0,0.6326530612244898,0.0,0,0.00796812749003984,2,3,1,251,0.06897150000440888,240.59999999999997,0.6564625850340136,True,1.0,3.5,238.0,0,0,0.0,0.17515378640092671,251,True,False,,2026-07-29T17:16:45.641319+00:00,2026-07-29T17:16:45.859745+00:00,True
medium-high-n0.2-frontier_exploration-s6-70d89a8601d7,medium,14,high,0.07,0.2,frontier_exploration,6,,,disabled,66da6332362cbf876667b08f276bd50b7cdba93a73315a4f2302dc81e40e2eb2,70d89a8601d7875bb1d68262938195b139bfbd8071a3515cb01687e5d6a5b51a,1.0,0.4846938775510204,0.0,0,0.05194805194805195,8,8,0,154,0.03660200000740588,143.60000000000002,0.5787414965986395,True,1.0,8.0,141.0,0,0,0.0,0.14197077982387712,154,True,False,,2026-07-29T17:16:45.657318+00:00,2026-07-29T17:16:45.694322+00:00,True
medium-high-n0.2-frontier_exploration-s7-793eb12b36ac,medium,14,high,0.07,0.2,frontier_exploration,7,,,disabled,66da6332362cbf876667b08f276bd50b7cdba93a73315a4f2302dc81e40e2eb2,793eb12b36ac62171456fa5b998dc30c014158af976a3e6e0b5f6caeaa94634d,1.0,0.6887755102040817,0.0,0,0.004329004329004329,1,1,0,231,0.05346669998834841,220.59999999999997,0.7066326530612245,True,1.0,2.0,218.0,0,0,0.0,0.13286190397747152,231,True,False,,2026-07-29T17:16:45.694322+00:00,2026-07-29T17:16:46.061852+00:00,True
medium-high-n0.2-frontier_exploration-s8-96eaa82ed9fd,medium,14,high,0.07,0.2,frontier_exploration,8,,,disabled,66da6332362cbf876667b08f276bd50b7cdba93a73315a4f2302dc81e40e2eb2,96eaa82ed9fddfe49e16eda2e1812fc4a4acb71d363bc9f6c69c98b5295778e6,1.0,0.5459183673469388,0.0,0,0.044585987261146494,7,7,0,157,0.23494310001842678,145.79999999999998,0.597108843537415,True,1.0,8.0,143.0,0,0,0.0,0.11533757788129151,157,True,False,,2026-07-29T17:16:45.764233+00:00,2026-07-29T17:16:45.999346+00:00,True
medium-high-n0.2-frontier_exploration-s9-962c9c8f34e4,medium,14,high,0.07,0.2,frontier_exploration,9,,,disabled,66da6332362cbf876667b08f276bd50b7cdba93a73315a4f2302dc81e40e2eb2,962c9c8f34e46084cb6964622e800b556722fc806d9188883f57b27e3c8e0f76,0.9285714285714286,0.6887755102040817,0.0,0,0.012987012987012988,4,4,0,308,0.10033239997574128,298.4,0.618061224489796,False,0.0,6.5,296.0,0,0,0.0,0.2303824678944823,308,False,True,,2026-07-29T17:16:45.860746+00:00,2026-07-29T17:16:45.961322+00:00,True
medium-high-n0.2-ppo-s0-b2169134a452,medium,14,high,0.07,0.2,PPO,0,artifacts/final_submission/ppo/best_model.zip,7c54226fc8927d7ef7fcdc7d5f3ff29b11fa8d1463293a9d8e3b6bebad84cc11,disabled,66da6332362cbf876667b08f276bd50b7cdba93a73315a4f2302dc81e40e2eb2,b2169134a452b122c793543ed97c210ea697e55920fe094798560f3178e49e77,0.0,0.00510204081632653,0.0,0,0.08766233766233766,27,27,0,308,0.3129035999882035,61.600000000000335,0.012244897959183673,False,0.0,27.0,0.0,0,0,0.0,0.8591970782417067,308,False,True,,2026-07-29T17:18:48.653935+00:00,2026-07-29T17:18:48.967533+00:00,True
medium-high-n0.2-ppo-s1-3ace3e26cea3,medium,14,high,0.07,0.2,PPO,1,artifacts/final_submission/ppo/best_model.zip,7c54226fc8927d7ef7fcdc7d5f3ff29b11fa8d1463293a9d8e3b6bebad84cc11,disabled,66da6332362cbf876667b08f276bd50b7cdba93a73315a4f2302dc81e40e2eb2,3ace3e26cea3c7ee239e233d2a87b8d2be97c0830717d02610a48b040fe38c15,0.0,0.015306122448979591,0.0,0,0.2077922077922078,64,64,0,308,0.2601870000071358,63.20000000000036,0.009207221350078492,False,0.0,64.0,2.0,0,0,0.0,0.6894373364048079,308,False,True,,2026-07-29T17:18:48.970528+00:00,2026-07-29T17:18:49.230994+00:00,True
medium-high-n0.2-ppo-s2-92f1b94ee63d,medium,14,high,0.07,0.2,PPO,2,artifacts/final_submission/ppo/best_model.zip,7c54226fc8927d7ef7fcdc7d5f3ff29b11fa8d1463293a9d8e3b6bebad84cc11,disabled,66da6332362cbf876667b08f276bd50b7cdba93a73315a4f2302dc81e40e2eb2,92f1b94ee63de404835c530381ee3a612fe1a13b51a0968f60f8b9a8dcf9b557,0.14285714285714285,0.00510204081632653,0.0,0,0.09415584415584416,29,29,0,308,0.25572759998613037,61.600000000000335,0.06867346938775509,False,0.0,29.0,0.0,0,0,0.0,0.6815000012359739,308,False,True,,2026-07-29T17:18:49.234994+00:00,2026-07-29T17:18:49.491543+00:00,True
medium-high-n0.2-ppo-s3-cb9363639d57,medium,14,high,0.07,0.2,PPO,3,artifacts/final_submission/ppo/best_model.zip,7c54226fc8927d7ef7fcdc7d5f3ff29b11fa8d1463293a9d8e3b6bebad84cc11,disabled,66da6332362cbf876667b08f276bd50b7cdba93a73315a4f2302dc81e40e2eb2,cb9363639d570d78ebafcd6c7d89b904aff626c59c941336f8110be30c91ee06,0.0,0.00510204081632653,0.0,0,1.0,308,308,0,308,0.26371369999833405,61.600000000000335,0.002501486031305726,False,0.0,308.0,0.0,0,0,0.0,0.7107467530446442,308,False,True,,2026-07-29T17:18:49.494646+00:00,2026-07-29T17:18:49.759417+00:00,True
medium-high-n0.2-ppo-s4-d669f0780af6,medium,14,high,0.07,0.2,PPO,4,artifacts/final_submission/ppo/best_model.zip,7c54226fc8927d7ef7fcdc7d5f3ff29b11fa8d1463293a9d8e3b6bebad84cc11,disabled,66da6332362cbf876667b08f276bd50b7cdba93a73315a4f2302dc81e40e2eb2,d669f0780af6e9e3c1563b52e7abc4fb00e57075d438b6d7e61ed9a4b0b00206,0.0,0.015306122448979591,0.0,0,0.1038961038961039,32,32,0,308,0.24053310000454076,63.200000000000365,0.013682745825602968,False,0.0,32.0,2.0,0,0,0.0,0.6338071414267995,308,False,True,,2026-07-29T17:18:49.762417+00:00,2026-07-29T17:18:50.003894+00:00,True
medium-high-n0.2-ppo-s5-4b02f9a4f7b1,medium,14,high,0.07,0.2,PPO,5,artifacts/final_submission/ppo/best_model.zip,7c54226fc8927d7ef7fcdc7d5f3ff29b11fa8d1463293a9d8e3b6bebad84cc11,disabled,66da6332362cbf876667b08f276bd50b7cdba93a73315a4f2302dc81e40e2eb2,4b02f9a4f7b172dcba9a996df006a54ece821deae9ebad39120f6b36b8235eea,0.14285714285714285,0.00510204081632653,0.0,0,0.16558441558441558,51,51,0,308,0.2792823000054341,61.600000000000335,0.06444270015698586,False,0.0,51.0,0.0,0,0,0.0,0.7564704542051299,308,False,True,,2026-07-29T17:18:50.006895+00:00,2026-07-29T17:18:50.286922+00:00,True
medium-high-n0.2-ppo-s6-2a2062a8d6cf,medium,14,high,0.07,0.2,PPO,6,artifacts/final_submission/ppo/best_model.zip,7c54226fc8927d7ef7fcdc7d5f3ff29b11fa8d1463293a9d8e3b6bebad84cc11,disabled,66da6332362cbf876667b08f276bd50b7cdba93a73315a4f2302dc81e40e2eb2,2a2062a8d6cf14a6eebda249efd2d89b46e6ccbf2c36193bf8187e5e276c3437,0.0,0.00510204081632653,0.0,0,0.2662337662337662,82,82,0,308,0.24536150001222268,61.600000000000335,0.00514507007622326,False,0.0,82.0,0.0,0,0,0.0,0.6452496759797591,308,False,True,,2026-07-29T17:18:50.289923+00:00,2026-07-29T17:18:50.535611+00:00,True
medium-high-n0.2-ppo-s7-44ca64501300,medium,14,high,0.07,0.2,PPO,7,artifacts/final_submission/ppo/best_model.zip,7c54226fc8927d7ef7fcdc7d5f3ff29b11fa8d1463293a9d8e3b6bebad84cc11,disabled,66da6332362cbf876667b08f276bd50b7cdba93a73315a4f2302dc81e40e2eb2,44ca64501300d3ca579f4ecde3bee51d528153c86de0b3421950ef94bd86724d,0.07142857142857142,0.00510204081632653,0.0,0,0.09415584415584416,29,29,0,308,0.2521279000211507,61.600000000000335,0.04010204081632653,False,0.0,29.0,0.0,0,0,0.0,0.6697730524291574,308,False,True,,2026-07-29T17:18:50.538636+00:00,2026-07-29T17:18:50.791095+00:00,True
medium-high-n0.2-ppo-s8-e520f1cb5a68,medium,14,high,0.07,0.2,PPO,8,artifacts/final_submission/ppo/best_model.zip,7c54226fc8927d7ef7fcdc7d5f3ff29b11fa8d1463293a9d8e3b6bebad84cc11,disabled,66da6332362cbf876667b08f276bd50b7cdba93a73315a4f2302dc81e40e2eb2,e520f1cb5a6845a48aa42992888197083f96431f09bb6ca86c5db4d929bcf6e3,0.07142857142857142,0.025510204081632654,0.0,0,0.04220779220779221,13,13,0,308,0.30730770001537167,64.80000000000038,0.05765306122448979,False,0.0,13.0,4.0,0,0,0.0,0.8414133109625538,308,False,True,,2026-07-29T17:18:50.794117+00:00,2026-07-29T17:18:51.101906+00:00,True
medium-high-n0.2-ppo-s9-b1bb3b63c693,medium,14,high,0.07,0.2,PPO,9,artifacts/final_submission/ppo/best_model.zip,7c54226fc8927d7ef7fcdc7d5f3ff29b11fa8d1463293a9d8e3b6bebad84cc11,disabled,66da6332362cbf876667b08f276bd50b7cdba93a73315a4f2302dc81e40e2eb2,b1bb3b63c693c2a96726361068873990e047e8c1a9ef7fff0260da2725d1ec05,0.0,0.00510204081632653,0.0,0,0.032467532467532464,10,10,0,308,0.2535465999972075,61.600000000000335,0.02880333951762523,False,0.0,10.0,0.0,0,0,0.0,0.673197726806015,308,False,True,,2026-07-29T17:18:51.105835+00:00,2026-07-29T17:18:51.359758+00:00,True
medium-high-n0.2-sac-s0-1e7c4c7cefd5,medium,14,high,0.07,0.2,SAC,0,artifacts/final_submission/sac/best_model.zip,78fe38fcc78df0ba8f98bd07af373848833876e7ec5ddf1486cec9a3cd9ba44c,disabled,66da6332362cbf876667b08f276bd50b7cdba93a73315a4f2302dc81e40e2eb2,1e7c4c7cefd56554ed46ff4b079bce77d551e641cf1dff83fe2fddb5a7246ee5,0.07142857142857142,0.1836734693877551,1.0,53,0.23376623376623376,72,94,22,308,0.31279579998226836,283.20000000000005,0.08565366740755709,False,0.0,150.5,224.0,0,0,0.0,0.8526253233347754,308,False,True,,2026-07-29T17:18:51.364672+00:00,2026-07-29T17:18:51.677418+00:00,True
medium-high-n0.2-sac-s1-2d89ead1e1ca,medium,14,high,0.07,0.2,SAC,1,artifacts/final_submission/sac/best_model.zip,78fe38fcc78df0ba8f98bd07af373848833876e7ec5ddf1486cec9a3cd9ba44c,disabled,66da6332362cbf876667b08f276bd50b7cdba93a73315a4f2302dc81e40e2eb2,2d89ead1e1ca64d641fd52a99cfdc4bf07b1c046d1e10dc622797fc4d8d2a293,0.21428571428571427,0.11224489795918367,1.0,90,0.18506493506493507,57,57,0,308,0.32826689997455105,198.39999999999918,0.12137451006892823,False,0.0,150.0,81.0,0,0,0.0,0.9024448051380429,308,False,True,,2026-07-29T17:18:51.680503+00:00,2026-07-29T17:18:52.010079+00:00,True
medium-high-n0.2-sac-s2-efd0bf8e51a5,medium,14,high,0.07,0.2,SAC,2,artifacts/final_submission/sac/best_model.zip,78fe38fcc78df0ba8f98bd07af373848833876e7ec5ddf1486cec9a3cd9ba44c,disabled,66da6332362cbf876667b08f276bd50b7cdba93a73315a4f2302dc81e40e2eb2,efd0bf8e51a508f4d513f883f74ee95ff951a7fc9e450177613b60536d830004,0.07142857142857142,0.07142857142857142,1.0,23,0.06168831168831169,19,23,4,308,0.27692859998205677,216.7999999999987,0.056249999999999994,False,0.0,47.0,171.0,0,0,0.0,0.7391607143361327,308,False,True,,2026-07-29T17:18:52.013081+00:00,2026-07-29T17:18:52.291070+00:00,True
medium-high-n0.2-sac-s3-a4da0835aa45,medium,14,high,0.07,0.2,SAC,3,artifacts/final_submission/sac/best_model.zip,78fe38fcc78df0ba8f98bd07af373848833876e7ec5ddf1486cec9a3cd9ba44c,disabled,66da6332362cbf876667b08f276bd50b7cdba93a73315a4f2302dc81e40e2eb2,a4da0835aa459ce2777df0a1a913ae1bb690eb05741ed4351c7be19591074af2,0.07142857142857142,0.025510204081632654,0.0,0,1.0,308,308,0,308,0.32347579998895526,88.8000000000005,0.037195363582326134,False,0.0,308.0,34.0,0,0,0.0,0.8961003240275003,308,False,True,,2026-07-29T17:18:52.294606+00:00,2026-07-29T17:18:52.619087+00:00,True
medium-high-n0.2-sac-s4-b31922cf1509,medium,14,high,0.07,0.2,SAC,4,artifacts/final_submission/sac/best_model.zip,78fe38fcc78df0ba8f98bd07af373848833876e7ec5ddf1486cec9a3cd9ba44c,disabled,66da6332362cbf876667b08f276bd50b7cdba93a73315a4f2302dc81e40e2eb2,b31922cf15099dd6164d58e987f8ea3fe691270c3bedb29925e856d5d41c64cb,0.0,0.01020408163265306,0.0,0,0.16883116883116883,52,359,307,308,0.3170318999909796,64.00000000000037,0.0038945578231292513,False,0.0,359.0,3.0,0,0,0.0,0.867505843676294,308,False,True,,2026-07-29T17:18:52.622081+00:00,2026-07-29T17:18:52.939550+00:00,True
medium-high-n0.2-sac-s5-cc3de0db7149,medium,14,high,0.07,0.2,SAC,5,artifacts/final_submission/sac/best_model.zip,78fe38fcc78df0ba8f98bd07af373848833876e7ec5ddf1486cec9a3cd9ba44c,disabled,66da6332362cbf876667b08f276bd50b7cdba93a73315a4f2302dc81e40e2eb2,cc3de0db71499147bd6a7fd2531c292a181a400e020ff13ff53c364ec138f2c3,0.35714285714285715,0.12755102040816327,1.0,65,0.2077922077922078,64,66,2,308,0.32189740001922473,282.40000000000003,0.1833951762523191,False,0.0,131.0,211.0,0,0,0.0,0.8872188299829322,308,False,True,,2026-07-29T17:18:52.943556+00:00,2026-07-29T17:18:53.265534+00:00,True
medium-high-n0.2-sac-s6-f8ea9a1a8280,medium,14,high,0.07,0.2,SAC,6,artifacts/final_submission/sac/best_model.zip,78fe38fcc78df0ba8f98bd07af373848833876e7ec5ddf1486cec9a3cd9ba44c,disabled,66da6332362cbf876667b08f276bd50b7cdba93a73315a4f2302dc81e40e2eb2,f8ea9a1a8280857e3cacd107fe6ec3f7b56ba63cb1cf9fd090fd9ef6124b7b67,0.07142857142857142,0.030612244897959183,1.0,12,0.8474025974025974,261,261,0,308,0.3128036000125576,125.60000000000053,0.038849992551765224,False,0.0,273.0,68.0,0,0,0.0,0.8556399344732719,308,False,True,,2026-07-29T17:18:53.268535+00:00,2026-07-29T17:18:53.582727+00:00,True
medium-high-n0.2-sac-s7-4408e70c79c3,medium,14,high,0.07,0.2,SAC,7,artifacts/final_submission/sac/best_model.zip,78fe38fcc78df0ba8f98bd07af373848833876e7ec5ddf1486cec9a3cd9ba44c,disabled,66da6332362cbf876667b08f276bd50b7cdba93a73315a4f2302dc81e40e2eb2,4408e70c79c3f05df2d8a880f69f4f5dc7a98332ee2a46f619b67d8a129157e7,0.07142857142857142,0.05612244897959184,1.0,1,0.9707792207792207,299,299,0,308,0.33310240000719205,84.00000000000072,0.04640154074874983,False,0.0,301.0,27.0,0,0,0.0,0.9212162320701671,308,False,True,,2026-07-29T17:18:53.585729+00:00,2026-07-29T17:18:53.919451+00:00,True
medium-high-n0.2-sac-s8-e572319c97ac,medium,14,high,0.07,0.2,SAC,8,artifacts/final_submission/sac/best_model.zip,78fe38fcc78df0ba8f98bd07af373848833876e7ec5ddf1486cec9a3cd9ba44c,disabled,66da6332362cbf876667b08f276bd50b7cdba93a73315a4f2302dc81e40e2eb2,e572319c97ac344f9e2445fec8817a079b73befa7313c603e738371fc498c899,0.07142857142857142,0.00510204081632653,0.0,0,0.016233766233766232,5,5,0,308,0.3293856000236701,61.600000000000335,0.08010204081632652,False,0.0,5.0,0.0,0,0,0.0,0.9092233761163827,308,False,True,,2026-07-29T17:18:53.923457+00:00,2026-07-29T17:18:54.253030+00:00,True
medium-high-n0.2-sac-s9-dff0f438d861,medium,14,high,0.07,0.2,SAC,9,artifacts/final_submission/sac/best_model.zip,78fe38fcc78df0ba8f98bd07af373848833876e7ec5ddf1486cec9a3cd9ba44c,disabled,66da6332362cbf876667b08f276bd50b7cdba93a73315a4f2302dc81e40e2eb2,dff0f438d8616628a6ee0e402a311c942663c177c371fdf2b4a16809533a4d96,0.0,0.061224489795918366,1.0,74,0.02922077922077922,9,9,0,308,0.30435120000038296,132.80000000000024,0.02193877551020408,False,0.0,83.0,15.0,0,0,0.0,0.8338409078733802,308,False,True,,2026-07-29T17:18:54.256828+00:00,2026-07-29T17:18:54.561259+00:00,True
medium-high-n0.2-riskshield_ppo-s0-9215e430dbb6,medium,14,high,0.07,0.2,RiskShield-PPO,0,artifacts/final_submission/riskshield_ppo/best_model.zip,d6c91caeb9bb10db866cbfe947ef1cc3db0ea8dc7470d098c9af6298ab75c812,k_step,66da6332362cbf876667b08f276bd50b7cdba93a73315a4f2302dc81e40e2eb2,9215e430dbb6636f39d58fc0130a2e367ed569c91adc852da7b903f2edc3cc95,0.07142857142857142,0.04591836734693878,0.0,0,0.05844155844155844,18,18,0,308,0.30106959998374805,70.40000000000038,0.05813641245972073,False,0.0,18.0,11.0,34,18,0.0,0.7776256487969394,308,False,True,,2026-07-29T17:18:54.565227+00:00,2026-07-29T17:18:54.866416+00:00,True
medium-high-n0.2-riskshield_ppo-s1-130d03da1e89,medium,14,high,0.07,0.2,RiskShield-PPO,1,artifacts/final_submission/riskshield_ppo/best_model.zip,d6c91caeb9bb10db866cbfe947ef1cc3db0ea8dc7470d098c9af6298ab75c812,k_step,66da6332362cbf876667b08f276bd50b7cdba93a73315a4f2302dc81e40e2eb2,130d03da1e89e32905727410740d14411d4dd254a2965c321b470f2be8a826cf,0.07142857142857142,0.04591836734693878,0.0,0,0.01948051948051948,6,6,0,308,0.3408673999947496,76.00000000000051,0.08520408163265306,False,0.0,6.0,18.0,27,6,0.0,0.9067139601336441,308,False,True,,2026-07-29T17:18:54.869430+00:00,2026-07-29T17:18:55.210961+00:00,True
medium-high-n0.2-riskshield_ppo-s2-5b818147849d,medium,14,high,0.07,0.2,RiskShield-PPO,2,artifacts/final_submission/riskshield_ppo/best_model.zip,d6c91caeb9bb10db866cbfe947ef1cc3db0ea8dc7470d098c9af6298ab75c812,k_step,66da6332362cbf876667b08f276bd50b7cdba93a73315a4f2302dc81e40e2eb2,5b818147849d7ac79044d2ff522b43885dd3b69271734eefe806c46702e4152c,0.14285714285714285,0.015306122448979591,0.0,0,0.08766233766233766,27,27,0,308,0.2829053999739699,64.80000000000037,0.07244897959183673,False,0.0,27.0,4.0,31,27,0.0,0.7272512982138312,308,False,True,,2026-07-29T17:18:55.213965+00:00,2026-07-29T17:18:55.497313+00:00,True
medium-high-n0.2-riskshield_ppo-s3-051697af1f3d,medium,14,high,0.07,0.2,RiskShield-PPO,3,artifacts/final_submission/riskshield_ppo/best_model.zip,d6c91caeb9bb10db866cbfe947ef1cc3db0ea8dc7470d098c9af6298ab75c812,k_step,66da6332362cbf876667b08f276bd50b7cdba93a73315a4f2302dc81e40e2eb2,051697af1f3de86c4a2753fabdcaddf73dee083abeab2cae7a55be0d246c1d0e,0.0,0.015306122448979591,0.0,0,0.21428571428571427,66,66,0,308,0.2674336000054609,63.20000000000036,0.009069448674992386,False,0.0,66.0,2.0,68,66,0.0,0.6691636360785621,308,False,True,,2026-07-29T17:18:55.502110+00:00,2026-07-29T17:18:55.770137+00:00,True
medium-high-n0.2-riskshield_ppo-s4-533f086f9d28,medium,14,high,0.07,0.2,RiskShield-PPO,4,artifacts/final_submission/riskshield_ppo/best_model.zip,d6c91caeb9bb10db866cbfe947ef1cc3db0ea8dc7470d098c9af6298ab75c812,k_step,66da6332362cbf876667b08f276bd50b7cdba93a73315a4f2302dc81e40e2eb2,533f086f9d284f1398f686efe78e37ab7d6758539e6a5471be505e01705f63e5,0.0,0.025510204081632654,0.0,0,0.07467532467532467,23,23,0,308,0.27870110000367276,64.80000000000038,0.020153061224489795,False,0.0,23.0,4.0,27,23,0.0,0.7022496744878469,308,False,True,,2026-07-29T17:18:55.773154+00:00,2026-07-29T17:18:56.052932+00:00,True
medium-high-n0.2-riskshield_ppo-s5-a68929e780ca,medium,14,high,0.07,0.2,RiskShield-PPO,5,artifacts/final_submission/riskshield_ppo/best_model.zip,d6c91caeb9bb10db866cbfe947ef1cc3db0ea8dc7470d098c9af6298ab75c812,k_step,66da6332362cbf876667b08f276bd50b7cdba93a73315a4f2302dc81e40e2eb2,a68929e780ca6eef774df729f8b53661342ba130c47be54f16d5c765b7bb6739,0.21428571428571427,0.02040816326530612,0.0,0,0.01948051948051948,6,6,0,308,0.27657459999318235,64.8000000000004,0.1346938775510204,False,0.0,6.0,4.0,10,6,0.0,0.706250000330801,308,False,True,,2026-07-29T17:18:56.056917+00:00,2026-07-29T17:18:56.333868+00:00,True
medium-high-n0.2-riskshield_ppo-s6-e1b5e00bad42,medium,14,high,0.07,0.2,RiskShield-PPO,6,artifacts/final_submission/riskshield_ppo/best_model.zip,d6c91caeb9bb10db866cbfe947ef1cc3db0ea8dc7470d098c9af6298ab75c812,k_step,66da6332362cbf876667b08f276bd50b7cdba93a73315a4f2302dc81e40e2eb2,e1b5e00bad42fe1b84e2fc9ec9e840909987e6a1616b8f420f9cfb7b03759c35,0.0,0.00510204081632653,0.0,0,0.2662337662337662,82,82,0,308,0.27320589998271316,61.600000000000335,0.00514507007622326,False,0.0,82.0,0.0,82,82,0.0,0.6858646113148817,308,False,True,,2026-07-29T17:18:56.337872+00:00,2026-07-29T17:18:56.610658+00:00,True
medium-high-n0.2-riskshield_ppo-s7-f73f54b3dab0,medium,14,high,0.07,0.2,RiskShield-PPO,7,artifacts/final_submission/riskshield_ppo/best_model.zip,d6c91caeb9bb10db866cbfe947ef1cc3db0ea8dc7470d098c9af6298ab75c812,k_step,66da6332362cbf876667b08f276bd50b7cdba93a73315a4f2302dc81e40e2eb2,f73f54b3dab0b787541bea292910b14367b67ec598a362e475125ef520bb3d8d,0.5714285714285714,0.04591836734693878,0.0,0,0.012987012987012988,4,4,0,308,0.2826440999924671,76.80000000000042,0.3023469387755102,False,0.0,4.0,19.0,26,4,0.0,0.7307246746381975,308,False,True,,2026-07-29T17:18:56.614915+00:00,2026-07-29T17:18:56.898283+00:00,True
medium-high-n0.2-riskshield_ppo-s8-16c7524ddc32,medium,14,high,0.07,0.2,RiskShield-PPO,8,artifacts/final_submission/riskshield_ppo/best_model.zip,d6c91caeb9bb10db866cbfe947ef1cc3db0ea8dc7470d098c9af6298ab75c812,k_step,66da6332362cbf876667b08f276bd50b7cdba93a73315a4f2302dc81e40e2eb2,16c7524ddc32581f512a86d735aab06f9ac07419ca4873dd20c3e309ae70085d,0.21428571428571427,0.02040816326530612,0.0,0,0.00974025974025974,3,3,0,308,0.2674181000038516,64.80000000000035,0.16683673469387755,False,0.0,3.0,4.0,7,3,0.0,0.6767756496699733,308,False,True,,2026-07-29T17:18:56.901289+00:00,2026-07-29T17:18:57.169055+00:00,True
medium-high-n0.2-riskshield_ppo-s9-d3f66e1c3a57,medium,14,high,0.07,0.2,RiskShield-PPO,9,artifacts/final_submission/riskshield_ppo/best_model.zip,d6c91caeb9bb10db866cbfe947ef1cc3db0ea8dc7470d098c9af6298ab75c812,k_step,66da6332362cbf876667b08f276bd50b7cdba93a73315a4f2302dc81e40e2eb2,d3f66e1c3a5762418e4ef79575f3b000ee4a17f043d8573c2a101029ccf9d53f,0.0,0.01020408163265306,0.0,0,0.06818181818181818,21,21,0,308,0.28822640000726096,65.60000000000035,0.016697588126159554,False,0.0,21.0,5.0,26,21,0.0,0.7442847412463592,308,False,True,,2026-07-29T17:18:57.173058+00:00,2026-07-29T17:18:57.461798+00:00,True
large-low-n0.0-risk_aware_astar-s0-96857a8eb8a9,large,16,low,0.03,0.0,risk_aware_astar,0,,,disabled,66da6332362cbf876667b08f276bd50b7cdba93a73315a4f2302dc81e40e2eb2,96857a8eb8a9d55a79592a7d64b13946100b002d9da5d25e531201c71a0674a7,1.0,0.18359375,0.0,0,0.015873015873015872,1,1,0,63,0.3049997999914922,56.60000000000001,0.605078125,True,1.0,1.0,55.0,0,0,0.0,4.743415872485096,63,True,False,,2026-07-29T17:16:45.961322+00:00,2026-07-29T17:16:46.266794+00:00,True
large-low-n0.0-risk_aware_astar-s1-a6a565351d39,large,16,low,0.03,0.0,risk_aware_astar,1,,,disabled,66da6332362cbf876667b08f276bd50b7cdba93a73315a4f2302dc81e40e2eb2,a6a565351d3975ada59fb1e4a371c0773d005985084b7e65553cd8f3f7b00aa4,1.0,0.12890625,0.0,0,0.0,0,0,0,47,0.01478940001106821,40.6,0.7386718750000001,True,1.0,0.0,39.0,0,0,0.0,0.22089361594593587,47,True,False,,2026-07-29T17:16:46.000345+00:00,2026-07-29T17:16:46.259795+00:00,True
large-low-n0.0-risk_aware_astar-s2-73de38fbb566,large,16,low,0.03,0.0,risk_aware_astar,2,,,disabled,66da6332362cbf876667b08f276bd50b7cdba93a73315a4f2302dc81e40e2eb2,73de38fbb56624d92fb426eeaaa382d9cde9081d4c01d623099efbb2cd4830e4,1.0,0.15234375,0.0,0,0.06,3,3,0,50,0.02345840001362376,44.400000000000006,0.505703125,True,1.0,4.0,43.0,0,0,0.0,0.3698260022792965,50,True,False,,2026-07-29T17:16:46.061852+00:00,2026-07-29T17:16:46.085630+00:00,True
large-low-n0.0-risk_aware_astar-s3-283dd6aec5be,large,16,low,0.03,0.0,risk_aware_astar,3,,,disabled,66da6332362cbf876667b08f276bd50b7cdba93a73315a4f2302dc81e40e2eb2,283dd6aec5bee3cab81682e9c2d4797423c9a1bd4fa5093d59d72b13711c3136,1.0,0.15625,0.0,0,0.016666666666666666,1,1,0,60,0.027723000006517395,53.60000000000001,0.596875,True,1.0,1.0,52.0,0,0,0.0,0.36756666474199545,60,True,False,,2026-07-29T17:16:46.085630+00:00,2026-07-29T17:16:46.114140+00:00,True
large-low-n0.0-risk_aware_astar-s4-b0c6dde3835e,large,16,low,0.03,0.0,risk_aware_astar,4,,,disabled,66da6332362cbf876667b08f276bd50b7cdba93a73315a4f2302dc81e40e2eb2,b0c6dde3835ef990a36faa57249b9c5371e32acf4826fff1c0fab5356cd92842,1.0,0.1875,0.0,0,0.0,0,0,0,56,0.017443300021113828,49.60000000000001,0.7562500000000001,True,1.0,0.0,48.0,0,0,0.0,0.21881785505684093,56,True,False,,2026-07-29T17:16:46.114140+00:00,2026-07-29T17:16:46.131140+00:00,True
large-low-n0.0-risk_aware_astar-s5-b904b7071f0b,large,16,low,0.03,0.0,risk_aware_astar,5,,,disabled,66da6332362cbf876667b08f276bd50b7cdba93a73315a4f2302dc81e40e2eb2,b904b7071f0b8e995f03909256a9016be5a05a99b7f4d4c62cb1dcb237d80131,1.0,0.1484375,0.0,0,0.0,0,0,0,47,0.014658100000815466,40.599999999999994,0.7445312500000001,True,1.0,0.0,39.0,0,0,0.0,0.2176361684836051,47,True,False,,2026-07-29T17:16:46.131140+00:00,2026-07-29T17:16:46.147141+00:00,True
large-low-n0.0-risk_aware_astar-s6-d052a19ce70b,large,16,low,0.03,0.0,risk_aware_astar,6,,,disabled,66da6332362cbf876667b08f276bd50b7cdba93a73315a4f2302dc81e40e2eb2,d052a19ce70b41cc2e783a924d3e1bfbd5484b95efe125435200f37143909484,1.0,0.1953125,0.0,0,0.0,0,0,0,76,0.039555700001074,70.4,0.75859375,True,1.0,0.0,69.0,0,0,0.0,0.4215486830952087,76,True,False,,2026-07-29T17:16:46.147141+00:00,2026-07-29T17:16:46.187142+00:00,True
large-low-n0.0-risk_aware_astar-s7-4ef5556a175e,large,16,low,0.03,0.0,risk_aware_astar,7,,,disabled,66da6332362cbf876667b08f276bd50b7cdba93a73315a4f2302dc81e40e2eb2,4ef5556a175eb821ca4e73a2b0d7ce91a24a5bffb301b58b322e320d1ce287ba,1.0,0.15625,0.0,0,0.0,0,0,0,49,0.017449200007831678,42.6,0.746875,True,1.0,0.0,41.0,0,0,0.0,0.2608734708070299,49,True,False,,2026-07-29T17:16:46.187142+00:00,2026-07-29T17:16:46.204144+00:00,True
large-low-n0.0-risk_aware_astar-s8-77b20eb80442,large,16,low,0.03,0.0,risk_aware_astar,8,,,disabled,66da6332362cbf876667b08f276bd50b7cdba93a73315a4f2302dc81e40e2eb2,77b20eb80442da0c715e2ac6fd355f70b0d2caedf8b3e73838b6e5c77fcc9aea,1.0,0.171875,0.0,0,0.015151515151515152,1,1,0,66,0.030550099996617064,59.6,0.6015625,True,1.0,1.0,58.0,0,0,0.0,0.36707424354090384,66,True,False,,2026-07-29T17:16:46.204144+00:00,2026-07-29T17:16:46.235651+00:00,True
large-low-n0.0-risk_aware_astar-s9-cca3987776bc,large,16,low,0.03,0.0,risk_aware_astar,9,,,disabled,66da6332362cbf876667b08f276bd50b7cdba93a73315a4f2302dc81e40e2eb2,cca3987776bce020d7342c98912579685f6318c56440d7e46adb18f1d87795ce,1.0,0.1953125,0.0,0,0.010869565217391304,1,1,0,92,0.6938124000153039,85.60000000000001,0.60859375,True,1.0,1.0,84.0,0,0,0.0,6.544304349201569,92,True,False,,2026-07-29T17:16:46.235651+00:00,2026-07-29T17:16:46.929600+00:00,True
large-low-n0.0-frontier_exploration-s0-5e876f4e64a9,large,16,low,0.03,0.0,frontier_exploration,0,,,disabled,66da6332362cbf876667b08f276bd50b7cdba93a73315a4f2302dc81e40e2eb2,5e876f4e64a9a2b8d30ca09f3d2e9489ad2df383b14d770569208783405e63b4,1.0,0.578125,0.0,0,0.0,0,0,0,191,0.04548959998646751,186.2,0.8734375000000001,True,1.0,0.0,185.0,0,0,0.0,0.1385905764660559,191,True,False,,2026-07-29T17:16:46.259795+00:00,2026-07-29T17:16:46.400515+00:00,True
large-low-n0.0-frontier_exploration-s1-fb32be9b0a55,large,16,low,0.03,0.0,frontier_exploration,1,,,disabled,66da6332362cbf876667b08f276bd50b7cdba93a73315a4f2302dc81e40e2eb2,fb32be9b0a559bc4685846851a9e9293ec0294c9858b123f3f884fa9e5178cbe,1.0,0.30078125,0.0,0,0.0,0,0,0,107,0.026656600006390363,100.60000000000001,0.790234375,True,1.0,0.0,99.0,0,0,0.0,0.15630841061525116,107,True,False,,2026-07-29T17:16:46.266794+00:00,2026-07-29T17:16:46.617122+00:00,True
large-low-n0.0-frontier_exploration-s2-4d5cb77e0ff3,large,16,low,0.03,0.0,frontier_exploration,2,,,disabled,66da6332362cbf876667b08f276bd50b7cdba93a73315a4f2302dc81e40e2eb2,4d5cb77e0ff3dcdc49da2a479efa08e199778f35bae06e21764327661f1fcb87,1.0,0.625,0.0,0,0.027777777777777776,7,7,0,252,0.16390020001563244,246.39999999999998,0.6190789473684211,True,1.0,8.5,245.0,0,0,0.0,0.1834146834361101,252,True,False,,2026-07-29T17:16:46.326308+00:00,2026-07-29T17:16:46.728974+00:00,True
large-low-n0.0-frontier_exploration-s3-6925c8e0b6af,large,16,low,0.03,0.0,frontier_exploration,3,,,disabled,66da6332362cbf876667b08f276bd50b7cdba93a73315a4f2302dc81e40e2eb2,6925c8e0b6af2f913d5262c5506c5bf012dd0d77ff5b0d1c175a5f04aadbde13,1.0,0.60546875,0.0,0,0.029914529914529916,7,7,0,234,0.058496200013905764,227.6,0.619140625,True,1.0,7.0,226.0,0,0,0.0,0.15257393235328776,234,True,False,,2026-07-29T17:16:46.400515+00:00,2026-07-29T17:16:46.459020+00:00,True
large-low-n0.0-frontier_exploration-s4-7a95bbcd643c,large,16,low,0.03,0.0,frontier_exploration,4,,,disabled,66da6332362cbf876667b08f276bd50b7cdba93a73315a4f2302dc81e40e2eb2,7a95bbcd643c31c2a68cf0e834bc3c425aed2c97b620d48fd494169708bbad18,1.0,0.453125,0.0,0,0.007352941176470588,1,1,0,136,0.030502299981890246,129.60000000000002,0.6859375,True,1.0,1.0,128.0,0,0,0.0,0.13091029284302802,136,True,False,,2026-07-29T17:16:46.459020+00:00,2026-07-29T17:16:46.490021+00:00,True
large-low-n0.0-frontier_exploration-s5-4092b8f5f5fe,large,16,low,0.03,0.0,frontier_exploration,5,,,disabled,66da6332362cbf876667b08f276bd50b7cdba93a73315a4f2302dc81e40e2eb2,4092b8f5f5fe0b04c9efa31f101ba7c8a7c7164c20267074ead8236f442d3eae,1.0,0.5703125,0.0,0,0.029556650246305417,6,6,0,203,0.046709699992788956,196.59999999999997,0.6139508928571428,True,1.0,6.0,195.0,0,0,0.0,0.13607783255103076,203,True,False,,2026-07-29T17:16:46.490021+00:00,2026-07-29T17:16:46.537530+00:00,True
large-low-n0.0-frontier_exploration-s6-4d9e46774aeb,large,16,low,0.03,0.0,frontier_exploration,6,,,disabled,66da6332362cbf876667b08f276bd50b7cdba93a73315a4f2302dc81e40e2eb2,4d9e46774aeb423a4d1764401e745b00f77797cb8acac38fa6d681a166b3605d,1.0,0.62109375,0.0,0,0.012195121951219513,3,3,0,246,0.22418369998922572,240.39999999999998,0.6613281249999999,True,1.0,3.0,239.0,0,0,0.0,0.14754309003313293,246,True,False,,2026-07-29T17:16:46.537530+00:00,2026-07-29T17:16:46.761977+00:00,True
large-low-n0.0-frontier_exploration-s7-8c2704c7674b,large,16,low,0.03,0.0,frontier_exploration,7,,,disabled,66da6332362cbf876667b08f276bd50b7cdba93a73315a4f2302dc81e40e2eb2,8c2704c7674b4445a3ecf27fc65ed31ce60eed3ca003f02942e772921753be8b,1.0,0.640625,0.0,0,0.0,0,0,0,248,0.0648578000254929,242.39999999999998,0.7121875,True,1.0,1.5,241.0,0,0,0.0,0.16398145183507773,248,True,False,,2026-07-29T17:16:46.617122+00:00,2026-07-29T17:16:46.683125+00:00,True
large-low-n0.0-frontier_exploration-s8-e07052f372c2,large,16,low,0.03,0.0,frontier_exploration,8,,,disabled,66da6332362cbf876667b08f276bd50b7cdba93a73315a4f2302dc81e40e2eb2,e07052f372c277f88f0ba35c38b0f330dda9e03e44ee166e5544b5efe9da7549,1.0,0.50390625,0.0,0,0.0,0,0,0,173,0.19117879998520948,166.6,0.7511718749999999,True,1.0,0.5,165.0,0,0,0.0,0.1492040474748379,173,True,False,,2026-07-29T17:16:46.683125+00:00,2026-07-29T17:16:47.212397+00:00,True
large-low-n0.0-frontier_exploration-s9-07a7a2388ace,large,16,low,0.03,0.0,frontier_exploration,9,,,disabled,66da6332362cbf876667b08f276bd50b7cdba93a73315a4f2302dc81e40e2eb2,07a7a2388ace56455d057f8ac8e3201c9f4b1d6d49c9ec5c17560aa0ec27bbfb,1.0,0.57421875,0.0,0,0.009569377990430622,2,2,0,209,0.05243409998365678,202.59999999999997,0.6579799107142857,True,1.0,2.5,201.0,0,0,0.0,0.1525105247062377,209,True,False,,2026-07-29T17:16:46.728974+00:00,2026-07-29T17:16:46.815087+00:00,True
large-low-n0.0-ppo-s0-cf6e71743c06,large,16,low,0.03,0.0,PPO,0,artifacts/final_submission/ppo/best_model.zip,7c54226fc8927d7ef7fcdc7d5f3ff29b11fa8d1463293a9d8e3b6bebad84cc11,disabled,66da6332362cbf876667b08f276bd50b7cdba93a73315a4f2302dc81e40e2eb2,cf6e71743c06c28c501354b29d9d5adae6928adf95a6f2952689994c7e7cecbc,0.125,0.015625,0.0,0,0.022727272727272728,8,8,0,352,0.29592720000073314,72.8000000000005,0.08802083333333333,False,0.0,8.0,3.0,0,0,0.0,0.6955272729927938,352,False,True,,2026-07-29T17:18:57.466134+00:00,2026-07-29T17:18:57.762267+00:00,True
large-low-n0.0-ppo-s1-f07c00aab25e,large,16,low,0.03,0.0,PPO,1,artifacts/final_submission/ppo/best_model.zip,7c54226fc8927d7ef7fcdc7d5f3ff29b11fa8d1463293a9d8e3b6bebad84cc11,disabled,66da6332362cbf876667b08f276bd50b7cdba93a73315a4f2302dc81e40e2eb2,f07c00aab25eecfa2ac53542c9b21585ccd76aa603fdc6db6272e3d2b26bd870,0.0,0.0078125,0.0,0,0.11931818181818182,42,42,0,352,0.3023749999993015,71.20000000000047,0.009320494186046512,False,0.0,42.0,1.0,0,0,0.0,0.7133815352062811,352,False,True,,2026-07-29T17:18:57.766246+00:00,2026-07-29T17:18:58.068534+00:00,True
large-low-n0.0-ppo-s2-5f899d8e4ebd,large,16,low,0.03,0.0,PPO,2,artifacts/final_submission/ppo/best_model.zip,7c54226fc8927d7ef7fcdc7d5f3ff29b11fa8d1463293a9d8e3b6bebad84cc11,disabled,66da6332362cbf876667b08f276bd50b7cdba93a73315a4f2302dc81e40e2eb2,5f899d8e4ebdc53b27c24b5258481875bf3e6c43013c1ad7912363c17b2699fe,0.0,0.00390625,0.0,0,0.019886363636363636,7,7,0,352,0.31361480001942255,70.40000000000046,0.038671875,False,0.0,7.0,0.0,0,0,0.0,0.7473602277472806,352,False,True,,2026-07-29T17:18:58.072537+00:00,2026-07-29T17:18:58.387076+00:00,True
large-low-n0.0-ppo-s3-97811549ec47,large,16,low,0.03,0.0,PPO,3,artifacts/final_submission/ppo/best_model.zip,7c54226fc8927d7ef7fcdc7d5f3ff29b11fa8d1463293a9d8e3b6bebad84cc11,disabled,66da6332362cbf876667b08f276bd50b7cdba93a73315a4f2302dc81e40e2eb2,97811549ec4725dc75a874edb6cecb0152e7c376a5bd5ac912711c2b33a1c695,0.0,0.0078125,0.0,0,0.056818181818181816,20,20,0,352,0.27753290001419373,71.20000000000047,0.016629464285714286,False,0.0,20.0,1.0,0,0,0.0,0.6466531254277057,352,False,True,,2026-07-29T17:18:58.395067+00:00,2026-07-29T17:18:58.672767+00:00,True
large-low-n0.0-ppo-s4-85e43460e742,large,16,low,0.03,0.0,PPO,4,artifacts/final_submission/ppo/best_model.zip,7c54226fc8927d7ef7fcdc7d5f3ff29b11fa8d1463293a9d8e3b6bebad84cc11,disabled,66da6332362cbf876667b08f276bd50b7cdba93a73315a4f2302dc81e40e2eb2,85e43460e74215eb08290e17e8f24a1fffdc9ea4da96d4d7a344000e30646d35,0.0,0.01953125,0.0,0,0.1278409090909091,45,45,0,352,0.2881597999949008,73.60000000000049,0.012381114130434783,False,0.0,45.0,4.0,0,0,0.0,0.6672090917576994,352,False,True,,2026-07-29T17:18:58.676772+00:00,2026-07-29T17:18:58.965310+00:00,True
large-low-n0.0-ppo-s5-00ebb14f1192,large,16,low,0.03,0.0,PPO,5,artifacts/final_submission/ppo/best_model.zip,7c54226fc8927d7ef7fcdc7d5f3ff29b11fa8d1463293a9d8e3b6bebad84cc11,disabled,66da6332362cbf876667b08f276bd50b7cdba93a73315a4f2302dc81e40e2eb2,00ebb14f1192b7dd910cf17e8a289dbb281a0e2547a430429c17ffcbac1e28b1,0.0,0.0078125,0.0,0,0.0,0,0,0,352,0.2868855000124313,71.20000000000047,0.30234374999999997,False,0.0,0.0,1.0,0,0,0.0,0.6692624992865603,352,False,True,,2026-07-29T17:18:58.970327+00:00,2026-07-29T17:18:59.257522+00:00,True
large-low-n0.0-ppo-s6-f7241d5bb465,large,16,low,0.03,0.0,PPO,6,artifacts/final_submission/ppo/best_model.zip,7c54226fc8927d7ef7fcdc7d5f3ff29b11fa8d1463293a9d8e3b6bebad84cc11,disabled,66da6332362cbf876667b08f276bd50b7cdba93a73315a4f2302dc81e40e2eb2,f7241d5bb4659b73ec65b79a2bf712c33b17da8f15671d6f0488e508dea9f553,0.0,0.00390625,0.0,0,0.0,0,0,0,352,0.2863008999847807,70.40000000000046,0.301171875,False,0.0,0.0,0.0,0,0,0.0,0.6685926127002776,352,False,True,,2026-07-29T17:18:59.262525+00:00,2026-07-29T17:18:59.549101+00:00,True
large-low-n0.0-ppo-s7-82302e4a4c6b,large,16,low,0.03,0.0,PPO,7,artifacts/final_submission/ppo/best_model.zip,7c54226fc8927d7ef7fcdc7d5f3ff29b11fa8d1463293a9d8e3b6bebad84cc11,disabled,66da6332362cbf876667b08f276bd50b7cdba93a73315a4f2302dc81e40e2eb2,82302e4a4c6ba4c26f3af6ec057c64fb3c5e46774bf933d43bb32dba7beff05a,0.125,0.00390625,0.0,0,0.0,0,0,0,352,0.2861999000015203,70.40000000000046,0.351171875,False,0.0,0.0,0.0,0,0,0.0,0.6683965913742379,352,False,True,,2026-07-29T17:18:59.552666+00:00,2026-07-29T17:18:59.839679+00:00,True
large-low-n0.0-ppo-s8-c13b6c2ff093,large,16,low,0.03,0.0,PPO,8,artifacts/final_submission/ppo/best_model.zip,7c54226fc8927d7ef7fcdc7d5f3ff29b11fa8d1463293a9d8e3b6bebad84cc11,disabled,66da6332362cbf876667b08f276bd50b7cdba93a73315a4f2302dc81e40e2eb2,c13b6c2ff09375e1f401c6071b073c8c1c01ce729b916665a86ef3c78ee94169,0.0,0.0078125,0.0,0,0.022727272727272728,8,8,0,352,0.2914642999821808,71.20000000000047,0.03567708333333333,False,0.0,8.0,1.0,0,0,0.0,0.6854150568952636,352,False,True,,2026-07-29T17:18:59.843686+00:00,2026-07-29T17:19:00.135554+00:00,True
large-low-n0.0-ppo-s9-e0f5c169afb0,large,16,low,0.03,0.0,PPO,9,artifacts/final_submission/ppo/best_model.zip,7c54226fc8927d7ef7fcdc7d5f3ff29b11fa8d1463293a9d8e3b6bebad84cc11,disabled,66da6332362cbf876667b08f276bd50b7cdba93a73315a4f2302dc81e40e2eb2,e0f5c169afb06930423ac748341ec4dc184145971705d27cfb9370f7b2c759b7,0.0,0.0078125,0.0,0,0.014204545454545454,5,5,0,352,0.28934570000274107,71.20000000000047,0.052343749999999994,False,0.0,5.0,1.0,0,0,0.0,0.6690366488493799,352,False,True,,2026-07-29T17:19:00.138579+00:00,2026-07-29T17:19:00.429148+00:00,True
large-low-n0.0-sac-s0-1cd8198a41cf,large,16,low,0.03,0.0,SAC,0,artifacts/final_submission/sac/best_model.zip,78fe38fcc78df0ba8f98bd07af373848833876e7ec5ddf1486cec9a3cd9ba44c,disabled,66da6332362cbf876667b08f276bd50b7cdba93a73315a4f2302dc81e40e2eb2,1cd8198a41cfccd2d1778b510aa4850a6b121616a017805ca85f928c72363789,0.125,0.1015625,0.0,0,0.05397727272727273,19,31,12,352,0.3230051999853458,122.40000000000067,0.08880208333333334,False,0.0,35.0,65.0,0,0,0.0,0.7624840905422885,352,False,True,,2026-07-29T17:19:00.432591+00:00,2026-07-29T17:19:00.755683+00:00,True
large-low-n0.0-sac-s1-da8b7d8293ac,large,16,low,0.03,0.0,SAC,1,artifacts/final_submission/sac/best_model.zip,78fe38fcc78df0ba8f98bd07af373848833876e7ec5ddf1486cec9a3cd9ba44c,disabled,66da6332362cbf876667b08f276bd50b7cdba93a73315a4f2302dc81e40e2eb2,da8b7d8293ac5e4482b369896f7b903a10452a17996b4b1564a7658b02cfe4f1,0.0,0.11328125,1.0,247,0.04261363636363636,15,15,0,352,0.3158502000151202,345.6,0.03512289492409867,False,0.0,262.5,97.0,0,0,0.0,0.7430056822902936,352,False,True,,2026-07-29T17:19:00.759508+00:00,2026-07-29T17:19:01.075753+00:00,True
large-low-n0.0-sac-s2-522ffe9d9a0a,large,16,low,0.03,0.0,SAC,2,artifacts/final_submission/sac/best_model.zip,78fe38fcc78df0ba8f98bd07af373848833876e7ec5ddf1486cec9a3cd9ba44c,disabled,66da6332362cbf876667b08f276bd50b7cdba93a73315a4f2302dc81e40e2eb2,522ffe9d9a0ad68a910db9a57aba99f8cbcb6f7389b976d716c95b2b7e328a81,0.0,0.01953125,1.0,317,0.06818181818181818,24,24,0,352,0.31137079998734407,352.0,0.0067365679824561405,False,0.0,341.0,35.0,0,0,0.0,0.7305997171649572,352,False,True,,2026-07-29T17:19:01.079757+00:00,2026-07-29T17:19:01.390785+00:00,True
large-low-n0.0-sac-s3-55f7ec28b1f6,large,16,low,0.03,0.0,SAC,3,artifacts/final_submission/sac/best_model.zip,78fe38fcc78df0ba8f98bd07af373848833876e7ec5ddf1486cec9a3cd9ba44c,disabled,66da6332362cbf876667b08f276bd50b7cdba93a73315a4f2302dc81e40e2eb2,55f7ec28b1f68a4eb203f11debfc782f3d106e10253f908bdba2041edf4a0aaf,0.125,0.06640625,0.0,0,0.056818181818181816,20,21,1,352,0.30140699999174103,232.0,0.08355823863636364,False,0.0,21.0,202.0,0,0,0.0,0.7021213069409978,352,False,True,,2026-07-29T17:19:01.395879+00:00,2026-07-29T17:19:01.698329+00:00,True
large-low-n0.0-sac-s4-6c4dec08f12c,large,16,low,0.03,0.0,SAC,4,artifacts/final_submission/sac/best_model.zip,78fe38fcc78df0ba8f98bd07af373848833876e7ec5ddf1486cec9a3cd9ba44c,disabled,66da6332362cbf876667b08f276bd50b7cdba93a73315a4f2302dc81e40e2eb2,6c4dec08f12c520cfbd361cd291b38ec5ac593095332a22447e75d83e07fbfd5,0.0,0.03515625,1.0,2,0.045454545454545456,16,16,0,352,0.27560719999019057,167.99999999999824,0.026336348684210524,False,0.0,18.0,120.0,0,0,0.0,0.6315349429231983,352,False,True,,2026-07-29T17:19:01.701330+00:00,2026-07-29T17:19:01.977866+00:00,True
large-low-n0.0-sac-s5-cf224cada0bd,large,16,low,0.03,0.0,SAC,5,artifacts/final_submission/sac/best_model.zip,78fe38fcc78df0ba8f98bd07af373848833876e7ec5ddf1486cec9a3cd9ba44c,disabled,66da6332362cbf876667b08f276bd50b7cdba93a73315a4f2302dc81e40e2eb2,cf224cada0bd610ab7272b9fce72f9442ea32752aa5f850721a8d54b91969420,0.0,0.06640625,1.0,178,0.028409090909090908,10,12,2,352,0.28041080001275986,241.59999999999843,0.02149255562827225,False,0.0,190.0,36.0,0,0,0.0,0.6411997156564294,352,False,True,,2026-07-29T17:19:01.981872+00:00,2026-07-29T17:19:02.263001+00:00,True
large-low-n0.0-sac-s6-dbc824f4df91,large,16,low,0.03,0.0,SAC,6,artifacts/final_submission/sac/best_model.zip,78fe38fcc78df0ba8f98bd07af373848833876e7ec5ddf1486cec9a3cd9ba44c,disabled,66da6332362cbf876667b08f276bd50b7cdba93a73315a4f2302dc81e40e2eb2,dbc824f4df911ec62ff5f6bb07b177b402b73eec2069d29eb318938bb0ce339f,0.0,0.00390625,0.0,0,0.0,0,0,0,352,0.2778772999881767,70.40000000000046,0.301171875,False,0.0,0.0,0.0,0,0,0.0,0.637353124561328,352,False,True,,2026-07-29T17:19:02.266001+00:00,2026-07-29T17:19:02.544135+00:00,True
large-low-n0.0-sac-s7-f6e910a087fa,large,16,low,0.03,0.0,SAC,7,artifacts/final_submission/sac/best_model.zip,78fe38fcc78df0ba8f98bd07af373848833876e7ec5ddf1486cec9a3cd9ba44c,disabled,66da6332362cbf876667b08f276bd50b7cdba93a73315a4f2302dc81e40e2eb2,f6e910a087fa8bf886604f01fcc7496c57a25cf66b344dbbc66ec44dd9c713f2,0.25,0.0234375,1.0,24,0.07386363636363637,26,26,0,352,0.28071239998098463,93.60000000000082,0.11291360294117647,False,0.0,50.0,5.0,0,0,0.0,0.640505681572408,352,False,True,,2026-07-29T17:19:02.548136+00:00,2026-07-29T17:19:02.828701+00:00,True
large-low-n0.0-sac-s8-825fa7fa3a4d,large,16,low,0.03,0.0,SAC,8,artifacts/final_submission/sac/best_model.zip,78fe38fcc78df0ba8f98bd07af373848833876e7ec5ddf1486cec9a3cd9ba44c,disabled,66da6332362cbf876667b08f276bd50b7cdba93a73315a4f2302dc81e40e2eb2,825fa7fa3a4d409accad9f4bdaf548d278d2e78ef2569f18322dbb070f1293b5,0.0,0.00390625,0.0,0,0.0,0,0,0,352,0.2760781999968458,70.40000000000046,0.301171875,False,0.0,0.0,0.0,0,0,0.0,0.6346690345460295,352,False,True,,2026-07-29T17:19:02.832716+00:00,2026-07-29T17:19:03.108718+00:00,True
large-low-n0.0-sac-s9-b339e80456ce,large,16,low,0.03,0.0,SAC,9,artifacts/final_submission/sac/best_model.zip,78fe38fcc78df0ba8f98bd07af373848833876e7ec5ddf1486cec9a3cd9ba44c,disabled,66da6332362cbf876667b08f276bd50b7cdba93a73315a4f2302dc81e40e2eb2,b339e80456ce286c4a8b017ba369ea97269e36a6149c4a209ac318f39d82447f,0.0,0.00390625,1.0,1,0.017045454545454544,6,6,0,352,0.2839844000118319,71.20000000000046,0.038671875,False,0.0,7.0,0.0,0,0,0.0,0.645957387198657,352,False,True,,2026-07-29T17:19:03.112696+00:00,2026-07-29T17:19:03.397118+00:00,True
large-low-n0.0-riskshield_ppo-s0-13a2878d36cb,large,16,low,0.03,0.0,RiskShield-PPO,0,artifacts/final_submission/riskshield_ppo/best_model.zip,d6c91caeb9bb10db866cbfe947ef1cc3db0ea8dc7470d098c9af6298ab75c812,k_step,66da6332362cbf876667b08f276bd50b7cdba93a73315a4f2302dc81e40e2eb2,13a2878d36cb0bfe22a594bd428d6b6f86bc7250bb8fc129e3b48c5f90e9b029,0.0,0.01171875,0.0,0,0.019886363636363636,7,7,0,352,0.30191030001151375,73.60000000000048,0.041015625,False,0.0,7.0,4.0,10,7,0.0,0.670419317926148,352,False,True,,2026-07-29T17:19:03.400120+00:00,2026-07-29T17:19:03.702375+00:00,True
large-low-n0.0-riskshield_ppo-s1-baf31377f831,large,16,low,0.03,0.0,RiskShield-PPO,1,artifacts/final_submission/riskshield_ppo/best_model.zip,d6c91caeb9bb10db866cbfe947ef1cc3db0ea8dc7470d098c9af6298ab75c812,k_step,66da6332362cbf876667b08f276bd50b7cdba93a73315a4f2302dc81e40e2eb2,baf31377f8317e6465e284b86ca3042f9749eff7e87755ff2192cf095802d28f,0.0,0.04296875,0.0,0,0.005681818181818182,2,2,0,352,0.2903379000199493,85.60000000000049,0.112890625,False,0.0,2.0,19.0,22,2,0.0,0.6404505682605138,352,False,True,,2026-07-29T17:19:03.706289+00:00,2026-07-29T17:19:03.996533+00:00,True
large-low-n0.0-riskshield_ppo-s2-0c0e4c7c03f9,large,16,low,0.03,0.0,RiskShield-PPO,2,artifacts/final_submission/riskshield_ppo/best_model.zip,d6c91caeb9bb10db866cbfe947ef1cc3db0ea8dc7470d098c9af6298ab75c812,k_step,66da6332362cbf876667b08f276bd50b7cdba93a73315a4f2302dc81e40e2eb2,0c0e4c7c03f9293402c60db57c108481aa78d79247f03b9aec2a53c57b825015,0.0,0.00390625,0.0,0,0.019886363636363636,7,7,0,352,0.2818329999863636,70.40000000000046,0.038671875,False,0.0,7.0,0.0,7,7,0.0,0.6256582393523952,352,False,True,,2026-07-29T17:19:04.000620+00:00,2026-07-29T17:19:04.282798+00:00,True
large-low-n0.0-riskshield_ppo-s3-401f8d857355,large,16,low,0.03,0.0,RiskShield-PPO,3,artifacts/final_submission/riskshield_ppo/best_model.zip,d6c91caeb9bb10db866cbfe947ef1cc3db0ea8dc7470d098c9af6298ab75c812,k_step,66da6332362cbf876667b08f276bd50b7cdba93a73315a4f2302dc81e40e2eb2,401f8d857355d5932d5801120fc06d8446e7fa5f34ab68b20529581c3e4b3d83,0.125,0.01171875,0.0,0,0.0,0,0,0,352,0.2896284000016749,72.00000000000047,0.353515625,False,0.0,0.0,2.0,1,0,0.0,0.6452534092783356,352,False,True,,2026-07-29T17:19:04.285804+00:00,2026-07-29T17:19:04.575614+00:00,True
large-low-n0.0-riskshield_ppo-s4-87e31280a419,large,16,low,0.03,0.0,RiskShield-PPO,4,artifacts/final_submission/riskshield_ppo/best_model.zip,d6c91caeb9bb10db866cbfe947ef1cc3db0ea8dc7470d098c9af6298ab75c812,k_step,66da6332362cbf876667b08f276bd50b7cdba93a73315a4f2302dc81e40e2eb2,87e31280a41939b86aeeacfa4cd47b1702a8a5c648e1fbb7cec0dc4fc815d25f,0.0,0.0234375,0.0,0,0.005681818181818182,2,2,0,352,0.29295810000621714,74.40000000000052,0.10703125,False,0.0,2.0,5.0,6,2,0.0,0.6505676138575919,352,False,True,,2026-07-29T17:19:04.579539+00:00,2026-07-29T17:19:04.872886+00:00,True
large-low-n0.0-riskshield_ppo-s5-91c4994b9b72,large,16,low,0.03,0.0,RiskShield-PPO,5,artifacts/final_submission/riskshield_ppo/best_model.zip,d6c91caeb9bb10db866cbfe947ef1cc3db0ea8dc7470d098c9af6298ab75c812,k_step,66da6332362cbf876667b08f276bd50b7cdba93a73315a4f2302dc81e40e2eb2,91c4994b9b7212002ed9ac1aa0b3f8534f0a08375eb748e1caeb34ab27f2dc96,0.0,0.01171875,0.0,0,0.008522727272727272,3,3,0,352,0.2915344000211917,72.00000000000045,0.07851562499999999,False,0.0,3.0,2.0,5,3,0.0,0.6464144893140077,352,False,True,,2026-07-29T17:19:04.876834+00:00,2026-07-29T17:19:05.168337+00:00,True
large-low-n0.0-riskshield_ppo-s6-a24eeeda90fd,large,16,low,0.03,0.0,RiskShield-PPO,6,artifacts/final_submission/riskshield_ppo/best_model.zip,d6c91caeb9bb10db866cbfe947ef1cc3db0ea8dc7470d098c9af6298ab75c812,k_step,66da6332362cbf876667b08f276bd50b7cdba93a73315a4f2302dc81e40e2eb2,a24eeeda90fd4a0eb116c655452944af0b43a56c6cf87008f397c6e97aa64ad3,0.0,0.00390625,0.0,0,0.0,0,0,0,352,0.2911049999820534,70.40000000000046,0.301171875,False,0.0,0.0,0.0,0,0,0.0,0.6517144894876931,352,False,True,,2026-07-29T17:19:05.171348+00:00,2026-07-29T17:19:05.463107+00:00,True
large-low-n0.0-riskshield_ppo-s7-f03e8a766857,large,16,low,0.03,0.0,RiskShield-PPO,7,artifacts/final_submission/riskshield_ppo/best_model.zip,d6c91caeb9bb10db866cbfe947ef1cc3db0ea8dc7470d098c9af6298ab75c812,k_step,66da6332362cbf876667b08f276bd50b7cdba93a73315a4f2302dc81e40e2eb2,f03e8a766857fe326e7f22493e8ed659f05b983dc1796ecfbe0a39b12fba348a,0.25,0.03515625,0.0,0,0.07386363636363637,26,26,0,352,0.2929846000042744,77.60000000000056,0.12165798611111112,False,0.0,26.0,9.0,38,26,0.0,0.6479869311574888,352,False,True,,2026-07-29T17:19:05.466995+00:00,2026-07-29T17:19:05.759792+00:00,True
large-low-n0.0-riskshield_ppo-s8-d5859bf3375e,large,16,low,0.03,0.0,RiskShield-PPO,8,artifacts/final_submission/riskshield_ppo/best_model.zip,d6c91caeb9bb10db866cbfe947ef1cc3db0ea8dc7470d098c9af6298ab75c812,k_step,66da6332362cbf876667b08f276bd50b7cdba93a73315a4f2302dc81e40e2eb2,d5859bf3375e4e3d0c4b41bfca805b85bed61f17d9863af7220c8f67299e9255,0.0,0.00390625,0.0,0,0.0,0,0,0,352,0.28748369999811985,70.40000000000046,0.301171875,False,0.0,0.0,0.0,0,0,0.0,0.64106477285267,352,False,True,,2026-07-29T17:19:05.763803+00:00,2026-07-29T17:19:06.051841+00:00,True
large-low-n0.0-riskshield_ppo-s9-d970ca465d38,large,16,low,0.03,0.0,RiskShield-PPO,9,artifacts/final_submission/riskshield_ppo/best_model.zip,d6c91caeb9bb10db866cbfe947ef1cc3db0ea8dc7470d098c9af6298ab75c812,k_step,66da6332362cbf876667b08f276bd50b7cdba93a73315a4f2302dc81e40e2eb2,d970ca465d38acbaf189c044f5d97c578ff168515566420cad10e5d53dedcc3e,0.0,0.00390625,0.0,0,0.017045454545454544,6,6,0,352,0.2965260000200942,70.40000000000046,0.04402901785714286,False,0.0,6.0,0.0,6,6,0.0,0.6521664770182476,352,False,True,,2026-07-29T17:19:06.054842+00:00,2026-07-29T17:19:06.352091+00:00,True
large-low-n0.1-risk_aware_astar-s0-97c5f38454ea,large,16,low,0.03,0.1,risk_aware_astar,0,,,disabled,66da6332362cbf876667b08f276bd50b7cdba93a73315a4f2302dc81e40e2eb2,97c5f38454ea72d713597e1e620d44e67f55b1175b43458c2b453793c4d71e6d,1.0,0.18359375,0.0,0,0.015873015873015872,1,1,0,63,0.03711699999985285,56.60000000000001,0.605078125,True,1.0,1.0,55.0,0,0,0.0,0.4898999995064168,63,True,False,,2026-07-29T17:16:46.761977+00:00,2026-07-29T17:16:46.916600+00:00,True
large-low-n0.1-risk_aware_astar-s1-09b61f70ee93,large,16,low,0.03,0.1,risk_aware_astar,1,,,disabled,66da6332362cbf876667b08f276bd50b7cdba93a73315a4f2302dc81e40e2eb2,09b61f70ee934ade406bdaff8d3687ad98880a2bcb479b2180623aa8587fea76,1.0,0.12890625,0.0,0,0.0,0,0,0,47,0.015462600014870986,40.6,0.7386718750000001,True,1.0,0.0,39.0,0,0,0.0,0.23148936328497974,47,True,False,,2026-07-29T17:16:46.815087+00:00,2026-07-29T17:16:46.831087+00:00,True
large-low-n0.1-risk_aware_astar-s2-e8e0abfb2f50,large,16,low,0.03,0.1,risk_aware_astar,2,,,disabled,66da6332362cbf876667b08f276bd50b7cdba93a73315a4f2302dc81e40e2eb2,e8e0abfb2f50a0f1ff78b3aa035f215796c8329ba3a683b0fffe3fbf2648e2d7,1.0,0.15234375,0.0,0,0.06,3,3,0,50,0.02443289998336695,44.400000000000006,0.505703125,True,1.0,4.0,43.0,0,0,0.0,0.38501199800521135,50,True,False,,2026-07-29T17:16:46.831087+00:00,2026-07-29T17:16:46.872088+00:00,True
large-low-n0.1-risk_aware_astar-s3-a80c22245e11,large,16,low,0.03,0.1,risk_aware_astar,3,,,disabled,66da6332362cbf876667b08f276bd50b7cdba93a73315a4f2302dc81e40e2eb2,a80c22245e11ffd3ea18cb9f1e051f78c8f06964a3c23513f30c523402d00138,1.0,0.15625,0.0,0,0.016666666666666666,1,1,0,60,0.19513509998796508,53.60000000000001,0.596875,True,1.0,1.0,52.0,0,0,0.0,0.37661166619121406,60,True,False,,2026-07-29T17:16:46.872088+00:00,2026-07-29T17:16:47.067784+00:00,True
large-low-n0.1-risk_aware_astar-s4-9c3d47ed27a9,large,16,low,0.03,0.1,risk_aware_astar,4,,,disabled,66da6332362cbf876667b08f276bd50b7cdba93a73315a4f2302dc81e40e2eb2,9c3d47ed27a9c0afcea98609cdf54a16521436016a6c349e7616b5037f66c945,1.0,0.1875,0.0,0,0.0,0,0,0,56,0.017639400000916794,49.60000000000001,0.7562500000000001,True,1.0,0.0,48.0,0,0,0.0,0.2183910712899108,56,True,False,,2026-07-29T17:16:46.916600+00:00,2026-07-29T17:16:46.947846+00:00,True
large-low-n0.1-risk_aware_astar-s5-b0de4c2bf22b,large,16,low,0.03,0.1,risk_aware_astar,5,,,disabled,66da6332362cbf876667b08f276bd50b7cdba93a73315a4f2302dc81e40e2eb2,b0de4c2bf22bf24b37d9f01b3193d04e9c902e6cc43bdab2911eb29c01f030a6,1.0,0.1484375,0.0,0,0.0,0,0,0,47,0.13677790001383983,40.599999999999994,0.7445312500000001,True,1.0,0.0,39.0,0,0,0.0,0.21933616842440468,47,True,False,,2026-07-29T17:16:46.929600+00:00,2026-07-29T17:16:47.367643+00:00,True
large-low-n0.1-risk_aware_astar-s6-6aaa8dd56a9b,large,16,low,0.03,0.1,risk_aware_astar,6,,,disabled,66da6332362cbf876667b08f276bd50b7cdba93a73315a4f2302dc81e40e2eb2,6aaa8dd56a9bbacae71702a81629acd17c6cce757420e8bc29513f59270ed619,1.0,0.1953125,0.0,0,0.0,0,0,0,76,0.04041859999415465,70.4,0.75859375,True,1.0,0.0,69.0,0,0,0.0,0.432614471815453,76,True,False,,2026-07-29T17:16:46.947846+00:00,2026-07-29T17:16:46.988242+00:00,True
large-low-n0.1-risk_aware_astar-s7-56540dced73f,large,16,low,0.03,0.1,risk_aware_astar,7,,,disabled,66da6332362cbf876667b08f276bd50b7cdba93a73315a4f2302dc81e40e2eb2,56540dced73f39391ae7c045e1d7e5343cf166ab7047a5c4bff55a000f9fe881,1.0,0.15625,0.0,0,0.0,0,0,0,49,0.017744499986292794,42.6,0.746875,True,1.0,0.0,41.0,0,0,0.0,0.26431224399189257,49,True,False,,2026-07-29T17:16:46.988242+00:00,2026-07-29T17:16:47.007230+00:00,True
large-low-n0.1-risk_aware_astar-s8-67332de04ad8,large,16,low,0.03,0.1,risk_aware_astar,8,,,disabled,66da6332362cbf876667b08f276bd50b7cdba93a73315a4f2302dc81e40e2eb2,67332de04ad86916fce5d6ad561f9353a86e99a8c59a28da3e3d9a680e9c8ce1,1.0,0.171875,0.0,0,0.015151515151515152,1,1,0,66,0.22294129998772405,59.6,0.6015625,True,1.0,1.0,58.0,0,0,0.0,0.3757772717631958,66,True,False,,2026-07-29T17:16:47.007230+00:00,2026-07-29T17:16:47.230661+00:00,True
large-low-n0.1-risk_aware_astar-s9-e1e3500b5e6e,large,16,low,0.03,0.1,risk_aware_astar,9,,,disabled,66da6332362cbf876667b08f276bd50b7cdba93a73315a4f2302dc81e40e2eb2,e1e3500b5e6ececd08f4c92e2e7870e230a2e66fb9f743a72e5e580d35c02437,1.0,0.1953125,0.0,0,0.010869565217391304,1,1,0,92,0.06668780001928098,85.60000000000001,0.60859375,True,1.0,1.0,84.0,0,0,0.0,0.6253076100382833,92,True,False,,2026-07-29T17:16:47.067784+00:00,2026-07-29T17:16:47.135313+00:00,True
large-low-n0.1-frontier_exploration-s0-89c674f17e5b,large,16,low,0.03,0.1,frontier_exploration,0,,,disabled,66da6332362cbf876667b08f276bd50b7cdba93a73315a4f2302dc81e40e2eb2,89c674f17e5b10800476e4476bdaeeed6878c79120e1c70bd24b32a75f54c6ce,1.0,0.578125,0.0,0,0.0,0,0,0,191,0.06281180001678877,186.2,0.8734375000000001,True,1.0,0.0,185.0,0,0,0.0,0.13876596849085032,191,True,False,,2026-07-29T17:16:47.135313+00:00,2026-07-29T17:16:47.198318+00:00,True
large-low-n0.1-frontier_exploration-s1-73fcb801f479,large,16,low,0.03,0.1,frontier_exploration,1,,,disabled,66da6332362cbf876667b08f276bd50b7cdba93a73315a4f2302dc81e40e2eb2,73fcb801f4791dadb5fdcc4b0b0408df4cd5dc47319bb4a0ac0877ae096e5b4b,1.0,0.30078125,0.0,0,0.0,0,0,0,107,0.059997000003932044,100.60000000000001,0.790234375,True,1.0,0.0,99.0,0,0,0.0,0.16115420627425137,107,True,False,,2026-07-29T17:16:47.198318+00:00,2026-07-29T17:16:47.259133+00:00,True
large-low-n0.1-frontier_exploration-s2-b622fa4548a4,large,16,low,0.03,0.1,frontier_exploration,2,,,disabled,66da6332362cbf876667b08f276bd50b7cdba93a73315a4f2302dc81e40e2eb2,b622fa4548a41c072eacf452f81c553cc90066b216b7b7b4bfccf19578afcb9c,1.0,0.625,0.0,0,0.027777777777777776,7,7,0,252,0.07024790000286885,246.39999999999998,0.6190789473684211,True,1.0,8.5,245.0,0,0,0.0,0.1815202379634323,252,True,False,,2026-07-29T17:16:47.212397+00:00,2026-07-29T17:16:47.329640+00:00,True
large-low-n0.1-frontier_exploration-s3-af34692db4b3,large,16,low,0.03,0.1,frontier_exploration,3,,,disabled,66da6332362cbf876667b08f276bd50b7cdba93a73315a4f2302dc81e40e2eb2,af34692db4b3c1b77fde563a568f2c95391ffa1dda5539e3027f18d4b9d53ffb,1.0,0.60546875,0.0,0,0.029914529914529916,7,7,0,234,0.08839449999504723,227.6,0.619140625,True,1.0,7.0,226.0,0,0,0.0,0.15468675253662065,234,True,False,,2026-07-29T17:16:47.230661+00:00,2026-07-29T17:16:47.418200+00:00,True
large-low-n0.1-frontier_exploration-s4-2fd442430205,large,16,low,0.03,0.1,frontier_exploration,4,,,disabled,66da6332362cbf876667b08f276bd50b7cdba93a73315a4f2302dc81e40e2eb2,2fd4424302059f99addf3c9fa0d6271db0a3f375729cc8944e4f86e9348862bc,1.0,0.453125,0.0,0,0.007352941176470588,1,1,0,136,0.054674699989845976,129.60000000000002,0.6859375,True,1.0,1.0,128.0,0,0,0.0,0.13755735113484072,136,True,False,,2026-07-29T17:16:47.259133+00:00,2026-07-29T17:16:47.614903+00:00,True
large-low-n0.1-frontier_exploration-s5-448774b09e0d,large,16,low,0.03,0.1,frontier_exploration,5,,,disabled,66da6332362cbf876667b08f276bd50b7cdba93a73315a4f2302dc81e40e2eb2,448774b09e0d8041a7ad71748cfb512f44ede0b59b675cf0c5b14a93b0ddb8d4,1.0,0.5703125,0.0,0,0.029556650246305417,6,6,0,203,0.24716670002089813,196.59999999999997,0.6139508928571428,True,1.0,6.0,195.0,0,0,0.0,0.13800985176974145,203,True,False,,2026-07-29T17:16:47.329640+00:00,2026-07-29T17:16:47.585856+00:00,True
large-low-n0.1-frontier_exploration-s6-b4d2cae164ac,large,16,low,0.03,0.1,frontier_exploration,6,,,disabled,66da6332362cbf876667b08f276bd50b7cdba93a73315a4f2302dc81e40e2eb2,b4d2cae164acf8dd9457d1a78be22567b210b7c2dc772e04ca5a7c6404d914ec,1.0,0.62109375,0.0,0,0.012195121951219513,3,3,0,246,0.06065250001847744,240.39999999999998,0.6613281249999999,True,1.0,3.0,239.0,0,0,0.0,0.1499756094781924,246,True,False,,2026-07-29T17:16:47.367643+00:00,2026-07-29T17:16:47.479516+00:00,True
large-low-n0.1-frontier_exploration-s7-a3c2915b8799,large,16,low,0.03,0.1,frontier_exploration,7,,,disabled,66da6332362cbf876667b08f276bd50b7cdba93a73315a4f2302dc81e40e2eb2,a3c2915b8799726834c6a13a1b8baa9a4f4938a7c2029b193be97866481484b0,1.0,0.640625,0.0,0,0.0,0,0,0,248,0.06601929999305867,242.39999999999998,0.7121875,True,1.0,1.5,241.0,0,0,0.0,0.1640540324461331,248,True,False,,2026-07-29T17:16:47.418200+00:00,2026-07-29T17:16:47.750712+00:00,True
large-low-n0.1-frontier_exploration-s8-73677d94ee90,large,16,low,0.03,0.1,frontier_exploration,8,,,disabled,66da6332362cbf876667b08f276bd50b7cdba93a73315a4f2302dc81e40e2eb2,73677d94ee90d2b659749635e2d56f30fe74be34d8ffc515b418ec1748b4dc90,1.0,0.50390625,0.0,0,0.0,0,0,0,173,0.043124300020281225,166.6,0.7511718749999999,True,1.0,0.5,165.0,0,0,0.0,0.15027456626839764,173,True,False,,2026-07-29T17:16:47.479516+00:00,2026-07-29T17:16:47.522578+00:00,True
large-low-n0.1-frontier_exploration-s9-28692b453c27,large,16,low,0.03,0.1,frontier_exploration,9,,,disabled,66da6332362cbf876667b08f276bd50b7cdba93a73315a4f2302dc81e40e2eb2,28692b453c2727f93185bd488dfa9069125f56ca71aa8bbfe0dd3e928050a346,1.0,0.57421875,0.0,0,0.009569377990430622,2,2,0,209,0.27856099998462014,202.59999999999997,0.6579799107142857,True,1.0,2.5,201.0,0,0,0.0,0.15382823070876622,209,True,False,,2026-07-29T17:16:47.523578+00:00,2026-07-29T17:16:47.801642+00:00,True
large-low-n0.1-ppo-s0-2ad8ab2cbf86,large,16,low,0.03,0.1,PPO,0,artifacts/final_submission/ppo/best_model.zip,7c54226fc8927d7ef7fcdc7d5f3ff29b11fa8d1463293a9d8e3b6bebad84cc11,disabled,66da6332362cbf876667b08f276bd50b7cdba93a73315a4f2302dc81e40e2eb2,2ad8ab2cbf8695a8db932bc9319d5d5528a38f196179d2884ad7f0e0ce9cd648,0.125,0.015625,0.0,0,0.022727272727272728,8,8,0,352,0.2826238999841735,72.8000000000005,0.08802083333333333,False,0.0,8.0,3.0,0,0,0.0,0.6520190339539443,352,False,True,,2026-07-29T17:19:06.355070+00:00,2026-07-29T17:19:06.638988+00:00,True
large-low-n0.1-ppo-s1-7835496de908,large,16,low,0.03,0.1,PPO,1,artifacts/final_submission/ppo/best_model.zip,7c54226fc8927d7ef7fcdc7d5f3ff29b11fa8d1463293a9d8e3b6bebad84cc11,disabled,66da6332362cbf876667b08f276bd50b7cdba93a73315a4f2302dc81e40e2eb2,7835496de908ab8ad04d8e57e6a035b86c32c378bcb69ac1388b2b04f925645e,0.0,0.0078125,0.0,0,0.11931818181818182,42,42,0,352,0.27865679998649284,71.20000000000047,0.009320494186046512,False,0.0,42.0,1.0,0,0,0.0,0.6462107954079825,352,False,True,,2026-07-29T17:19:06.642914+00:00,2026-07-29T17:19:06.921782+00:00,True
large-low-n0.1-ppo-s2-0d73939c081a,large,16,low,0.03,0.1,PPO,2,artifacts/final_submission/ppo/best_model.zip,7c54226fc8927d7ef7fcdc7d5f3ff29b11fa8d1463293a9d8e3b6bebad84cc11,disabled,66da6332362cbf876667b08f276bd50b7cdba93a73315a4f2302dc81e40e2eb2,0d73939c081ab6f7b5445c83ea33037a3040e294a4192e262969d2225aaba54b,0.0,0.00390625,0.0,0,0.019886363636363636,7,7,0,352,0.2810237999947276,70.40000000000046,0.038671875,False,0.0,7.0,0.0,0,0,0.0,0.6550946012463431,352,False,True,,2026-07-29T17:19:06.925742+00:00,2026-07-29T17:19:07.206919+00:00,True
large-low-n0.1-ppo-s3-bc84a26dfe4b,large,16,low,0.03,0.1,PPO,3,artifacts/final_submission/ppo/best_model.zip,7c54226fc8927d7ef7fcdc7d5f3ff29b11fa8d1463293a9d8e3b6bebad84cc11,disabled,66da6332362cbf876667b08f276bd50b7cdba93a73315a4f2302dc81e40e2eb2,bc84a26dfe4bd5d74c512c9504f24b6ff477aadc4ffd5abd4baeae38eb74478f,0.0,0.0078125,0.0,0,0.056818181818181816,20,20,0,352,0.2766177000012249,71.20000000000047,0.016629464285714286,False,0.0,20.0,1.0,0,0,0.0,0.6430096591429901,352,False,True,,2026-07-29T17:19:07.210777+00:00,2026-07-29T17:19:07.488968+00:00,True
large-low-n0.1-ppo-s4-a79af251aa5d,large,16,low,0.03,0.1,PPO,4,artifacts/final_submission/ppo/best_model.zip,7c54226fc8927d7ef7fcdc7d5f3ff29b11fa8d1463293a9d8e3b6bebad84cc11,disabled,66da6332362cbf876667b08f276bd50b7cdba93a73315a4f2302dc81e40e2eb2,a79af251aa5dfc2c265a8658cca56efbf4cde84b4bb83ed6c083ea418a20cf4f,0.0,0.01953125,0.0,0,0.1278409090909091,45,45,0,352,0.2830405000131577,73.60000000000049,0.012381114130434783,False,0.0,45.0,4.0,0,0,0.0,0.6526772729723068,352,False,True,,2026-07-29T17:19:07.491283+00:00,2026-07-29T17:19:07.776056+00:00,True
large-low-n0.1-ppo-s5-f58661550208,large,16,low,0.03,0.1,PPO,5,artifacts/final_submission/ppo/best_model.zip,7c54226fc8927d7ef7fcdc7d5f3ff29b11fa8d1463293a9d8e3b6bebad84cc11,disabled,66da6332362cbf876667b08f276bd50b7cdba93a73315a4f2302dc81e40e2eb2,f586615502087e7ab5e6f065213ede61afb928c7db12bf9e71181323b6988076,0.0,0.0078125,0.0,0,0.0,0,0,0,352,0.2812582000042312,71.20000000000047,0.30234374999999997,False,0.0,0.0,1.0,0,0,0.0,0.6547491472949993,352,False,True,,2026-07-29T17:19:07.778922+00:00,2026-07-29T17:19:08.061205+00:00,True
large-low-n0.1-ppo-s6-42b2e77c4bc4,large,16,low,0.03,0.1,PPO,6,artifacts/final_submission/ppo/best_model.zip,7c54226fc8927d7ef7fcdc7d5f3ff29b11fa8d1463293a9d8e3b6bebad84cc11,disabled,66da6332362cbf876667b08f276bd50b7cdba93a73315a4f2302dc81e40e2eb2,42b2e77c4bc46513298b4ceb37d8924ea417a669243daced2af02440cf803b77,0.0,0.00390625,0.0,0,0.0,0,0,0,352,0.2792821000039112,70.40000000000046,0.301171875,False,0.0,0.0,0.0,0,0,0.0,0.6495380687490317,352,False,True,,2026-07-29T17:19:08.064948+00:00,2026-07-29T17:19:08.344490+00:00,True
large-low-n0.1-ppo-s7-02a8960aaf88,large,16,low,0.03,0.1,PPO,7,artifacts/final_submission/ppo/best_model.zip,7c54226fc8927d7ef7fcdc7d5f3ff29b11fa8d1463293a9d8e3b6bebad84cc11,disabled,66da6332362cbf876667b08f276bd50b7cdba93a73315a4f2302dc81e40e2eb2,02a8960aaf889e580ff88fe3b29a7ffe4c757924f79a01fd8a738a07d0eaece8,0.125,0.00390625,0.0,0,0.0,0,0,0,352,0.278879199991934,70.40000000000046,0.351171875,False,0.0,0.0,0.0,0,0,0.0,0.649779260873567,352,False,True,,2026-07-29T17:19:08.348578+00:00,2026-07-29T17:19:08.627538+00:00,True
large-low-n0.1-ppo-s8-95a401af520a,large,16,low,0.03,0.1,PPO,8,artifacts/final_submission/ppo/best_model.zip,7c54226fc8927d7ef7fcdc7d5f3ff29b11fa8d1463293a9d8e3b6bebad84cc11,disabled,66da6332362cbf876667b08f276bd50b7cdba93a73315a4f2302dc81e40e2eb2,95a401af520a8521f344303749ba552665493ee9a5db5c79231ecd22b4995ebd,0.0,0.01171875,0.0,0,0.002840909090909091,1,1,0,352,0.2907087000203319,72.00000000000048,0.153515625,False,0.0,1.0,2.0,0,0,0.0,0.6828639203707677,352,False,True,,2026-07-29T17:19:08.630677+00:00,2026-07-29T17:19:08.922466+00:00,True
large-low-n0.1-ppo-s9-06df2353da9e,large,16,low,0.03,0.1,PPO,9,artifacts/final_submission/ppo/best_model.zip,7c54226fc8927d7ef7fcdc7d5f3ff29b11fa8d1463293a9d8e3b6bebad84cc11,disabled,66da6332362cbf876667b08f276bd50b7cdba93a73315a4f2302dc81e40e2eb2,06df2353da9ee176ba5e8784c5cef3856628865934bccb7a7ac6074e86da3664,0.0,0.0078125,0.0,0,0.014204545454545454,5,5,0,352,0.2822751000057906,71.20000000000047,0.052343749999999994,False,0.0,5.0,1.0,0,0,0.0,0.6509136357470363,352,False,True,,2026-07-29T17:19:08.925376+00:00,2026-07-29T17:19:09.208559+00:00,True
large-low-n0.1-sac-s0-803e895b96fc,large,16,low,0.03,0.1,SAC,0,artifacts/final_submission/sac/best_model.zip,78fe38fcc78df0ba8f98bd07af373848833876e7ec5ddf1486cec9a3cd9ba44c,disabled,66da6332362cbf876667b08f276bd50b7cdba93a73315a4f2302dc81e40e2eb2,803e895b96fcfe91b60c5bf620f95d1f039f84dd05212195ceae17a695669629,0.125,0.12890625,1.0,29,0.13352272727272727,47,51,4,352,0.3186483000172302,282.40000000000003,0.09235285659509204,False,0.0,80.5,236.0,0,0,0.0,0.7490170446544653,352,False,True,,2026-07-29T17:19:09.212518+00:00,2026-07-29T17:19:09.531459+00:00,True
large-low-n0.1-sac-s1-d53073dbaaed,large,16,low,0.03,0.1,SAC,1,artifacts/final_submission/sac/best_model.zip,78fe38fcc78df0ba8f98bd07af373848833876e7ec5ddf1486cec9a3cd9ba44c,disabled,66da6332362cbf876667b08f276bd50b7cdba93a73315a4f2302dc81e40e2eb2,d53073dbaaed6bb1af0388654abcdb3814ec941e6c348a9f4ee9a2e47d15c44e,0.25,0.109375,1.0,18,0.10511363636363637,37,37,0,352,0.31509980000555515,347.99999999999994,0.13812223451327432,False,0.0,55.5,329.0,0,0,0.0,0.7445267041971833,352,False,True,,2026-07-29T17:19:09.535433+00:00,2026-07-29T17:19:09.851022+00:00,True
large-low-n0.1-sac-s2-652401b8905e,large,16,low,0.03,0.1,SAC,2,artifacts/final_submission/sac/best_model.zip,78fe38fcc78df0ba8f98bd07af373848833876e7ec5ddf1486cec9a3cd9ba44c,disabled,66da6332362cbf876667b08f276bd50b7cdba93a73315a4f2302dc81e40e2eb2,652401b8905eefe81510a4ebe2c5e9ebd3f18891d4409d30eaccef380c7f140a,0.0,0.01953125,1.0,303,0.05965909090909091,21,21,0,352,0.3007452000165358,350.4,0.006782451923076923,False,0.0,324.0,47.0,0,0,0.0,0.7056772718153131,352,False,True,,2026-07-29T17:19:09.853921+00:00,2026-07-29T17:19:10.155835+00:00,True
large-low-n0.1-sac-s3-9920919179e2,large,16,low,0.03,0.1,SAC,3,artifacts/final_submission/sac/best_model.zip,78fe38fcc78df0ba8f98bd07af373848833876e7ec5ddf1486cec9a3cd9ba44c,disabled,66da6332362cbf876667b08f276bd50b7cdba93a73315a4f2302dc81e40e2eb2,9920919179e284f3f2ee8a999af65912577636e581c6dcc1e59074a959efb36f,0.125,0.0390625,1.0,1,0.048295454545454544,17,17,0,352,0.2793452000187244,289.5999999999995,0.07750822368421054,False,0.0,18.0,273.0,0,0,0.0,0.6416474430311196,352,False,True,,2026-07-29T17:19:10.157884+00:00,2026-07-29T17:19:10.438258+00:00,True
large-low-n0.1-sac-s4-118bcccae41e,large,16,low,0.03,0.1,SAC,4,artifacts/final_submission/sac/best_model.zip,78fe38fcc78df0ba8f98bd07af373848833876e7ec5ddf1486cec9a3cd9ba44c,disabled,66da6332362cbf876667b08f276bd50b7cdba93a73315a4f2302dc81e40e2eb2,118bcccae41e745042e7421910bf16468e0fa403534037596605656935d74fef,0.0,0.03125,1.0,6,0.002840909090909091,1,3,2,352,0.27363559999503195,84.8000000000007,0.039375,False,0.0,9.0,12.0,0,0,0.0,0.6258877840743728,352,False,True,,2026-07-29T17:19:10.442166+00:00,2026-07-29T17:19:10.716429+00:00,True
large-low-n0.1-sac-s5-818b4fb53fe2,large,16,low,0.03,0.1,SAC,5,artifacts/final_submission/sac/best_model.zip,78fe38fcc78df0ba8f98bd07af373848833876e7ec5ddf1486cec9a3cd9ba44c,disabled,66da6332362cbf876667b08f276bd50b7cdba93a73315a4f2302dc81e40e2eb2,818b4fb53fe2ed41aa1ae10d6ca2d8b648ccd03fdfe03c6ab0ed90f8ba90622e,0.0,0.02734375,1.0,296,0.056818181818181816,20,21,1,352,0.28166440001223236,352.0,0.009146521226415094,False,0.0,317.0,56.0,0,0,0.0,0.6457485799480558,352,False,True,,2026-07-29T17:19:10.720434+00:00,2026-07-29T17:19:11.002855+00:00,True
large-low-n0.1-sac-s6-c866469f2826,large,16,low,0.03,0.1,SAC,6,artifacts/final_submission/sac/best_model.zip,78fe38fcc78df0ba8f98bd07af373848833876e7ec5ddf1486cec9a3cd9ba44c,disabled,66da6332362cbf876667b08f276bd50b7cdba93a73315a4f2302dc81e40e2eb2,c866469f2826388f0c80cf198e429c4cd2a42c3c30b7fa78eec0a698c425b2f2,0.0,0.015625,0.0,0,0.022727272727272728,8,8,0,352,0.27113990002544597,78.40000000000046,0.03802083333333333,False,0.0,8.0,10.0,0,0,0.0,0.6200656257946817,352,False,True,,2026-07-29T17:19:11.006859+00:00,2026-07-29T17:19:11.277737+00:00,True
large-low-n0.1-sac-s7-2152a3a79455,large,16,low,0.03,0.1,SAC,7,artifacts/final_submission/sac/best_model.zip,78fe38fcc78df0ba8f98bd07af373848833876e7ec5ddf1486cec9a3cd9ba44c,disabled,66da6332362cbf876667b08f276bd50b7cdba93a73315a4f2302dc81e40e2eb2,2152a3a79455f4004cb0984df5068f72de21d3dc749dcd5a4ae84c3ba0deb4e5,0.25,0.02734375,1.0,24,0.07386363636363637,26,26,0,352,0.27772720000939444,94.40000000000082,0.11408547794117649,False,0.0,50.0,6.0,0,0,0.0,0.6322178962198616,352,False,True,,2026-07-29T17:19:11.280650+00:00,2026-07-29T17:19:11.559771+00:00,True
large-low-n0.1-sac-s8-ea60bef1ca43,large,16,low,0.03,0.1,SAC,8,artifacts/final_submission/sac/best_model.zip,78fe38fcc78df0ba8f98bd07af373848833876e7ec5ddf1486cec9a3cd9ba44c,disabled,66da6332362cbf876667b08f276bd50b7cdba93a73315a4f2302dc81e40e2eb2,ea60bef1ca43812b62adecf0eaa0c5b176f936e7d4167cfe6addc230abd1e6ea,0.0,0.00390625,0.0,0,0.0,0,0,0,352,0.2761496999883093,70.40000000000046,0.301171875,False,0.0,0.0,0.0,0,0,0.0,0.6352500009928587,352,False,True,,2026-07-29T17:19:11.562734+00:00,2026-07-29T17:19:11.839986+00:00,True
large-low-n0.1-sac-s9-3c658016cd27,large,16,low,0.03,0.1,SAC,9,artifacts/final_submission/sac/best_model.zip,78fe38fcc78df0ba8f98bd07af373848833876e7ec5ddf1486cec9a3cd9ba44c,disabled,66da6332362cbf876667b08f276bd50b7cdba93a73315a4f2302dc81e40e2eb2,3c658016cd27a2b61e220d2f5184319d5a6f1b33314ab825f1af56bb8c08b54b,0.0,0.00390625,0.0,0,0.017045454545454544,6,6,0,352,0.2826039000065066,70.40000000000046,0.04402901785714286,False,0.0,6.0,0.0,0,0,0.0,0.6471357956715192,352,False,True,,2026-07-29T17:19:11.843111+00:00,2026-07-29T17:19:12.126138+00:00,True
large-low-n0.1-riskshield_ppo-s0-70513c16ffa6,large,16,low,0.03,0.1,RiskShield-PPO,0,artifacts/final_submission/riskshield_ppo/best_model.zip,d6c91caeb9bb10db866cbfe947ef1cc3db0ea8dc7470d098c9af6298ab75c812,k_step,66da6332362cbf876667b08f276bd50b7cdba93a73315a4f2302dc81e40e2eb2,70513c16ffa621919fefd2cbc8fecb4b73b26eeb96077627592a79dd571a51b2,0.0,0.02734375,0.0,0,0.002840909090909091,1,1,0,352,0.29037490001064725,76.00000000000053,0.158203125,False,0.0,1.0,7.0,7,1,0.0,0.6405886363361126,352,False,True,,2026-07-29T17:19:12.130046+00:00,2026-07-29T17:19:12.421591+00:00,True
large-low-n0.1-riskshield_ppo-s1-1054720eac0a,large,16,low,0.03,0.1,RiskShield-PPO,1,artifacts/final_submission/riskshield_ppo/best_model.zip,d6c91caeb9bb10db866cbfe947ef1cc3db0ea8dc7470d098c9af6298ab75c812,k_step,66da6332362cbf876667b08f276bd50b7cdba93a73315a4f2302dc81e40e2eb2,1054720eac0a65d86e72bf8693e8a55186ca5c3d29ec533ca54e55e0c47ea434,0.0,0.046875,0.0,0,0.014204545454545454,5,5,0,352,0.2968260000052396,82.40000000000059,0.0640625,False,0.0,5.0,15.0,19,5,0.0,0.6572014199264231,352,False,True,,2026-07-29T17:19:12.424598+00:00,2026-07-29T17:19:12.722204+00:00,True
large-low-n0.1-riskshield_ppo-s2-12bba4aa7f28,large,16,low,0.03,0.1,RiskShield-PPO,2,artifacts/final_submission/riskshield_ppo/best_model.zip,d6c91caeb9bb10db866cbfe947ef1cc3db0ea8dc7470d098c9af6298ab75c812,k_step,66da6332362cbf876667b08f276bd50b7cdba93a73315a4f2302dc81e40e2eb2,12bba4aa7f28dd723f614cd3a710aa0cefed298af0999ab21b5c179bbef60027,0.0,0.00390625,0.0,0,0.019886363636363636,7,7,0,352,0.2917654999764636,70.40000000000046,0.038671875,False,0.0,7.0,0.0,7,7,0.0,0.6444434667917615,352,False,True,,2026-07-29T17:19:12.725163+00:00,2026-07-29T17:19:13.017974+00:00,True
large-low-n0.1-riskshield_ppo-s3-4cf8d6cb48a5,large,16,low,0.03,0.1,RiskShield-PPO,3,artifacts/final_submission/riskshield_ppo/best_model.zip,d6c91caeb9bb10db866cbfe947ef1cc3db0ea8dc7470d098c9af6298ab75c812,k_step,66da6332362cbf876667b08f276bd50b7cdba93a73315a4f2302dc81e40e2eb2,4cf8d6cb48a527aadcc7539d29e79737aa617b3e919973999974474ee82b2dfc,0.125,0.01171875,0.0,0,0.0,0,0,0,352,0.2907341999816708,72.00000000000047,0.353515625,False,0.0,0.0,2.0,1,0,0.0,0.6446681841639061,352,False,True,,2026-07-29T17:19:13.021985+00:00,2026-07-29T17:19:13.313098+00:00,True
large-low-n0.1-riskshield_ppo-s4-0b085052e21f,large,16,low,0.03,0.1,RiskShield-PPO,4,artifacts/final_submission/riskshield_ppo/best_model.zip,d6c91caeb9bb10db866cbfe947ef1cc3db0ea8dc7470d098c9af6298ab75c812,k_step,66da6332362cbf876667b08f276bd50b7cdba93a73315a4f2302dc81e40e2eb2,0b085052e21f89d58ce0036de293c3884a05f86af49d2993b4ac2b1bf4253305,0.0,0.0234375,0.0,0,0.005681818181818182,2,2,0,352,0.3011277000186965,74.40000000000052,0.10703125,False,0.0,2.0,5.0,7,2,0.0,0.6709696019077621,352,False,True,,2026-07-29T17:19:13.316640+00:00,2026-07-29T17:19:13.618611+00:00,True
large-low-n0.1-riskshield_ppo-s5-cfd1629d4f9c,large,16,low,0.03,0.1,RiskShield-PPO,5,artifacts/final_submission/riskshield_ppo/best_model.zip,d6c91caeb9bb10db866cbfe947ef1cc3db0ea8dc7470d098c9af6298ab75c812,k_step,66da6332362cbf876667b08f276bd50b7cdba93a73315a4f2302dc81e40e2eb2,cfd1629d4f9cf53afbb974fcce82fa72a9c43156659647de278747f3f97e7631,0.0,0.01171875,0.0,0,0.008522727272727272,3,3,0,352,0.3015997000038624,72.00000000000045,0.07851562499999999,False,0.0,3.0,2.0,5,3,0.0,0.6661051135200647,352,False,True,,2026-07-29T17:19:13.622611+00:00,2026-07-29T17:19:13.924727+00:00,True
large-low-n0.1-riskshield_ppo-s6-b0f764b46bc7,large,16,low,0.03,0.1,RiskShield-PPO,6,artifacts/final_submission/riskshield_ppo/best_model.zip,d6c91caeb9bb10db866cbfe947ef1cc3db0ea8dc7470d098c9af6298ab75c812,k_step,66da6332362cbf876667b08f276bd50b7cdba93a73315a4f2302dc81e40e2eb2,b0f764b46bc728915aa4897e011e3076cef026855a3dbe2b52199d47d715f774,0.0,0.00390625,0.0,0,0.0,0,0,0,352,0.2940597999840975,70.40000000000046,0.301171875,False,0.0,0.0,0.0,0,0,0.0,0.6545062501159422,352,False,True,,2026-07-29T17:19:13.929138+00:00,2026-07-29T17:19:14.223861+00:00,True
large-low-n0.1-riskshield_ppo-s7-8f84adeeb52f,large,16,low,0.03,0.1,RiskShield-PPO,7,artifacts/final_submission/riskshield_ppo/best_model.zip,d6c91caeb9bb10db866cbfe947ef1cc3db0ea8dc7470d098c9af6298ab75c812,k_step,66da6332362cbf876667b08f276bd50b7cdba93a73315a4f2302dc81e40e2eb2,8f84adeeb52fb83deb504faff4c4983334079b9795abf3a6e0556e5e4a92e628,0.125,0.01953125,0.0,0,0.028409090909090908,10,10,0,352,0.29740760001004674,81.60000000000053,0.08313210227272727,False,0.0,10.0,14.0,25,10,0.0,0.6607664766058654,352,False,True,,2026-07-29T17:19:14.226862+00:00,2026-07-29T17:19:14.524544+00:00,True
large-low-n0.1-riskshield_ppo-s8-09adfb75e7f2,large,16,low,0.03,0.1,RiskShield-PPO,8,artifacts/final_submission/riskshield_ppo/best_model.zip,d6c91caeb9bb10db866cbfe947ef1cc3db0ea8dc7470d098c9af6298ab75c812,k_step,66da6332362cbf876667b08f276bd50b7cdba93a73315a4f2302dc81e40e2eb2,09adfb75e7f22c092301c8010e8746347beb0cbe214b9d3efc447b52eac94046,0.0,0.00390625,0.0,0,0.0,0,0,0,352,0.2914603999815881,70.40000000000046,0.301171875,False,0.0,0.0,0.0,0,0,0.0,0.6509710238705421,352,False,True,,2026-07-29T17:19:14.528542+00:00,2026-07-29T17:19:14.820097+00:00,True
large-low-n0.1-riskshield_ppo-s9-50f249971961,large,16,low,0.03,0.1,RiskShield-PPO,9,artifacts/final_submission/riskshield_ppo/best_model.zip,d6c91caeb9bb10db866cbfe947ef1cc3db0ea8dc7470d098c9af6298ab75c812,k_step,66da6332362cbf876667b08f276bd50b7cdba93a73315a4f2302dc81e40e2eb2,50f24997196190dd781d3fef38a9af48b2e6d55c9188012e896327ed6df8d835,0.0,0.00390625,0.0,0,0.017045454545454544,6,6,0,352,0.30436129998997785,70.40000000000046,0.04402901785714286,False,0.0,6.0,0.0,6,6,0.0,0.6746173281829794,352,False,True,,2026-07-29T17:19:14.824099+00:00,2026-07-29T17:19:15.128654+00:00,True
large-low-n0.2-risk_aware_astar-s0-2fd54955abde,large,16,low,0.03,0.2,risk_aware_astar,0,,,disabled,66da6332362cbf876667b08f276bd50b7cdba93a73315a4f2302dc81e40e2eb2,2fd54955abde764858b283fdf0b4e64ab6fe788560d531b935712eb55bd0c0ac,1.0,0.18359375,0.0,0,0.015873015873015872,1,1,0,63,0.19966549999662675,56.60000000000001,0.605078125,True,1.0,1.0,55.0,0,0,0.0,0.481111112065495,63,True,False,,2026-07-29T17:16:47.585856+00:00,2026-07-29T17:16:47.786496+00:00,True
large-low-n0.2-risk_aware_astar-s1-87aa5b1e27dd,large,16,low,0.03,0.2,risk_aware_astar,1,,,disabled,66da6332362cbf876667b08f276bd50b7cdba93a73315a4f2302dc81e40e2eb2,87aa5b1e27dd8c10ae16ab9d1db827eba1d6efa7ff04503e98807710a3ceda6b,1.0,0.12890625,0.0,0,0.0,0,0,0,47,0.015413699991768226,40.6,0.7386718750000001,True,1.0,0.0,39.0,0,0,0.0,0.23279999979732044,47,True,False,,2026-07-29T17:16:47.615906+00:00,2026-07-29T17:16:47.630903+00:00,True
large-low-n0.2-risk_aware_astar-s2-09a19d2a11f4,large,16,low,0.03,0.2,risk_aware_astar,2,,,disabled,66da6332362cbf876667b08f276bd50b7cdba93a73315a4f2302dc81e40e2eb2,09a19d2a11f46ee250d91844e08105e98d14d11f91a521249e51caf4add5662f,1.0,0.15234375,0.0,0,0.06,3,3,0,50,0.023958000005222857,44.400000000000006,0.505703125,True,1.0,4.0,43.0,0,0,0.0,0.37941399961709976,50,True,False,,2026-07-29T17:16:47.630903+00:00,2026-07-29T17:16:47.655907+00:00,True
large-low-n0.2-risk_aware_astar-s3-1a239c56b824,large,16,low,0.03,0.2,risk_aware_astar,3,,,disabled,66da6332362cbf876667b08f276bd50b7cdba93a73315a4f2302dc81e40e2eb2,1a239c56b824455ea7b2c0076acaf4ed39c08753d58f2f1956082e5e9ea87027,1.0,0.15625,0.0,0,0.016666666666666666,1,1,0,60,0.028234600002178922,53.60000000000001,0.596875,True,1.0,1.0,52.0,0,0,0.0,0.37439833152651164,60,True,False,,2026-07-29T17:16:47.655907+00:00,2026-07-29T17:16:47.683905+00:00,True
large-low-n0.2-risk_aware_astar-s4-060dc916d941,large,16,low,0.03,0.2,risk_aware_astar,4,,,disabled,66da6332362cbf876667b08f276bd50b7cdba93a73315a4f2302dc81e40e2eb2,060dc916d941565a07cc1fd676bcfe19b8ed89e6c894a80fd5ed33a450042a51,1.0,0.1875,0.0,0,0.0,0,0,0,56,0.01831869999296032,49.60000000000001,0.7562500000000001,True,1.0,0.0,48.0,0,0,0.0,0.229741074040898,56,True,False,,2026-07-29T17:16:47.683905+00:00,2026-07-29T17:16:47.870151+00:00,True
large-low-n0.2-risk_aware_astar-s5-f84680d895b5,large,16,low,0.03,0.2,risk_aware_astar,5,,,disabled,66da6332362cbf876667b08f276bd50b7cdba93a73315a4f2302dc81e40e2eb2,f84680d895b55cc1a603562587d576aaac7f1679d333e5efc2cdc9529e3418f9,1.0,0.1484375,0.0,0,0.0,0,0,0,47,0.014635600004112348,40.599999999999994,0.7445312500000001,True,1.0,0.0,39.0,0,0,0.0,0.2181808541013681,47,True,False,,2026-07-29T17:16:47.750712+00:00,2026-07-29T17:16:47.885148+00:00,True
large-low-n0.2-risk_aware_astar-s6-8e30bd43acd4,large,16,low,0.03,0.2,risk_aware_astar,6,,,disabled,66da6332362cbf876667b08f276bd50b7cdba93a73315a4f2302dc81e40e2eb2,8e30bd43acd4a96de213cc83fdb764e943fd88346c01f3ace7525bc0693d87e2,1.0,0.1953125,0.0,0,0.0,0,0,0,76,0.041011599998455495,70.4,0.75859375,True,1.0,0.0,69.0,0,0,0.0,0.4403644741518962,76,True,False,,2026-07-29T17:16:47.786496+00:00,2026-07-29T17:16:47.928469+00:00,True
large-low-n0.2-risk_aware_astar-s7-a681c4ff53bc,large,16,low,0.03,0.2,risk_aware_astar,7,,,disabled,66da6332362cbf876667b08f276bd50b7cdba93a73315a4f2302dc81e40e2eb2,a681c4ff53bcd191d74642a060042ae0a8613eb248782d90c69a36ee8c99223d,1.0,0.15625,0.0,0,0.0,0,0,0,49,0.01765160000650212,42.6,0.746875,True,1.0,0.0,41.0,0,0,0.0,0.264495918265905,49,True,False,,2026-07-29T17:16:47.801642+00:00,2026-07-29T17:16:47.820147+00:00,True
large-low-n0.2-risk_aware_astar-s8-46d05545ec4d,large,16,low,0.03,0.2,risk_aware_astar,8,,,disabled,66da6332362cbf876667b08f276bd50b7cdba93a73315a4f2302dc81e40e2eb2,46d05545ec4dea93e62a646fb46cf50ad5127df539e76b2dc04ebe5d4c4899b8,1.0,0.171875,0.0,0,0.015151515151515152,1,1,0,66,0.1100618000200484,59.6,0.6015625,True,1.0,1.0,58.0,0,0,0.0,0.3789681826619375,66,True,False,,2026-07-29T17:16:47.820147+00:00,2026-07-29T17:16:47.930470+00:00,True
large-low-n0.2-risk_aware_astar-s9-4c83e2e13dd8,large,16,low,0.03,0.2,risk_aware_astar,9,,,disabled,66da6332362cbf876667b08f276bd50b7cdba93a73315a4f2302dc81e40e2eb2,4c83e2e13dd8c9e62afa0ee083d3e6dc7ae7b2ddc1db05cdffd5f955f2a95e9d,1.0,0.1953125,0.0,0,0.010869565217391304,1,1,0,92,0.37803550000535324,85.60000000000001,0.60859375,True,1.0,1.0,84.0,0,0,0.0,1.7756021767601613,92,True,False,,2026-07-29T17:16:47.870151+00:00,2026-07-29T17:16:48.838116+00:00,True
large-low-n0.2-frontier_exploration-s0-5e2fb87e1135,large,16,low,0.03,0.2,frontier_exploration,0,,,disabled,66da6332362cbf876667b08f276bd50b7cdba93a73315a4f2302dc81e40e2eb2,5e2fb87e1135cc26e6ec6af8946c1d547bec4d22668f48a9c927245d2a069172,1.0,0.578125,0.0,0,0.0,0,0,0,191,0.20131230002152734,186.2,0.8734375000000001,True,1.0,0.0,185.0,0,0,0.0,0.14014816684502113,191,True,False,,2026-07-29T17:16:47.885148+00:00,2026-07-29T17:16:48.086595+00:00,True
large-low-n0.2-frontier_exploration-s1-ebf8aff425f2,large,16,low,0.03,0.2,frontier_exploration,1,,,disabled,66da6332362cbf876667b08f276bd50b7cdba93a73315a4f2302dc81e40e2eb2,ebf8aff425f26f9ec148bf31ac6d1941ce268d27237a31a2565701968982a0a7,1.0,0.30078125,0.0,0,0.0,0,0,0,107,0.027104100008727983,100.60000000000001,0.790234375,True,1.0,0.0,99.0,0,0,0.0,0.15850841213522532,107,True,False,,2026-07-29T17:16:47.928469+00:00,2026-07-29T17:16:48.042631+00:00,True
large-low-n0.2-frontier_exploration-s2-e383c216d813,large,16,low,0.03,0.2,frontier_exploration,2,,,disabled,66da6332362cbf876667b08f276bd50b7cdba93a73315a4f2302dc81e40e2eb2,e383c216d813231df178d4db43576112be585a2f5ccc22eac6890de7e372f9f8,1.0,0.625,0.0,0,0.027777777777777776,7,7,0,252,0.0739402000035625,246.39999999999998,0.6190789473684211,True,1.0,8.5,245.0,0,0,0.0,0.19411309559862794,252,True,False,,2026-07-29T17:16:47.930470+00:00,2026-07-29T17:16:48.004924+00:00,True
large-low-n0.2-frontier_exploration-s3-b69dd86a64fe,large,16,low,0.03,0.2,frontier_exploration,3,,,disabled,66da6332362cbf876667b08f276bd50b7cdba93a73315a4f2302dc81e40e2eb2,b69dd86a64fe48eda8e78f61c0d007143c1ae4cb42740f3f14836bb3f4363efd,1.0,0.60546875,0.0,0,0.029914529914529916,7,7,0,234,0.533508399996208,227.6,0.619140625,True,1.0,7.0,226.0,0,0,0.0,0.1543316227467492,234,True,False,,2026-07-29T17:16:48.004924+00:00,2026-07-29T17:16:48.538920+00:00,True
large-low-n0.2-frontier_exploration-s4-eba75ba72979,large,16,low,0.03,0.2,frontier_exploration,4,,,disabled,66da6332362cbf876667b08f276bd50b7cdba93a73315a4f2302dc81e40e2eb2,eba75ba7297958afca7a5fc4def9b0123cd87ad45b18d4067526815f06d03a09,1.0,0.453125,0.0,0,0.007352941176470588,1,1,0,136,0.03172829997492954,129.60000000000002,0.6859375,True,1.0,1.0,128.0,0,0,0.0,0.13719705769771656,136,True,False,,2026-07-29T17:16:48.042631+00:00,2026-07-29T17:16:48.171898+00:00,True
large-low-n0.2-frontier_exploration-s5-6d9a81bf1e0a,large,16,low,0.03,0.2,frontier_exploration,5,,,disabled,66da6332362cbf876667b08f276bd50b7cdba93a73315a4f2302dc81e40e2eb2,6d9a81bf1e0abad08f5bfa47ea4fbdb036ed9bb98d65c1eb8abcdaa36ce205ae,1.0,0.5703125,0.0,0,0.029556650246305417,6,6,0,203,0.048643199988873675,196.59999999999997,0.6139508928571428,True,1.0,6.0,195.0,0,0,0.0,0.1413980303928623,203,True,False,,2026-07-29T17:16:48.086595+00:00,2026-07-29T17:16:48.135541+00:00,True
large-low-n0.2-frontier_exploration-s6-d44ec63a1054,large,16,low,0.03,0.2,frontier_exploration,6,,,disabled,66da6332362cbf876667b08f276bd50b7cdba93a73315a4f2302dc81e40e2eb2,d44ec63a1054b5c70b6c4b5d592fb9250a59aca77d537ea0c75c924f7efa4488,1.0,0.62109375,0.0,0,0.012195121951219513,3,3,0,246,0.6024496000027284,240.39999999999998,0.6613281249999999,True,1.0,3.0,239.0,0,0,0.0,0.1513963413559188,246,True,False,,2026-07-29T17:16:48.135541+00:00,2026-07-29T17:16:48.738493+00:00,True
large-low-n0.2-frontier_exploration-s7-7c7896888bbb,large,16,low,0.03,0.2,frontier_exploration,7,,,disabled,66da6332362cbf876667b08f276bd50b7cdba93a73315a4f2302dc81e40e2eb2,7c7896888bbb5b4c11370f3046c74cdb66cb89198e8b6a65aa6b4afae100b7ae,1.0,0.640625,0.0,0,0.0,0,0,0,248,0.066255200013984,242.39999999999998,0.7121875,True,1.0,1.5,241.0,0,0,0.0,0.16809677383148922,248,True,False,,2026-07-29T17:16:48.171898+00:00,2026-07-29T17:16:48.238663+00:00,True
large-low-n0.2-frontier_exploration-s8-df038bca0d82,large,16,low,0.03,0.2,frontier_exploration,8,,,disabled,66da6332362cbf876667b08f276bd50b7cdba93a73315a4f2302dc81e40e2eb2,df038bca0d8253a43c1f7042374fc9c041b99c6ab14f50fc22216c73524c3484,1.0,0.50390625,0.0,0,0.0,0,0,0,173,0.043125900003360584,166.6,0.7511718749999999,True,1.0,0.5,165.0,0,0,0.0,0.1501329471976254,173,True,False,,2026-07-29T17:16:48.238663+00:00,2026-07-29T17:16:48.282664+00:00,True
large-low-n0.2-frontier_exploration-s9-fdf038fa5141,large,16,low,0.03,0.2,frontier_exploration,9,,,disabled,66da6332362cbf876667b08f276bd50b7cdba93a73315a4f2302dc81e40e2eb2,fdf038fa5141b1d7845a66f612491ef3223c7ec715805312329f7b4860e48fff,1.0,0.57421875,0.0,0,0.009569377990430622,2,2,0,209,0.05271580000407994,202.59999999999997,0.6579799107142857,True,1.0,2.5,201.0,0,0,0.0,0.15383540612587518,209,True,False,,2026-07-29T17:16:48.282664+00:00,2026-07-29T17:16:48.335689+00:00,True
large-low-n0.2-ppo-s0-d16577232399,large,16,low,0.03,0.2,PPO,0,artifacts/final_submission/ppo/best_model.zip,7c54226fc8927d7ef7fcdc7d5f3ff29b11fa8d1463293a9d8e3b6bebad84cc11,disabled,66da6332362cbf876667b08f276bd50b7cdba93a73315a4f2302dc81e40e2eb2,d16577232399a8d201feca03114e4329270d40069b82e8601df2bddb858cbef2,0.125,0.015625,0.0,0,0.022727272727272728,8,8,0,352,0.282441600022139,72.8000000000005,0.08802083333333333,False,0.0,8.0,3.0,0,0,0.0,0.6561957377264414,352,False,True,,2026-07-29T17:19:15.132686+00:00,2026-07-29T17:19:15.415499+00:00,True
large-low-n0.2-ppo-s1-5c52b9066e13,large,16,low,0.03,0.2,PPO,1,artifacts/final_submission/ppo/best_model.zip,7c54226fc8927d7ef7fcdc7d5f3ff29b11fa8d1463293a9d8e3b6bebad84cc11,disabled,66da6332362cbf876667b08f276bd50b7cdba93a73315a4f2302dc81e40e2eb2,5c52b9066e13d8b45dc8962b17ddbd538eb736d52b9258b88ba1d841844fdeed,0.0,0.0078125,0.0,0,0.07386363636363637,26,26,0,352,0.2856303000007756,71.20000000000047,0.013454861111111112,False,0.0,26.0,1.0,0,0,0.0,0.6624994310351956,352,False,True,,2026-07-29T17:19:15.419192+00:00,2026-07-29T17:19:15.705720+00:00,True
large-low-n0.2-ppo-s2-53998b8f30df,large,16,low,0.03,0.2,PPO,2,artifacts/final_submission/ppo/best_model.zip,7c54226fc8927d7ef7fcdc7d5f3ff29b11fa8d1463293a9d8e3b6bebad84cc11,disabled,66da6332362cbf876667b08f276bd50b7cdba93a73315a4f2302dc81e40e2eb2,53998b8f30dfef43fbfad0d9c1c2834980e5453dbc96f82ffdd9f602d9c275d7,0.0,0.00390625,0.0,0,0.019886363636363636,7,7,0,352,0.28369199999724515,70.40000000000046,0.038671875,False,0.0,7.0,0.0,0,0,0.0,0.6607494316829782,352,False,True,,2026-07-29T17:19:15.709204+00:00,2026-07-29T17:19:15.993536+00:00,True
large-low-n0.2-ppo-s3-b08e0d4a8d75,large,16,low,0.03,0.2,PPO,3,artifacts/final_submission/ppo/best_model.zip,7c54226fc8927d7ef7fcdc7d5f3ff29b11fa8d1463293a9d8e3b6bebad84cc11,disabled,66da6332362cbf876667b08f276bd50b7cdba93a73315a4f2302dc81e40e2eb2,b08e0d4a8d75ad0d50897bd1c222d4d89bb27d5495aafb356762efcb07b6ea13,0.0,0.0078125,0.0,0,0.056818181818181816,20,20,0,352,0.2808258000004571,71.20000000000047,0.016629464285714286,False,0.0,20.0,1.0,0,0,0.0,0.654486932531158,352,False,True,,2026-07-29T17:19:15.997536+00:00,2026-07-29T17:19:16.278613+00:00,True
large-low-n0.2-ppo-s4-c2b9019d40b1,large,16,low,0.03,0.2,PPO,4,artifacts/final_submission/ppo/best_model.zip,7c54226fc8927d7ef7fcdc7d5f3ff29b11fa8d1463293a9d8e3b6bebad84cc11,disabled,66da6332362cbf876667b08f276bd50b7cdba93a73315a4f2302dc81e40e2eb2,c2b9019d40b16812c4adb33ab37a54b0ce6c393acf8e53cbe9c5a24eff39d68a,0.0,0.01953125,0.0,0,0.1278409090909091,45,45,0,352,0.2840624999953434,73.60000000000049,0.012381114130434783,False,0.0,45.0,4.0,0,0,0.0,0.6569321031664995,352,False,True,,2026-07-29T17:19:16.281612+00:00,2026-07-29T17:19:16.565984+00:00,True
large-low-n0.2-ppo-s5-f06a2e345b53,large,16,low,0.03,0.2,PPO,5,artifacts/final_submission/ppo/best_model.zip,7c54226fc8927d7ef7fcdc7d5f3ff29b11fa8d1463293a9d8e3b6bebad84cc11,disabled,66da6332362cbf876667b08f276bd50b7cdba93a73315a4f2302dc81e40e2eb2,f06a2e345b5380e0ab034510ac0d28b627d549c3579a415697c863bf6714bd66,0.0,0.0078125,0.0,0,0.0,0,0,0,352,0.29000929999165237,71.20000000000047,0.30234374999999997,False,0.0,0.0,1.0,0,0,0.0,0.6778153409951219,352,False,True,,2026-07-29T17:19:16.568985+00:00,2026-07-29T17:19:16.860544+00:00,True
large-low-n0.2-ppo-s6-09b12d5ab330,large,16,low,0.03,0.2,PPO,6,artifacts/final_submission/ppo/best_model.zip,7c54226fc8927d7ef7fcdc7d5f3ff29b11fa8d1463293a9d8e3b6bebad84cc11,disabled,66da6332362cbf876667b08f276bd50b7cdba93a73315a4f2302dc81e40e2eb2,09b12d5ab33099aa35980eb2b8e0531b7b20fe515b14715b624282128807f019,0.0,0.00390625,0.0,0,0.0,0,0,0,352,0.2798788000072818,70.40000000000046,0.301171875,False,0.0,0.0,0.0,0,0,0.0,0.652021874305898,352,False,True,,2026-07-29T17:19:16.863542+00:00,2026-07-29T17:19:17.144613+00:00,True
large-low-n0.2-ppo-s7-a621a17b4964,large,16,low,0.03,0.2,PPO,7,artifacts/final_submission/ppo/best_model.zip,7c54226fc8927d7ef7fcdc7d5f3ff29b11fa8d1463293a9d8e3b6bebad84cc11,disabled,66da6332362cbf876667b08f276bd50b7cdba93a73315a4f2302dc81e40e2eb2,a621a17b49640f4eb85ad964dd6dc89dc63098afb9fdac1f010ad69eba3df43f,0.125,0.00390625,0.0,0,0.0,0,0,0,352,0.28627250000135973,70.40000000000046,0.351171875,False,0.0,0.0,0.0,0,0,0.0,0.6695079547915322,352,False,True,,2026-07-29T17:19:17.147701+00:00,2026-07-29T17:19:17.434383+00:00,True
large-low-n0.2-ppo-s8-f67a4663e6f0,large,16,low,0.03,0.2,PPO,8,artifacts/final_submission/ppo/best_model.zip,7c54226fc8927d7ef7fcdc7d5f3ff29b11fa8d1463293a9d8e3b6bebad84cc11,disabled,66da6332362cbf876667b08f276bd50b7cdba93a73315a4f2302dc81e40e2eb2,f67a4663e6f096a876d7cb8c488868a6952aeb9b949116aa24d9211ded7297f3,0.0,0.0078125,0.0,0,0.002840909090909091,1,1,0,352,0.28015019997837953,71.20000000000047,0.15234375,False,0.0,1.0,1.0,0,0,0.0,0.6545622162031411,352,False,True,,2026-07-29T17:19:17.437384+00:00,2026-07-29T17:19:17.718919+00:00,True
large-low-n0.2-ppo-s9-af0eaa59880b,large,16,low,0.03,0.2,PPO,9,artifacts/final_submission/ppo/best_model.zip,7c54226fc8927d7ef7fcdc7d5f3ff29b11fa8d1463293a9d8e3b6bebad84cc11,disabled,66da6332362cbf876667b08f276bd50b7cdba93a73315a4f2302dc81e40e2eb2,af0eaa59880b184b7c54d39b7f2603e0b0e04eb0201e59624f62fdcda4685e17,0.0,0.0078125,0.0,0,0.014204545454545454,5,5,0,352,0.28599239999311976,71.20000000000047,0.052343749999999994,False,0.0,5.0,1.0,0,0,0.0,0.6611482960414089,352,False,True,,2026-07-29T17:19:17.721918+00:00,2026-07-29T17:19:18.008893+00:00,True
large-low-n0.2-sac-s0-1adc7cbb4e7e,large,16,low,0.03,0.2,SAC,0,artifacts/final_submission/sac/best_model.zip,78fe38fcc78df0ba8f98bd07af373848833876e7ec5ddf1486cec9a3cd9ba44c,disabled,66da6332362cbf876667b08f276bd50b7cdba93a73315a4f2302dc81e40e2eb2,1adc7cbb4e7e78cd5817f9dda266fc62d0cc4910e3f24d9a86d54d5eec390454,0.125,0.11328125,1.0,209,0.09375,33,39,6,352,0.31877740001073107,280.0,0.08518919427710843,False,0.0,248.0,53.0,0,0,0.0,0.7504124994904321,352,False,True,,2026-07-29T17:19:18.011895+00:00,2026-07-29T17:19:18.331135+00:00,True
large-low-n0.2-sac-s1-5c0170ee45ea,large,16,low,0.03,0.2,SAC,1,artifacts/final_submission/sac/best_model.zip,78fe38fcc78df0ba8f98bd07af373848833876e7ec5ddf1486cec9a3cd9ba44c,disabled,66da6332362cbf876667b08f276bd50b7cdba93a73315a4f2302dc81e40e2eb2,5c0170ee45eaf8594f0a70ea811b6ef77b0af1e86ba6d7159cf3d713f2148880,0.0,0.0546875,1.0,87,0.019886363636363636,7,7,0,352,0.31172900000819936,349.59999999999997,0.019564144736842107,False,0.0,94.0,262.0,0,0,0.0,0.7312982957459595,352,False,True,,2026-07-29T17:19:18.336135+00:00,2026-07-29T17:19:18.648046+00:00,True
large-low-n0.2-sac-s2-c795f751ef67,large,16,low,0.03,0.2,SAC,2,artifacts/final_submission/sac/best_model.zip,78fe38fcc78df0ba8f98bd07af373848833876e7ec5ddf1486cec9a3cd9ba44c,disabled,66da6332362cbf876667b08f276bd50b7cdba93a73315a4f2302dc81e40e2eb2,c795f751ef67b3f51b366d90f6bfec9cc719eda38e81a4538d6443720bc43022,0.125,0.13671875,1.0,69,0.09943181818181818,35,44,9,352,0.3102828999981284,248.00000000000023,0.09363571233624454,False,0.0,113.5,153.0,0,0,0.0,0.7250034093224464,352,False,True,,2026-07-29T17:19:18.651628+00:00,2026-07-29T17:19:18.962424+00:00,True
large-low-n0.2-sac-s3-a58678ead436,large,16,low,0.03,0.2,SAC,3,artifacts/final_submission/sac/best_model.zip,78fe38fcc78df0ba8f98bd07af373848833876e7ec5ddf1486cec9a3cd9ba44c,disabled,66da6332362cbf876667b08f276bd50b7cdba93a73315a4f2302dc81e40e2eb2,a58678ead436836ebacaaa0477166d4c08256b096fb527c380e45420768b25aa,0.375,0.140625,1.0,10,0.13352272727272727,47,50,3,352,0.2993619999906514,314.3999999999998,0.19706554878048782,False,0.0,60.5,295.0,0,0,0.0,0.6981826710960543,352,False,True,,2026-07-29T17:19:18.966430+00:00,2026-07-29T17:19:19.265764+00:00,True
large-low-n0.2-sac-s4-53c16bd9fa20,large,16,low,0.03,0.2,SAC,4,artifacts/final_submission/sac/best_model.zip,78fe38fcc78df0ba8f98bd07af373848833876e7ec5ddf1486cec9a3cd9ba44c,disabled,66da6332362cbf876667b08f276bd50b7cdba93a73315a4f2302dc81e40e2eb2,53c16bd9fa2010c5c8c627c1118187f6ce7033295d9c06f0493ea3b916f16d24,0.0,0.04296875,0.0,0,0.35511363636363635,125,126,1,352,0.27675449999514967,92.80000000000052,0.015252829724409448,False,0.0,126.0,28.0,0,0,0.0,0.6296267047218862,352,False,True,,2026-07-29T17:19:19.269766+00:00,2026-07-29T17:19:19.547177+00:00,True
large-low-n0.2-sac-s5-7b3778c45d5d,large,16,low,0.03,0.2,SAC,5,artifacts/final_submission/sac/best_model.zip,78fe38fcc78df0ba8f98bd07af373848833876e7ec5ddf1486cec9a3cd9ba44c,disabled,66da6332362cbf876667b08f276bd50b7cdba93a73315a4f2302dc81e40e2eb2,7b3778c45d5df149036826dbd2b3ebd4860387a6ec1ee9b8b7601c8a9f0b5264,0.0,0.03125,1.0,320,0.08806818181818182,31,34,3,352,0.27811049998854287,347.2,0.010220070422535211,False,0.0,354.0,26.0,0,0,0.0,0.6326863636290496,352,False,True,,2026-07-29T17:19:19.550178+00:00,2026-07-29T17:19:19.828451+00:00,True
large-low-n0.2-sac-s6-78202bfe325b,large,16,low,0.03,0.2,SAC,6,artifacts/final_submission/sac/best_model.zip,78fe38fcc78df0ba8f98bd07af373848833876e7ec5ddf1486cec9a3cd9ba44c,disabled,66da6332362cbf876667b08f276bd50b7cdba93a73315a4f2302dc81e40e2eb2,78202bfe325b0fb8ffdf3fc819658824dc5af29be774936c2ea3fb94087722a5,0.0,0.01953125,1.0,231,0.0,0,0,0,352,0.27801360000739805,268.00000000000006,0.007152478448275862,False,0.0,231.0,16.0,0,0,0.0,0.6430420465800456,352,False,True,,2026-07-29T17:19:19.832432+00:00,2026-07-29T17:19:20.111814+00:00,True
large-low-n0.2-sac-s7-bec2da4018f4,large,16,low,0.03,0.2,SAC,7,artifacts/final_submission/sac/best_model.zip,78fe38fcc78df0ba8f98bd07af373848833876e7ec5ddf1486cec9a3cd9ba44c,disabled,66da6332362cbf876667b08f276bd50b7cdba93a73315a4f2302dc81e40e2eb2,bec2da4018f4ecb4e5e272577fcc587147676ecdba334273f25805343676d08e,0.25,0.03125,1.0,26,0.04261363636363636,15,15,0,352,0.2777500000083819,97.60000000000082,0.11651785714285715,False,0.0,41.0,8.0,0,0,0.0,0.6320062503536147,352,False,True,,2026-07-29T17:19:20.114817+00:00,2026-07-29T17:19:20.392868+00:00,True
large-low-n0.2-sac-s8-3881d143b922,large,16,low,0.03,0.2,SAC,8,artifacts/final_submission/sac/best_model.zip,78fe38fcc78df0ba8f98bd07af373848833876e7ec5ddf1486cec9a3cd9ba44c,disabled,66da6332362cbf876667b08f276bd50b7cdba93a73315a4f2302dc81e40e2eb2,3881d143b9226d31010035971894eaae3c61bd008034190c4f674bfafe4d3d9d,0.0,0.00390625,0.0,0,0.0,0,0,0,352,0.2778583000181243,70.40000000000046,0.301171875,False,0.0,0.0,0.0,0,0,0.0,0.6378309655536379,352,False,True,,2026-07-29T17:19:20.396865+00:00,2026-07-29T17:19:20.674842+00:00,True
large-low-n0.2-sac-s9-de4d580ed2bc,large,16,low,0.03,0.2,SAC,9,artifacts/final_submission/sac/best_model.zip,78fe38fcc78df0ba8f98bd07af373848833876e7ec5ddf1486cec9a3cd9ba44c,disabled,66da6332362cbf876667b08f276bd50b7cdba93a73315a4f2302dc81e40e2eb2,de4d580ed2bc8fbb01b22212961f29037c1e1196dd2550f3ebc64b0e0ce601db,0.0,0.00390625,0.0,0,0.017045454545454544,6,6,0,352,0.2821247999963816,70.40000000000046,0.04402901785714286,False,0.0,6.0,0.0,0,0,0.0,0.6420440333220706,352,False,True,,2026-07-29T17:19:20.678828+00:00,2026-07-29T17:19:20.960968+00:00,True
large-low-n0.2-riskshield_ppo-s0-7bac9b669bb8,large,16,low,0.03,0.2,RiskShield-PPO,0,artifacts/final_submission/riskshield_ppo/best_model.zip,d6c91caeb9bb10db866cbfe947ef1cc3db0ea8dc7470d098c9af6298ab75c812,k_step,66da6332362cbf876667b08f276bd50b7cdba93a73315a4f2302dc81e40e2eb2,7bac9b669bb807bd9113234cdfa2ff4aaa65b298e2d2b045029590931afef603,0.0,0.01171875,0.0,0,0.0,0,0,0,352,0.2945544999965932,72.00000000000048,0.303515625,False,0.0,0.0,2.0,1,0,0.0,0.6496196017244735,352,False,True,,2026-07-29T17:19:20.964968+00:00,2026-07-29T17:19:21.259324+00:00,True
large-low-n0.2-riskshield_ppo-s1-d78d31f83920,large,16,low,0.03,0.2,RiskShield-PPO,1,artifacts/final_submission/riskshield_ppo/best_model.zip,d6c91caeb9bb10db866cbfe947ef1cc3db0ea8dc7470d098c9af6298ab75c812,k_step,66da6332362cbf876667b08f276bd50b7cdba93a73315a4f2302dc81e40e2eb2,d78d31f83920866af0fb6fbe65d69daed437c71365c2e952043edccad954eb04,0.0,0.05078125,0.0,0,0.0,0,0,0,352,0.2961792999994941,85.60000000000053,0.315234375,False,0.0,0.0,19.0,13,0,0.0,0.6541994324090245,352,False,True,,2026-07-29T17:19:21.263241+00:00,2026-07-29T17:19:21.560307+00:00,True
large-low-n0.2-riskshield_ppo-s2-a772baeaefc2,large,16,low,0.03,0.2,RiskShield-PPO,2,artifacts/final_submission/riskshield_ppo/best_model.zip,d6c91caeb9bb10db866cbfe947ef1cc3db0ea8dc7470d098c9af6298ab75c812,k_step,66da6332362cbf876667b08f276bd50b7cdba93a73315a4f2302dc81e40e2eb2,a772baeaefc21f120653fd2e1efd31df8cccd8ef1b3db6d785dcba235c12a8a4,0.0,0.00390625,0.0,0,0.019886363636363636,7,7,0,352,0.29838069999823347,70.40000000000046,0.038671875,False,0.0,7.0,0.0,7,7,0.0,0.6584142036610335,352,False,True,,2026-07-29T17:19:21.563314+00:00,2026-07-29T17:19:21.861975+00:00,True
large-low-n0.2-riskshield_ppo-s3-311416374804,large,16,low,0.03,0.2,RiskShield-PPO,3,artifacts/final_submission/riskshield_ppo/best_model.zip,d6c91caeb9bb10db866cbfe947ef1cc3db0ea8dc7470d098c9af6298ab75c812,k_step,66da6332362cbf876667b08f276bd50b7cdba93a73315a4f2302dc81e40e2eb2,3114163748044afd641faab446a7498f29c94cd956765bc352a0351c9273709d,0.125,0.01171875,0.0,0,0.0,0,0,0,352,0.30097049998585135,72.00000000000047,0.353515625,False,0.0,0.0,2.0,1,0,0.0,0.6652835223907129,352,False,True,,2026-07-29T17:19:21.865977+00:00,2026-07-29T17:19:22.167730+00:00,True
large-low-n0.2-riskshield_ppo-s4-e0d59aefed40,large,16,low,0.03,0.2,RiskShield-PPO,4,artifacts/final_submission/riskshield_ppo/best_model.zip,d6c91caeb9bb10db866cbfe947ef1cc3db0ea8dc7470d098c9af6298ab75c812,k_step,66da6332362cbf876667b08f276bd50b7cdba93a73315a4f2302dc81e40e2eb2,e0d59aefed40ab4c28d9f6fc04d371d4144c95b4a5122b10787e2f33c87943ce,0.0,0.0234375,0.0,0,0.005681818181818182,2,2,0,352,0.29861550001078285,74.40000000000052,0.10703125,False,0.0,2.0,5.0,6,2,0.0,0.6617153400260246,352,False,True,,2026-07-29T17:19:22.170731+00:00,2026-07-29T17:19:22.469478+00:00,True
large-low-n0.2-riskshield_ppo-s5-3277f9aae115,large,16,low,0.03,0.2,RiskShield-PPO,5,artifacts/final_submission/riskshield_ppo/best_model.zip,d6c91caeb9bb10db866cbfe947ef1cc3db0ea8dc7470d098c9af6298ab75c812,k_step,66da6332362cbf876667b08f276bd50b7cdba93a73315a4f2302dc81e40e2eb2,3277f9aae115278efda97892db02d52fcf03817822db8b62fb6f71049ba32f53,0.0,0.01171875,0.0,0,0.008522727272727272,3,3,0,352,0.29819899998256005,72.00000000000045,0.07851562499999999,False,0.0,3.0,2.0,5,3,0.0,0.6607374994432162,352,False,True,,2026-07-29T17:19:22.474042+00:00,2026-07-29T17:19:22.772916+00:00,True
large-low-n0.2-riskshield_ppo-s6-79f4c596c26e,large,16,low,0.03,0.2,RiskShield-PPO,6,artifacts/final_submission/riskshield_ppo/best_model.zip,d6c91caeb9bb10db866cbfe947ef1cc3db0ea8dc7470d098c9af6298ab75c812,k_step,66da6332362cbf876667b08f276bd50b7cdba93a73315a4f2302dc81e40e2eb2,79f4c596c26eb4f0ac1af9af84122f106bc3f10ab80a11cb16f8810a91b7c2a0,0.0,0.00390625,0.0,0,0.0,0,0,0,352,0.2982661999994889,70.40000000000046,0.301171875,False,0.0,0.0,0.0,0,0,0.0,0.6660607958275994,352,False,True,,2026-07-29T17:19:22.776699+00:00,2026-07-29T17:19:23.075264+00:00,True
large-low-n0.2-riskshield_ppo-s7-76ef2a155d4f,large,16,low,0.03,0.2,RiskShield-PPO,7,artifacts/final_submission/riskshield_ppo/best_model.zip,d6c91caeb9bb10db866cbfe947ef1cc3db0ea8dc7470d098c9af6298ab75c812,k_step,66da6332362cbf876667b08f276bd50b7cdba93a73315a4f2302dc81e40e2eb2,76ef2a155d4f70df7b7f7827ca627cbdd0b9619ae1d2b0832ab1444a64a67c01,0.125,0.01953125,0.0,0,0.03125,11,11,0,352,0.29697540000779554,81.60000000000053,0.080859375,False,0.0,11.0,14.0,26,11,0.0,0.6550326706102086,352,False,True,,2026-07-29T17:19:23.078728+00:00,2026-07-29T17:19:23.375518+00:00,True
large-low-n0.2-riskshield_ppo-s8-67c8ab71ee56,large,16,low,0.03,0.2,RiskShield-PPO,8,artifacts/final_submission/riskshield_ppo/best_model.zip,d6c91caeb9bb10db866cbfe947ef1cc3db0ea8dc7470d098c9af6298ab75c812,k_step,66da6332362cbf876667b08f276bd50b7cdba93a73315a4f2302dc81e40e2eb2,67c8ab71ee569fca0fcd4bf1357f1c9e878ad5a35b28c8694c2f1356a0633cbd,0.0,0.00390625,0.0,0,0.0,0,0,0,352,0.29158830002415925,70.40000000000046,0.301171875,False,0.0,0.0,0.0,0,0,0.0,0.6509329537452273,352,False,True,,2026-07-29T17:19:23.380079+00:00,2026-07-29T17:19:23.672860+00:00,True
large-low-n0.2-riskshield_ppo-s9-e6376a771528,large,16,low,0.03,0.2,RiskShield-PPO,9,artifacts/final_submission/riskshield_ppo/best_model.zip,d6c91caeb9bb10db866cbfe947ef1cc3db0ea8dc7470d098c9af6298ab75c812,k_step,66da6332362cbf876667b08f276bd50b7cdba93a73315a4f2302dc81e40e2eb2,e6376a7715288f877f386719b6344a38945a6b54ddc35250e8d6a6fe841c32ee,0.0,0.00390625,0.0,0,0.017045454545454544,6,6,0,352,0.29595359999802895,70.40000000000046,0.04402901785714286,False,0.0,6.0,0.0,6,6,0.0,0.6536110790462275,352,False,True,,2026-07-29T17:19:23.675792+00:00,2026-07-29T17:19:23.972603+00:00,True
large-medium-n0.0-risk_aware_astar-s0-26e4d780f703,large,16,medium,0.05,0.0,risk_aware_astar,0,,,disabled,66da6332362cbf876667b08f276bd50b7cdba93a73315a4f2302dc81e40e2eb2,26e4d780f703c9228c7674436d344af76261b04140910b6af44fbb3038bb3a24,1.0,0.24609375,0.0,0,0.017857142857142856,2,2,0,112,0.060205599991604686,101.60000000000002,0.573828125,True,1.0,2.0,99.0,0,0,0.0,0.4240910696223312,112,True,False,,2026-07-29T17:16:48.335689+00:00,2026-07-29T17:16:48.396741+00:00,True
large-medium-n0.0-risk_aware_astar-s1-bddd98bf04cc,large,16,medium,0.05,0.0,risk_aware_astar,1,,,disabled,66da6332362cbf876667b08f276bd50b7cdba93a73315a4f2302dc81e40e2eb2,bddd98bf04cc39cf21618646a243abe0a50b4fe41b16e50e03e17505b3321f92,1.0,0.203125,0.0,0,0.02857142857142857,2,2,0,70,0.02723939999123104,59.60000000000002,0.5609375,True,1.0,2.0,57.0,0,0,0.0,0.27589428729178117,70,True,False,,2026-07-29T17:16:48.396741+00:00,2026-07-29T17:16:48.423791+00:00,True
large-medium-n0.0-risk_aware_astar-s2-422550179b8a,large,16,medium,0.05,0.0,risk_aware_astar,2,,,disabled,66da6332362cbf876667b08f276bd50b7cdba93a73315a4f2302dc81e40e2eb2,422550179b8aaa847a9b937758ecebfb7d6b7da5e2374a0f9a0688a5cba3da34,1.0,0.18359375,0.0,0,0.0125,1,1,0,80,0.030999999988125637,69.60000000000001,0.605078125,True,1.0,1.0,67.0,0,0,0.0,0.2769025020825211,80,True,False,,2026-07-29T17:16:48.423791+00:00,2026-07-29T17:16:48.455791+00:00,True
large-medium-n0.0-risk_aware_astar-s3-51d7ea24e73f,large,16,medium,0.05,0.0,risk_aware_astar,3,,,disabled,66da6332362cbf876667b08f276bd50b7cdba93a73315a4f2302dc81e40e2eb2,51d7ea24e73f26902ecc7026d3e83d1b7b2c3e5248e475995b24cc34b12781d3,1.0,0.16015625,0.0,0,0.07272727272727272,4,4,0,55,0.09839759999886155,45.400000000000006,0.498046875,True,1.0,5.0,43.0,0,0,0.0,0.23456545366736298,55,True,False,,2026-07-29T17:16:48.455791+00:00,2026-07-29T17:16:48.553908+00:00,True
large-medium-n0.0-risk_aware_astar-s4-3585ef78a22a,large,16,medium,0.05,0.0,risk_aware_astar,4,,,disabled,66da6332362cbf876667b08f276bd50b7cdba93a73315a4f2302dc81e40e2eb2,3585ef78a22a77644d401d5aebd816d896862f3ea0e5494dd2de7c3099bbc8f3,1.0,0.19921875,0.0,0,0.037037037037037035,3,3,0,81,0.07001600001240149,70.60000000000001,0.534765625,True,1.0,3.0,68.0,0,0,0.0,0.5872123457928314,81,True,False,,2026-07-29T17:16:48.538920+00:00,2026-07-29T17:16:48.670236+00:00,True
large-medium-n0.0-risk_aware_astar-s5-d71add4e72ee,large,16,medium,0.05,0.0,risk_aware_astar,5,,,disabled,66da6332362cbf876667b08f276bd50b7cdba93a73315a4f2302dc81e40e2eb2,d71add4e72eeb3e09c52c02268adfcf6d8c80dda68a709c2af0e477bcc243482,1.0,0.18359375,0.0,0,0.046153846153846156,3,3,0,65,0.2238960999820847,55.40000000000001,0.530078125,True,1.0,3.0,53.0,0,0,0.0,0.2655892310520777,65,True,False,,2026-07-29T17:16:48.554908+00:00,2026-07-29T17:16:48.778493+00:00,True
large-medium-n0.0-risk_aware_astar-s6-f58619b41546,large,16,medium,0.05,0.0,risk_aware_astar,6,,,disabled,66da6332362cbf876667b08f276bd50b7cdba93a73315a4f2302dc81e40e2eb2,f58619b41546b6124bed1e31ed9f145f53e31165fd755fd24a57e20777c5c142,1.0,0.265625,0.0,0,0.021739130434782608,3,3,0,138,0.8845185999816749,127.60000000000001,0.5546875,True,1.0,3.0,125.0,0,0,0.0,6.296745652461127,138,True,False,,2026-07-29T17:16:48.670236+00:00,2026-07-29T17:16:49.554635+00:00,True
large-medium-n0.0-risk_aware_astar-s7-a2eb70f51c5a,large,16,medium,0.05,0.0,risk_aware_astar,7,,,disabled,66da6332362cbf876667b08f276bd50b7cdba93a73315a4f2302dc81e40e2eb2,a2eb70f51c5a5aaa6b851def1e54bb1419258bc7324ee957c2a02a04431deee5,1.0,0.25,0.0,0,0.0,0,0,0,89,0.05768779999925755,79.40000000000002,0.625,True,1.0,1.0,77.0,0,0,0.0,0.5345078635819549,89,True,False,,2026-07-29T17:16:48.738493+00:00,2026-07-29T17:16:48.796553+00:00,True
large-medium-n0.0-risk_aware_astar-s8-3637ac42b5cf,large,16,medium,0.05,0.0,risk_aware_astar,8,,,disabled,66da6332362cbf876667b08f276bd50b7cdba93a73315a4f2302dc81e40e2eb2,3637ac42b5cfd4f96199e496cf7a19c0fab278bc6ad1cc9f0f1b2a53236316fa,1.0,0.25390625,0.0,0,0.0,0,0,0,88,0.038594000012381,77.60000000000001,0.776171875,True,1.0,0.0,75.0,0,0,0.0,0.3343261355026202,88,True,False,,2026-07-29T17:16:48.778493+00:00,2026-07-29T17:16:49.255638+00:00,True
large-medium-n0.0-risk_aware_astar-s9-83b8a81400bc,large,16,medium,0.05,0.0,risk_aware_astar,9,,,disabled,66da6332362cbf876667b08f276bd50b7cdba93a73315a4f2302dc81e40e2eb2,83b8a81400bc9b42081c97d36622a1a89e5f5f2cc2276cb355fcb5043bb5873d,1.0,0.20703125,0.0,0,0.013888888888888888,1,1,0,72,0.03198970001540147,62.40000000000002,0.6121093750000001,True,1.0,1.0,60.0,0,0,0.0,0.3317152780558293,72,True,False,,2026-07-29T17:16:48.796553+00:00,2026-07-29T17:16:48.829114+00:00,True
large-medium-n0.0-frontier_exploration-s0-adf46018d1cb,large,16,medium,0.05,0.0,frontier_exploration,0,,,disabled,66da6332362cbf876667b08f276bd50b7cdba93a73315a4f2302dc81e40e2eb2,adf46018d1cb4196befb682aa5967a0b595eff756bf11dc3d46d6fde81fe2a1a,1.0,0.5625,0.0,0,0.017937219730941704,4,4,0,223,0.06084789999295026,212.6,0.6232954545454545,True,1.0,4.5,210.0,0,0,0.0,0.1645233192911263,223,True,False,,2026-07-29T17:16:48.829114+00:00,2026-07-29T17:16:48.946655+00:00,True
large-medium-n0.0-frontier_exploration-s1-641991d3efa3,large,16,medium,0.05,0.0,frontier_exploration,1,,,disabled,66da6332362cbf876667b08f276bd50b7cdba93a73315a4f2302dc81e40e2eb2,641991d3efa3ba56fea27f97794fb966a76e4059e8a7efdf9a82666830165137,1.0,0.63671875,0.0,0,0.04417670682730924,11,11,0,249,0.20834420001483522,239.39999999999995,0.6150156250000001,True,1.0,11.5,237.0,0,0,0.0,0.14699477820197143,249,True,False,,2026-07-29T17:16:48.838116+00:00,2026-07-29T17:16:49.046850+00:00,True
large-medium-n0.0-frontier_exploration-s2-9050f1323499,large,16,medium,0.05,0.0,frontier_exploration,2,,,disabled,66da6332362cbf876667b08f276bd50b7cdba93a73315a4f2302dc81e40e2eb2,9050f1323499e45390c49e5982bd4fff2aef163dd0431eddff780e966431058a,1.0,0.609375,0.0,0,0.0182648401826484,4,4,0,219,0.08274030001484789,210.2,0.6228125,True,1.0,6.5,208.0,0,0,0.0,0.14483013663964014,219,True,False,,2026-07-29T17:16:48.946655+00:00,2026-07-29T17:16:49.029852+00:00,True
large-medium-n0.0-frontier_exploration-s3-32d4300f98d5,large,16,medium,0.05,0.0,frontier_exploration,3,,,disabled,66da6332362cbf876667b08f276bd50b7cdba93a73315a4f2302dc81e40e2eb2,32d4300f98d5df675cddd86bd6549c93aaf5831d1d686e27685ea22012bbab60,1.0,0.6328125,0.0,0,0.007905138339920948,2,2,0,253,0.1582027999975253,243.39999999999998,0.66484375,True,1.0,3.0,241.0,0,0,0.0,0.1516375482945589,253,True,False,,2026-07-29T17:16:49.029852+00:00,2026-07-29T17:16:49.215641+00:00,True
large-medium-n0.0-frontier_exploration-s4-c3bfa018dd5b,large,16,medium,0.05,0.0,frontier_exploration,4,,,disabled,66da6332362cbf876667b08f276bd50b7cdba93a73315a4f2302dc81e40e2eb2,c3bfa018dd5bd1ebc2b5c774da06a74d6335464269ac2d7e95687ff14eba9788,1.0,0.59765625,0.0,0,0.022727272727272728,5,5,0,220,0.05732139997417107,210.39999999999998,0.6292968750000001,True,1.0,5.0,208.0,0,0,0.0,0.14757591058944605,220,True,False,,2026-07-29T17:16:49.046850+00:00,2026-07-29T17:16:49.117805+00:00,True
large-medium-n0.0-frontier_exploration-s5-20c7da80eb8c,large,16,medium,0.05,0.0,frontier_exploration,5,,,disabled,66da6332362cbf876667b08f276bd50b7cdba93a73315a4f2302dc81e40e2eb2,20c7da80eb8c81ce461b24c4808e515e8ccdfcfcd27bee851ef6ed19c0879b35,1.0,0.4140625,0.0,0,0.014705882352941176,2,2,0,136,0.033173899981193244,126.4,0.6099330357142857,True,1.0,2.5,124.0,0,0,0.0,0.13521397019811796,136,True,False,,2026-07-29T17:16:49.117805+00:00,2026-07-29T17:16:49.151514+00:00,True
large-medium-n0.0-frontier_exploration-s6-fee431ea03e0,large,16,medium,0.05,0.0,frontier_exploration,6,,,disabled,66da6332362cbf876667b08f276bd50b7cdba93a73315a4f2302dc81e40e2eb2,fee431ea03e009e6db17a06ce7548d82f41263a8a9d944cc703072774c44675a,1.0,0.71484375,0.0,0,0.012861736334405145,4,4,0,311,0.08797689998755231,300.59999999999997,0.6644531250000001,True,1.0,5.0,298.0,0,0,0.0,0.17438328031740988,311,True,False,,2026-07-29T17:16:49.151514+00:00,2026-07-29T17:16:49.552634+00:00,True
large-medium-n0.0-frontier_exploration-s7-fdd34a1af92e,large,16,medium,0.05,0.0,frontier_exploration,7,,,disabled,66da6332362cbf876667b08f276bd50b7cdba93a73315a4f2302dc81e40e2eb2,fdd34a1af92e1ce891f7b74437b3ae1dbae3c75aecfe2156b7cc9a2b250f16ca,1.0,0.5859375,0.0,0,0.02830188679245283,6,6,0,212,0.5131419999815989,203.2,0.6186383928571428,True,1.0,6.0,201.0,0,0,0.0,0.15979245146363094,212,True,False,,2026-07-29T17:16:49.215641+00:00,2026-07-29T17:16:49.729948+00:00,True
large-medium-n0.0-frontier_exploration-s8-fc16d2342ab1,large,16,medium,0.05,0.0,frontier_exploration,8,,,disabled,66da6332362cbf876667b08f276bd50b7cdba93a73315a4f2302dc81e40e2eb2,fc16d2342ab15b5637afbf58202fca637995f799ee7fd6ddbaeb167fafad0795,1.0,0.46875,0.0,0,0.033707865168539325,6,6,0,178,0.04469880001852289,167.6,0.5834821428571428,True,1.0,6.0,165.0,0,0,0.0,0.1466966286796051,178,True,False,,2026-07-29T17:16:49.255638+00:00,2026-07-29T17:16:49.300642+00:00,True
large-medium-n0.0-frontier_exploration-s9-cda6d2571341,large,16,medium,0.05,0.0,frontier_exploration,9,,,disabled,66da6332362cbf876667b08f276bd50b7cdba93a73315a4f2302dc81e40e2eb2,cda6d25713412b4b0711b6949d31d4a67c72026ff4f2b4af58f28324144b68b3,1.0,0.70703125,0.0,0,0.009433962264150943,3,3,0,318,0.265871400013566,308.4,0.662109375,True,1.0,5.0,306.0,0,0,0.0,0.25951886808048674,318,True,False,,2026-07-29T17:16:49.300642+00:00,2026-07-29T17:16:49.567639+00:00,True
large-medium-n0.0-ppo-s0-1e90d68b8968,large,16,medium,0.05,0.0,PPO,0,artifacts/final_submission/ppo/best_model.zip,7c54226fc8927d7ef7fcdc7d5f3ff29b11fa8d1463293a9d8e3b6bebad84cc11,disabled,66da6332362cbf876667b08f276bd50b7cdba93a73315a4f2302dc81e40e2eb2,1e90d68b89688ee7eb0502d9ddf1eae51bee415b530060dcee1b0f9631b673a0,0.07692307692307693,0.00390625,0.0,0,0.0625,22,22,0,352,0.2908412000106182,70.40000000000046,0.04498458403010034,False,0.0,22.0,0.0,0,0,0.0,0.6631389213163691,352,False,True,,2026-07-29T17:19:23.975605+00:00,2026-07-29T17:19:24.268222+00:00,True
large-medium-n0.0-ppo-s1-6c1658190a89,large,16,medium,0.05,0.0,PPO,1,artifacts/final_submission/ppo/best_model.zip,7c54226fc8927d7ef7fcdc7d5f3ff29b11fa8d1463293a9d8e3b6bebad84cc11,disabled,66da6332362cbf876667b08f276bd50b7cdba93a73315a4f2302dc81e40e2eb2,6c1658190a8956b59f5cd906802d5d2033e3a38ef8478c07144834abc0581d5e,0.07692307692307693,0.00390625,0.0,0,0.10227272727272728,36,36,0,352,0.2871003999898676,70.40000000000046,0.04004921387733888,False,0.0,36.0,0.0,0,0,0.0,0.6574014216973658,352,False,True,,2026-07-29T17:19:24.271223+00:00,2026-07-29T17:19:24.559301+00:00,True
large-medium-n0.0-ppo-s2-e0acff32df06,large,16,medium,0.05,0.0,PPO,2,artifacts/final_submission/ppo/best_model.zip,7c54226fc8927d7ef7fcdc7d5f3ff29b11fa8d1463293a9d8e3b6bebad84cc11,disabled,66da6332362cbf876667b08f276bd50b7cdba93a73315a4f2302dc81e40e2eb2,e0acff32df063c6479ef46c89e37ff1d91aff5ec4fe83dee12991fd2884d7ae0,0.0,0.00390625,0.0,0,0.02556818181818182,9,9,0,352,0.2841412000125274,70.40000000000046,0.031171874999999998,False,0.0,9.0,0.0,0,0,0.0,0.6478428979541853,352,False,True,,2026-07-29T17:19:24.562286+00:00,2026-07-29T17:19:24.847453+00:00,True
large-medium-n0.0-ppo-s3-cdaee5b89c3f,large,16,medium,0.05,0.0,PPO,3,artifacts/final_submission/ppo/best_model.zip,7c54226fc8927d7ef7fcdc7d5f3ff29b11fa8d1463293a9d8e3b6bebad84cc11,disabled,66da6332362cbf876667b08f276bd50b7cdba93a73315a4f2302dc81e40e2eb2,cdaee5b89c3fccb70eb9a0617c72d7fbc09e640244ee926ba46652815238e46c,0.0,0.03125,0.0,0,0.20170454545454544,71,71,0,352,0.2893386000068858,76.00000000000053,0.013541666666666667,False,0.0,71.0,7.0,0,0,0.0,0.6654562496557694,352,False,True,,2026-07-29T17:19:24.850465+00:00,2026-07-29T17:19:25.140408+00:00,True
large-medium-n0.0-ppo-s4-e2b84754fdee,large,16,medium,0.05,0.0,PPO,4,artifacts/final_submission/ppo/best_model.zip,7c54226fc8927d7ef7fcdc7d5f3ff29b11fa8d1463293a9d8e3b6bebad84cc11,disabled,66da6332362cbf876667b08f276bd50b7cdba93a73315a4f2302dc81e40e2eb2,e2b84754fdeeccf3a16bb4866fa7722060b8f1e64a5493ae0bc96d91c9598d15,0.07692307692307693,0.0078125,0.0,0,0.011363636363636364,4,4,0,352,0.2924404999939725,71.20000000000047,0.09311298076923077,False,0.0,4.0,1.0,0,0,0.0,0.6705624997597294,352,False,True,,2026-07-29T17:19:25.144409+00:00,2026-07-29T17:19:25.437266+00:00,True
large-medium-n0.0-ppo-s5-df04d5951186,large,16,medium,0.05,0.0,PPO,5,artifacts/final_submission/ppo/best_model.zip,7c54226fc8927d7ef7fcdc7d5f3ff29b11fa8d1463293a9d8e3b6bebad84cc11,disabled,66da6332362cbf876667b08f276bd50b7cdba93a73315a4f2302dc81e40e2eb2,df04d5951186493ee59f23a85783c89ce60b46ece21664ae30e7396617e2d535,0.07692307692307693,0.00390625,0.0,0,0.07386363636363637,26,26,0,352,0.29117899999255314,70.40000000000046,0.04305221688034189,False,0.0,26.0,0.0,0,0,0.0,0.6666659092760793,352,False,True,,2026-07-29T17:19:25.440350+00:00,2026-07-29T17:19:25.732183+00:00,True
large-medium-n0.0-ppo-s6-895b2920d7ea,large,16,medium,0.05,0.0,PPO,6,artifacts/final_submission/ppo/best_model.zip,7c54226fc8927d7ef7fcdc7d5f3ff29b11fa8d1463293a9d8e3b6bebad84cc11,disabled,66da6332362cbf876667b08f276bd50b7cdba93a73315a4f2302dc81e40e2eb2,895b2920d7eafb962f7bbe3f4ac56c291e96a3d1af3b8a2b760c7bcaa03dda02,0.0,0.00390625,0.0,0,0.017045454545454544,6,6,0,352,0.2916731000004802,70.40000000000046,0.04402901785714286,False,0.0,6.0,0.0,0,0,0.0,0.6786838061585017,352,False,True,,2026-07-29T17:19:25.736183+00:00,2026-07-29T17:19:26.028319+00:00,True
large-medium-n0.0-ppo-s7-f22ecc4459ba,large,16,medium,0.05,0.0,PPO,7,artifacts/final_submission/ppo/best_model.zip,7c54226fc8927d7ef7fcdc7d5f3ff29b11fa8d1463293a9d8e3b6bebad84cc11,disabled,66da6332362cbf876667b08f276bd50b7cdba93a73315a4f2302dc81e40e2eb2,f22ecc4459bab07455d40d046c9833200f8480388fc8b104bb860f922fbf3533,0.0,0.00390625,0.0,0,0.0625,22,22,0,352,0.29270120000001043,70.40000000000046,0.014215353260869564,False,0.0,22.0,0.0,0,0,0.0,0.6651224423628512,352,False,True,,2026-07-29T17:19:26.031319+00:00,2026-07-29T17:19:26.324674+00:00,True
large-medium-n0.0-ppo-s8-74ac8f60fc84,large,16,medium,0.05,0.0,PPO,8,artifacts/final_submission/ppo/best_model.zip,7c54226fc8927d7ef7fcdc7d5f3ff29b11fa8d1463293a9d8e3b6bebad84cc11,disabled,66da6332362cbf876667b08f276bd50b7cdba93a73315a4f2302dc81e40e2eb2,74ac8f60fc84f4b9387e932b824b2a47c49331b667b73e7fe7d23802c3b7a938,0.15384615384615385,0.015625,0.0,0,0.10511363636363637,37,37,0,352,0.31394100000034086,72.8000000000005,0.0741206983805668,False,0.0,37.0,3.0,0,0,0.0,0.718448010791855,352,False,True,,2026-07-29T17:19:26.329830+00:00,2026-07-29T17:19:26.644480+00:00,True
large-medium-n0.0-ppo-s9-903216923efc,large,16,medium,0.05,0.0,PPO,9,artifacts/final_submission/ppo/best_model.zip,7c54226fc8927d7ef7fcdc7d5f3ff29b11fa8d1463293a9d8e3b6bebad84cc11,disabled,66da6332362cbf876667b08f276bd50b7cdba93a73315a4f2302dc81e40e2eb2,903216923efc158b1f78064298c757bb7866166220fa33bf506a4219f1285bdd,0.0,0.00390625,0.0,0,0.02556818181818182,9,9,0,352,0.29320869999355637,70.40000000000046,0.031171874999999998,False,0.0,9.0,0.0,0,0,0.0,0.6780713068689114,352,False,True,,2026-07-29T17:19:26.648480+00:00,2026-07-29T17:19:26.941833+00:00,True
large-medium-n0.0-sac-s0-0654801816f9,large,16,medium,0.05,0.0,SAC,0,artifacts/final_submission/sac/best_model.zip,78fe38fcc78df0ba8f98bd07af373848833876e7ec5ddf1486cec9a3cd9ba44c,disabled,66da6332362cbf876667b08f276bd50b7cdba93a73315a4f2302dc81e40e2eb2,0654801816f9a995f6897a7fd7e12bb577e277594ac05eac22744f2de1427c97,0.0,0.00390625,1.0,352,0.03409090909090909,12,12,0,352,0.330117200006498,352.0,0.001993792808219178,False,0.0,364.0,0.0,0,0,0.0,0.7665892041834674,352,False,True,,2026-07-29T17:19:26.944850+00:00,2026-07-29T17:19:27.275688+00:00,True
large-medium-n0.0-sac-s1-41034d43e474,large,16,medium,0.05,0.0,SAC,1,artifacts/final_submission/sac/best_model.zip,78fe38fcc78df0ba8f98bd07af373848833876e7ec5ddf1486cec9a3cd9ba44c,disabled,66da6332362cbf876667b08f276bd50b7cdba93a73315a4f2302dc81e40e2eb2,41034d43e4743d539246a942d33c3f0ecae798d39c82695e1f991659d4319c82,0.07692307692307693,0.05859375,0.0,0,0.022727272727272728,8,10,2,352,0.33657829998992383,333.59999999999997,0.07562008304195804,False,0.0,10.0,329.0,0,0,0.0,0.7758468752647538,352,False,True,,2026-07-29T17:19:27.279189+00:00,2026-07-29T17:19:27.616738+00:00,True
large-medium-n0.0-sac-s2-c8eed42fa18a,large,16,medium,0.05,0.0,SAC,2,artifacts/final_submission/sac/best_model.zip,78fe38fcc78df0ba8f98bd07af373848833876e7ec5ddf1486cec9a3cd9ba44c,disabled,66da6332362cbf876667b08f276bd50b7cdba93a73315a4f2302dc81e40e2eb2,c8eed42fa18a9890d5a826e10946c5723a043d8fe070fcc7c391233e228c27bb,0.07692307692307693,0.04296875,1.0,31,0.05397727272727273,19,19,0,352,0.322555500024464,163.9999999999981,0.049542208710407244,False,0.0,50.0,86.0,0,0,0.0,0.7477653411611258,352,False,True,,2026-07-29T17:19:27.619736+00:00,2026-07-29T17:19:27.942997+00:00,True
large-medium-n0.0-sac-s3-d3400f57c0a6,large,16,medium,0.05,0.0,SAC,3,artifacts/final_submission/sac/best_model.zip,78fe38fcc78df0ba8f98bd07af373848833876e7ec5ddf1486cec9a3cd9ba44c,disabled,66da6332362cbf876667b08f276bd50b7cdba93a73315a4f2302dc81e40e2eb2,d3400f57c0a60a57133b47d12020f865fc3f516ca6f7c481a4f8a40528869f56,0.07692307692307693,0.01953125,1.0,3,0.16193181818181818,57,61,4,352,0.31245089997537434,76.80000000000055,0.04124399038461539,False,0.0,64.0,5.0,0,0,0.0,0.7220218747699453,352,False,True,,2026-07-29T17:19:27.946489+00:00,2026-07-29T17:19:28.260254+00:00,True
large-medium-n0.0-sac-s4-7f362f880dc6,large,16,medium,0.05,0.0,SAC,4,artifacts/final_submission/sac/best_model.zip,78fe38fcc78df0ba8f98bd07af373848833876e7ec5ddf1486cec9a3cd9ba44c,disabled,66da6332362cbf876667b08f276bd50b7cdba93a73315a4f2302dc81e40e2eb2,7f362f880dc63f79f7dc6ab735360a468f312e6c5f445352d8d3f3e76e43dae2,0.23076923076923078,0.08984375,1.0,29,0.045454545454545456,16,80,64,352,0.3112257999891881,327.99999999999966,0.12197574943438914,False,0.0,109.5,293.0,0,0,0.0,0.7127048293940871,352,False,True,,2026-07-29T17:19:28.263273+00:00,2026-07-29T17:19:28.575158+00:00,True
large-medium-n0.0-sac-s5-5cb6e2befc98,large,16,medium,0.05,0.0,SAC,5,artifacts/final_submission/sac/best_model.zip,78fe38fcc78df0ba8f98bd07af373848833876e7ec5ddf1486cec9a3cd9ba44c,disabled,66da6332362cbf876667b08f276bd50b7cdba93a73315a4f2302dc81e40e2eb2,5cb6e2befc98def692fc23e6673ef65721c185fe8b51ea88011eaa53a68b3b2e,0.07692307692307693,0.00390625,0.0,0,0.07386363636363637,26,26,0,352,0.315513200010173,70.40000000000046,0.04305221688034189,False,0.0,26.0,0.0,0,0,0.0,0.7232122163093829,352,False,True,,2026-07-29T17:19:28.579140+00:00,2026-07-29T17:19:28.895793+00:00,True
large-medium-n0.0-sac-s6-ea1af2a27d46,large,16,medium,0.05,0.0,SAC,6,artifacts/final_submission/sac/best_model.zip,78fe38fcc78df0ba8f98bd07af373848833876e7ec5ddf1486cec9a3cd9ba44c,disabled,66da6332362cbf876667b08f276bd50b7cdba93a73315a4f2302dc81e40e2eb2,ea1af2a27d46c916345b2b90e41a7a086f8f3ae4d9aa0f0ae6461fb260d91cf5,0.07692307692307693,0.03125,1.0,295,0.022727272727272728,8,8,0,352,0.2934569999924861,351.2,0.04113107287449393,False,0.0,303.0,56.0,0,0,0.0,0.6673622171795366,352,False,True,,2026-07-29T17:19:28.898808+00:00,2026-07-29T17:19:29.193073+00:00,True
large-medium-n0.0-sac-s7-e3681fc4b33e,large,16,medium,0.05,0.0,SAC,7,artifacts/final_submission/sac/best_model.zip,78fe38fcc78df0ba8f98bd07af373848833876e7ec5ddf1486cec9a3cd9ba44c,disabled,66da6332362cbf876667b08f276bd50b7cdba93a73315a4f2302dc81e40e2eb2,e3681fc4b33e90d9fdf254551fb7cb22b8627af5f9dfc688cc563f8980a0431a,0.23076923076923078,0.07421875,1.0,153,0.05113636363636364,18,19,1,352,0.2902798000141047,344.0,0.11630742135393508,False,0.0,172.0,189.0,0,0,0.0,0.6533681827766652,352,False,True,,2026-07-29T17:19:29.197077+00:00,2026-07-29T17:19:29.487813+00:00,True
large-medium-n0.0-sac-s8-7d79c66a6670,large,16,medium,0.05,0.0,SAC,8,artifacts/final_submission/sac/best_model.zip,78fe38fcc78df0ba8f98bd07af373848833876e7ec5ddf1486cec9a3cd9ba44c,disabled,66da6332362cbf876667b08f276bd50b7cdba93a73315a4f2302dc81e40e2eb2,7d79c66a667047365b35aede713be63a8aa3a5be9ec095563ff81d66ef2f63c5,0.15384615384615385,0.046875,1.0,45,0.13352272727272727,47,63,16,352,0.2832817000162322,314.3999999999996,0.0783532551164432,False,0.0,108.0,260.0,0,0,0.0,0.6360457384124113,352,False,True,,2026-07-29T17:19:29.491816+00:00,2026-07-29T17:19:29.775778+00:00,True
large-medium-n0.0-sac-s9-3d12ac5de818,large,16,medium,0.05,0.0,SAC,9,artifacts/final_submission/sac/best_model.zip,78fe38fcc78df0ba8f98bd07af373848833876e7ec5ddf1486cec9a3cd9ba44c,disabled,66da6332362cbf876667b08f276bd50b7cdba93a73315a4f2302dc81e40e2eb2,3d12ac5de81878bf21cabf606279b71816ca089277cd59710ea870afe9af0276,0.0,0.0078125,1.0,351,0.0,0,0,0,352,0.3015655000053812,352.0,0.003196022727272727,False,0.0,351.0,1.0,0,0,0.0,0.6998272729106247,352,False,True,,2026-07-29T17:19:29.778850+00:00,2026-07-29T17:19:30.080409+00:00,True
large-medium-n0.0-riskshield_ppo-s0-0356bfa69988,large,16,medium,0.05,0.0,RiskShield-PPO,0,artifacts/final_submission/riskshield_ppo/best_model.zip,d6c91caeb9bb10db866cbfe947ef1cc3db0ea8dc7470d098c9af6298ab75c812,k_step,66da6332362cbf876667b08f276bd50b7cdba93a73315a4f2302dc81e40e2eb2,0356bfa699880b9ea0c28afcbdd592e009d79a99f2bc1cc156c398c8acae9991,0.07692307692307693,0.00390625,0.0,0,0.0625,22,22,0,352,0.33445329999085516,70.40000000000046,0.04498458403010034,False,0.0,22.0,0.0,332,22,0.0,0.7344076695351925,352,False,True,,2026-07-29T17:19:30.083961+00:00,2026-07-29T17:19:30.419787+00:00,True
large-medium-n0.0-riskshield_ppo-s1-cb52f5ea0dee,large,16,medium,0.05,0.0,RiskShield-PPO,1,artifacts/final_submission/riskshield_ppo/best_model.zip,d6c91caeb9bb10db866cbfe947ef1cc3db0ea8dc7470d098c9af6298ab75c812,k_step,66da6332362cbf876667b08f276bd50b7cdba93a73315a4f2302dc81e40e2eb2,cb52f5ea0dee869869ce3f305bc90029cedb69df4c5366adaf40f6dc6742daaa,0.23076923076923078,0.0859375,0.0,0,0.02556818181818182,9,9,0,352,0.39506619999883696,96.00000000000054,0.14808894230769232,False,0.0,9.0,32.0,36,9,0.0,0.9160437494673798,352,False,True,,2026-07-29T17:19:30.423781+00:00,2026-07-29T17:19:30.818980+00:00,True
large-medium-n0.0-riskshield_ppo-s2-7cee17de941e,large,16,medium,0.05,0.0,RiskShield-PPO,2,artifacts/final_submission/riskshield_ppo/best_model.zip,d6c91caeb9bb10db866cbfe947ef1cc3db0ea8dc7470d098c9af6298ab75c812,k_step,66da6332362cbf876667b08f276bd50b7cdba93a73315a4f2302dc81e40e2eb2,7cee17de941eba271bf195646248411dc11b46a0c84624dd9a640253fb101e84,0.0,0.00390625,0.0,0,0.02556818181818182,9,9,0,352,0.3106477999826893,70.40000000000046,0.031171874999999998,False,0.0,9.0,0.0,9,9,0.0,0.6822954545152077,352,False,True,,2026-07-29T17:19:30.822984+00:00,2026-07-29T17:19:31.133724+00:00,True
large-medium-n0.0-riskshield_ppo-s3-c439d958f34c,large,16,medium,0.05,0.0,RiskShield-PPO,3,artifacts/final_submission/riskshield_ppo/best_model.zip,d6c91caeb9bb10db866cbfe947ef1cc3db0ea8dc7470d098c9af6298ab75c812,k_step,66da6332362cbf876667b08f276bd50b7cdba93a73315a4f2302dc81e40e2eb2,c439d958f34c951b3d1e0f67d2bfd40bd482c266ac73c1fef3bee3ef1ccbe0c0,0.3076923076923077,0.0390625,0.0,0,0.03125,11,11,0,352,0.31385649999720044,88.80000000000054,0.15979567307692308,False,0.0,11.0,23.0,34,11,0.0,0.6946306828633003,352,False,True,,2026-07-29T17:19:31.137713+00:00,2026-07-29T17:19:31.451891+00:00,True
large-medium-n0.0-riskshield_ppo-s4-d3d903e39374,large,16,medium,0.05,0.0,RiskShield-PPO,4,artifacts/final_submission/riskshield_ppo/best_model.zip,d6c91caeb9bb10db866cbfe947ef1cc3db0ea8dc7470d098c9af6298ab75c812,k_step,66da6332362cbf876667b08f276bd50b7cdba93a73315a4f2302dc81e40e2eb2,d3d903e393741d44ddfb30887c319f8111446862576553ff7d6f14c24a2467cc,0.15384615384615385,0.04296875,0.0,0,0.017045454545454544,6,6,0,352,0.3239702999999281,80.00000000000057,0.1172862293956044,False,0.0,6.0,12.0,18,6,0.0,0.7193017037769261,352,False,True,,2026-07-29T17:19:31.456789+00:00,2026-07-29T17:19:31.781955+00:00,True
large-medium-n0.0-riskshield_ppo-s5-8acb0904b6bc,large,16,medium,0.05,0.0,RiskShield-PPO,5,artifacts/final_submission/riskshield_ppo/best_model.zip,d6c91caeb9bb10db866cbfe947ef1cc3db0ea8dc7470d098c9af6298ab75c812,k_step,66da6332362cbf876667b08f276bd50b7cdba93a73315a4f2302dc81e40e2eb2,8acb0904b6bcb5af99341c6ce50085c0ea88ac1fa85bef6988eee2cffb7c714b,0.07692307692307693,0.0078125,0.0,0,0.028409090909090908,10,10,0,352,0.3213838000083342,71.20000000000047,0.060385708041958044,False,0.0,10.0,1.0,11,10,0.0,0.711031818851056,352,False,True,,2026-07-29T17:19:31.784626+00:00,2026-07-29T17:19:32.106924+00:00,True
large-medium-n0.0-riskshield_ppo-s6-cf97f81691a2,large,16,medium,0.05,0.0,RiskShield-PPO,6,artifacts/final_submission/riskshield_ppo/best_model.zip,d6c91caeb9bb10db866cbfe947ef1cc3db0ea8dc7470d098c9af6298ab75c812,k_step,66da6332362cbf876667b08f276bd50b7cdba93a73315a4f2302dc81e40e2eb2,cf97f81691a2a0ddc665d43e4b9b54d43df1fc688bb3ee24804a7b44520dab57,0.0,0.015625,0.0,0,0.005681818181818182,2,2,0,352,0.30144739997922443,72.80000000000045,0.10468749999999999,False,0.0,2.0,3.0,5,2,0.0,0.6680065339837298,352,False,True,,2026-07-29T17:19:32.110924+00:00,2026-07-29T17:19:32.413029+00:00,True
large-medium-n0.0-riskshield_ppo-s7-79bc5fc7b5ff,large,16,medium,0.05,0.0,RiskShield-PPO,7,artifacts/final_submission/riskshield_ppo/best_model.zip,d6c91caeb9bb10db866cbfe947ef1cc3db0ea8dc7470d098c9af6298ab75c812,k_step,66da6332362cbf876667b08f276bd50b7cdba93a73315a4f2302dc81e40e2eb2,79bc5fc7b5ff49ea0c17e6a0fb45bf052bbdf996eb9ad4ad3903641bd74c6130,0.07692307692307693,0.01171875,0.0,0,0.1903409090909091,67,67,0,352,0.32386119998409413,72.00000000000048,0.038696620475113123,False,0.0,67.0,2.0,69,67,0.0,0.71010823963165,352,False,True,,2026-07-29T17:19:32.416054+00:00,2026-07-29T17:19:32.740707+00:00,True
large-medium-n0.0-riskshield_ppo-s8-a34212fe6053,large,16,medium,0.05,0.0,RiskShield-PPO,8,artifacts/final_submission/riskshield_ppo/best_model.zip,d6c91caeb9bb10db866cbfe947ef1cc3db0ea8dc7470d098c9af6298ab75c812,k_step,66da6332362cbf876667b08f276bd50b7cdba93a73315a4f2302dc81e40e2eb2,a34212fe6053fbe45e481944a730cc929110639a31e1a79aa423ddec3e00fd8c,0.23076923076923078,0.06640625,0.0,0,0.011363636363636364,4,4,0,352,0.3015730000042822,84.80000000000041,0.17222956730769232,False,0.0,4.0,18.0,18,4,0.0,0.661099716208727,352,False,True,,2026-07-29T17:19:32.743711+00:00,2026-07-29T17:19:33.045828+00:00,True
large-medium-n0.0-riskshield_ppo-s9-33a381acf22d,large,16,medium,0.05,0.0,RiskShield-PPO,9,artifacts/final_submission/riskshield_ppo/best_model.zip,d6c91caeb9bb10db866cbfe947ef1cc3db0ea8dc7470d098c9af6298ab75c812,k_step,66da6332362cbf876667b08f276bd50b7cdba93a73315a4f2302dc81e40e2eb2,33a381acf22d9031592d3cf180ead55ff10838f7366d9482d1ab419348a2fb2b,0.0,0.0078125,0.0,0,0.07386363636363637,26,26,0,352,0.30778850000933744,71.20000000000047,0.013454861111111112,False,0.0,26.0,1.0,27,26,0.0,0.6760934653687979,352,False,True,,2026-07-29T17:19:33.049831+00:00,2026-07-29T17:19:33.358436+00:00,True
large-medium-n0.1-risk_aware_astar-s0-55e35544ef3d,large,16,medium,0.05,0.1,risk_aware_astar,0,,,disabled,66da6332362cbf876667b08f276bd50b7cdba93a73315a4f2302dc81e40e2eb2,55e35544ef3d1e2fe87de20bfed691b6e56ea97d87b19ed0078447647dc889d6,1.0,0.24609375,0.0,0,0.017857142857142856,2,2,0,112,0.05761089999577962,101.60000000000002,0.573828125,True,1.0,2.0,99.0,0,0,0.0,0.4081803544977447,112,True,False,,2026-07-29T17:16:49.552634+00:00,2026-07-29T17:16:49.656541+00:00,True
large-medium-n0.1-risk_aware_astar-s1-8d1f37a51427,large,16,medium,0.05,0.1,risk_aware_astar,1,,,disabled,66da6332362cbf876667b08f276bd50b7cdba93a73315a4f2302dc81e40e2eb2,8d1f37a51427e681994775e6546d93514c4fe194d0c3c311c606ab10d6282cfe,1.0,0.203125,0.0,0,0.02857142857142857,2,2,0,70,0.26146710000466555,59.60000000000002,0.5609375,True,1.0,2.0,57.0,0,0,0.0,0.2591442861427952,70,True,False,,2026-07-29T17:16:49.554635+00:00,2026-07-29T17:16:49.816747+00:00,True
large-medium-n0.1-risk_aware_astar-s2-eee4b86f5899,large,16,medium,0.05,0.1,risk_aware_astar,2,,,disabled,66da6332362cbf876667b08f276bd50b7cdba93a73315a4f2302dc81e40e2eb2,eee4b86f5899f64092ac73b203f6322fb55563789fc9a5bc9ee36032d9d43dad,1.0,0.18359375,0.0,0,0.0125,1,1,0,80,0.030732600018382072,69.60000000000001,0.605078125,True,1.0,1.0,67.0,0,0,0.0,0.2762175015959656,80,True,False,,2026-07-29T17:16:49.567639+00:00,2026-07-29T17:16:49.598661+00:00,True
large-medium-n0.1-risk_aware_astar-s3-4d07619bb367,large,16,medium,0.05,0.1,risk_aware_astar,3,,,disabled,66da6332362cbf876667b08f276bd50b7cdba93a73315a4f2302dc81e40e2eb2,4d07619bb367066ef6ed2aae564f093603424679007dd5d674f354a9a68e03d5,1.0,0.16015625,0.0,0,0.07272727272727272,4,4,0,55,0.018679000000702217,45.400000000000006,0.498046875,True,1.0,5.0,43.0,0,0,0.0,0.2325218165589666,55,True,False,,2026-07-29T17:16:49.598661+00:00,2026-07-29T17:16:50.041205+00:00,True
large-medium-n0.1-risk_aware_astar-s4-85c142541171,large,16,medium,0.05,0.1,risk_aware_astar,4,,,disabled,66da6332362cbf876667b08f276bd50b7cdba93a73315a4f2302dc81e40e2eb2,85c1425411713672a7f3742052a2e545270056f85607fee1c7b23a92dacf5985,1.0,0.19921875,0.0,0,0.037037037037037035,3,3,0,81,0.30851699999766424,70.60000000000001,0.534765625,True,1.0,3.0,68.0,0,0,0.0,3.510085183891387,81,True,False,,2026-07-29T17:16:49.656541+00:00,2026-07-29T17:16:49.984690+00:00,True
large-medium-n0.1-risk_aware_astar-s5-df99480e9772,large,16,medium,0.05,0.1,risk_aware_astar,5,,,disabled,66da6332362cbf876667b08f276bd50b7cdba93a73315a4f2302dc81e40e2eb2,df99480e9772c9e021ca8bb8b385010bb44b84e89b30395d37edd728b672ff4f,1.0,0.18359375,0.0,0,0.046153846153846156,3,3,0,65,0.02484050000202842,55.40000000000001,0.530078125,True,1.0,3.0,53.0,0,0,0.0,0.2722584615604809,65,True,False,,2026-07-29T17:16:49.729948+00:00,2026-07-29T17:16:49.755127+00:00,True
large-medium-n0.1-risk_aware_astar-s6-b2866b9434dc,large,16,medium,0.05,0.1,risk_aware_astar,6,,,disabled,66da6332362cbf876667b08f276bd50b7cdba93a73315a4f2302dc81e40e2eb2,b2866b9434dcad7319d4e9f9d3058f7e1c24642fea3c4104e1ef9bf9f5567f08,1.0,0.265625,0.0,0,0.021739130434782608,3,3,0,138,0.8296708000125363,127.60000000000001,0.5546875,True,1.0,3.0,125.0,0,0,0.0,1.1905666665963666,138,True,False,,2026-07-29T17:16:49.755127+00:00,2026-07-29T17:16:50.585299+00:00,True
large-medium-n0.1-risk_aware_astar-s7-e05b34850be9,large,16,medium,0.05,0.1,risk_aware_astar,7,,,disabled,66da6332362cbf876667b08f276bd50b7cdba93a73315a4f2302dc81e40e2eb2,e05b34850be963acb30efe14bced042dc74df89fc6a2abdb4b77a7fc5f018b7a,1.0,0.25,0.0,0,0.0,0,0,0,89,0.04904589999932796,79.40000000000002,0.625,True,1.0,1.0,77.0,0,0,0.0,0.4433168538485057,89,True,False,,2026-07-29T17:16:49.816747+00:00,2026-07-29T17:16:49.882748+00:00,True
large-medium-n0.1-risk_aware_astar-s8-1ce46d3ade9e,large,16,medium,0.05,0.1,risk_aware_astar,8,,,disabled,66da6332362cbf876667b08f276bd50b7cdba93a73315a4f2302dc81e40e2eb2,1ce46d3ade9e1feccb4163fb0b4fb36e12569830e2d1a3a5be9716dc79da444e,1.0,0.25390625,0.0,0,0.0,0,0,0,88,0.03858670001500286,77.60000000000001,0.776171875,True,1.0,0.0,75.0,0,0,0.0,0.33276249980024825,88,True,False,,2026-07-29T17:16:49.882748+00:00,2026-07-29T17:16:49.922255+00:00,True
large-medium-n0.1-risk_aware_astar-s9-f3c487a68e5f,large,16,medium,0.05,0.1,risk_aware_astar,9,,,disabled,66da6332362cbf876667b08f276bd50b7cdba93a73315a4f2302dc81e40e2eb2,f3c487a68e5f4cf515175147e29cf275d306d7041a0dde33240cecd8b946b662,1.0,0.20703125,0.0,0,0.013888888888888888,1,1,0,72,0.030801599990809336,62.40000000000002,0.6121093750000001,True,1.0,1.0,60.0,0,0,0.0,0.3218527765259043,72,True,False,,2026-07-29T17:16:49.922255+00:00,2026-07-29T17:16:49.953256+00:00,True
large-medium-n0.1-frontier_exploration-s0-7031246fb861,large,16,medium,0.05,0.1,frontier_exploration,0,,,disabled,66da6332362cbf876667b08f276bd50b7cdba93a73315a4f2302dc81e40e2eb2,7031246fb8614d2e550a3fe71fd4648a2ad75921b075b9058112d33d8f9cf670,1.0,0.5625,0.0,0,0.017937219730941704,4,4,0,223,0.06790590001037344,212.6,0.6232954545454545,True,1.0,4.5,210.0,0,0,0.0,0.1592340806317453,223,True,False,,2026-07-29T17:16:49.953256+00:00,2026-07-29T17:16:50.021205+00:00,True
large-medium-n0.1-frontier_exploration-s1-43354bca636d,large,16,medium,0.05,0.1,frontier_exploration,1,,,disabled,66da6332362cbf876667b08f276bd50b7cdba93a73315a4f2302dc81e40e2eb2,43354bca636d3b617b813e9224373b4425cced3bebd55b95511eac3b3ee2e18d,1.0,0.63671875,0.0,0,0.04417670682730924,11,11,0,249,0.06611630000406876,239.39999999999995,0.6150156250000001,True,1.0,11.5,237.0,0,0,0.0,0.14983694712878262,249,True,False,,2026-07-29T17:16:49.984690+00:00,2026-07-29T17:16:50.405241+00:00,True
large-medium-n0.1-frontier_exploration-s2-b1765298832c,large,16,medium,0.05,0.1,frontier_exploration,2,,,disabled,66da6332362cbf876667b08f276bd50b7cdba93a73315a4f2302dc81e40e2eb2,b1765298832ca3ad3aae7d13f03ecc281145379bbc595d5a5a6bb39def455bd3,1.0,0.609375,0.0,0,0.0182648401826484,4,4,0,219,0.05466260001412593,210.2,0.6228125,True,1.0,6.5,208.0,0,0,0.0,0.14326027416428508,219,True,False,,2026-07-29T17:16:50.021205+00:00,2026-07-29T17:16:50.096209+00:00,True
large-medium-n0.1-frontier_exploration-s3-80b7114852c5,large,16,medium,0.05,0.1,frontier_exploration,3,,,disabled,66da6332362cbf876667b08f276bd50b7cdba93a73315a4f2302dc81e40e2eb2,80b7114852c5d2ad645c055b4b153e301f51cfb9808faf4f944a2965b7ed97b7,1.0,0.6328125,0.0,0,0.007905138339920948,2,2,0,253,0.06630599999334663,243.39999999999998,0.66484375,True,1.0,3.0,241.0,0,0,0.0,0.15136521708095085,253,True,False,,2026-07-29T17:16:50.041205+00:00,2026-07-29T17:16:50.246675+00:00,True
large-medium-n0.1-frontier_exploration-s4-f92c104dd8d1,large,16,medium,0.05,0.1,frontier_exploration,4,,,disabled,66da6332362cbf876667b08f276bd50b7cdba93a73315a4f2302dc81e40e2eb2,f92c104dd8d11fcfdedec152696be263dd42ec04b9a452595ef3ab659bd75599,1.0,0.59765625,0.0,0,0.022727272727272728,5,5,0,220,0.05548179999459535,210.39999999999998,0.6292968750000001,True,1.0,5.0,208.0,0,0,0.0,0.1427863641186956,220,True,False,,2026-07-29T17:16:50.096209+00:00,2026-07-29T17:16:50.152162+00:00,True
large-medium-n0.1-frontier_exploration-s5-e6dd856bd53f,large,16,medium,0.05,0.1,frontier_exploration,5,,,disabled,66da6332362cbf876667b08f276bd50b7cdba93a73315a4f2302dc81e40e2eb2,e6dd856bd53f77820743832ac6c4d5464a3daf09f24ea4c880c101df54b95454,1.0,0.4140625,0.0,0,0.014705882352941176,2,2,0,136,0.033237399999052286,126.4,0.6099330357142857,True,1.0,2.5,124.0,0,0,0.0,0.13590441342196702,136,True,False,,2026-07-29T17:16:50.152162+00:00,2026-07-29T17:16:50.280672+00:00,True
large-medium-n0.1-frontier_exploration-s6-898663b87f0f,large,16,medium,0.05,0.1,frontier_exploration,6,,,disabled,66da6332362cbf876667b08f276bd50b7cdba93a73315a4f2302dc81e40e2eb2,898663b87f0fac96134b0a57acfffa377177fd78564fd816f55a9ff5e15b99a1,1.0,0.71484375,0.0,0,0.012861736334405145,4,4,0,311,0.5676317000179552,300.59999999999997,0.6644531250000001,True,1.0,5.0,298.0,0,0,0.0,0.17467910016608393,311,True,False,,2026-07-29T17:16:50.246675+00:00,2026-07-29T17:16:50.889914+00:00,True
large-medium-n0.1-frontier_exploration-s7-020327e5aa2b,large,16,medium,0.05,0.1,frontier_exploration,7,,,disabled,66da6332362cbf876667b08f276bd50b7cdba93a73315a4f2302dc81e40e2eb2,020327e5aa2b43722339ce084017cca3f857af1f925eeefdd70f30fdb07da5fe,1.0,0.5859375,0.0,0,0.02830188679245283,6,6,0,212,0.14004639998893254,203.2,0.6186383928571428,True,1.0,6.0,201.0,0,0,0.0,0.15627924668084267,212,True,False,,2026-07-29T17:16:50.280672+00:00,2026-07-29T17:16:50.420733+00:00,True
large-medium-n0.1-frontier_exploration-s8-5c1b2d71178a,large,16,medium,0.05,0.1,frontier_exploration,8,,,disabled,66da6332362cbf876667b08f276bd50b7cdba93a73315a4f2302dc81e40e2eb2,5c1b2d71178a33c863fec6d241089ea442c68e6f933d861f25a1a3a6f2783032,1.0,0.46875,0.0,0,0.033707865168539325,6,6,0,178,0.7956674000015482,167.6,0.5834821428571428,True,1.0,6.0,165.0,0,0,0.0,0.14518539364360733,178,True,False,,2026-07-29T17:16:50.405241+00:00,2026-07-29T17:16:51.240703+00:00,True
large-medium-n0.1-frontier_exploration-s9-60129cadbea6,large,16,medium,0.05,0.1,frontier_exploration,9,,,disabled,66da6332362cbf876667b08f276bd50b7cdba93a73315a4f2302dc81e40e2eb2,60129cadbea638bf3fae90d288d185794f4e190b08b67235f21b4866362b319d,1.0,0.70703125,0.0,0,0.009433962264150943,3,3,0,318,0.3162808000051882,308.4,0.662109375,True,1.0,5.0,306.0,0,0,0.0,0.260084905092745,318,True,False,,2026-07-29T17:16:50.420733+00:00,2026-07-29T17:16:50.737919+00:00,True
large-medium-n0.1-ppo-s0-0e9da27b4dac,large,16,medium,0.05,0.1,PPO,0,artifacts/final_submission/ppo/best_model.zip,7c54226fc8927d7ef7fcdc7d5f3ff29b11fa8d1463293a9d8e3b6bebad84cc11,disabled,66da6332362cbf876667b08f276bd50b7cdba93a73315a4f2302dc81e40e2eb2,0e9da27b4dac47812261465aa2eaf244f0b09907be00ca22d336212b30f4c6ff,0.07692307692307693,0.00390625,0.0,0,0.0625,22,22,0,352,0.2980282999924384,70.40000000000046,0.04498458403010034,False,0.0,22.0,0.0,0,0,0.0,0.6816514202331415,352,False,True,,2026-07-29T17:19:33.361424+00:00,2026-07-29T17:19:33.659647+00:00,True
large-medium-n0.1-ppo-s1-ecbe6914ee94,large,16,medium,0.05,0.1,PPO,1,artifacts/final_submission/ppo/best_model.zip,7c54226fc8927d7ef7fcdc7d5f3ff29b11fa8d1463293a9d8e3b6bebad84cc11,disabled,66da6332362cbf876667b08f276bd50b7cdba93a73315a4f2302dc81e40e2eb2,ecbe6914ee9417a143338e8917011f0864c07916b3b1040a040a615de85459a9,0.07692307692307693,0.00390625,0.0,0,0.10227272727272728,36,36,0,352,0.34127070000977255,70.40000000000046,0.04004921387733888,False,0.0,36.0,0.0,0,0,0.0,0.8081519888285336,352,False,True,,2026-07-29T17:19:33.663649+00:00,2026-07-29T17:19:34.005136+00:00,True
large-medium-n0.1-ppo-s2-d3d118b60d3e,large,16,medium,0.05,0.1,PPO,2,artifacts/final_submission/ppo/best_model.zip,7c54226fc8927d7ef7fcdc7d5f3ff29b11fa8d1463293a9d8e3b6bebad84cc11,disabled,66da6332362cbf876667b08f276bd50b7cdba93a73315a4f2302dc81e40e2eb2,d3d118b60d3e0a973e637adc4b1e9bbb32640ead316f3603990ef0bb074b35de,0.0,0.00390625,0.0,0,0.02556818181818182,9,9,0,352,0.32742799998959526,70.40000000000046,0.031171874999999998,False,0.0,9.0,0.0,0,0,0.0,0.7693187504959166,352,False,True,,2026-07-29T17:19:34.008124+00:00,2026-07-29T17:19:34.336863+00:00,True
large-medium-n0.1-ppo-s3-5fb1e042c73e,large,16,medium,0.05,0.1,PPO,3,artifacts/final_submission/ppo/best_model.zip,7c54226fc8927d7ef7fcdc7d5f3ff29b11fa8d1463293a9d8e3b6bebad84cc11,disabled,66da6332362cbf876667b08f276bd50b7cdba93a73315a4f2302dc81e40e2eb2,5fb1e042c73eebec845f278b1462c7d1b710666b6e7e85ceb8044a1f7202227d,0.0,0.03125,0.0,0,0.11363636363636363,40,40,0,352,0.28782239998690784,76.00000000000054,0.016692073170731708,False,0.0,40.0,7.0,0,0,0.0,0.6623389204336987,352,False,True,,2026-07-29T17:19:34.339859+00:00,2026-07-29T17:19:34.628226+00:00,True
large-medium-n0.1-ppo-s4-b8cbc6a95538,large,16,medium,0.05,0.1,PPO,4,artifacts/final_submission/ppo/best_model.zip,7c54226fc8927d7ef7fcdc7d5f3ff29b11fa8d1463293a9d8e3b6bebad84cc11,disabled,66da6332362cbf876667b08f276bd50b7cdba93a73315a4f2302dc81e40e2eb2,b8cbc6a9553881d8a91de1e3b868fc101d0ce3fef5cc2410745e2e89df192b58,0.07692307692307693,0.0078125,0.0,0,0.011363636363636364,4,4,0,352,0.3016463000094518,71.20000000000047,0.09311298076923077,False,0.0,4.0,1.0,0,0,0.0,0.6970863636194157,352,False,True,,2026-07-29T17:19:34.632225+00:00,2026-07-29T17:19:34.934126+00:00,True
large-medium-n0.1-ppo-s5-3fe10495373d,large,16,medium,0.05,0.1,PPO,5,artifacts/final_submission/ppo/best_model.zip,7c54226fc8927d7ef7fcdc7d5f3ff29b11fa8d1463293a9d8e3b6bebad84cc11,disabled,66da6332362cbf876667b08f276bd50b7cdba93a73315a4f2302dc81e40e2eb2,3fe10495373d799081c05c3ce59c584855372529d2a0c435f8f456efe927b29e,0.07692307692307693,0.00390625,0.0,0,0.07386363636363637,26,26,0,352,0.3008072000229731,70.40000000000046,0.04305221688034189,False,0.0,26.0,0.0,0,0,0.0,0.6927355123645446,352,False,True,,2026-07-29T17:19:34.938140+00:00,2026-07-29T17:19:35.239266+00:00,True
large-medium-n0.1-ppo-s6-f9140eb957c1,large,16,medium,0.05,0.1,PPO,6,artifacts/final_submission/ppo/best_model.zip,7c54226fc8927d7ef7fcdc7d5f3ff29b11fa8d1463293a9d8e3b6bebad84cc11,disabled,66da6332362cbf876667b08f276bd50b7cdba93a73315a4f2302dc81e40e2eb2,f9140eb957c1a0251b26199fdcbee401c7783fb9f1d42752c4ee745876303d11,0.0,0.00390625,0.0,0,0.017045454545454544,6,6,0,352,0.289913799992064,70.40000000000046,0.04402901785714286,False,0.0,6.0,0.0,0,0,0.0,0.671857671808208,352,False,True,,2026-07-29T17:19:35.242281+00:00,2026-07-29T17:19:35.533143+00:00,True
large-medium-n0.1-ppo-s7-a61ad01cd15c,large,16,medium,0.05,0.1,PPO,7,artifacts/final_submission/ppo/best_model.zip,7c54226fc8927d7ef7fcdc7d5f3ff29b11fa8d1463293a9d8e3b6bebad84cc11,disabled,66da6332362cbf876667b08f276bd50b7cdba93a73315a4f2302dc81e40e2eb2,a61ad01cd15ca05d0f3a432f6c8d250e2e04f7125761af3d29e6348ec7b23f85,0.0,0.00390625,0.0,0,0.0625,22,22,0,352,0.2966651000024285,70.40000000000046,0.014215353260869564,False,0.0,22.0,0.0,0,0,0.0,0.6754613629957682,352,False,True,,2026-07-29T17:19:35.537027+00:00,2026-07-29T17:19:35.834028+00:00,True
large-medium-n0.1-ppo-s8-13055612b872,large,16,medium,0.05,0.1,PPO,8,artifacts/final_submission/ppo/best_model.zip,7c54226fc8927d7ef7fcdc7d5f3ff29b11fa8d1463293a9d8e3b6bebad84cc11,disabled,66da6332362cbf876667b08f276bd50b7cdba93a73315a4f2302dc81e40e2eb2,13055612b87273cd5a260bad9d6f7330bcc99d49fab3b323a7b42f551e13849b,0.15384615384615385,0.015625,0.0,0,0.10511363636363637,37,37,0,352,0.29770360002294183,72.8000000000005,0.0741206983805668,False,0.0,37.0,3.0,0,0,0.0,0.6816627828811761,352,False,True,,2026-07-29T17:19:35.837029+00:00,2026-07-29T17:19:36.135981+00:00,True
large-medium-n0.1-ppo-s9-7dec2412617a,large,16,medium,0.05,0.1,PPO,9,artifacts/final_submission/ppo/best_model.zip,7c54226fc8927d7ef7fcdc7d5f3ff29b11fa8d1463293a9d8e3b6bebad84cc11,disabled,66da6332362cbf876667b08f276bd50b7cdba93a73315a4f2302dc81e40e2eb2,7dec2412617a585b90d7214458afda4c0eb82435b24e8450b51edd6e1b28704e,0.0,0.00390625,0.0,0,0.02556818181818182,9,9,0,352,0.2841578999941703,70.40000000000046,0.031171874999999998,False,0.0,9.0,0.0,0,0,0.0,0.6526755680004664,352,False,True,,2026-07-29T17:19:36.138986+00:00,2026-07-29T17:19:36.424018+00:00,True
large-medium-n0.1-sac-s0-da0e05074506,large,16,medium,0.05,0.1,SAC,0,artifacts/final_submission/sac/best_model.zip,78fe38fcc78df0ba8f98bd07af373848833876e7ec5ddf1486cec9a3cd9ba44c,disabled,66da6332362cbf876667b08f276bd50b7cdba93a73315a4f2302dc81e40e2eb2,da0e0507450644becc1e9271246c5d6ba4167da1e88c034e46cacd3be7dafa3b,0.15384615384615385,0.11328125,1.0,238,0.08522727272727272,30,34,4,352,0.32347329999902286,348.79999999999995,0.09662173763736263,False,0.0,272.0,110.0,0,0,0.0,0.7476053969267841,352,False,True,,2026-07-29T17:19:36.427099+00:00,2026-07-29T17:19:36.751195+00:00,True
large-medium-n0.1-sac-s1-3572525f0e20,large,16,medium,0.05,0.1,SAC,1,artifacts/final_submission/sac/best_model.zip,78fe38fcc78df0ba8f98bd07af373848833876e7ec5ddf1486cec9a3cd9ba44c,disabled,66da6332362cbf876667b08f276bd50b7cdba93a73315a4f2302dc81e40e2eb2,3572525f0e204af7a5557bc04cd08e3ecbc616b69ed3516a2668f39ebed42195,0.07692307692307693,0.07421875,1.0,243,0.15625,55,61,6,352,0.34649520000675693,326.40000000000003,0.05401846232660782,False,0.0,304.0,77.0,0,0,0.0,0.811468749568369,352,False,True,,2026-07-29T17:19:36.755201+00:00,2026-07-29T17:19:37.101885+00:00,True
large-medium-n0.1-sac-s2-dbd0643c0391,large,16,medium,0.05,0.1,SAC,2,artifacts/final_submission/sac/best_model.zip,78fe38fcc78df0ba8f98bd07af373848833876e7ec5ddf1486cec9a3cd9ba44c,disabled,66da6332362cbf876667b08f276bd50b7cdba93a73315a4f2302dc81e40e2eb2,dbd0643c039165e4952c3a41646b9aec863b59a7f233f1f9ff3f5068bfea499f,0.07692307692307693,0.04296875,1.0,5,0.03125,11,12,1,352,0.31948429998010397,84.8000000000007,0.06032652243589744,False,0.0,17.0,13.0,0,0,0.0,0.7423082384279538,352,False,True,,2026-07-29T17:19:37.105788+00:00,2026-07-29T17:19:37.426280+00:00,True
large-medium-n0.1-sac-s3-c13590155143,large,16,medium,0.05,0.1,SAC,3,artifacts/final_submission/sac/best_model.zip,78fe38fcc78df0ba8f98bd07af373848833876e7ec5ddf1486cec9a3cd9ba44c,disabled,66da6332362cbf876667b08f276bd50b7cdba93a73315a4f2302dc81e40e2eb2,c1359015514329f221ca68e5b795d99928a1167c6bbc141dda06a2c50907ed48,0.07692307692307693,0.0234375,1.0,4,0.05113636363636364,18,22,4,352,0.31266200001118705,78.40000000000049,0.04891159188034189,False,0.0,26.0,6.0,0,0,0.0,0.7283093755177106,352,False,True,,2026-07-29T17:19:37.429298+00:00,2026-07-29T17:19:37.742395+00:00,True
large-medium-n0.1-sac-s4-9ba8f67bd7cc,large,16,medium,0.05,0.1,SAC,4,artifacts/final_submission/sac/best_model.zip,78fe38fcc78df0ba8f98bd07af373848833876e7ec5ddf1486cec9a3cd9ba44c,disabled,66da6332362cbf876667b08f276bd50b7cdba93a73315a4f2302dc81e40e2eb2,9ba8f67bd7cc83ce97d286684ef2e498c1d2888953de99ba945e6e9e49792ffc,0.07692307692307693,0.0859375,1.0,264,0.10227272727272728,36,39,3,352,0.31843169999774545,347.20000000000005,0.05753247749590835,False,0.0,304.5,82.0,0,0,0.0,0.7386343748459528,352,False,True,,2026-07-29T17:19:37.746394+00:00,2026-07-29T17:19:38.065578+00:00,True
large-medium-n0.1-sac-s5-4851c0cb271a,large,16,medium,0.05,0.1,SAC,5,artifacts/final_submission/sac/best_model.zip,78fe38fcc78df0ba8f98bd07af373848833876e7ec5ddf1486cec9a3cd9ba44c,disabled,66da6332362cbf876667b08f276bd50b7cdba93a73315a4f2302dc81e40e2eb2,4851c0cb271ac315ac48dbb25393c4c7da92b4982a19f56ab03275b000039c12,0.07692307692307693,0.02734375,0.0,0,0.05965909090909091,21,24,3,352,0.3279303000017535,92.00000000000038,0.05097235576923077,False,0.0,24.0,27.0,0,0,0.0,0.7621877848578151,352,False,True,,2026-07-29T17:19:38.069477+00:00,2026-07-29T17:19:38.397884+00:00,True
large-medium-n0.1-sac-s6-803f019a2b38,large,16,medium,0.05,0.1,SAC,6,artifacts/final_submission/sac/best_model.zip,78fe38fcc78df0ba8f98bd07af373848833876e7ec5ddf1486cec9a3cd9ba44c,disabled,66da6332362cbf876667b08f276bd50b7cdba93a73315a4f2302dc81e40e2eb2,803f019a2b38afdedf202bef474e0fce60012d830d235dec8fbb38f0470a294f,0.0,0.03125,1.0,293,0.019886363636363636,7,7,0,352,0.2974333000020124,352.0,0.010371677740863786,False,0.0,300.0,59.0,0,0,0.0,0.6829909102221294,352,False,True,,2026-07-29T17:19:38.400872+00:00,2026-07-29T17:19:38.699073+00:00,True
large-medium-n0.1-sac-s7-0e0a6d62d912,large,16,medium,0.05,0.1,SAC,7,artifacts/final_submission/sac/best_model.zip,78fe38fcc78df0ba8f98bd07af373848833876e7ec5ddf1486cec9a3cd9ba44c,disabled,66da6332362cbf876667b08f276bd50b7cdba93a73315a4f2302dc81e40e2eb2,0e0a6d62d91240cde879db21d52482a16b8f7d9bc37be1a846fac9d50bc5a062,0.15384615384615385,0.02734375,1.0,321,0.011363636363636364,4,4,0,352,0.29868479998549446,348.8,0.07066183193723455,False,0.0,325.0,27.0,0,0,0.0,0.680060794200637,352,False,True,,2026-07-29T17:19:38.702093+00:00,2026-07-29T17:19:39.001687+00:00,True
large-medium-n0.1-sac-s8-ca4d5227b8c4,large,16,medium,0.05,0.1,SAC,8,artifacts/final_submission/sac/best_model.zip,78fe38fcc78df0ba8f98bd07af373848833876e7ec5ddf1486cec9a3cd9ba44c,disabled,66da6332362cbf876667b08f276bd50b7cdba93a73315a4f2302dc81e40e2eb2,ca4d5227b8c447bd084d4e18a2f38b292a83fdf44be45fa43ddf49f4ddd4b245,0.15384615384615385,0.1171875,1.0,132,0.15625,55,70,15,352,0.2982133000041358,312.79999999999967,0.09817254405077681,False,0.0,202.0,171.0,0,0,0.0,0.6783704546416464,352,False,True,,2026-07-29T17:19:39.004672+00:00,2026-07-29T17:19:39.304082+00:00,True
large-medium-n0.1-sac-s9-427c6978ce58,large,16,medium,0.05,0.1,SAC,9,artifacts/final_submission/sac/best_model.zip,78fe38fcc78df0ba8f98bd07af373848833876e7ec5ddf1486cec9a3cd9ba44c,disabled,66da6332362cbf876667b08f276bd50b7cdba93a73315a4f2302dc81e40e2eb2,427c6978ce5879d8f5437567d24ae89e4ad9b5df78f2d3a1446f5f2998f9ea65,0.0,0.0078125,1.0,351,0.0,0,0,0,352,0.2948276000097394,352.0,0.003196022727272727,False,0.0,351.0,1.0,0,0,0.0,0.6820593749911165,352,False,True,,2026-07-29T17:19:39.307084+00:00,2026-07-29T17:19:39.602122+00:00,True
large-medium-n0.1-riskshield_ppo-s0-a8750db3817d,large,16,medium,0.05,0.1,RiskShield-PPO,0,artifacts/final_submission/riskshield_ppo/best_model.zip,d6c91caeb9bb10db866cbfe947ef1cc3db0ea8dc7470d098c9af6298ab75c812,k_step,66da6332362cbf876667b08f276bd50b7cdba93a73315a4f2302dc81e40e2eb2,a8750db3817dee4b53d64b1cce69b693a11c2d3d043a6ec715e5294783315133,0.07692307692307693,0.00390625,0.0,0,0.0625,22,22,0,352,0.3488855000177864,70.40000000000046,0.04498458403010034,False,0.0,22.0,0.0,283,22,0.0,0.7762900565715178,352,False,True,,2026-07-29T17:19:39.606148+00:00,2026-07-29T17:19:39.954773+00:00,True
large-medium-n0.1-riskshield_ppo-s1-bf4cf629d1ea,large,16,medium,0.05,0.1,RiskShield-PPO,1,artifacts/final_submission/riskshield_ppo/best_model.zip,d6c91caeb9bb10db866cbfe947ef1cc3db0ea8dc7470d098c9af6298ab75c812,k_step,66da6332362cbf876667b08f276bd50b7cdba93a73315a4f2302dc81e40e2eb2,bf4cf629d1ea4afe0ab88a7aa7732bca6332e03bf548704259a762773a1470ae,0.23076923076923078,0.08203125,0.0,0,0.019886363636363636,7,7,0,352,0.3249140000261832,94.4000000000006,0.1544170673076923,False,0.0,7.0,30.0,35,7,0.0,0.7207849436202775,352,False,True,,2026-07-29T17:19:39.958775+00:00,2026-07-29T17:19:40.283976+00:00,True
large-medium-n0.1-riskshield_ppo-s2-65964ccd27ce,large,16,medium,0.05,0.1,RiskShield-PPO,2,artifacts/final_submission/riskshield_ppo/best_model.zip,d6c91caeb9bb10db866cbfe947ef1cc3db0ea8dc7470d098c9af6298ab75c812,k_step,66da6332362cbf876667b08f276bd50b7cdba93a73315a4f2302dc81e40e2eb2,65964ccd27ceef751905d6b87046a2b4242d55eb5ad0a8f24993992606b881ef,0.0,0.00390625,0.0,0,0.02556818181818182,9,9,0,352,0.3008395999786444,70.40000000000046,0.031171874999999998,False,0.0,9.0,0.0,9,9,0.0,0.6548286927764738,352,False,True,,2026-07-29T17:19:40.287872+00:00,2026-07-29T17:19:40.589116+00:00,True
large-medium-n0.1-riskshield_ppo-s3-50abaf257f30,large,16,medium,0.05,0.1,RiskShield-PPO,3,artifacts/final_submission/riskshield_ppo/best_model.zip,d6c91caeb9bb10db866cbfe947ef1cc3db0ea8dc7470d098c9af6298ab75c812,k_step,66da6332362cbf876667b08f276bd50b7cdba93a73315a4f2302dc81e40e2eb2,50abaf257f3086ee87dbf010c4b5f4b9c125530101885337be3320ebb433e04c,0.3076923076923077,0.0390625,0.0,0,0.03125,11,11,0,352,0.3398618999926839,88.80000000000054,0.15979567307692308,False,0.0,11.0,23.0,34,11,0.0,0.768068466558444,352,False,True,,2026-07-29T17:19:40.593013+00:00,2026-07-29T17:19:40.934104+00:00,True
large-medium-n0.1-riskshield_ppo-s4-24b80d3c7246,large,16,medium,0.05,0.1,RiskShield-PPO,4,artifacts/final_submission/riskshield_ppo/best_model.zip,d6c91caeb9bb10db866cbfe947ef1cc3db0ea8dc7470d098c9af6298ab75c812,k_step,66da6332362cbf876667b08f276bd50b7cdba93a73315a4f2302dc81e40e2eb2,24b80d3c72462e8a8dc778cad23c0ec6e906ae9d6d3bcce50dc8412048ddf18d,0.15384615384615385,0.04296875,0.0,0,0.017045454545454544,6,6,0,352,0.34468770000967197,80.00000000000057,0.1172862293956044,False,0.0,6.0,12.0,18,6,0.0,0.779274148788483,352,False,True,,2026-07-29T17:19:40.937224+00:00,2026-07-29T17:19:41.282192+00:00,True
large-medium-n0.1-riskshield_ppo-s5-c016ea3fa74f,large,16,medium,0.05,0.1,RiskShield-PPO,5,artifacts/final_submission/riskshield_ppo/best_model.zip,d6c91caeb9bb10db866cbfe947ef1cc3db0ea8dc7470d098c9af6298ab75c812,k_step,66da6332362cbf876667b08f276bd50b7cdba93a73315a4f2302dc81e40e2eb2,c016ea3fa74f5b378fa9d14712a68caf4467c16a93e919599378d3055a84bf2e,0.07692307692307693,0.0078125,0.0,0,0.028409090909090908,10,10,0,352,0.344656400004169,71.20000000000047,0.060385708041958044,False,0.0,10.0,1.0,11,10,0.0,0.7751963072554314,352,False,True,,2026-07-29T17:19:41.286175+00:00,2026-07-29T17:19:41.631614+00:00,True
large-medium-n0.1-riskshield_ppo-s6-f977f6f87277,large,16,medium,0.05,0.1,RiskShield-PPO,6,artifacts/final_submission/riskshield_ppo/best_model.zip,d6c91caeb9bb10db866cbfe947ef1cc3db0ea8dc7470d098c9af6298ab75c812,k_step,66da6332362cbf876667b08f276bd50b7cdba93a73315a4f2302dc81e40e2eb2,f977f6f87277038a6b4c0df54465806f26a576e508e4a39621bd79080b89561e,0.0,0.015625,0.0,0,0.005681818181818182,2,2,0,352,0.30075540000689216,72.80000000000045,0.10468749999999999,False,0.0,2.0,3.0,5,2,0.0,0.6661994312625293,352,False,True,,2026-07-29T17:19:41.634616+00:00,2026-07-29T17:19:41.936384+00:00,True
large-medium-n0.1-riskshield_ppo-s7-d6dbfd295513,large,16,medium,0.05,0.1,RiskShield-PPO,7,artifacts/final_submission/riskshield_ppo/best_model.zip,d6c91caeb9bb10db866cbfe947ef1cc3db0ea8dc7470d098c9af6298ab75c812,k_step,66da6332362cbf876667b08f276bd50b7cdba93a73315a4f2302dc81e40e2eb2,d6dbfd295513e7057b443dbfbb91bc965b1d0e1a61fb83fac90ebf8faacd795e,0.07692307692307693,0.01171875,0.0,0,0.1903409090909091,67,67,0,352,0.308409399993252,72.00000000000048,0.038696620475113123,False,0.0,67.0,2.0,69,67,0.0,0.6666977269560448,352,False,True,,2026-07-29T17:19:41.939368+00:00,2026-07-29T17:19:42.248833+00:00,True
large-medium-n0.1-riskshield_ppo-s8-838a971cdd70,large,16,medium,0.05,0.1,RiskShield-PPO,8,artifacts/final_submission/riskshield_ppo/best_model.zip,d6c91caeb9bb10db866cbfe947ef1cc3db0ea8dc7470d098c9af6298ab75c812,k_step,66da6332362cbf876667b08f276bd50b7cdba93a73315a4f2302dc81e40e2eb2,838a971cdd705896498d29537e5558632440a29489bd2cf9f19903e072679463,0.15384615384615385,0.03125,0.0,0,0.0,0,0,0,352,0.309913700009929,120.80000000000028,0.3709134615384615,False,0.0,0.0,63.0,44,0,0.0,0.6754678971364311,352,False,True,,2026-07-29T17:19:42.252241+00:00,2026-07-29T17:19:42.562400+00:00,True
large-medium-n0.1-riskshield_ppo-s9-478fd9702c9b,large,16,medium,0.05,0.1,RiskShield-PPO,9,artifacts/final_submission/riskshield_ppo/best_model.zip,d6c91caeb9bb10db866cbfe947ef1cc3db0ea8dc7470d098c9af6298ab75c812,k_step,66da6332362cbf876667b08f276bd50b7cdba93a73315a4f2302dc81e40e2eb2,478fd9702c9bd4c54b4ce95c080fb5946fb0af310c760af5d6f4ab88ddbc779f,0.0,0.0078125,0.0,0,0.07386363636363637,26,26,0,352,0.3111618999973871,71.20000000000047,0.013454861111111112,False,0.0,26.0,1.0,27,26,0.0,0.6838823861802336,352,False,True,,2026-07-29T17:19:42.565406+00:00,2026-07-29T17:19:42.877608+00:00,True
large-medium-n0.2-risk_aware_astar-s0-cb39f9314bc1,large,16,medium,0.05,0.2,risk_aware_astar,0,,,disabled,66da6332362cbf876667b08f276bd50b7cdba93a73315a4f2302dc81e40e2eb2,cb39f9314bc1ced5118c71838826a2b02616f025ba98fbb08040d30a2ead23b8,1.0,0.24609375,0.0,0,0.017857142857142856,2,2,0,112,0.05805329998838715,101.60000000000002,0.573828125,True,1.0,2.0,99.0,0,0,0.0,0.40986517784144133,112,True,False,,2026-07-29T17:16:50.585299+00:00,2026-07-29T17:16:50.643807+00:00,True
large-medium-n0.2-risk_aware_astar-s1-744680520fb7,large,16,medium,0.05,0.2,risk_aware_astar,1,,,disabled,66da6332362cbf876667b08f276bd50b7cdba93a73315a4f2302dc81e40e2eb2,744680520fb7cffc065d56c91aa2744668c3b817899f65ab8466ca508e3435ad,1.0,0.203125,0.0,0,0.02857142857142857,2,2,0,70,0.026557200006209314,59.60000000000002,0.5609375,True,1.0,2.0,57.0,0,0,0.0,0.2696114276269717,70,True,False,,2026-07-29T17:16:50.643807+00:00,2026-07-29T17:16:50.764920+00:00,True
large-medium-n0.2-risk_aware_astar-s2-34c5d425261a,large,16,medium,0.05,0.2,risk_aware_astar,2,,,disabled,66da6332362cbf876667b08f276bd50b7cdba93a73315a4f2302dc81e40e2eb2,34c5d425261a5be0c31225b81bf56da13bec4adefe61f64861780246bb6bafc7,1.0,0.18359375,0.0,0,0.0125,1,1,0,80,0.029290299979038537,69.60000000000001,0.605078125,True,1.0,1.0,67.0,0,0,0.0,0.2604799999971874,80,True,False,,2026-07-29T17:16:50.737919+00:00,2026-07-29T17:16:50.857913+00:00,True
large-medium-n0.2-risk_aware_astar-s3-79328f4a04af,large,16,medium,0.05,0.2,risk_aware_astar,3,,,disabled,66da6332362cbf876667b08f276bd50b7cdba93a73315a4f2302dc81e40e2eb2,79328f4a04afaa7df5e3a95caa480f17a48457f3df501afd793e600947a442ab,1.0,0.16015625,0.0,0,0.07272727272727272,4,4,0,55,0.03392709998297505,45.400000000000006,0.498046875,True,1.0,5.0,43.0,0,0,0.0,0.23682909403842958,55,True,False,,2026-07-29T17:16:50.764920+00:00,2026-07-29T17:16:50.798411+00:00,True
large-medium-n0.2-risk_aware_astar-s4-fd9c25621546,large,16,medium,0.05,0.2,risk_aware_astar,4,,,disabled,66da6332362cbf876667b08f276bd50b7cdba93a73315a4f2302dc81e40e2eb2,fd9c256215468a21e2c6e7c4b1a032d977a9f66deb1c5681a87d39f2f55683ff,1.0,0.19921875,0.0,0,0.037037037037037035,3,3,0,81,0.17603830000734888,70.60000000000001,0.534765625,True,1.0,3.0,68.0,0,0,0.0,1.359618517547202,81,True,False,,2026-07-29T17:16:50.799409+00:00,2026-07-29T17:16:50.975309+00:00,True
large-medium-n0.2-risk_aware_astar-s5-5b51f03b2ca5,large,16,medium,0.05,0.2,risk_aware_astar,5,,,disabled,66da6332362cbf876667b08f276bd50b7cdba93a73315a4f2302dc81e40e2eb2,5b51f03b2ca54b3e29f9a0d5c6095e8166cb36ddc1d9426fa6063bbc1171420c,1.0,0.18359375,0.0,0,0.046153846153846156,3,3,0,65,0.024001299985684454,55.40000000000001,0.530078125,True,1.0,3.0,53.0,0,0,0.0,0.26137077097351163,65,True,False,,2026-07-29T17:16:50.857913+00:00,2026-07-29T17:16:50.882914+00:00,True
large-medium-n0.2-risk_aware_astar-s6-081550d1b32c,large,16,medium,0.05,0.2,risk_aware_astar,6,,,disabled,66da6332362cbf876667b08f276bd50b7cdba93a73315a4f2302dc81e40e2eb2,081550d1b32c7bef2b69c88c3cac43de0ef2d5daf402c561b626caa94b1b7748,1.0,0.265625,0.0,0,0.021739130434782608,3,3,0,138,0.18036030000075698,127.60000000000001,0.5546875,True,1.0,3.0,125.0,0,0,0.0,1.197860144083793,138,True,False,,2026-07-29T17:16:50.882914+00:00,2026-07-29T17:16:51.095012+00:00,True
large-medium-n0.2-risk_aware_astar-s7-64d347ac6e9c,large,16,medium,0.05,0.2,risk_aware_astar,7,,,disabled,66da6332362cbf876667b08f276bd50b7cdba93a73315a4f2302dc81e40e2eb2,64d347ac6e9c78ead65076e648e1be57db5514601e045088b910b2d8c82d5516,1.0,0.25,0.0,0,0.0,0,0,0,89,0.615304599981755,79.40000000000002,0.625,True,1.0,1.0,77.0,0,0,0.0,6.802511238950839,89,True,False,,2026-07-29T17:16:50.889914+00:00,2026-07-29T17:16:51.602233+00:00,True
large-medium-n0.2-risk_aware_astar-s8-b108cdec8ea7,large,16,medium,0.05,0.2,risk_aware_astar,8,,,disabled,66da6332362cbf876667b08f276bd50b7cdba93a73315a4f2302dc81e40e2eb2,b108cdec8ea7bca20eaf5ba734876e7c11270316f54e45515891a6d23592eb57,1.0,0.25390625,0.0,0,0.0,0,0,0,88,0.03771900001447648,77.60000000000001,0.776171875,True,1.0,0.0,75.0,0,0,0.0,0.3254863642558286,88,True,False,,2026-07-29T17:16:50.975309+00:00,2026-07-29T17:16:51.056285+00:00,True
large-medium-n0.2-risk_aware_astar-s9-4a48893072af,large,16,medium,0.05,0.2,risk_aware_astar,9,,,disabled,66da6332362cbf876667b08f276bd50b7cdba93a73315a4f2302dc81e40e2eb2,4a48893072af5bd39151518630392011f30ecdde6c7449babb8018e2ae412439,1.0,0.20703125,0.0,0,0.013888888888888888,1,1,0,72,0.04689550001057796,62.40000000000002,0.6121093750000001,True,1.0,1.0,60.0,0,0,0.0,0.32254305753869833,72,True,False,,2026-07-29T17:16:51.056285+00:00,2026-07-29T17:16:51.142071+00:00,True
large-medium-n0.2-frontier_exploration-s0-42c40d05a431,large,16,medium,0.05,0.2,frontier_exploration,0,,,disabled,66da6332362cbf876667b08f276bd50b7cdba93a73315a4f2302dc81e40e2eb2,42c40d05a4311d7021f1b72628b6e9646b9ace9f025fbce03a5fe1d6ce8d893f,1.0,0.5625,0.0,0,0.017937219730941704,4,4,0,223,0.12999940000008792,212.6,0.6232954545454545,True,1.0,4.5,210.0,0,0,0.0,0.16414753415605113,223,True,False,,2026-07-29T17:16:51.095012+00:00,2026-07-29T17:16:51.336216+00:00,True
large-medium-n0.2-frontier_exploration-s1-ab1cdf48da08,large,16,medium,0.05,0.2,frontier_exploration,1,,,disabled,66da6332362cbf876667b08f276bd50b7cdba93a73315a4f2302dc81e40e2eb2,ab1cdf48da08619cc79773ff00cd7bec5f4ffd9233800018d3d7d7b0faa72dd9,1.0,0.63671875,0.0,0,0.04417670682730924,11,11,0,249,0.06345690001035109,239.39999999999995,0.6150156250000001,True,1.0,11.5,237.0,0,0,0.0,0.14413494067865024,249,True,False,,2026-07-29T17:16:51.142071+00:00,2026-07-29T17:16:51.206074+00:00,True
large-medium-n0.2-frontier_exploration-s2-2361e82a7238,large,16,medium,0.05,0.2,frontier_exploration,2,,,disabled,66da6332362cbf876667b08f276bd50b7cdba93a73315a4f2302dc81e40e2eb2,2361e82a7238b52665ad66fc09c4df36f0cb55135d3c4f4054f2960d5e60dd8c,1.0,0.609375,0.0,0,0.0182648401826484,4,4,0,219,0.05531140000675805,210.2,0.6228125,True,1.0,6.5,208.0,0,0,0.0,0.14459863081829596,219,True,False,,2026-07-29T17:16:51.206074+00:00,2026-07-29T17:16:51.440555+00:00,True
large-medium-n0.2-frontier_exploration-s3-1f58ff4521b9,large,16,medium,0.05,0.2,frontier_exploration,3,,,disabled,66da6332362cbf876667b08f276bd50b7cdba93a73315a4f2302dc81e40e2eb2,1f58ff4521b93b597eab00f21186baa8c51774d8df9a10906693df8626e0e07d,1.0,0.6328125,0.0,0,0.007905138339920948,2,2,0,253,0.0672877999895718,243.39999999999998,0.66484375,True,1.0,3.0,241.0,0,0,0.0,0.15432450721563087,253,True,False,,2026-07-29T17:16:51.240703+00:00,2026-07-29T17:16:51.308708+00:00,True
large-medium-n0.2-frontier_exploration-s4-9fb9b2e3aff3,large,16,medium,0.05,0.2,frontier_exploration,4,,,disabled,66da6332362cbf876667b08f276bd50b7cdba93a73315a4f2302dc81e40e2eb2,9fb9b2e3aff3153e73460ce3b289e819825d68ef8226eb0ce14b8fa11f9b6d6f,1.0,0.59765625,0.0,0,0.022727272727272728,5,5,0,220,0.05558240000391379,210.39999999999998,0.6292968750000001,True,1.0,5.0,208.0,0,0,0.0,0.14423227350396867,220,True,False,,2026-07-29T17:16:51.308708+00:00,2026-07-29T17:16:51.504705+00:00,True
large-medium-n0.2-frontier_exploration-s5-090794a9e074,large,16,medium,0.05,0.2,frontier_exploration,5,,,disabled,66da6332362cbf876667b08f276bd50b7cdba93a73315a4f2302dc81e40e2eb2,090794a9e0748702838c0271786cee394d63ef9bce8f8ed8780bbf5ffc0c3426,1.0,0.4140625,0.0,0,0.014705882352941176,2,2,0,136,0.03298530000029132,126.4,0.6099330357142857,True,1.0,2.5,124.0,0,0,0.0,0.13482720511520335,136,True,False,,2026-07-29T17:16:51.336216+00:00,2026-07-29T17:16:51.370216+00:00,True
large-medium-n0.2-frontier_exploration-s6-c4b5a70d2843,large,16,medium,0.05,0.2,frontier_exploration,6,,,disabled,66da6332362cbf876667b08f276bd50b7cdba93a73315a4f2302dc81e40e2eb2,c4b5a70d2843aebae8e6a3d02cc30a0d56cbc67a0aa1f6eeb7063f04151331df,1.0,0.71484375,0.0,0,0.012861736334405145,4,4,0,311,0.734928799996851,300.59999999999997,0.6644531250000001,True,1.0,5.0,298.0,0,0,0.0,0.1695974282823036,311,True,False,,2026-07-29T17:16:51.370216+00:00,2026-07-29T17:16:52.105726+00:00,True
large-medium-n0.2-frontier_exploration-s7-0a25316a8d34,large,16,medium,0.05,0.2,frontier_exploration,7,,,disabled,66da6332362cbf876667b08f276bd50b7cdba93a73315a4f2302dc81e40e2eb2,0a25316a8d3421e97138e84c51f5999e96b8b29c0e84337ba6f5e0fc30c3c6ef,1.0,0.5859375,0.0,0,0.02830188679245283,6,6,0,212,0.11140319998958148,203.2,0.6186383928571428,True,1.0,6.0,201.0,0,0,0.0,0.1542981121500181,212,True,False,,2026-07-29T17:16:51.440555+00:00,2026-07-29T17:16:51.552211+00:00,True
large-medium-n0.2-frontier_exploration-s8-a29985f78c38,large,16,medium,0.05,0.2,frontier_exploration,8,,,disabled,66da6332362cbf876667b08f276bd50b7cdba93a73315a4f2302dc81e40e2eb2,a29985f78c3873576aef8a273f84f1eb41ce35698d7e180eedaf243b0ba2b142,1.0,0.46875,0.0,0,0.033707865168539325,6,6,0,178,0.07671850000042468,167.6,0.5834821428571428,True,1.0,6.0,165.0,0,0,0.0,0.1448730344941651,178,True,False,,2026-07-29T17:16:51.504705+00:00,2026-07-29T17:16:51.649870+00:00,True
large-medium-n0.2-frontier_exploration-s9-91d9379ea8c9,large,16,medium,0.05,0.2,frontier_exploration,9,,,disabled,66da6332362cbf876667b08f276bd50b7cdba93a73315a4f2302dc81e40e2eb2,91d9379ea8c9db758efcd05696c26e10e1bd0d39f05f21485b335700e868f9ea,1.0,0.70703125,0.0,0,0.009433962264150943,3,3,0,318,0.3831849000125658,308.4,0.662109375,True,1.0,5.0,306.0,0,0,0.0,0.2567264145795174,318,True,False,,2026-07-29T17:16:51.552211+00:00,2026-07-29T17:16:51.935732+00:00,True
large-medium-n0.2-ppo-s0-df4c3b53a2ef,large,16,medium,0.05,0.2,PPO,0,artifacts/final_submission/ppo/best_model.zip,7c54226fc8927d7ef7fcdc7d5f3ff29b11fa8d1463293a9d8e3b6bebad84cc11,disabled,66da6332362cbf876667b08f276bd50b7cdba93a73315a4f2302dc81e40e2eb2,df4c3b53a2efbde04b62bac87ccd80ab8a0306c7926d9bf10a64a5a4cbffa584,0.07692307692307693,0.00390625,0.0,0,0.0625,22,22,0,352,0.2900563000002876,70.40000000000046,0.04498458403010034,False,0.0,22.0,0.0,0,0,0.0,0.6614701712599278,352,False,True,,2026-07-29T17:19:42.880494+00:00,2026-07-29T17:19:43.171497+00:00,True
large-medium-n0.2-ppo-s1-17a3e65df091,large,16,medium,0.05,0.2,PPO,1,artifacts/final_submission/ppo/best_model.zip,7c54226fc8927d7ef7fcdc7d5f3ff29b11fa8d1463293a9d8e3b6bebad84cc11,disabled,66da6332362cbf876667b08f276bd50b7cdba93a73315a4f2302dc81e40e2eb2,17a3e65df09159c83c9d804bb8b78764c49f29438feafecc8622020d9d77f899,0.07692307692307693,0.00390625,0.0,0,0.10227272727272728,36,36,0,352,0.30235099999117665,70.40000000000046,0.04004921387733888,False,0.0,36.0,0.0,0,0,0.0,0.6979599435329543,352,False,True,,2026-07-29T17:19:43.174501+00:00,2026-07-29T17:19:43.477552+00:00,True
large-medium-n0.2-ppo-s2-5f3188f9a67a,large,16,medium,0.05,0.2,PPO,2,artifacts/final_submission/ppo/best_model.zip,7c54226fc8927d7ef7fcdc7d5f3ff29b11fa8d1463293a9d8e3b6bebad84cc11,disabled,66da6332362cbf876667b08f276bd50b7cdba93a73315a4f2302dc81e40e2eb2,5f3188f9a67a0e59faf4a85ea3ab7a7c7be9c1b21a482893683bf59320316c68,0.0,0.00390625,0.0,0,0.02556818181818182,9,9,0,352,0.2882863999984693,70.40000000000046,0.031171874999999998,False,0.0,9.0,0.0,0,0,0.0,0.6604426140587417,352,False,True,,2026-07-29T17:19:43.481552+00:00,2026-07-29T17:19:43.769959+00:00,True
large-medium-n0.2-ppo-s3-32c0314d70ab,large,16,medium,0.05,0.2,PPO,3,artifacts/final_submission/ppo/best_model.zip,7c54226fc8927d7ef7fcdc7d5f3ff29b11fa8d1463293a9d8e3b6bebad84cc11,disabled,66da6332362cbf876667b08f276bd50b7cdba93a73315a4f2302dc81e40e2eb2,32c0314d70ab9917bbe8957af4c1701cbaa825786b4108656cd7fc2bef093a2d,0.0,0.03125,0.0,0,0.20170454545454544,71,71,0,352,0.31211070000426844,76.00000000000053,0.013541666666666667,False,0.0,71.0,7.0,0,0,0.0,0.7302264201908574,352,False,True,,2026-07-29T17:19:43.773504+00:00,2026-07-29T17:19:44.086018+00:00,True
large-medium-n0.2-ppo-s4-2bc93b74d447,large,16,medium,0.05,0.2,PPO,4,artifacts/final_submission/ppo/best_model.zip,7c54226fc8927d7ef7fcdc7d5f3ff29b11fa8d1463293a9d8e3b6bebad84cc11,disabled,66da6332362cbf876667b08f276bd50b7cdba93a73315a4f2302dc81e40e2eb2,2bc93b74d44760cfa29e017f9c22c7cac237d072a576118ee0e0543be716bf3a,0.07692307692307693,0.0078125,0.0,0,0.011363636363636364,4,4,0,352,0.28681169997435063,71.20000000000047,0.09311298076923077,False,0.0,4.0,1.0,0,0,0.0,0.6552147720371564,352,False,True,,2026-07-29T17:19:44.089020+00:00,2026-07-29T17:19:44.376571+00:00,True
large-medium-n0.2-ppo-s5-dcee0abc1621,large,16,medium,0.05,0.2,PPO,5,artifacts/final_submission/ppo/best_model.zip,7c54226fc8927d7ef7fcdc7d5f3ff29b11fa8d1463293a9d8e3b6bebad84cc11,disabled,66da6332362cbf876667b08f276bd50b7cdba93a73315a4f2302dc81e40e2eb2,dcee0abc16210e350b648b1d83593a23a3fe16c28624dd881f5fff85ef7b3d6c,0.07692307692307693,0.00390625,0.0,0,0.07386363636363637,26,26,0,352,0.32740300000295974,70.40000000000046,0.04305221688034189,False,0.0,26.0,0.0,0,0,0.0,0.7668877846795525,352,False,True,,2026-07-29T17:19:44.379571+00:00,2026-07-29T17:19:44.708517+00:00,True
large-medium-n0.2-ppo-s6-d4dddc4d7e4f,large,16,medium,0.05,0.2,PPO,6,artifacts/final_submission/ppo/best_model.zip,7c54226fc8927d7ef7fcdc7d5f3ff29b11fa8d1463293a9d8e3b6bebad84cc11,disabled,66da6332362cbf876667b08f276bd50b7cdba93a73315a4f2302dc81e40e2eb2,d4dddc4d7e4fe8e352e4cc5ebf5f216ce88dc68cbc410bb6e96815084fae6e4f,0.0,0.00390625,0.0,0,0.017045454545454544,6,6,0,352,0.2882044999860227,70.40000000000046,0.04402901785714286,False,0.0,6.0,0.0,0,0,0.0,0.6676130684685301,352,False,True,,2026-07-29T17:19:44.711712+00:00,2026-07-29T17:19:45.000851+00:00,True
large-medium-n0.2-ppo-s7-30400e5abbb0,large,16,medium,0.05,0.2,PPO,7,artifacts/final_submission/ppo/best_model.zip,7c54226fc8927d7ef7fcdc7d5f3ff29b11fa8d1463293a9d8e3b6bebad84cc11,disabled,66da6332362cbf876667b08f276bd50b7cdba93a73315a4f2302dc81e40e2eb2,30400e5abbb0f122db5a116d3c7f7bfbda94ceb87d184e8de10bc0012f9ff7b4,0.0,0.00390625,0.0,0,0.0625,22,22,0,352,0.3243474999908358,70.40000000000046,0.014215353260869564,False,0.0,22.0,0.0,0,0,0.0,0.7543786921153448,352,False,True,,2026-07-29T17:19:45.003858+00:00,2026-07-29T17:19:45.329064+00:00,True
large-medium-n0.2-ppo-s8-c3a8726444dd,large,16,medium,0.05,0.2,PPO,8,artifacts/final_submission/ppo/best_model.zip,7c54226fc8927d7ef7fcdc7d5f3ff29b11fa8d1463293a9d8e3b6bebad84cc11,disabled,66da6332362cbf876667b08f276bd50b7cdba93a73315a4f2302dc81e40e2eb2,c3a8726444dd07b932ff4c8de9b59c1f8a153531b36589e4589e92c03b1f8ea6,0.15384615384615385,0.015625,0.0,0,0.1846590909090909,65,65,0,352,0.29445630000554956,72.8000000000005,0.07077141608391609,False,0.0,65.0,3.0,0,0,0.0,0.6736392041685494,352,False,True,,2026-07-29T17:19:45.332072+00:00,2026-07-29T17:19:45.626879+00:00,True
large-medium-n0.2-ppo-s9-7cdfc36cd6ef,large,16,medium,0.05,0.2,PPO,9,artifacts/final_submission/ppo/best_model.zip,7c54226fc8927d7ef7fcdc7d5f3ff29b11fa8d1463293a9d8e3b6bebad84cc11,disabled,66da6332362cbf876667b08f276bd50b7cdba93a73315a4f2302dc81e40e2eb2,7cdfc36cd6effdbcf2d15b94b0627c38b3d046299af64ca3e9fef054f27b3e33,0.0,0.00390625,0.0,0,0.02556818181818182,9,9,0,352,0.31666260000201873,70.40000000000046,0.031171874999999998,False,0.0,9.0,0.0,0,0,0.0,0.7456431826126804,352,False,True,,2026-07-29T17:19:45.630892+00:00,2026-07-29T17:19:45.947985+00:00,True
large-medium-n0.2-sac-s0-1310d031b123,large,16,medium,0.05,0.2,SAC,0,artifacts/final_submission/sac/best_model.zip,78fe38fcc78df0ba8f98bd07af373848833876e7ec5ddf1486cec9a3cd9ba44c,disabled,66da6332362cbf876667b08f276bd50b7cdba93a73315a4f2302dc81e40e2eb2,1310d031b12371ba0ca738da9965ce40eff20b463ebaf62b2f5bd09493bb9fe1,0.0,0.0078125,1.0,300,0.07386363636363637,26,26,0,352,0.341788700025063,352.0,0.0032611811926605504,False,0.0,326.0,52.0,0,0,0.0,0.8003056814645375,352,False,True,,2026-07-29T17:19:45.954562+00:00,2026-07-29T17:19:46.297048+00:00,True
large-medium-n0.2-sac-s1-6f010eb57911,large,16,medium,0.05,0.2,SAC,1,artifacts/final_submission/sac/best_model.zip,78fe38fcc78df0ba8f98bd07af373848833876e7ec5ddf1486cec9a3cd9ba44c,disabled,66da6332362cbf876667b08f276bd50b7cdba93a73315a4f2302dc81e40e2eb2,6f010eb57911b490d4658cb5e64fdd655c312e95e897e8d42b3fb4fc197d7553,0.15384615384615385,0.171875,1.0,17,0.09375,33,50,17,352,0.35885340001550503,242.4000000000003,0.11738667582417582,False,0.0,69.0,198.0,0,0,0.0,0.8470193182471452,352,False,True,,2026-07-29T17:19:46.300046+00:00,2026-07-29T17:19:46.659952+00:00,True
large-medium-n0.2-sac-s2-3a3e2e065aba,large,16,medium,0.05,0.2,SAC,2,artifacts/final_submission/sac/best_model.zip,78fe38fcc78df0ba8f98bd07af373848833876e7ec5ddf1486cec9a3cd9ba44c,disabled,66da6332362cbf876667b08f276bd50b7cdba93a73315a4f2302dc81e40e2eb2,3a3e2e065aba8461ae08ffa44516c67b41f9c5889fbcf123d3e3171ad3281739,0.07692307692307693,0.046875,1.0,3,0.07102272727272728,25,25,0,352,0.35017420002259314,82.40000000000065,0.055176558355437666,False,0.0,28.0,12.0,0,0,0.0,0.8315232943542387,352,False,True,,2026-07-29T17:19:46.663956+00:00,2026-07-29T17:19:47.015017+00:00,True
large-medium-n0.2-sac-s3-38be17c58c18,large,16,medium,0.05,0.2,SAC,3,artifacts/final_submission/sac/best_model.zip,78fe38fcc78df0ba8f98bd07af373848833876e7ec5ddf1486cec9a3cd9ba44c,disabled,66da6332362cbf876667b08f276bd50b7cdba93a73315a4f2302dc81e40e2eb2,38be17c58c18db7b4285f3257e987a7787c620bc8df318d013c5aab9e78c5691,0.07692307692307693,0.02734375,1.0,6,0.09943181818181818,35,110,75,352,0.3595291000092402,86.40000000000066,0.04153645833333333,False,0.0,116.0,14.0,0,0,0.0,0.8550184662784556,352,False,True,,2026-07-29T17:19:47.019473+00:00,2026-07-29T17:19:47.379181+00:00,True
large-medium-n0.2-sac-s4-c227e9ac1707,large,16,medium,0.05,0.2,SAC,4,artifacts/final_submission/sac/best_model.zip,78fe38fcc78df0ba8f98bd07af373848833876e7ec5ddf1486cec9a3cd9ba44c,disabled,66da6332362cbf876667b08f276bd50b7cdba93a73315a4f2302dc81e40e2eb2,c227e9ac1707a42960340a199f0f32017e1400749ae326aafc72758d869c28cd,0.15384615384615385,0.12109375,1.0,263,0.20738636363636365,73,235,162,352,0.3681436000042595,348.8,0.09846598713786213,False,0.0,499.5,85.0,0,0,0.0,0.8736338053991362,352,False,True,,2026-07-29T17:19:47.382156+00:00,2026-07-29T17:19:47.750834+00:00,True
large-medium-n0.2-sac-s5-2541819e9982,large,16,medium,0.05,0.2,SAC,5,artifacts/final_submission/sac/best_model.zip,78fe38fcc78df0ba8f98bd07af373848833876e7ec5ddf1486cec9a3cd9ba44c,disabled,66da6332362cbf876667b08f276bd50b7cdba93a73315a4f2302dc81e40e2eb2,2541819e9982f5777f771d33613c70d4bca8b6196518604f8e882361d40035c8,0.07692307692307693,0.046875,1.0,1,0.0625,22,24,2,352,0.3237129999906756,92.00000000000038,0.05637019230769231,False,0.0,25.0,26.0,0,0,0.0,0.7498897722887871,352,False,True,,2026-07-29T17:19:47.754836+00:00,2026-07-29T17:19:48.078800+00:00,True
large-medium-n0.2-sac-s6-245b041ffac3,large,16,medium,0.05,0.2,SAC,6,artifacts/final_submission/sac/best_model.zip,78fe38fcc78df0ba8f98bd07af373848833876e7ec5ddf1486cec9a3cd9ba44c,disabled,66da6332362cbf876667b08f276bd50b7cdba93a73315a4f2302dc81e40e2eb2,245b041ffac3a6eb0fc59d8dd49badffe05df6c338910233cd0e7965adf16193,0.0,0.03125,1.0,283,0.002840909090909091,1,1,0,352,0.30854270001873374,352.0,0.010427631578947369,False,0.0,284.0,69.0,0,0,0.0,0.7151551130432794,352,False,True,,2026-07-29T17:19:48.082802+00:00,2026-07-29T17:19:48.391996+00:00,True
large-medium-n0.2-sac-s7-f4f61a294a56,large,16,medium,0.05,0.2,SAC,7,artifacts/final_submission/sac/best_model.zip,78fe38fcc78df0ba8f98bd07af373848833876e7ec5ddf1486cec9a3cd9ba44c,disabled,66da6332362cbf876667b08f276bd50b7cdba93a73315a4f2302dc81e40e2eb2,f4f61a294a56ff5db9f64192ded5a17fc31e158e97dbc38d2b44f321ffc35b3c,0.3076923076923077,0.10546875,1.0,160,0.07386363636363637,26,27,1,352,0.30574969999725,348.0,0.15631329275777414,False,0.0,187.0,187.0,0,0,0.0,0.7050605107989131,352,False,True,,2026-07-29T17:19:48.394995+00:00,2026-07-29T17:19:48.700827+00:00,True
large-medium-n0.2-sac-s8-361861a3a9dc,large,16,medium,0.05,0.2,SAC,8,artifacts/final_submission/sac/best_model.zip,78fe38fcc78df0ba8f98bd07af373848833876e7ec5ddf1486cec9a3cd9ba44c,disabled,66da6332362cbf876667b08f276bd50b7cdba93a73315a4f2302dc81e40e2eb2,361861a3a9dc02855b776ca189b1cc12cc5c542cb640ac0ec763e3f100583a37,0.15384615384615385,0.05078125,1.0,89,0.09943181818181818,35,58,23,352,0.3207297000044491,339.99999999999994,0.07879986356548857,False,0.0,147.0,248.0,0,0,0.0,0.7457505686364708,352,False,True,,2026-07-29T17:19:48.704942+00:00,2026-07-29T17:19:49.026490+00:00,True
large-medium-n0.2-sac-s9-01843369dec1,large,16,medium,0.05,0.2,SAC,9,artifacts/final_submission/sac/best_model.zip,78fe38fcc78df0ba8f98bd07af373848833876e7ec5ddf1486cec9a3cd9ba44c,disabled,66da6332362cbf876667b08f276bd50b7cdba93a73315a4f2302dc81e40e2eb2,01843369dec122b5d5f1ad3274d0a52997c3c5f99f0ec1827cf00d5b7b2dd938,0.0,0.0078125,1.0,351,0.0,0,0,0,352,0.27207589999306947,352.0,0.003196022727272727,False,0.0,351.0,1.0,0,0,0.0,0.6195795451937804,352,False,True,,2026-07-29T17:19:49.029496+00:00,2026-07-29T17:19:49.302395+00:00,True
large-medium-n0.2-riskshield_ppo-s0-0ee22f2613c4,large,16,medium,0.05,0.2,RiskShield-PPO,0,artifacts/final_submission/riskshield_ppo/best_model.zip,d6c91caeb9bb10db866cbfe947ef1cc3db0ea8dc7470d098c9af6298ab75c812,k_step,66da6332362cbf876667b08f276bd50b7cdba93a73315a4f2302dc81e40e2eb2,0ee22f2613c4a2a1de74b0904a65b640d2baeea2a6a8468b2916e818910efa62,0.07692307692307693,0.00390625,0.0,0,0.0625,22,22,0,352,0.3223839999991469,70.40000000000046,0.04498458403010034,False,0.0,22.0,0.0,240,22,0.0,0.7079750002958463,352,False,True,,2026-07-29T17:19:49.306799+00:00,2026-07-29T17:19:49.628987+00:00,True
large-medium-n0.2-riskshield_ppo-s1-2b8f1db1ac4b,large,16,medium,0.05,0.2,RiskShield-PPO,1,artifacts/final_submission/riskshield_ppo/best_model.zip,d6c91caeb9bb10db866cbfe947ef1cc3db0ea8dc7470d098c9af6298ab75c812,k_step,66da6332362cbf876667b08f276bd50b7cdba93a73315a4f2302dc81e40e2eb2,2b8f1db1ac4b88393f846aba076355c1c94746ed4027635cd14f3b02c6672df0,0.23076923076923078,0.08203125,0.0,0,0.019886363636363636,7,7,0,352,0.30708190001314506,94.4000000000006,0.1544170673076923,False,0.0,7.0,30.0,36,7,0.0,0.6731312499720264,352,False,True,,2026-07-29T17:19:49.632988+00:00,2026-07-29T17:19:49.940134+00:00,True
large-medium-n0.2-riskshield_ppo-s2-863555e199ca,large,16,medium,0.05,0.2,RiskShield-PPO,2,artifacts/final_submission/riskshield_ppo/best_model.zip,d6c91caeb9bb10db866cbfe947ef1cc3db0ea8dc7470d098c9af6298ab75c812,k_step,66da6332362cbf876667b08f276bd50b7cdba93a73315a4f2302dc81e40e2eb2,863555e199ca0d9e3700e6f8a857cbd5c7a7047c0b4ed5a5e464dea7c9142b41,0.0,0.00390625,0.0,0,0.02556818181818182,9,9,0,352,0.31381260001217015,70.40000000000046,0.031171874999999998,False,0.0,9.0,0.0,9,9,0.0,0.6950144895447672,352,False,True,,2026-07-29T17:19:49.944334+00:00,2026-07-29T17:19:50.258256+00:00,True
large-medium-n0.2-riskshield_ppo-s3-826efb047170,large,16,medium,0.05,0.2,RiskShield-PPO,3,artifacts/final_submission/riskshield_ppo/best_model.zip,d6c91caeb9bb10db866cbfe947ef1cc3db0ea8dc7470d098c9af6298ab75c812,k_step,66da6332362cbf876667b08f276bd50b7cdba93a73315a4f2302dc81e40e2eb2,826efb047170120ea7b5a178b44414fa7a704793c71f88cfa92e41cb793168e8,0.3076923076923077,0.0390625,0.0,0,0.03125,11,11,0,352,0.3234594000095967,88.80000000000054,0.15979567307692308,False,0.0,11.0,23.0,34,11,0.0,0.7230903414562239,352,False,True,,2026-07-29T17:19:50.261257+00:00,2026-07-29T17:19:50.585642+00:00,True
large-medium-n0.2-riskshield_ppo-s4-caecacfeb8f3,large,16,medium,0.05,0.2,RiskShield-PPO,4,artifacts/final_submission/riskshield_ppo/best_model.zip,d6c91caeb9bb10db866cbfe947ef1cc3db0ea8dc7470d098c9af6298ab75c812,k_step,66da6332362cbf876667b08f276bd50b7cdba93a73315a4f2302dc81e40e2eb2,caecacfeb8f386e3be73f98a5f717cb9aac94d7b7cd08ff4ee4e90b788543f38,0.15384615384615385,0.04296875,0.0,0,0.017045454545454544,6,6,0,352,0.29480110001168214,80.00000000000057,0.1172862293956044,False,0.0,6.0,12.0,18,6,0.0,0.6384485801721563,352,False,True,,2026-07-29T17:19:50.589642+00:00,2026-07-29T17:19:50.884792+00:00,True
large-medium-n0.2-riskshield_ppo-s5-253670a7fd1f,large,16,medium,0.05,0.2,RiskShield-PPO,5,artifacts/final_submission/riskshield_ppo/best_model.zip,d6c91caeb9bb10db866cbfe947ef1cc3db0ea8dc7470d098c9af6298ab75c812,k_step,66da6332362cbf876667b08f276bd50b7cdba93a73315a4f2302dc81e40e2eb2,253670a7fd1f68b962211a0ecd89a55294f50912028e886906c29bfdb6887833,0.07692307692307693,0.0078125,0.0,0,0.028409090909090908,10,10,0,352,0.31414309999672696,71.20000000000047,0.060385708041958044,False,0.0,10.0,1.0,11,10,0.0,0.6914019881647122,352,False,True,,2026-07-29T17:19:50.888352+00:00,2026-07-29T17:19:51.203106+00:00,True
large-medium-n0.2-riskshield_ppo-s6-698cf21dcc70,large,16,medium,0.05,0.2,RiskShield-PPO,6,artifacts/final_submission/riskshield_ppo/best_model.zip,d6c91caeb9bb10db866cbfe947ef1cc3db0ea8dc7470d098c9af6298ab75c812,k_step,66da6332362cbf876667b08f276bd50b7cdba93a73315a4f2302dc81e40e2eb2,698cf21dcc704ab972824e3f912cf39d795e542ac6ae088778ae093175fe4e90,0.0,0.015625,0.0,0,0.005681818181818182,2,2,0,352,0.3066865000000689,72.80000000000045,0.10468749999999999,False,0.0,2.0,3.0,5,2,0.0,0.6776207375713222,352,False,True,,2026-07-29T17:19:51.206287+00:00,2026-07-29T17:19:51.513544+00:00,True
large-medium-n0.2-riskshield_ppo-s7-7e62371c11ae,large,16,medium,0.05,0.2,RiskShield-PPO,7,artifacts/final_submission/riskshield_ppo/best_model.zip,d6c91caeb9bb10db866cbfe947ef1cc3db0ea8dc7470d098c9af6298ab75c812,k_step,66da6332362cbf876667b08f276bd50b7cdba93a73315a4f2302dc81e40e2eb2,7e62371c11aece646c05556ba6d22a3543c2cafefbb6c90ec196c74eb1a44cf5,0.07692307692307693,0.01171875,0.0,0,0.1903409090909091,67,67,0,352,0.3115457999811042,72.00000000000048,0.038696620475113123,False,0.0,67.0,2.0,69,67,0.0,0.6722951704267127,352,False,True,,2026-07-29T17:19:51.517547+00:00,2026-07-29T17:19:51.829300+00:00,True
large-medium-n0.2-riskshield_ppo-s8-d5d57d786e76,large,16,medium,0.05,0.2,RiskShield-PPO,8,artifacts/final_submission/riskshield_ppo/best_model.zip,d6c91caeb9bb10db866cbfe947ef1cc3db0ea8dc7470d098c9af6298ab75c812,k_step,66da6332362cbf876667b08f276bd50b7cdba93a73315a4f2302dc81e40e2eb2,d5d57d786e7609c447f7b1e04c0903b35dd075c0b572ea26f587ce2589d58d42,0.23076923076923078,0.06640625,0.0,0,0.002840909090909091,1,1,0,352,0.35266069998033345,85.6000000000004,0.2622295673076923,False,0.0,1.0,19.0,17,1,0.0,0.8039164771286199,352,False,True,,2026-07-29T17:19:51.833298+00:00,2026-07-29T17:19:52.186613+00:00,True
large-medium-n0.2-riskshield_ppo-s9-fd12d97f8421,large,16,medium,0.05,0.2,RiskShield-PPO,9,artifacts/final_submission/riskshield_ppo/best_model.zip,d6c91caeb9bb10db866cbfe947ef1cc3db0ea8dc7470d098c9af6298ab75c812,k_step,66da6332362cbf876667b08f276bd50b7cdba93a73315a4f2302dc81e40e2eb2,fd12d97f84217267b99bf9a09f7be8bd92836929d239ba1329c226f070a72719,0.0,0.0078125,0.0,0,0.07386363636363637,26,26,0,352,0.3203310999961104,71.20000000000047,0.013454861111111112,False,0.0,26.0,1.0,27,26,0.0,0.7130696018397099,352,False,True,,2026-07-29T17:19:52.189746+00:00,2026-07-29T17:19:52.511005+00:00,True
large-high-n0.0-risk_aware_astar-s0-81a2e400983a,large,16,high,0.07,0.0,risk_aware_astar,0,,,disabled,66da6332362cbf876667b08f276bd50b7cdba93a73315a4f2302dc81e40e2eb2,81a2e400983a99ff52e647be382d9d9d76048a0e16360dacaa3528677bec2bc0,1.0,0.19140625,0.0,0,0.14473684210526316,11,11,0,76,0.09337300001061521,62.40000000000002,0.48242187500000006,True,1.0,11.0,59.0,0,0,0.0,0.3213776316873631,76,True,False,,2026-07-29T17:16:51.602233+00:00,2026-07-29T17:16:51.700876+00:00,True
large-high-n0.0-risk_aware_astar-s1-9b9e68a7de55,large,16,high,0.07,0.0,risk_aware_astar,1,,,disabled,66da6332362cbf876667b08f276bd50b7cdba93a73315a4f2302dc81e40e2eb2,9b9e68a7de55fa261fb59d7bafb06e80fda4cc4a4e3ea18f738c354dc519523f,1.0,0.1953125,0.0,0,0.024390243902439025,2,2,0,82,0.08511129999533296,68.4,0.55859375,True,1.0,2.0,65.0,0,0,0.0,0.34668292955313695,82,True,False,,2026-07-29T17:16:51.649870+00:00,2026-07-29T17:16:51.735769+00:00,True
large-high-n0.0-risk_aware_astar-s2-bda939d4a414,large,16,high,0.07,0.0,risk_aware_astar,2,,,disabled,66da6332362cbf876667b08f276bd50b7cdba93a73315a4f2302dc81e40e2eb2,bda939d4a41427754d9689d8c658fa156bb61701b3af77b980768c2af64b0fcc,1.0,0.27734375,0.0,0,0.04132231404958678,5,5,0,121,0.12835879999329336,108.20000000000002,0.533203125,True,1.0,5.0,105.0,0,0,0.0,0.4210157018281858,121,True,False,,2026-07-29T17:16:51.700876+00:00,2026-07-29T17:16:51.829270+00:00,True
large-high-n0.0-risk_aware_astar-s3-282a5642a360,large,16,high,0.07,0.0,risk_aware_astar,3,,,disabled,66da6332362cbf876667b08f276bd50b7cdba93a73315a4f2302dc81e40e2eb2,282a5642a36027d8b89438be9cef41eac70e9a12e0ffb8ac7401a2aa2da91141,1.0,0.21875,0.0,0,0.034482758620689655,3,3,0,87,0.08783760000369512,74.20000000000003,0.540625,True,1.0,3.0,71.0,0,0,0.0,0.31443678067419034,87,True,False,,2026-07-29T17:16:51.735769+00:00,2026-07-29T17:16:51.852290+00:00,True
large-high-n0.0-risk_aware_astar-s4-cc66abb0d59a,large,16,high,0.07,0.0,risk_aware_astar,4,,,disabled,66da6332362cbf876667b08f276bd50b7cdba93a73315a4f2302dc81e40e2eb2,cc66abb0d59a0cce467f66c76b77e99ee4c3d5c3cd806c4b31fcf561558ed498,1.0,0.2421875,0.0,0,0.021052631578947368,2,2,0,95,0.7508835000044201,83.00000000000003,0.57265625,True,1.0,2.0,80.0,0,0,0.0,0.415692630983693,95,True,False,,2026-07-29T17:16:51.829270+00:00,2026-07-29T17:16:52.844976+00:00,True
large-high-n0.0-risk_aware_astar-s5-6df8b42753cb,large,16,high,0.07,0.0,risk_aware_astar,5,,,disabled,66da6332362cbf876667b08f276bd50b7cdba93a73315a4f2302dc81e40e2eb2,6df8b42753cbfc27c0650cabbd86e5f5ed339031d4e0d75ce202651954e4ed02,1.0,0.21484375,0.0,0,0.07228915662650602,6,6,0,83,0.15655340001103468,70.20000000000002,0.5073102678571428,True,1.0,6.0,67.0,0,0,0.0,0.4200710825964315,83,True,False,,2026-07-29T17:16:51.852290+00:00,2026-07-29T17:16:52.009740+00:00,True
large-high-n0.0-risk_aware_astar-s6-19a4cd3d7824,large,16,high,0.07,0.0,risk_aware_astar,6,,,disabled,66da6332362cbf876667b08f276bd50b7cdba93a73315a4f2302dc81e40e2eb2,19a4cd3d7824a1676acd3bc0c5ab021308c5311d6b2056ba1987b252a0c3d0dc,1.0,0.265625,0.0,0,0.025210084033613446,3,3,0,119,0.34648149998974986,106.20000000000002,0.5546875,True,1.0,3.0,103.0,0,0,0.0,2.790980672751389,119,True,False,,2026-07-29T17:16:51.935732+00:00,2026-07-29T17:16:52.580490+00:00,True
large-high-n0.0-risk_aware_astar-s7-e46ae7ae4d2b,large,16,high,0.07,0.0,risk_aware_astar,7,,,disabled,66da6332362cbf876667b08f276bd50b7cdba93a73315a4f2302dc81e40e2eb2,e46ae7ae4d2b37ef0ae5247f42628c24848863a309b5c2483169302f62073924,1.0,0.23828125,0.0,0,0.03125,3,3,0,96,0.0490503000037279,82.40000000000002,0.5381510416666667,True,1.0,3.5,79.0,0,0,0.0,0.3938833345576616,96,True,False,,2026-07-29T17:16:52.009740+00:00,2026-07-29T17:16:52.058385+00:00,True
large-high-n0.0-risk_aware_astar-s8-ca1b0e378a7b,large,16,high,0.07,0.0,risk_aware_astar,8,,,disabled,66da6332362cbf876667b08f276bd50b7cdba93a73315a4f2302dc81e40e2eb2,ca1b0e378a7bdfb5220a4074aa27b4de4ab80f8ad848e70e08ed98028112d501,1.0,0.25390625,0.0,0,0.04950495049504951,5,5,0,101,0.3973026000021491,87.40000000000002,0.5190290178571428,True,1.0,6.0,84.0,0,0,0.0,2.9745089123025537,101,True,False,,2026-07-29T17:16:52.059384+00:00,2026-07-29T17:16:52.456834+00:00,True
large-high-n0.0-risk_aware_astar-s9-fb9e58e0d703,large,16,high,0.07,0.0,risk_aware_astar,9,,,disabled,66da6332362cbf876667b08f276bd50b7cdba93a73315a4f2302dc81e40e2eb2,fb9e58e0d7037e5b6951da62053cc17a09ceb42552031d9b952478f928e0cb0b,1.0,0.3203125,0.0,0,0.033112582781456956,5,5,0,151,0.08924349999870174,137.4,0.5422475961538461,True,1.0,5.5,134.0,0,0,0.0,0.4765350991838445,151,True,False,,2026-07-29T17:16:52.105726+00:00,2026-07-29T17:16:52.195238+00:00,True
large-high-n0.0-frontier_exploration-s0-89876e46c453,large,16,high,0.07,0.0,frontier_exploration,0,,,disabled,66da6332362cbf876667b08f276bd50b7cdba93a73315a4f2302dc81e40e2eb2,89876e46c45313899d36986aae4a9932c52162001373d0cc4c0849ed59abbcb3,1.0,0.421875,0.0,0,0.013513513513513514,2,2,0,148,0.038433500012615696,134.4,0.6265625,True,1.0,2.0,131.0,0,0,0.0,0.14131148526684154,148,True,False,,2026-07-29T17:16:52.195238+00:00,2026-07-29T17:16:52.233812+00:00,True
large-high-n0.0-frontier_exploration-s1-c0e92f2a0c57,large,16,high,0.07,0.0,frontier_exploration,1,,,disabled,66da6332362cbf876667b08f276bd50b7cdba93a73315a4f2302dc81e40e2eb2,c0e92f2a0c5795809e2462bfb51f1d1e2e4fdbc49b1c4145e358193703feb0be,1.0,0.5625,0.0,0,0.019230769230769232,4,4,0,208,0.0559073000040371,194.39999999999998,0.61875,True,1.0,5.0,191.0,0,0,0.0,0.1436139423626278,208,True,False,,2026-07-29T17:16:52.233812+00:00,2026-07-29T17:16:52.340321+00:00,True
large-high-n0.0-frontier_exploration-s2-78822e43e044,large,16,high,0.07,0.0,frontier_exploration,2,,,disabled,66da6332362cbf876667b08f276bd50b7cdba93a73315a4f2302dc81e40e2eb2,78822e43e0442b984806a5509e2f10537b31de534e712f80402d80c1a8337cce,1.0,0.6875,0.0,0,0.02097902097902098,6,6,0,286,0.08413149998523295,272.3999999999999,0.6437499999999999,True,1.0,7.0,269.0,0,0,0.0,0.1775499979128501,286,True,False,,2026-07-29T17:16:52.341321+00:00,2026-07-29T17:16:52.447834+00:00,True
large-high-n0.0-frontier_exploration-s3-8b5a2205425d,large,16,high,0.07,0.0,frontier_exploration,3,,,disabled,66da6332362cbf876667b08f276bd50b7cdba93a73315a4f2302dc81e40e2eb2,8b5a2205425d5eacd9360fdc5d6b9c80623e99aa4761c489826c618c4cd14e8e,1.0,0.625,0.0,0,0.007782101167315175,2,2,0,257,0.07008710000081919,244.99999999999997,0.6732142857142858,True,1.0,2.5,242.0,0,0,0.0,0.1655140060909701,257,True,False,,2026-07-29T17:16:52.448835+00:00,2026-07-29T17:16:52.651982+00:00,True
large-high-n0.0-frontier_exploration-s4-afb7c66ea0ee,large,16,high,0.07,0.0,frontier_exploration,4,,,disabled,66da6332362cbf876667b08f276bd50b7cdba93a73315a4f2302dc81e40e2eb2,afb7c66ea0ee53f0bb302b34b3744aa73f6aa712f2b48aadd86aa067d1700990,1.0,0.65625,0.0,0,0.03292181069958848,8,8,0,243,0.06446240001241677,229.39999999999995,0.6284539473684211,True,1.0,8.5,226.0,0,0,0.0,0.1467028820797142,243,True,False,,2026-07-29T17:16:52.456834+00:00,2026-07-29T17:16:52.521343+00:00,True
large-high-n0.0-frontier_exploration-s5-4717a7f2593e,large,16,high,0.07,0.0,frontier_exploration,5,,,disabled,66da6332362cbf876667b08f276bd50b7cdba93a73315a4f2302dc81e40e2eb2,4717a7f2593ed97b0f1921adfbc614a38e49e461b63d2fa147994e61529fbb01,1.0,0.640625,0.0,0,0.029315960912052116,9,9,0,307,0.2056672000035178,294.19999999999993,0.6194602272727272,True,1.0,10.0,291.0,0,0,0.0,0.198320195181993,307,True,False,,2026-07-29T17:16:52.521343+00:00,2026-07-29T17:16:52.754834+00:00,True
large-high-n0.0-frontier_exploration-s6-118ade9d6ea1,large,16,high,0.07,0.0,frontier_exploration,6,,,disabled,66da6332362cbf876667b08f276bd50b7cdba93a73315a4f2302dc81e40e2eb2,118ade9d6ea1031da18436565dde7e27c9c4583a9a48549ee7b62f4aeee9299c,1.0,0.48828125,0.0,0,0.07567567567567568,14,14,0,185,0.04834609999670647,172.19999999999993,0.5658392137096775,True,1.0,14.5,169.0,0,0,0.0,0.1406729718468882,185,True,False,,2026-07-29T17:16:52.581473+00:00,2026-07-29T17:16:53.072049+00:00,True
large-high-n0.0-frontier_exploration-s7-4c6225c393ab,large,16,high,0.07,0.0,frontier_exploration,7,,,disabled,66da6332362cbf876667b08f276bd50b7cdba93a73315a4f2302dc81e40e2eb2,4c6225c393abfefbcbacafe72aa4201b8db4706f5ff0afe406bbbbea6e90d0ba,1.0,0.54296875,0.0,0,0.02,4,4,0,200,0.5491282000148203,185.60000000000002,0.6228906249999999,True,1.0,4.0,182.0,0,0,0.0,0.138841999869328,200,True,False,,2026-07-29T17:16:52.651982+00:00,2026-07-29T17:16:53.201459+00:00,True
large-high-n0.0-frontier_exploration-s8-58edcbdd5ced,large,16,high,0.07,0.0,frontier_exploration,8,,,disabled,66da6332362cbf876667b08f276bd50b7cdba93a73315a4f2302dc81e40e2eb2,58edcbdd5ced7d1ee86898b9e3d12432b67b84b87eb99119100f40bbdd48e591,0.9444444444444444,0.67578125,0.0,0,0.05397727272727273,19,20,1,352,0.17648389999521896,338.4,0.5932781102245863,False,0.0,22.5,335.0,0,0,0.0,0.2078275558067782,352,False,True,,2026-07-29T17:16:52.754834+00:00,2026-07-29T17:16:52.932496+00:00,True
large-high-n0.0-frontier_exploration-s9-d0188aa33960,large,16,high,0.07,0.0,frontier_exploration,9,,,disabled,66da6332362cbf876667b08f276bd50b7cdba93a73315a4f2302dc81e40e2eb2,d0188aa33960e572c5fd58f25d60c2f6bf474aa28bec098054fc84ab0b98db11,1.0,0.65234375,0.0,0,0.013468013468013467,4,4,0,297,0.22807720000855625,284.19999999999993,0.6418569711538461,True,1.0,5.5,281.0,0,0,0.0,0.2262929280214827,297,True,False,,2026-07-29T17:16:52.844976+00:00,2026-07-29T17:16:53.074050+00:00,True
large-high-n0.0-ppo-s0-fa18a9bbe9fa,large,16,high,0.07,0.0,PPO,0,artifacts/final_submission/ppo/best_model.zip,7c54226fc8927d7ef7fcdc7d5f3ff29b11fa8d1463293a9d8e3b6bebad84cc11,disabled,66da6332362cbf876667b08f276bd50b7cdba93a73315a4f2302dc81e40e2eb2,fa18a9bbe9fa8c0332b529b5146498fb83cddb9f1b24c4ee7ecf10779e218a88,0.1111111111111111,0.00390625,0.0,0,0.03125,11,11,0,352,0.3329327999963425,70.40000000000046,0.07061631944444445,False,0.0,11.0,0.0,0,0,0.0,0.7782318188302187,352,False,True,,2026-07-29T17:19:52.514003+00:00,2026-07-29T17:19:52.848240+00:00,True
large-high-n0.0-ppo-s1-a5083a58d7a1,large,16,high,0.07,0.0,PPO,1,artifacts/final_submission/ppo/best_model.zip,7c54226fc8927d7ef7fcdc7d5f3ff29b11fa8d1463293a9d8e3b6bebad84cc11,disabled,66da6332362cbf876667b08f276bd50b7cdba93a73315a4f2302dc81e40e2eb2,a5083a58d7a1feb4b2789f797c6b10d7b00f675f6fcdd1c62fa6b900317251b0,0.1111111111111111,0.00390625,1.0,351,0.02556818181818182,9,9,0,352,0.3134737999935169,351.2,0.04644734437519237,False,0.0,360.0,0.0,0,0,0.0,0.7235156253955211,352,False,True,,2026-07-29T17:19:52.853233+00:00,2026-07-29T17:19:53.167517+00:00,True
large-high-n0.0-ppo-s2-c348d5c5d460,large,16,high,0.07,0.0,PPO,2,artifacts/final_submission/ppo/best_model.zip,7c54226fc8927d7ef7fcdc7d5f3ff29b11fa8d1463293a9d8e3b6bebad84cc11,disabled,66da6332362cbf876667b08f276bd50b7cdba93a73315a4f2302dc81e40e2eb2,c348d5c5d460ce482ef242bd3ca5f53bb3b3b46e979a0202193bef0875d6ca8c,0.1111111111111111,0.00390625,0.0,0,0.1278409090909091,45,45,0,352,0.30568659998243675,70.40000000000046,0.05213805857487923,False,0.0,45.0,0.0,0,0,0.0,0.6941747147224802,352,False,True,,2026-07-29T17:19:53.171518+00:00,2026-07-29T17:19:53.477076+00:00,True
large-high-n0.0-ppo-s3-8c8afc8e8981,large,16,high,0.07,0.0,PPO,3,artifacts/final_submission/ppo/best_model.zip,7c54226fc8927d7ef7fcdc7d5f3ff29b11fa8d1463293a9d8e3b6bebad84cc11,disabled,66da6332362cbf876667b08f276bd50b7cdba93a73315a4f2302dc81e40e2eb2,8c8afc8e8981cecdc27fdb828977f7dc4a833879101374582acd1b36668173a8,0.0,0.00390625,0.0,0,0.0,0,0,0,352,0.3025791999825742,70.40000000000046,0.301171875,False,0.0,0.0,0.0,0,0,0.0,0.7011301139837914,352,False,True,,2026-07-29T17:19:53.480106+00:00,2026-07-29T17:19:53.784060+00:00,True
large-high-n0.0-ppo-s4-ea01deff49ac,large,16,high,0.07,0.0,PPO,4,artifacts/final_submission/ppo/best_model.zip,7c54226fc8927d7ef7fcdc7d5f3ff29b11fa8d1463293a9d8e3b6bebad84cc11,disabled,66da6332362cbf876667b08f276bd50b7cdba93a73315a4f2302dc81e40e2eb2,ea01deff49ac1c1ed86d62a00214f1a507a07bab557955f79e5f3281f7207be8,0.0,0.00390625,1.0,61,0.036931818181818184,13,13,0,352,0.3452693999861367,119.20000000000064,0.005171875,False,0.0,74.0,0.0,0,0,0.0,0.812159374039435,352,False,True,,2026-07-29T17:19:53.787060+00:00,2026-07-29T17:19:54.132901+00:00,True
large-high-n0.0-ppo-s5-3fe6ccdbc59f,large,16,high,0.07,0.0,PPO,5,artifacts/final_submission/ppo/best_model.zip,7c54226fc8927d7ef7fcdc7d5f3ff29b11fa8d1463293a9d8e3b6bebad84cc11,disabled,66da6332362cbf876667b08f276bd50b7cdba93a73315a4f2302dc81e40e2eb2,3fe6ccdbc59f4edf0861fa7fb3be319a2cd4c0308ea287d8a1bf605498a26e57,0.05555555555555555,0.00390625,0.0,0,0.05965909090909091,21,21,0,352,0.30348880001110956,70.40000000000046,0.037030460858585856,False,0.0,21.0,0.0,0,0,0.0,0.6970360790629374,352,False,True,,2026-07-29T17:19:54.136900+00:00,2026-07-29T17:19:54.440565+00:00,True
large-high-n0.0-ppo-s6-4dfa45f86521,large,16,high,0.07,0.0,PPO,6,artifacts/final_submission/ppo/best_model.zip,7c54226fc8927d7ef7fcdc7d5f3ff29b11fa8d1463293a9d8e3b6bebad84cc11,disabled,66da6332362cbf876667b08f276bd50b7cdba93a73315a4f2302dc81e40e2eb2,4dfa45f86521eb92a6a262b12d2432ca0dfb89bdb872ddb1b2af71a2a38b78db,0.0,0.0078125,0.0,0,0.10511363636363637,37,37,0,352,0.3060942000010982,71.20000000000047,0.010238486842105264,False,0.0,37.0,1.0,0,0,0.0,0.7024693184741243,352,False,True,,2026-07-29T17:19:54.444521+00:00,2026-07-29T17:19:54.751536+00:00,True
large-high-n0.0-ppo-s7-99d5fa3f635e,large,16,high,0.07,0.0,PPO,7,artifacts/final_submission/ppo/best_model.zip,7c54226fc8927d7ef7fcdc7d5f3ff29b11fa8d1463293a9d8e3b6bebad84cc11,disabled,66da6332362cbf876667b08f276bd50b7cdba93a73315a4f2302dc81e40e2eb2,99d5fa3f635ea8cff3f24cba3ff3491e2c041260a0d9f2ce2f96249d4efc8a8c,0.1111111111111111,0.015625,1.0,19,0.10227272727272728,36,36,0,352,0.31137360000866465,88.00000000000047,0.0544890873015873,False,0.0,55.0,3.0,0,0,0.0,0.7104269875939777,352,False,True,,2026-07-29T17:19:54.754538+00:00,2026-07-29T17:19:55.066426+00:00,True
large-high-n0.0-ppo-s8-ba16eff015bd,large,16,high,0.07,0.0,PPO,8,artifacts/final_submission/ppo/best_model.zip,7c54226fc8927d7ef7fcdc7d5f3ff29b11fa8d1463293a9d8e3b6bebad84cc11,disabled,66da6332362cbf876667b08f276bd50b7cdba93a73315a4f2302dc81e40e2eb2,ba16eff015bd70e82adb2cbda287f35e120f709e13451fb441d07801969167a2,0.05555555555555555,0.01953125,0.0,0,0.07102272727272728,25,25,0,352,0.2826645000022836,73.6000000000005,0.03962005876068376,False,0.0,25.0,4.0,0,0,0.0,0.6342667618148632,352,False,True,,2026-07-29T17:19:55.070647+00:00,2026-07-29T17:19:55.353746+00:00,True
large-high-n0.0-ppo-s9-9719d711705c,large,16,high,0.07,0.0,PPO,9,artifacts/final_submission/ppo/best_model.zip,7c54226fc8927d7ef7fcdc7d5f3ff29b11fa8d1463293a9d8e3b6bebad84cc11,disabled,66da6332362cbf876667b08f276bd50b7cdba93a73315a4f2302dc81e40e2eb2,9719d711705c78c7ade9951fd09972533743875d9a9c3a8e64a24e25641409a8,0.05555555555555555,0.00390625,0.0,0,0.11363636363636363,40,40,0,352,0.2977744000090752,70.40000000000046,0.03071117039295393,False,0.0,40.0,0.0,0,0,0.0,0.6750931815986405,352,False,True,,2026-07-29T17:19:55.357748+00:00,2026-07-29T17:19:55.655280+00:00,True
large-high-n0.0-sac-s0-bbd1cbab3953,large,16,high,0.07,0.0,SAC,0,artifacts/final_submission/sac/best_model.zip,78fe38fcc78df0ba8f98bd07af373848833876e7ec5ddf1486cec9a3cd9ba44c,disabled,66da6332362cbf876667b08f276bd50b7cdba93a73315a4f2302dc81e40e2eb2,bbd1cbab3953b7ab19c40dbce01d4ef04b91f9cdc989ff4ad4187e237a0990a6,0.2222222222222222,0.015625,1.0,306,0.05965909090909091,21,21,0,352,0.3362998999946285,326.4,0.09449102303523035,False,0.0,327.0,14.0,0,0,0.0,0.786444885885761,352,False,True,,2026-07-29T17:19:55.658718+00:00,2026-07-29T17:19:55.996270+00:00,True
large-high-n0.0-sac-s1-040102c0d892,large,16,high,0.07,0.0,SAC,1,artifacts/final_submission/sac/best_model.zip,78fe38fcc78df0ba8f98bd07af373848833876e7ec5ddf1486cec9a3cd9ba44c,disabled,66da6332362cbf876667b08f276bd50b7cdba93a73315a4f2302dc81e40e2eb2,040102c0d892a34419a3fb5f357e8b882a1a4b85c8d88b0cf63a7e1f88b824b0,0.1111111111111111,0.01171875,1.0,13,0.05113636363636364,18,18,0,352,0.3429335999826435,83.20000000000067,0.05733506944444445,False,0.0,31.0,3.0,0,0,0.0,0.8005840911044454,352,False,True,,2026-07-29T17:19:55.999272+00:00,2026-07-29T17:19:56.343634+00:00,True
large-high-n0.0-sac-s2-b7e088a6a705,large,16,high,0.07,0.0,SAC,2,artifacts/final_submission/sac/best_model.zip,78fe38fcc78df0ba8f98bd07af373848833876e7ec5ddf1486cec9a3cd9ba44c,disabled,66da6332362cbf876667b08f276bd50b7cdba93a73315a4f2302dc81e40e2eb2,b7e088a6a705981d87da227ae423ba79eaae5d726ce50cba287ae3602efc9990,0.0,0.015625,1.0,340,0.05397727272727273,19,19,0,352,0.3274165000184439,352.0,0.005520833333333333,False,0.0,359.0,12.0,0,0,0.0,0.7440548299862051,352,False,True,,2026-07-29T17:19:56.346695+00:00,2026-07-29T17:19:56.675473+00:00,True
large-high-n0.0-sac-s3-4419a66a7797,large,16,high,0.07,0.0,SAC,3,artifacts/final_submission/sac/best_model.zip,78fe38fcc78df0ba8f98bd07af373848833876e7ec5ddf1486cec9a3cd9ba44c,disabled,66da6332362cbf876667b08f276bd50b7cdba93a73315a4f2302dc81e40e2eb2,4419a66a7797bc3b059280183da6c359f31d5ed9a579887c87b013a959a498ac,0.16666666666666666,0.1171875,1.0,78,0.36079545454545453,127,132,5,352,0.3513502999849152,347.99999999999994,0.10324471761453397,False,0.0,210.0,269.0,0,0,0.0,0.8166931811501854,352,False,True,,2026-07-29T17:19:56.678354+00:00,2026-07-29T17:19:57.031288+00:00,True
large-high-n0.0-sac-s4-565b5366d895,large,16,high,0.07,0.0,SAC,4,artifacts/final_submission/sac/best_model.zip,78fe38fcc78df0ba8f98bd07af373848833876e7ec5ddf1486cec9a3cd9ba44c,disabled,66da6332362cbf876667b08f276bd50b7cdba93a73315a4f2302dc81e40e2eb2,565b5366d89547b7023b5800eb326c1851c23bb2e99fb8290686478cd6bf7d44,0.05555555555555555,0.0546875,1.0,11,0.03977272727272727,14,14,0,352,0.32858100000885315,305.5999999999994,0.05016693376068376,False,0.0,25.0,283.0,0,0,0.0,0.7618749996254337,352,False,True,,2026-07-29T17:19:57.034233+00:00,2026-07-29T17:19:57.363348+00:00,True
large-high-n0.0-sac-s5-03f2fbfb5b94,large,16,high,0.07,0.0,SAC,5,artifacts/final_submission/sac/best_model.zip,78fe38fcc78df0ba8f98bd07af373848833876e7ec5ddf1486cec9a3cd9ba44c,disabled,66da6332362cbf876667b08f276bd50b7cdba93a73315a4f2302dc81e40e2eb2,03f2fbfb5b9458d160f09f4c38cefe7d7f97924cf33b3a99751b1d82b110cfd0,0.1111111111111111,0.05859375,1.0,195,0.23579545454545456,83,120,37,352,0.3228650000237394,325.6000000000001,0.06291542658730159,False,0.0,335.0,124.0,0,0,0.0,0.737430114068874,352,False,True,,2026-07-29T17:19:57.367331+00:00,2026-07-29T17:19:57.690439+00:00,True
large-high-n0.0-sac-s6-3cc011cd9a08,large,16,high,0.07,0.0,SAC,6,artifacts/final_submission/sac/best_model.zip,78fe38fcc78df0ba8f98bd07af373848833876e7ec5ddf1486cec9a3cd9ba44c,disabled,66da6332362cbf876667b08f276bd50b7cdba93a73315a4f2302dc81e40e2eb2,3cc011cd9a08eb2ed21a3abc0d5d44bfba89032c57e657d58ccce7d2108298cb,0.05555555555555555,0.0546875,1.0,65,0.08238636363636363,29,29,0,352,0.3387462999962736,351.2,0.041786366959064326,False,0.0,94.0,286.0,0,0,0.0,0.7870838065752072,352,False,True,,2026-07-29T17:19:57.694333+00:00,2026-07-29T17:19:58.033467+00:00,True
large-high-n0.0-sac-s7-40b18c981199,large,16,high,0.07,0.0,SAC,7,artifacts/final_submission/sac/best_model.zip,78fe38fcc78df0ba8f98bd07af373848833876e7ec5ddf1486cec9a3cd9ba44c,disabled,66da6332362cbf876667b08f276bd50b7cdba93a73315a4f2302dc81e40e2eb2,40b18c981199a2449039b26c93fc7fffc76eff451c6e727f928ba1b9e811de3c,0.16666666666666666,0.06640625,1.0,109,0.017045454545454544,6,41,35,352,0.3124101999856066,185.60000000000014,0.0885240255376344,False,0.0,154.0,35.0,0,0,0.0,0.7126534103669904,352,False,True,,2026-07-29T17:19:58.037194+00:00,2026-07-29T17:19:58.350755+00:00,True
large-high-n0.0-sac-s8-1c4091e6cd89,large,16,high,0.07,0.0,SAC,8,artifacts/final_submission/sac/best_model.zip,78fe38fcc78df0ba8f98bd07af373848833876e7ec5ddf1486cec9a3cd9ba44c,disabled,66da6332362cbf876667b08f276bd50b7cdba93a73315a4f2302dc81e40e2eb2,1c4091e6cd8954974a7b243e84583f5d6b87b5b6bb148422fb807b48a7b68fef,0.0,0.0859375,1.0,74,0.08806818181818182,31,43,12,352,0.3149668999831192,348.8,0.028323622881355932,False,0.0,117.0,274.0,0,0,0.0,0.7205232955543166,352,False,True,,2026-07-29T17:19:58.353637+00:00,2026-07-29T17:19:58.669181+00:00,True
large-high-n0.0-sac-s9-6e6e06daa36a,large,16,high,0.07,0.0,SAC,9,artifacts/final_submission/sac/best_model.zip,78fe38fcc78df0ba8f98bd07af373848833876e7ec5ddf1486cec9a3cd9ba44c,disabled,66da6332362cbf876667b08f276bd50b7cdba93a73315a4f2302dc81e40e2eb2,6e6e06daa36a14572446b5932e63654a46a23bc640bde8c3d59b93782fd88356,0.1111111111111111,0.05859375,1.0,1,0.11647727272727272,41,42,1,352,0.31701969998539425,179.9999999999979,0.06400276746424642,False,0.0,150.5,136.0,0,0,0.0,0.7279463068863895,352,False,True,,2026-07-29T17:19:58.673149+00:00,2026-07-29T17:19:58.990108+00:00,True
large-high-n0.0-riskshield_ppo-s0-d43053531dec,large,16,high,0.07,0.0,RiskShield-PPO,0,artifacts/final_submission/riskshield_ppo/best_model.zip,d6c91caeb9bb10db866cbfe947ef1cc3db0ea8dc7470d098c9af6298ab75c812,k_step,66da6332362cbf876667b08f276bd50b7cdba93a73315a4f2302dc81e40e2eb2,d43053531dec26a6169ae0088ce0f5f78e1385677e5fa88cc3c85d81b64208cb,0.2222222222222222,0.0390625,0.0,0,0.048295454545454544,17,17,0,352,0.3027777000097558,80.80000000000051,0.11727430555555556,False,0.0,17.0,13.0,124,17,0.0,0.6451454528360046,352,False,True,,2026-07-29T17:19:58.995213+00:00,2026-07-29T17:19:59.299098+00:00,True
large-high-n0.0-riskshield_ppo-s1-f5de18a67400,large,16,high,0.07,0.0,RiskShield-PPO,1,artifacts/final_submission/riskshield_ppo/best_model.zip,d6c91caeb9bb10db866cbfe947ef1cc3db0ea8dc7470d098c9af6298ab75c812,k_step,66da6332362cbf876667b08f276bd50b7cdba93a73315a4f2302dc81e40e2eb2,f5de18a67400f83f651c536cf8fa89d78ccfa5c1f405f435abe32d1c575e4085,0.2777777777777778,0.03125,0.0,0,0.07386363636363637,26,26,0,352,0.30541380000067875,76.0000000000005,0.13159722222222223,False,0.0,26.0,7.0,33,26,0.0,0.6509494312261019,352,False,True,,2026-07-29T17:19:59.302143+00:00,2026-07-29T17:19:59.608181+00:00,True
large-high-n0.0-riskshield_ppo-s2-e3a436fa3d8b,large,16,high,0.07,0.0,RiskShield-PPO,2,artifacts/final_submission/riskshield_ppo/best_model.zip,d6c91caeb9bb10db866cbfe947ef1cc3db0ea8dc7470d098c9af6298ab75c812,k_step,66da6332362cbf876667b08f276bd50b7cdba93a73315a4f2302dc81e40e2eb2,e3a436fa3d8b882ed3a901e5a25ac40af743d8b9dd313c36a39310130ed19dec,0.2222222222222222,0.0234375,0.0,0,0.07386363636363637,26,26,0,352,0.29668430000310764,81.60000000000045,0.10703125000000001,False,0.0,26.0,14.0,40,26,0.0,0.6302153418470301,352,False,True,,2026-07-29T17:19:59.612163+00:00,2026-07-29T17:19:59.909227+00:00,True
large-high-n0.0-riskshield_ppo-s3-7b1bce04f02c,large,16,high,0.07,0.0,RiskShield-PPO,3,artifacts/final_submission/riskshield_ppo/best_model.zip,d6c91caeb9bb10db866cbfe947ef1cc3db0ea8dc7470d098c9af6298ab75c812,k_step,66da6332362cbf876667b08f276bd50b7cdba93a73315a4f2302dc81e40e2eb2,7b1bce04f02c6786b67d74a1dcc1afdb9c5faae018c3f7a2e174f952dd7de66d,0.0,0.00390625,0.0,0,0.0,0,0,0,352,0.2936366999929305,70.40000000000046,0.301171875,False,0.0,0.0,0.0,0,0,0.0,0.6341340901847368,352,False,True,,2026-07-29T17:19:59.912228+00:00,2026-07-29T17:20:00.206547+00:00,True
large-high-n0.0-riskshield_ppo-s4-2fd9304c3a99,large,16,high,0.07,0.0,RiskShield-PPO,4,artifacts/final_submission/riskshield_ppo/best_model.zip,d6c91caeb9bb10db866cbfe947ef1cc3db0ea8dc7470d098c9af6298ab75c812,k_step,66da6332362cbf876667b08f276bd50b7cdba93a73315a4f2302dc81e40e2eb2,2fd9304c3a99b46b864f73745684429d43e3051d6baff2b57d4de74aa2445bdb,0.0,0.00390625,0.0,0,0.036931818181818184,13,13,0,352,0.29041329998290166,70.40000000000046,0.022600446428571428,False,0.0,13.0,0.0,13,13,0.0,0.6228144883690138,352,False,True,,2026-07-29T17:20:00.210519+00:00,2026-07-29T17:20:00.501820+00:00,True
large-high-n0.0-riskshield_ppo-s5-6125d69cb6e2,large,16,high,0.07,0.0,RiskShield-PPO,5,artifacts/final_submission/riskshield_ppo/best_model.zip,d6c91caeb9bb10db866cbfe947ef1cc3db0ea8dc7470d098c9af6298ab75c812,k_step,66da6332362cbf876667b08f276bd50b7cdba93a73315a4f2302dc81e40e2eb2,6125d69cb6e224d80e4c7dfb333895b550e7fb2455746056fd2b56c2fa69e01c,0.1111111111111111,0.03125,0.0,0,0.0,0,0,0,352,0.2970268999924883,84.80000000000057,0.35381944444444446,False,0.0,0.0,18.0,16,0,0.0,0.6430170449014192,352,False,True,,2026-07-29T17:20:00.505771+00:00,2026-07-29T17:20:00.803272+00:00,True
large-high-n0.0-riskshield_ppo-s6-073be34f106b,large,16,high,0.07,0.0,RiskShield-PPO,6,artifacts/final_submission/riskshield_ppo/best_model.zip,d6c91caeb9bb10db866cbfe947ef1cc3db0ea8dc7470d098c9af6298ab75c812,k_step,66da6332362cbf876667b08f276bd50b7cdba93a73315a4f2302dc81e40e2eb2,073be34f106b9ed2da636e3fd6b9bed88df318e8b88fb75a937dc412d1a8ecc5,0.05555555555555555,0.03125,0.0,0,0.03409090909090909,12,12,0,352,0.30443069999455474,85.60000000000055,0.0546741452991453,False,0.0,12.0,19.0,31,12,0.0,0.6528082388864608,352,False,True,,2026-07-29T17:20:00.806232+00:00,2026-07-29T17:20:01.111435+00:00,True
large-high-n0.0-riskshield_ppo-s7-3865c922ec98,large,16,high,0.07,0.0,RiskShield-PPO,7,artifacts/final_submission/riskshield_ppo/best_model.zip,d6c91caeb9bb10db866cbfe947ef1cc3db0ea8dc7470d098c9af6298ab75c812,k_step,66da6332362cbf876667b08f276bd50b7cdba93a73315a4f2302dc81e40e2eb2,3865c922ec98998b34f3f573ddf602063d79d55786249cfecbf02d70921db0c0,0.1111111111111111,0.0078125,0.0,0,0.10511363636363637,37,37,0,352,0.3029188000073191,71.20000000000047,0.054682931286549705,False,0.0,37.0,1.0,38,37,0.0,0.6459022713236415,352,False,True,,2026-07-29T17:20:01.115393+00:00,2026-07-29T17:20:01.418307+00:00,True
large-high-n0.0-riskshield_ppo-s8-9d517350ed87,large,16,high,0.07,0.0,RiskShield-PPO,8,artifacts/final_submission/riskshield_ppo/best_model.zip,d6c91caeb9bb10db866cbfe947ef1cc3db0ea8dc7470d098c9af6298ab75c812,k_step,66da6332362cbf876667b08f276bd50b7cdba93a73315a4f2302dc81e40e2eb2,9d517350ed87c0bd97e2809131d3fdcb087e54bd4ace2a3331ee25db42c0bbba,0.1111111111111111,0.0390625,0.0,0,0.05397727272727273,19,19,0,352,0.3154561000119429,92.00000000000058,0.07116319444444444,False,0.0,19.0,27.0,47,19,0.0,0.6840434662080952,352,False,True,,2026-07-29T17:20:01.422316+00:00,2026-07-29T17:20:01.737749+00:00,True
large-high-n0.0-riskshield_ppo-s9-77c9dfba2a14,large,16,high,0.07,0.0,RiskShield-PPO,9,artifacts/final_submission/riskshield_ppo/best_model.zip,d6c91caeb9bb10db866cbfe947ef1cc3db0ea8dc7470d098c9af6298ab75c812,k_step,66da6332362cbf876667b08f276bd50b7cdba93a73315a4f2302dc81e40e2eb2,77c9dfba2a14f2d32ffac555b4d12a2f040777e91d5ec9b29f756b573977b099,0.05555555555555555,0.0078125,0.0,0,0.05113636363636364,18,18,0,352,0.2992476000217721,71.20000000000047,0.04035544590643275,False,0.0,18.0,1.0,19,18,0.0,0.6415536921518982,352,False,True,,2026-07-29T17:20:01.741730+00:00,2026-07-29T17:20:02.041142+00:00,True
large-high-n0.1-risk_aware_astar-s0-9d66d30a40ae,large,16,high,0.07,0.1,risk_aware_astar,0,,,disabled,66da6332362cbf876667b08f276bd50b7cdba93a73315a4f2302dc81e40e2eb2,9d66d30a40aee6f62f77dd32f27978d6987d979cffdd3978be332b1bf7c1a67b,1.0,0.19140625,0.0,0,0.14473684210526316,11,11,0,76,0.0325654000043869,62.40000000000002,0.48242187500000006,True,1.0,11.0,59.0,0,0,0.0,0.3070618408137785,76,True,False,,2026-07-29T17:16:52.932496+00:00,2026-07-29T17:16:53.024048+00:00,True
large-high-n0.1-risk_aware_astar-s1-e9937129349b,large,16,high,0.07,0.1,risk_aware_astar,1,,,disabled,66da6332362cbf876667b08f276bd50b7cdba93a73315a4f2302dc81e40e2eb2,e9937129349baa9520c01d474d5e4ea0da010525d93b411ab378d4c94293f5e7,1.0,0.1953125,0.0,0,0.024390243902439025,2,2,0,82,0.050761999998940155,68.4,0.55859375,True,1.0,2.0,65.0,0,0,0.0,0.3502963394034518,82,True,False,,2026-07-29T17:16:53.024048+00:00,2026-07-29T17:16:53.162455+00:00,True
large-high-n0.1-risk_aware_astar-s2-f9b661d7e362,large,16,high,0.07,0.1,risk_aware_astar,2,,,disabled,66da6332362cbf876667b08f276bd50b7cdba93a73315a4f2302dc81e40e2eb2,f9b661d7e3624b965275d91d6bf2de4f29d921008df43ff04bab5f64d3deb532,1.0,0.27734375,0.0,0,0.04132231404958678,5,5,0,121,0.2628786000132095,108.20000000000002,0.533203125,True,1.0,5.0,105.0,0,0,0.0,0.42662313996914253,121,True,False,,2026-07-29T17:16:53.072049+00:00,2026-07-29T17:16:53.392525+00:00,True
large-high-n0.1-risk_aware_astar-s3-bce38994cab7,large,16,high,0.07,0.1,risk_aware_astar,3,,,disabled,66da6332362cbf876667b08f276bd50b7cdba93a73315a4f2302dc81e40e2eb2,bce38994cab709d0c94c2a53b891ebfe6851811895252bb41d30934f989ea2d1,1.0,0.21875,0.0,0,0.034482758620689655,3,3,0,87,0.12784089997876436,74.20000000000003,0.540625,True,1.0,3.0,71.0,0,0,0.0,0.31362988634152744,87,True,False,,2026-07-29T17:16:53.074050+00:00,2026-07-29T17:16:53.201459+00:00,True
large-high-n0.1-risk_aware_astar-s4-2a0ec1b8d977,large,16,high,0.07,0.1,risk_aware_astar,4,,,disabled,66da6332362cbf876667b08f276bd50b7cdba93a73315a4f2302dc81e40e2eb2,2a0ec1b8d977e9301eb30bd547889ee3bfac05ed2a7775a4cccd3d9494a3870a,1.0,0.2421875,0.0,0,0.021052631578947368,2,2,0,95,0.10012930000084452,83.00000000000003,0.57265625,True,1.0,2.0,80.0,0,0,0.0,0.42594947582600934,95,True,False,,2026-07-29T17:16:53.162455+00:00,2026-07-29T17:16:53.310604+00:00,True
large-high-n0.1-risk_aware_astar-s5-b91749a9a1ce,large,16,high,0.07,0.1,risk_aware_astar,5,,,disabled,66da6332362cbf876667b08f276bd50b7cdba93a73315a4f2302dc81e40e2eb2,b91749a9a1ce17369ff69985f66049c44e5815b303eef21ada2e08b3cdcc45ba,1.0,0.21484375,0.0,0,0.07228915662650602,6,6,0,83,0.29777909998665564,70.20000000000002,0.5073102678571428,True,1.0,6.0,67.0,0,0,0.0,0.41214096484739465,83,True,False,,2026-07-29T17:16:53.201459+00:00,2026-07-29T17:16:53.499960+00:00,True
large-high-n0.1-risk_aware_astar-s6-1a9a41839065,large,16,high,0.07,0.1,risk_aware_astar,6,,,disabled,66da6332362cbf876667b08f276bd50b7cdba93a73315a4f2302dc81e40e2eb2,1a9a4183906506f0f5dcbf716908cb64f310ee05d9e550c23655b9a6d6ca454c,1.0,0.265625,0.0,0,0.025210084033613446,3,3,0,119,0.6302574000146706,106.20000000000002,0.5546875,True,1.0,3.0,103.0,0,0,0.0,3.4521109262626117,119,True,False,,2026-07-29T17:16:53.201459+00:00,2026-07-29T17:16:53.851731+00:00,True
large-high-n0.1-risk_aware_astar-s7-75e80d2e9458,large,16,high,0.07,0.1,risk_aware_astar,7,,,disabled,66da6332362cbf876667b08f276bd50b7cdba93a73315a4f2302dc81e40e2eb2,75e80d2e9458e8a1f02e4141c13ad1d716a50ea723db6b26cca3ff53fc9ae85f,1.0,0.23828125,0.0,0,0.03125,3,3,0,96,0.2135538999864366,82.40000000000002,0.5381510416666667,True,1.0,3.5,79.0,0,0,0.0,0.7579958313120491,96,True,False,,2026-07-29T17:16:53.310604+00:00,2026-07-29T17:16:53.638966+00:00,True
large-high-n0.1-risk_aware_astar-s8-b9fc6d342533,large,16,high,0.07,0.1,risk_aware_astar,8,,,disabled,66da6332362cbf876667b08f276bd50b7cdba93a73315a4f2302dc81e40e2eb2,b9fc6d342533929e5bb87f95420f1b030c3fb7abbd39aae4fed4fd0158616ba7,1.0,0.25390625,0.0,0,0.04950495049504951,5,5,0,101,0.14041190000716597,87.40000000000002,0.5190290178571428,True,1.0,6.0,84.0,0,0,0.0,1.1194455460414734,101,True,False,,2026-07-29T17:16:53.392525+00:00,2026-07-29T17:16:53.533429+00:00,True
large-high-n0.1-risk_aware_astar-s9-144e08710b0a,large,16,high,0.07,0.1,risk_aware_astar,9,,,disabled,66da6332362cbf876667b08f276bd50b7cdba93a73315a4f2302dc81e40e2eb2,144e08710b0a6161cbf2b338c0ed5e9e63cc31191d7fcd102087794775c4cac6,1.0,0.3203125,0.0,0,0.033112582781456956,5,5,0,151,0.8350646999897435,137.4,0.5422475961538461,True,1.0,5.5,134.0,0,0,0.0,0.47500066024356136,151,True,False,,2026-07-29T17:16:53.499960+00:00,2026-07-29T17:16:54.335426+00:00,True
large-high-n0.1-frontier_exploration-s0-a929837910ca,large,16,high,0.07,0.1,frontier_exploration,0,,,disabled,66da6332362cbf876667b08f276bd50b7cdba93a73315a4f2302dc81e40e2eb2,a929837910ca0a74713c24d30376646ce0766055848ae8193d43c7940797347a,1.0,0.421875,0.0,0,0.013513513513513514,2,2,0,148,0.03741660001105629,134.4,0.6265625,True,1.0,2.0,131.0,0,0,0.0,0.13719797287784466,148,True,False,,2026-07-29T17:16:53.533429+00:00,2026-07-29T17:16:53.571430+00:00,True
large-high-n0.1-frontier_exploration-s1-b005ed5f2463,large,16,high,0.07,0.1,frontier_exploration,1,,,disabled,66da6332362cbf876667b08f276bd50b7cdba93a73315a4f2302dc81e40e2eb2,b005ed5f24632787b07238e9fd376fcdba880d7baf8c69ea7d2945a342329082,1.0,0.5625,0.0,0,0.019230769230769232,4,4,0,208,0.20542359998216853,194.39999999999998,0.61875,True,1.0,5.0,191.0,0,0,0.0,0.14396153822487506,208,True,False,,2026-07-29T17:16:53.571430+00:00,2026-07-29T17:16:53.777017+00:00,True
large-high-n0.1-frontier_exploration-s2-840721a4e2f0,large,16,high,0.07,0.1,frontier_exploration,2,,,disabled,66da6332362cbf876667b08f276bd50b7cdba93a73315a4f2302dc81e40e2eb2,840721a4e2f0ef4899fcbbbb807bae640beff12c4b93c5c3894bb890c874742c,1.0,0.6875,0.0,0,0.02097902097902098,6,6,0,286,0.08515520000946708,272.3999999999999,0.6437499999999999,True,1.0,7.0,269.0,0,0,0.0,0.1797975519048441,286,True,False,,2026-07-29T17:16:53.638966+00:00,2026-07-29T17:16:53.725013+00:00,True
large-high-n0.1-frontier_exploration-s3-94d6cb2ce2f6,large,16,high,0.07,0.1,frontier_exploration,3,,,disabled,66da6332362cbf876667b08f276bd50b7cdba93a73315a4f2302dc81e40e2eb2,94d6cb2ce2f6536561e95a1267c686193c82c28c2628653be140560a7ce62049,1.0,0.625,0.0,0,0.007782101167315175,2,2,0,257,0.09089600000879727,244.99999999999997,0.6732142857142858,True,1.0,2.5,242.0,0,0,0.0,0.17084474747833805,257,True,False,,2026-07-29T17:16:53.725013+00:00,2026-07-29T17:16:53.816089+00:00,True
large-high-n0.1-frontier_exploration-s4-9c8e515a074a,large,16,high,0.07,0.1,frontier_exploration,4,,,disabled,66da6332362cbf876667b08f276bd50b7cdba93a73315a4f2302dc81e40e2eb2,9c8e515a074a96d56f677df895937836b1657323908d4b493101e234d70dcee2,1.0,0.65625,0.0,0,0.03292181069958848,8,8,0,243,0.2891126000031363,229.39999999999995,0.6284539473684211,True,1.0,8.5,226.0,0,0,0.0,0.15091111128019177,243,True,False,,2026-07-29T17:16:53.777017+00:00,2026-07-29T17:16:54.105436+00:00,True
large-high-n0.1-frontier_exploration-s5-876fe02b98e0,large,16,high,0.07,0.1,frontier_exploration,5,,,disabled,66da6332362cbf876667b08f276bd50b7cdba93a73315a4f2302dc81e40e2eb2,876fe02b98e076af09c8a438e27a8741f97fa2dacc864ae5c88f3636894b2a3d,1.0,0.640625,0.0,0,0.029315960912052116,9,9,0,307,0.22077559999888763,294.19999999999993,0.6194602272727272,True,1.0,10.0,291.0,0,0,0.0,0.20214886076942523,307,True,False,,2026-07-29T17:16:53.816089+00:00,2026-07-29T17:16:54.122504+00:00,True
large-high-n0.1-frontier_exploration-s6-c5d83ce29593,large,16,high,0.07,0.1,frontier_exploration,6,,,disabled,66da6332362cbf876667b08f276bd50b7cdba93a73315a4f2302dc81e40e2eb2,c5d83ce2959375cfc0877f7a9b8cb3142756526147443af426d3e85e97e20d24,1.0,0.48828125,0.0,0,0.07567567567567568,14,14,0,185,0.14498470001854002,172.19999999999993,0.5658392137096775,True,1.0,14.5,169.0,0,0,0.0,0.14719135282133278,185,True,False,,2026-07-29T17:16:53.851731+00:00,2026-07-29T17:16:53.997290+00:00,True
large-high-n0.1-frontier_exploration-s7-4dfbd0d4e372,large,16,high,0.07,0.1,frontier_exploration,7,,,disabled,66da6332362cbf876667b08f276bd50b7cdba93a73315a4f2302dc81e40e2eb2,4dfbd0d4e37209dc0f11bb363286b679a8d69917b615b3c54bc37f962bd6619b,1.0,0.54296875,0.0,0,0.02,4,4,0,200,0.08044040002278052,185.60000000000002,0.6228906249999999,True,1.0,4.0,182.0,0,0,0.0,0.14324599978863262,200,True,False,,2026-07-29T17:16:53.997290+00:00,2026-07-29T17:16:54.140504+00:00,True
large-high-n0.1-frontier_exploration-s8-bbdf19686872,large,16,high,0.07,0.1,frontier_exploration,8,,,disabled,66da6332362cbf876667b08f276bd50b7cdba93a73315a4f2302dc81e40e2eb2,bbdf196868720b3637fefc97f33628f860ac721a815e4ac526b9afa81eb45acc,0.9444444444444444,0.67578125,0.0,0,0.05397727272727273,19,20,1,352,0.19801220000954345,338.4,0.5932781102245863,False,0.0,22.5,335.0,0,0,0.0,0.2088536936174602,352,False,True,,2026-07-29T17:16:54.105436+00:00,2026-07-29T17:16:54.303917+00:00,True
large-high-n0.1-frontier_exploration-s9-978a1b336687,large,16,high,0.07,0.1,frontier_exploration,9,,,disabled,66da6332362cbf876667b08f276bd50b7cdba93a73315a4f2302dc81e40e2eb2,978a1b336687c3c072c02b7f625e1a267cfe935b06b3aa28b03aaf01d0ce2221,1.0,0.65234375,0.0,0,0.013468013468013467,4,4,0,297,0.23009390002698638,284.19999999999993,0.6418569711538461,True,1.0,5.5,281.0,0,0,0.0,0.22921077419081798,297,True,False,,2026-07-29T17:16:54.122504+00:00,2026-07-29T17:16:54.457391+00:00,True
large-high-n0.1-ppo-s0-41400c3ec951,large,16,high,0.07,0.1,PPO,0,artifacts/final_submission/ppo/best_model.zip,7c54226fc8927d7ef7fcdc7d5f3ff29b11fa8d1463293a9d8e3b6bebad84cc11,disabled,66da6332362cbf876667b08f276bd50b7cdba93a73315a4f2302dc81e40e2eb2,41400c3ec951b4beb804af5afbfbbb5845eed5a9cf0baeb396b4e57f8fec5e76,0.1111111111111111,0.00390625,0.0,0,0.03125,11,11,0,352,0.29106489999685436,70.40000000000046,0.07061631944444445,False,0.0,11.0,0.0,0,0,0.0,0.6575698865741618,352,False,True,,2026-07-29T17:20:02.045097+00:00,2026-07-29T17:20:02.336537+00:00,True
large-high-n0.1-ppo-s1-8eebf098fe69,large,16,high,0.07,0.1,PPO,1,artifacts/final_submission/ppo/best_model.zip,7c54226fc8927d7ef7fcdc7d5f3ff29b11fa8d1463293a9d8e3b6bebad84cc11,disabled,66da6332362cbf876667b08f276bd50b7cdba93a73315a4f2302dc81e40e2eb2,8eebf098fe69cc313af92d5ab801ceba0db091f38e5198cea6d024a1978e1fec,0.1111111111111111,0.00390625,1.0,350,0.07386363636363637,26,26,0,352,0.28845510000246577,350.4,0.04641207541261421,False,0.0,376.0,0.0,0,0,0.0,0.6485019885903139,352,False,True,,2026-07-29T17:20:02.340522+00:00,2026-07-29T17:20:02.628995+00:00,True
large-high-n0.1-ppo-s2-55d82d0962f3,large,16,high,0.07,0.1,PPO,2,artifacts/final_submission/ppo/best_model.zip,7c54226fc8927d7ef7fcdc7d5f3ff29b11fa8d1463293a9d8e3b6bebad84cc11,disabled,66da6332362cbf876667b08f276bd50b7cdba93a73315a4f2302dc81e40e2eb2,55d82d0962f38b615ef04f1f36540c85086d4a6fcb004a994a1672fea7f182d3,0.1111111111111111,0.00390625,0.0,0,0.1278409090909091,45,45,0,352,0.2910381999972742,70.40000000000046,0.05213805857487923,False,0.0,45.0,0.0,0,0,0.0,0.6512036936989964,352,False,True,,2026-07-29T17:20:02.631990+00:00,2026-07-29T17:20:02.924135+00:00,True
large-high-n0.1-ppo-s3-0a53c2a2274c,large,16,high,0.07,0.1,PPO,3,artifacts/final_submission/ppo/best_model.zip,7c54226fc8927d7ef7fcdc7d5f3ff29b11fa8d1463293a9d8e3b6bebad84cc11,disabled,66da6332362cbf876667b08f276bd50b7cdba93a73315a4f2302dc81e40e2eb2,0a53c2a2274cf607c15611d5ceaea6c089939e5fd7e9a64f8458f3ee292b13ed,0.0,0.00390625,0.0,0,0.0,0,0,0,352,0.2854495999927167,70.40000000000046,0.301171875,False,0.0,0.0,0.0,0,0,0.0,0.6476531260142854,352,False,True,,2026-07-29T17:20:02.927131+00:00,2026-07-29T17:20:03.213812+00:00,True
large-high-n0.1-ppo-s4-e27c1ccfb9de,large,16,high,0.07,0.1,PPO,4,artifacts/final_submission/ppo/best_model.zip,7c54226fc8927d7ef7fcdc7d5f3ff29b11fa8d1463293a9d8e3b6bebad84cc11,disabled,66da6332362cbf876667b08f276bd50b7cdba93a73315a4f2302dc81e40e2eb2,e27c1ccfb9ded14beafa1dad7dc681ff7b59d2c1098eb88e8085c3565ce9e9a1,0.0,0.00390625,1.0,81,0.036931818181818184,13,13,0,352,0.28806280001299456,135.20000000000044,0.004329769736842105,False,0.0,94.0,0.0,0,0,0.0,0.6484357953178749,352,False,True,,2026-07-29T17:20:03.217817+00:00,2026-07-29T17:20:03.505898+00:00,True
large-high-n0.1-ppo-s5-0451946fc290,large,16,high,0.07,0.1,PPO,5,artifacts/final_submission/ppo/best_model.zip,7c54226fc8927d7ef7fcdc7d5f3ff29b11fa8d1463293a9d8e3b6bebad84cc11,disabled,66da6332362cbf876667b08f276bd50b7cdba93a73315a4f2302dc81e40e2eb2,0451946fc290efd0a69dd8a949b5f6541fff21b1840807b1f812637374419a46,0.05555555555555555,0.00390625,0.0,0,0.05965909090909091,21,21,0,352,0.2941540000028908,70.40000000000046,0.037030460858585856,False,0.0,21.0,0.0,0,0,0.0,0.6676011355673175,352,False,True,,2026-07-29T17:20:03.509991+00:00,2026-07-29T17:20:03.804838+00:00,True
large-high-n0.1-ppo-s6-18f993c57c25,large,16,high,0.07,0.1,PPO,6,artifacts/final_submission/ppo/best_model.zip,7c54226fc8927d7ef7fcdc7d5f3ff29b11fa8d1463293a9d8e3b6bebad84cc11,disabled,66da6332362cbf876667b08f276bd50b7cdba93a73315a4f2302dc81e40e2eb2,18f993c57c250cf1afd965dd3d93fafdcd66c9c6031b6e5942aa0779f46e2250,0.0,0.0078125,0.0,0,0.08806818181818182,31,31,0,352,0.2912685000046622,71.20000000000047,0.01171875,False,0.0,31.0,1.0,0,0,0.0,0.6605553979335871,352,False,True,,2026-07-29T17:20:03.807983+00:00,2026-07-29T17:20:04.099439+00:00,True
large-high-n0.1-ppo-s7-43f6586d11b9,large,16,high,0.07,0.1,PPO,7,artifacts/final_submission/ppo/best_model.zip,7c54226fc8927d7ef7fcdc7d5f3ff29b11fa8d1463293a9d8e3b6bebad84cc11,disabled,66da6332362cbf876667b08f276bd50b7cdba93a73315a4f2302dc81e40e2eb2,43f6586d11b9ca87d75aabdf520e88bfa2e055033f3a61d51077d6f0edc89b3f,0.1111111111111111,0.015625,1.0,21,0.10227272727272728,36,36,0,352,0.2914427999930922,89.60000000000052,0.054304358237547895,False,0.0,57.0,3.0,0,0,0.0,0.6573014206051911,352,False,True,,2026-07-29T17:20:04.103468+00:00,2026-07-29T17:20:04.394947+00:00,True
large-high-n0.1-ppo-s8-87c3ac81e2fa,large,16,high,0.07,0.1,PPO,8,artifacts/final_submission/ppo/best_model.zip,7c54226fc8927d7ef7fcdc7d5f3ff29b11fa8d1463293a9d8e3b6bebad84cc11,disabled,66da6332362cbf876667b08f276bd50b7cdba93a73315a4f2302dc81e40e2eb2,87c3ac81e2fa8d2b533131020995551ca57026fd55ffcfd0d357488a6ac63a90,0.05555555555555555,0.01953125,0.0,0,0.07102272727272728,25,25,0,352,0.29156320000765845,73.6000000000005,0.03962005876068376,False,0.0,25.0,4.0,0,0,0.0,0.6581272734613528,352,False,True,,2026-07-29T17:20:04.397965+00:00,2026-07-29T17:20:04.689667+00:00,True
large-high-n0.1-ppo-s9-b3aeeaf16a97,large,16,high,0.07,0.1,PPO,9,artifacts/final_submission/ppo/best_model.zip,7c54226fc8927d7ef7fcdc7d5f3ff29b11fa8d1463293a9d8e3b6bebad84cc11,disabled,66da6332362cbf876667b08f276bd50b7cdba93a73315a4f2302dc81e40e2eb2,b3aeeaf16a97f480f29b698af3560f6875d8090bf9aa9fdb995e48c7212a103e,0.05555555555555555,0.00390625,0.0,0,0.11363636363636363,40,40,0,352,0.2928896000084933,70.40000000000046,0.03071117039295393,False,0.0,40.0,0.0,0,0,0.0,0.6620161922745121,352,False,True,,2026-07-29T17:20:04.693623+00:00,2026-07-29T17:20:04.986510+00:00,True
large-high-n0.1-sac-s0-c34978f9460e,large,16,high,0.07,0.1,SAC,0,artifacts/final_submission/sac/best_model.zip,78fe38fcc78df0ba8f98bd07af373848833876e7ec5ddf1486cec9a3cd9ba44c,disabled,66da6332362cbf876667b08f276bd50b7cdba93a73315a4f2302dc81e40e2eb2,c34978f9460e12ae72a1dcd24c511f9ff2d0cd539e3ed894f32028e03bc8cf87,0.2222222222222222,0.05859375,1.0,4,0.14488636363636365,51,51,0,352,0.32479429998784326,96.80000000000086,0.11173017178362574,False,0.0,56.0,29.0,0,0,0.0,0.7423090913686213,352,False,True,,2026-07-29T17:20:04.990537+00:00,2026-07-29T17:20:05.315589+00:00,True
large-high-n0.1-sac-s1-306cc9edf886,large,16,high,0.07,0.1,SAC,1,artifacts/final_submission/sac/best_model.zip,78fe38fcc78df0ba8f98bd07af373848833876e7ec5ddf1486cec9a3cd9ba44c,disabled,66da6332362cbf876667b08f276bd50b7cdba93a73315a4f2302dc81e40e2eb2,306cc9edf886dced4e7291a9f47a8ebf9dfec2530d50ff988e9da085b0dda432,0.1111111111111111,0.0234375,1.0,299,0.07670454545454546,27,28,1,352,0.3260908000229392,343.19999999999993,0.052390328590785906,False,0.0,327.0,42.0,0,0,0.0,0.7511213071583452,352,False,True,,2026-07-29T17:20:05.319479+00:00,2026-07-29T17:20:05.646155+00:00,True
large-high-n0.1-sac-s2-6d4040215716,large,16,high,0.07,0.1,SAC,2,artifacts/final_submission/sac/best_model.zip,78fe38fcc78df0ba8f98bd07af373848833876e7ec5ddf1486cec9a3cd9ba44c,disabled,66da6332362cbf876667b08f276bd50b7cdba93a73315a4f2302dc81e40e2eb2,6d404021571684a44b2cdb295f7208ec39749f85d80967bd9d45fa7a5e43d716,0.0,0.015625,1.0,323,0.02556818181818182,9,9,0,352,0.3158001999836415,352.0,0.005588400900900901,False,0.0,332.0,29.0,0,0,0.0,0.7139249993832147,352,False,True,,2026-07-29T17:20:05.650177+00:00,2026-07-29T17:20:05.966686+00:00,True
large-high-n0.1-sac-s3-288e65d6baef,large,16,high,0.07,0.1,SAC,3,artifacts/final_submission/sac/best_model.zip,78fe38fcc78df0ba8f98bd07af373848833876e7ec5ddf1486cec9a3cd9ba44c,disabled,66da6332362cbf876667b08f276bd50b7cdba93a73315a4f2302dc81e40e2eb2,288e65d6baef44f1394c0213dc5996372937da4aa5a3af98fce032f8c98b91f5,0.16666666666666666,0.10546875,1.0,78,0.2585227272727273,91,93,2,352,0.2997581999807153,338.3999999999998,0.10005147771317828,False,0.0,171.0,257.0,0,0,0.0,0.6774778412363958,352,False,True,,2026-07-29T17:20:05.970681+00:00,2026-07-29T17:20:06.271011+00:00,True
large-high-n0.1-sac-s4-08f1271cde6f,large,16,high,0.07,0.1,SAC,4,artifacts/final_submission/sac/best_model.zip,78fe38fcc78df0ba8f98bd07af373848833876e7ec5ddf1486cec9a3cd9ba44c,disabled,66da6332362cbf876667b08f276bd50b7cdba93a73315a4f2302dc81e40e2eb2,08f1271cde6f6e069a3dae609a26ef00c045cc625f0e0c4d940e8ddadb611818,0.05555555555555555,0.0625,1.0,168,0.09659090909090909,34,34,0,352,0.27896560000954196,267.19999999999936,0.042450054734537494,False,0.0,202.0,78.0,0,0,0.0,0.6238795460211061,352,False,True,,2026-07-29T17:20:06.274007+00:00,2026-07-29T17:20:06.553326+00:00,True
large-high-n0.1-sac-s5-82213decf14a,large,16,high,0.07,0.1,SAC,5,artifacts/final_submission/sac/best_model.zip,78fe38fcc78df0ba8f98bd07af373848833876e7ec5ddf1486cec9a3cd9ba44c,disabled,66da6332362cbf876667b08f276bd50b7cdba93a73315a4f2302dc81e40e2eb2,82213decf14a4089dc1e42ebec8e1c96ba83cdb58fdea53b405708a860db4d66,0.1111111111111111,0.04296875,0.0,0,0.36363636363636365,128,214,86,352,0.27437539998209104,285.59999999999917,0.058429959955393344,False,0.0,273.0,269.0,0,0,0.0,0.6139502852833671,352,False,True,,2026-07-29T17:20:06.557202+00:00,2026-07-29T17:20:06.831517+00:00,True
large-high-n0.1-sac-s6-4b79571b6c90,large,16,high,0.07,0.1,SAC,6,artifacts/final_submission/sac/best_model.zip,78fe38fcc78df0ba8f98bd07af373848833876e7ec5ddf1486cec9a3cd9ba44c,disabled,66da6332362cbf876667b08f276bd50b7cdba93a73315a4f2302dc81e40e2eb2,4b79571b6c9090cd2e77b694b28de2334623d322efb99b69466451da00141986,0.05555555555555555,0.0703125,1.0,74,0.11363636363636363,40,40,0,352,0.28926220000721514,203.99999999999798,0.045924667874396134,False,0.0,114.0,93.0,0,0,0.0,0.6417468756064243,352,False,True,,2026-07-29T17:20:06.835423+00:00,2026-07-29T17:20:07.125350+00:00,True
large-high-n0.1-sac-s7-ef69d93a1146,large,16,high,0.07,0.1,SAC,7,artifacts/final_submission/sac/best_model.zip,78fe38fcc78df0ba8f98bd07af373848833876e7ec5ddf1486cec9a3cd9ba44c,disabled,66da6332362cbf876667b08f276bd50b7cdba93a73315a4f2302dc81e40e2eb2,ef69d93a11466f1c1f22fd004a025b7b39e1ba55892461a629bf265e886ce094,0.05555555555555555,0.0234375,0.0,0,0.09375,33,33,0,352,0.28656119998777285,81.60000000000048,0.03675347222222222,False,0.0,39.0,14.0,0,0,0.0,0.6310818186896292,352,False,True,,2026-07-29T17:20:07.129113+00:00,2026-07-29T17:20:07.416160+00:00,True
large-high-n0.1-sac-s8-36b04c4465fa,large,16,high,0.07,0.1,SAC,8,artifacts/final_submission/sac/best_model.zip,78fe38fcc78df0ba8f98bd07af373848833876e7ec5ddf1486cec9a3cd9ba44c,disabled,66da6332362cbf876667b08f276bd50b7cdba93a73315a4f2302dc81e40e2eb2,36b04c4465fad1d9629da147ae9b0d1a575df724c89021a5ed9062e52e5483f2,0.1111111111111111,0.14453125,1.0,134,0.3522727272727273,124,141,17,352,0.28305150000960566,312.8,0.08889077596618357,False,0.0,275.0,169.0,0,0,0.0,0.6229880681613312,352,False,True,,2026-07-29T17:20:07.419186+00:00,2026-07-29T17:20:07.703160+00:00,True
large-high-n0.1-sac-s9-0a8670fa5148,large,16,high,0.07,0.1,SAC,9,artifacts/final_submission/sac/best_model.zip,78fe38fcc78df0ba8f98bd07af373848833876e7ec5ddf1486cec9a3cd9ba44c,disabled,66da6332362cbf876667b08f276bd50b7cdba93a73315a4f2302dc81e40e2eb2,0a8670fa514825ec3324f7c3cfdcbc6ddf37b7377888974f8060110593896c22,0.1111111111111111,0.08203125,1.0,5,0.028409090909090908,10,12,2,352,0.2799236999999266,256.79999999999995,0.08405381944444444,False,0.0,19.0,228.0,0,0,0.0,0.6242497156563331,352,False,True,,2026-07-29T17:20:07.706225+00:00,2026-07-29T17:20:07.987397+00:00,True
large-high-n0.1-riskshield_ppo-s0-c2204deba5dd,large,16,high,0.07,0.1,RiskShield-PPO,0,artifacts/final_submission/riskshield_ppo/best_model.zip,d6c91caeb9bb10db866cbfe947ef1cc3db0ea8dc7470d098c9af6298ab75c812,k_step,66da6332362cbf876667b08f276bd50b7cdba93a73315a4f2302dc81e40e2eb2,c2204deba5dd133c544decbc9be89bf0ca00f1841fd520484242be0dca47f1ea,0.2222222222222222,0.03125,0.0,0,0.028409090909090908,10,10,0,352,0.30428219999885187,79.20000000000051,0.12553661616161615,False,0.0,10.0,11.0,21,10,0.0,0.6553750003645704,352,False,True,,2026-07-29T17:20:07.991416+00:00,2026-07-29T17:20:08.295884+00:00,True
large-high-n0.1-riskshield_ppo-s1-26526e4d9ab3,large,16,high,0.07,0.1,RiskShield-PPO,1,artifacts/final_submission/riskshield_ppo/best_model.zip,d6c91caeb9bb10db866cbfe947ef1cc3db0ea8dc7470d098c9af6298ab75c812,k_step,66da6332362cbf876667b08f276bd50b7cdba93a73315a4f2302dc81e40e2eb2,26526e4d9ab37d5e7cdff78243796a6f54788cc3d663879411eb7d6d71184f72,0.2777777777777778,0.03125,0.0,0,0.07386363636363637,26,26,0,352,0.30728999999701045,76.0000000000005,0.13159722222222223,False,0.0,26.0,7.0,33,26,0.0,0.6564636350131795,352,False,True,,2026-07-29T17:20:08.299872+00:00,2026-07-29T17:20:08.607509+00:00,True
large-high-n0.1-riskshield_ppo-s2-33baf350bbbe,large,16,high,0.07,0.1,RiskShield-PPO,2,artifacts/final_submission/riskshield_ppo/best_model.zip,d6c91caeb9bb10db866cbfe947ef1cc3db0ea8dc7470d098c9af6298ab75c812,k_step,66da6332362cbf876667b08f276bd50b7cdba93a73315a4f2302dc81e40e2eb2,33baf350bbbe88717719426983180fd3215def69db32bbb79b7f5be7913228f9,0.2222222222222222,0.0234375,0.0,0,0.07386363636363637,26,26,0,352,0.30676389997825027,81.60000000000045,0.10703125000000001,False,0.0,26.0,14.0,40,26,0.0,0.6562008528073254,352,False,True,,2026-07-29T17:20:08.611795+00:00,2026-07-29T17:20:08.919397+00:00,True
large-high-n0.1-riskshield_ppo-s3-d39f8d6c4671,large,16,high,0.07,0.1,RiskShield-PPO,3,artifacts/final_submission/riskshield_ppo/best_model.zip,d6c91caeb9bb10db866cbfe947ef1cc3db0ea8dc7470d098c9af6298ab75c812,k_step,66da6332362cbf876667b08f276bd50b7cdba93a73315a4f2302dc81e40e2eb2,d39f8d6c4671f25781e16758f213e4e49b2bfa06768199bd598d510faf1f229a,0.0,0.00390625,0.0,0,0.0,0,0,0,352,0.30151250000926666,70.40000000000046,0.301171875,False,0.0,0.0,0.0,0,0,0.0,0.6551940334082412,352,False,True,,2026-07-29T17:20:08.923400+00:00,2026-07-29T17:20:09.224934+00:00,True
large-high-n0.1-riskshield_ppo-s4-f1e8e3508228,large,16,high,0.07,0.1,RiskShield-PPO,4,artifacts/final_submission/riskshield_ppo/best_model.zip,d6c91caeb9bb10db866cbfe947ef1cc3db0ea8dc7470d098c9af6298ab75c812,k_step,66da6332362cbf876667b08f276bd50b7cdba93a73315a4f2302dc81e40e2eb2,f1e8e3508228f2f32875ff722713c3ae6b5114bd483c48935f2594eb77d9beb1,0.0,0.00390625,0.0,0,0.036931818181818184,13,13,0,352,0.3055977000040002,70.40000000000046,0.022600446428571428,False,0.0,13.0,0.0,13,13,0.0,0.6548917613558429,352,False,True,,2026-07-29T17:20:09.227936+00:00,2026-07-29T17:20:09.534667+00:00,True
large-high-n0.1-riskshield_ppo-s5-351120363879,large,16,high,0.07,0.1,RiskShield-PPO,5,artifacts/final_submission/riskshield_ppo/best_model.zip,d6c91caeb9bb10db866cbfe947ef1cc3db0ea8dc7470d098c9af6298ab75c812,k_step,66da6332362cbf876667b08f276bd50b7cdba93a73315a4f2302dc81e40e2eb2,351120363879b1c5d82d99ec94a49668b4ad456fb215b8c45aa30b6974f0c230,0.16666666666666666,0.03515625,0.0,0,0.0,0,0,0,352,0.3119093999848701,86.40000000000056,0.37721354166666665,False,0.0,0.0,20.0,19,0,0.0,0.6736676140545487,352,False,True,,2026-07-29T17:20:09.539669+00:00,2026-07-29T17:20:09.851387+00:00,True
large-high-n0.1-riskshield_ppo-s6-3b4ca210a2e9,large,16,high,0.07,0.1,RiskShield-PPO,6,artifacts/final_submission/riskshield_ppo/best_model.zip,d6c91caeb9bb10db866cbfe947ef1cc3db0ea8dc7470d098c9af6298ab75c812,k_step,66da6332362cbf876667b08f276bd50b7cdba93a73315a4f2302dc81e40e2eb2,3b4ca210a2e93983c3431dc3593300bfc1368d91c850d841f3f456809573f197,0.05555555555555555,0.03125,0.0,0,0.03409090909090909,12,12,0,352,0.30857429999741726,85.60000000000055,0.0546741452991453,False,0.0,12.0,19.0,31,12,0.0,0.6566275575427095,352,False,True,,2026-07-29T17:20:09.855517+00:00,2026-07-29T17:20:10.164814+00:00,True
large-high-n0.1-riskshield_ppo-s7-8efcb36c48c8,large,16,high,0.07,0.1,RiskShield-PPO,7,artifacts/final_submission/riskshield_ppo/best_model.zip,d6c91caeb9bb10db866cbfe947ef1cc3db0ea8dc7470d098c9af6298ab75c812,k_step,66da6332362cbf876667b08f276bd50b7cdba93a73315a4f2302dc81e40e2eb2,8efcb36c48c881b2df5317939e7c66569e91b6d6c965fbb63605d8e4fd14bb46,0.1111111111111111,0.0078125,0.0,0,0.10511363636363637,37,37,0,352,0.3048006000171881,71.20000000000047,0.054682931286549705,False,0.0,37.0,1.0,38,37,0.0,0.6515090911885967,352,False,True,,2026-07-29T17:20:10.168809+00:00,2026-07-29T17:20:10.473329+00:00,True
large-high-n0.1-riskshield_ppo-s8-a263f6b009b0,large,16,high,0.07,0.1,RiskShield-PPO,8,artifacts/final_submission/riskshield_ppo/best_model.zip,d6c91caeb9bb10db866cbfe947ef1cc3db0ea8dc7470d098c9af6298ab75c812,k_step,66da6332362cbf876667b08f276bd50b7cdba93a73315a4f2302dc81e40e2eb2,a263f6b009b0963684723aab0ff696352a947c49e1b8a0ad71e623876591a07a,0.1111111111111111,0.0390625,0.0,0,0.05397727272727273,19,19,0,352,0.3023045000154525,91.20000000000059,0.07116319444444444,False,0.0,19.0,26.0,48,19,0.0,0.6472954544898873,352,False,True,,2026-07-29T17:20:10.477229+00:00,2026-07-29T17:20:10.779788+00:00,True
large-high-n0.1-riskshield_ppo-s9-1e333818d7f3,large,16,high,0.07,0.1,RiskShield-PPO,9,artifacts/final_submission/riskshield_ppo/best_model.zip,d6c91caeb9bb10db866cbfe947ef1cc3db0ea8dc7470d098c9af6298ab75c812,k_step,66da6332362cbf876667b08f276bd50b7cdba93a73315a4f2302dc81e40e2eb2,1e333818d7f388b930940552849b943f70acaf3a35973ff2fa08ae9714e1eb2d,0.05555555555555555,0.0078125,0.0,0,0.05113636363636364,18,18,0,352,0.3063591000100132,71.20000000000047,0.04035544590643275,False,0.0,18.0,1.0,19,18,0.0,0.6596474432543883,352,False,True,,2026-07-29T17:20:10.783810+00:00,2026-07-29T17:20:11.090852+00:00,True
large-high-n0.2-risk_aware_astar-s0-8179a0842bb2,large,16,high,0.07,0.2,risk_aware_astar,0,,,disabled,66da6332362cbf876667b08f276bd50b7cdba93a73315a4f2302dc81e40e2eb2,8179a0842bb28adb95bfd2ffd6ac5488996a30f7b1e4eb55d10b1a485674cb8e,1.0,0.19140625,0.0,0,0.14473684210526316,11,11,0,76,0.03440679999766871,62.40000000000002,0.48242187500000006,True,1.0,11.0,59.0,0,0,0.0,0.32902105311605784,76,True,False,,2026-07-29T17:16:54.141506+00:00,2026-07-29T17:16:54.175405+00:00,True
large-high-n0.2-risk_aware_astar-s1-1fa49b5cc702,large,16,high,0.07,0.2,risk_aware_astar,1,,,disabled,66da6332362cbf876667b08f276bd50b7cdba93a73315a4f2302dc81e40e2eb2,1fa49b5cc7025bd3400e4b4f1f23bf28c944190bcf7f59b8059e7781cc9576c5,1.0,0.1953125,0.0,0,0.024390243902439025,2,2,0,82,0.4170044000202324,68.4,0.55859375,True,1.0,2.0,65.0,0,0,0.0,1.3225817060518283,82,True,False,,2026-07-29T17:16:54.175405+00:00,2026-07-29T17:16:54.637934+00:00,True
large-high-n0.2-risk_aware_astar-s2-69ae6fd17d9b,large,16,high,0.07,0.2,risk_aware_astar,2,,,disabled,66da6332362cbf876667b08f276bd50b7cdba93a73315a4f2302dc81e40e2eb2,69ae6fd17d9bca29623f74a3e80f4c6a812c73c3f3eefb03d0b31e380ca3da03,1.0,0.27734375,0.0,0,0.04132231404958678,5,5,0,121,0.06564059999072924,108.20000000000002,0.533203125,True,1.0,5.0,105.0,0,0,0.0,0.4179876029283609,121,True,False,,2026-07-29T17:16:54.303917+00:00,2026-07-29T17:16:54.523473+00:00,True
large-high-n0.2-risk_aware_astar-s3-a93556bf4874,large,16,high,0.07,0.2,risk_aware_astar,3,,,disabled,66da6332362cbf876667b08f276bd50b7cdba93a73315a4f2302dc81e40e2eb2,a93556bf48748d8d07d88c586b04a09e063c45566ff7a676c4746bec288b2be6,1.0,0.21875,0.0,0,0.034482758620689655,3,3,0,87,0.1892202000017278,74.20000000000003,0.540625,True,1.0,3.0,71.0,0,0,0.0,0.31635057563818564,87,True,False,,2026-07-29T17:16:54.335426+00:00,2026-07-29T17:16:54.525492+00:00,True
large-high-n0.2-risk_aware_astar-s4-b0259e6491c3,large,16,high,0.07,0.2,risk_aware_astar,4,,,disabled,66da6332362cbf876667b08f276bd50b7cdba93a73315a4f2302dc81e40e2eb2,b0259e6491c30273608bb7683e8909caa7db701108ded867bc9246763b9d51ec,1.0,0.2421875,0.0,0,0.021052631578947368,2,2,0,95,0.050104099995223805,83.00000000000003,0.57265625,True,1.0,2.0,80.0,0,0,0.0,0.4069136841663797,95,True,False,,2026-07-29T17:16:54.457391+00:00,2026-07-29T17:16:54.817283+00:00,True
large-high-n0.2-risk_aware_astar-s5-4d17aa8fbb44,large,16,high,0.07,0.2,risk_aware_astar,5,,,disabled,66da6332362cbf876667b08f276bd50b7cdba93a73315a4f2302dc81e40e2eb2,4d17aa8fbb4458771d9d738c54c24a0595112868c57e52a6ec39c6723f01c178,1.0,0.21484375,0.0,0,0.07228915662650602,6,6,0,83,0.2308117999928072,70.20000000000002,0.5073102678571428,True,1.0,6.0,67.0,0,0,0.0,2.6609457847634217,83,True,False,,2026-07-29T17:16:54.523473+00:00,2026-07-29T17:16:54.829245+00:00,True
large-high-n0.2-risk_aware_astar-s6-ad06d63971d5,large,16,high,0.07,0.2,risk_aware_astar,6,,,disabled,66da6332362cbf876667b08f276bd50b7cdba93a73315a4f2302dc81e40e2eb2,ad06d63971d57c9e77c772e85865692d6c54986f0ba85910cb05457d5843bc95,1.0,0.265625,0.0,0,0.025210084033613446,3,3,0,119,0.1565243999939412,106.20000000000002,0.5546875,True,1.0,3.0,103.0,0,0,0.0,1.1927932772311938,119,True,False,,2026-07-29T17:16:54.525492+00:00,2026-07-29T17:16:54.708144+00:00,True
large-high-n0.2-risk_aware_astar-s7-3330be86a935,large,16,high,0.07,0.2,risk_aware_astar,7,,,disabled,66da6332362cbf876667b08f276bd50b7cdba93a73315a4f2302dc81e40e2eb2,3330be86a9353a337f0bc4b0e484a5b1c5cf58d8e45b25804d1de54b3d53925e,1.0,0.23828125,0.0,0,0.03125,3,3,0,96,0.07967170001938939,82.40000000000002,0.5381510416666667,True,1.0,3.5,79.0,0,0,0.0,0.7147687507919424,96,True,False,,2026-07-29T17:16:54.637934+00:00,2026-07-29T17:16:54.718548+00:00,True
large-high-n0.2-risk_aware_astar-s8-d8f5c89eddb1,large,16,high,0.07,0.2,risk_aware_astar,8,,,disabled,66da6332362cbf876667b08f276bd50b7cdba93a73315a4f2302dc81e40e2eb2,d8f5c89eddb168f9aa1027651ed1e4925433b4a0dde344e4137b90dde8752630,1.0,0.25390625,0.0,0,0.04950495049504951,5,5,0,101,0.31795349999447353,87.40000000000002,0.5190290178571428,True,1.0,6.0,84.0,0,0,0.0,3.025893068360626,101,True,False,,2026-07-29T17:16:54.708144+00:00,2026-07-29T17:16:55.511637+00:00,True
large-high-n0.2-risk_aware_astar-s9-f60aabd87f32,large,16,high,0.07,0.2,risk_aware_astar,9,,,disabled,66da6332362cbf876667b08f276bd50b7cdba93a73315a4f2302dc81e40e2eb2,f60aabd87f32d752571dd93ca04c48911216563a10b823f1460e248d5011ca0f,1.0,0.3203125,0.0,0,0.033112582781456956,5,5,0,151,0.23064009999507107,137.4,0.5422475961538461,True,1.0,5.5,134.0,0,0,0.0,0.49019470157114087,151,True,False,,2026-07-29T17:16:54.718548+00:00,2026-07-29T17:16:54.949539+00:00,True
large-high-n0.2-frontier_exploration-s0-f18af88e54b0,large,16,high,0.07,0.2,frontier_exploration,0,,,disabled,66da6332362cbf876667b08f276bd50b7cdba93a73315a4f2302dc81e40e2eb2,f18af88e54b0c213367e2e3c30dfeb5c3860f9341626a8aa50583a86c7d29627,1.0,0.421875,0.0,0,0.013513513513513514,2,2,0,148,0.16275410001981072,134.4,0.6265625,True,1.0,2.0,131.0,0,0,0.0,0.13780472992850165,148,True,False,,2026-07-29T17:16:54.817283+00:00,2026-07-29T17:16:55.045047+00:00,True
large-high-n0.2-frontier_exploration-s1-55377d99f6b1,large,16,high,0.07,0.2,frontier_exploration,1,,,disabled,66da6332362cbf876667b08f276bd50b7cdba93a73315a4f2302dc81e40e2eb2,55377d99f6b17d3fe9a51b51dea7d24abaf50cd4da27d70e0f8a6a043a4bc554,1.0,0.5625,0.0,0,0.019230769230769232,4,4,0,208,0.05207869998412207,194.39999999999998,0.61875,True,1.0,5.0,191.0,0,0,0.0,0.14000721141481057,208,True,False,,2026-07-29T17:16:54.829245+00:00,2026-07-29T17:16:54.881245+00:00,True
large-high-n0.2-frontier_exploration-s2-cdda1936b6df,large,16,high,0.07,0.2,frontier_exploration,2,,,disabled,66da6332362cbf876667b08f276bd50b7cdba93a73315a4f2302dc81e40e2eb2,cdda1936b6df46fbbbf4f191dd22ab66f2ca4046c00e7e770d7799281e377955,1.0,0.6875,0.0,0,0.02097902097902098,6,6,0,286,0.08178149999002926,272.3999999999999,0.6437499999999999,True,1.0,7.0,269.0,0,0,0.0,0.17244020837987611,286,True,False,,2026-07-29T17:16:54.881245+00:00,2026-07-29T17:16:55.032047+00:00,True
large-high-n0.2-frontier_exploration-s3-ca747ef416dc,large,16,high,0.07,0.2,frontier_exploration,3,,,disabled,66da6332362cbf876667b08f276bd50b7cdba93a73315a4f2302dc81e40e2eb2,ca747ef416dc535a0acbf6cc85b0d33626bc348b199cfa831fc8ea26a3ee5e13,1.0,0.625,0.0,0,0.007782101167315175,2,2,0,257,0.09856939999735914,244.99999999999997,0.6732142857142858,True,1.0,2.5,242.0,0,0,0.0,0.16728287971766978,257,True,False,,2026-07-29T17:16:54.949539+00:00,2026-07-29T17:16:55.143558+00:00,True
large-high-n0.2-frontier_exploration-s4-bb33987c73b3,large,16,high,0.07,0.2,frontier_exploration,4,,,disabled,66da6332362cbf876667b08f276bd50b7cdba93a73315a4f2302dc81e40e2eb2,bb33987c73b33d18e1ebb52d6c0a0029c790c7a65e7e1bdcd7fbda72d8e63162,1.0,0.65625,0.0,0,0.03292181069958848,8,8,0,243,0.0656957000028342,229.39999999999995,0.6284539473684211,True,1.0,8.5,226.0,0,0,0.0,0.1502876552521278,243,True,False,,2026-07-29T17:16:55.032047+00:00,2026-07-29T17:16:55.396620+00:00,True
large-high-n0.2-frontier_exploration-s5-a5cc43c3f37d,large,16,high,0.07,0.2,frontier_exploration,5,,,disabled,66da6332362cbf876667b08f276bd50b7cdba93a73315a4f2302dc81e40e2eb2,a5cc43c3f37ded3a3bdd48dce7fa0229bd51553f1025eef2d91636b25684c363,1.0,0.640625,0.0,0,0.029315960912052116,9,9,0,307,0.2177697999868542,294.19999999999993,0.6194602272727272,True,1.0,10.0,291.0,0,0,0.0,0.19646579750846913,307,True,False,,2026-07-29T17:16:55.045047+00:00,2026-07-29T17:16:55.318622+00:00,True
large-high-n0.2-frontier_exploration-s6-37ab1d2f30c1,large,16,high,0.07,0.2,frontier_exploration,6,,,disabled,66da6332362cbf876667b08f276bd50b7cdba93a73315a4f2302dc81e40e2eb2,37ab1d2f30c134a21f4597e92dfd444e287c023bfaa1ad6e678f2a3d57593a24,1.0,0.48828125,0.0,0,0.07567567567567568,14,14,0,185,0.04866669999319129,172.19999999999993,0.5658392137096775,True,1.0,14.5,169.0,0,0,0.0,0.14450756700810147,185,True,False,,2026-07-29T17:16:55.143558+00:00,2026-07-29T17:16:55.192558+00:00,True
large-high-n0.2-frontier_exploration-s7-93d04e5cf9a5,large,16,high,0.07,0.2,frontier_exploration,7,,,disabled,66da6332362cbf876667b08f276bd50b7cdba93a73315a4f2302dc81e40e2eb2,93d04e5cf9a5c1f62c7953e61ef11f1b31cb1702caf74f1ca97f760ac5b724fc,1.0,0.54296875,0.0,0,0.02,4,4,0,200,0.05123380001168698,185.60000000000002,0.6228906249999999,True,1.0,4.0,182.0,0,0,0.0,0.14210000124876387,200,True,False,,2026-07-29T17:16:55.192558+00:00,2026-07-29T17:16:55.601265+00:00,True
large-high-n0.2-frontier_exploration-s8-b7701fe011cd,large,16,high,0.07,0.2,frontier_exploration,8,,,disabled,66da6332362cbf876667b08f276bd50b7cdba93a73315a4f2302dc81e40e2eb2,b7701fe011cd2fd3e2bf6a948d0d9ee85ed7f5a811425faec3b9b50a7397c73a,0.9444444444444444,0.67578125,0.0,0,0.05397727272727273,19,20,1,352,0.34883989999070764,338.4,0.5932781102245863,False,0.0,22.5,335.0,0,0,0.0,0.21076250025296098,352,False,True,,2026-07-29T17:16:55.318622+00:00,2026-07-29T17:16:55.668116+00:00,True
large-high-n0.2-frontier_exploration-s9-ab0b02d72e90,large,16,high,0.07,0.2,frontier_exploration,9,,,disabled,66da6332362cbf876667b08f276bd50b7cdba93a73315a4f2302dc81e40e2eb2,ab0b02d72e9016fcf95889b578c7bcd2983045b3d787bf657991f86f8b186b38,1.0,0.65234375,0.0,0,0.013468013468013467,4,4,0,297,0.10430969999288209,284.19999999999993,0.6418569711538461,True,1.0,5.5,281.0,0,0,0.0,0.23067373682835737,297,True,False,,2026-07-29T17:16:55.396620+00:00,2026-07-29T17:16:55.501637+00:00,True
large-high-n0.2-ppo-s0-7d4e14d80e19,large,16,high,0.07,0.2,PPO,0,artifacts/final_submission/ppo/best_model.zip,7c54226fc8927d7ef7fcdc7d5f3ff29b11fa8d1463293a9d8e3b6bebad84cc11,disabled,66da6332362cbf876667b08f276bd50b7cdba93a73315a4f2302dc81e40e2eb2,7d4e14d80e195e87fbe36d3f44bc66666d41c9478d149b2660b7c19a53366d62,0.1111111111111111,0.00390625,0.0,0,0.03125,11,11,0,352,0.28722759999800473,70.40000000000046,0.07061631944444445,False,0.0,11.0,0.0,0,0,0.0,0.650510510240565,352,False,True,,2026-07-29T17:20:11.093875+00:00,2026-07-29T17:20:11.381302+00:00,True
large-high-n0.2-ppo-s1-60e701806109,large,16,high,0.07,0.2,PPO,1,artifacts/final_submission/ppo/best_model.zip,7c54226fc8927d7ef7fcdc7d5f3ff29b11fa8d1463293a9d8e3b6bebad84cc11,disabled,66da6332362cbf876667b08f276bd50b7cdba93a73315a4f2302dc81e40e2eb2,60e7018061098bc58f321ae8dff9d9db17e6f6d1eef30655e4ca93b7b526f8de,0.1111111111111111,0.00390625,1.0,350,0.07386363636363637,26,26,0,352,0.29474160002428107,350.4,0.04641207541261421,False,0.0,376.0,0.0,0,0,0.0,0.6671937497396191,352,False,True,,2026-07-29T17:20:11.385204+00:00,2026-07-29T17:20:11.680691+00:00,True
large-high-n0.2-ppo-s2-3058b7738546,large,16,high,0.07,0.2,PPO,2,artifacts/final_submission/ppo/best_model.zip,7c54226fc8927d7ef7fcdc7d5f3ff29b11fa8d1463293a9d8e3b6bebad84cc11,disabled,66da6332362cbf876667b08f276bd50b7cdba93a73315a4f2302dc81e40e2eb2,3058b77385460e7b5ce56b543892af0c970347a8936ebcb45037b802325a948f,0.1111111111111111,0.00390625,0.0,0,0.1278409090909091,45,45,0,352,0.30023700001765974,70.40000000000046,0.05213805857487923,False,0.0,45.0,0.0,0,0,0.0,0.6769991480475503,352,False,True,,2026-07-29T17:20:11.684746+00:00,2026-07-29T17:20:11.985524+00:00,True
large-high-n0.2-ppo-s3-3a2e60d48bf8,large,16,high,0.07,0.2,PPO,3,artifacts/final_submission/ppo/best_model.zip,7c54226fc8927d7ef7fcdc7d5f3ff29b11fa8d1463293a9d8e3b6bebad84cc11,disabled,66da6332362cbf876667b08f276bd50b7cdba93a73315a4f2302dc81e40e2eb2,3a2e60d48bf838d02bcc1aa7c31124fdf7d3e98de7b9bbb9c798a35dcbc42793,0.0,0.00390625,0.0,0,0.0,0,0,0,352,0.2845918000093661,70.40000000000046,0.301171875,False,0.0,0.0,0.0,0,0,0.0,0.6490474430723804,352,False,True,,2026-07-29T17:20:11.989536+00:00,2026-07-29T17:20:12.274207+00:00,True
large-high-n0.2-ppo-s4-72d9819bc7d5,large,16,high,0.07,0.2,PPO,4,artifacts/final_submission/ppo/best_model.zip,7c54226fc8927d7ef7fcdc7d5f3ff29b11fa8d1463293a9d8e3b6bebad84cc11,disabled,66da6332362cbf876667b08f276bd50b7cdba93a73315a4f2302dc81e40e2eb2,72d9819bc7d5c99dcf2fbf26bffbb8ec8135e1481fa3c65a05aa6f6be07da54b,0.0,0.00390625,1.0,91,0.036931818181818184,13,13,0,352,0.29466390001471154,143.2000000000002,0.004029017857142857,False,0.0,104.0,0.0,0,0,0.0,0.6671383513424768,352,False,True,,2026-07-29T17:20:12.277169+00:00,2026-07-29T17:20:12.573150+00:00,True
large-high-n0.2-ppo-s5-d47f76739b63,large,16,high,0.07,0.2,PPO,5,artifacts/final_submission/ppo/best_model.zip,7c54226fc8927d7ef7fcdc7d5f3ff29b11fa8d1463293a9d8e3b6bebad84cc11,disabled,66da6332362cbf876667b08f276bd50b7cdba93a73315a4f2302dc81e40e2eb2,d47f76739b631acc9d40d970ca42d6d09cb1c232dede9d1ea5c22371b97ff4ea,0.05555555555555555,0.00390625,0.0,0,0.05965909090909091,21,21,0,352,0.2905499000044074,70.40000000000046,0.037030460858585856,False,0.0,21.0,0.0,0,0,0.0,0.6585914764979283,352,False,True,,2026-07-29T17:20:12.576106+00:00,2026-07-29T17:20:12.867694+00:00,True
large-high-n0.2-ppo-s6-a8d13dd8811b,large,16,high,0.07,0.2,PPO,6,artifacts/final_submission/ppo/best_model.zip,7c54226fc8927d7ef7fcdc7d5f3ff29b11fa8d1463293a9d8e3b6bebad84cc11,disabled,66da6332362cbf876667b08f276bd50b7cdba93a73315a4f2302dc81e40e2eb2,a8d13dd8811b67a445b1967f190aee341b8543d085aabe24d1462928875169d9,0.0,0.0078125,0.0,0,0.21022727272727273,74,74,0,352,0.2919411000038963,71.20000000000047,0.00634375,False,0.0,74.0,1.0,0,0,0.0,0.6591985806649476,352,False,True,,2026-07-29T17:20:12.871642+00:00,2026-07-29T17:20:13.163981+00:00,True
large-high-n0.2-ppo-s7-a8c3cee32a5c,large,16,high,0.07,0.2,PPO,7,artifacts/final_submission/ppo/best_model.zip,7c54226fc8927d7ef7fcdc7d5f3ff29b11fa8d1463293a9d8e3b6bebad84cc11,disabled,66da6332362cbf876667b08f276bd50b7cdba93a73315a4f2302dc81e40e2eb2,a8c3cee32a5c6aaece1ac8d42ed3d287b450ec87621d602c37a5c1914a7c154b,0.05555555555555555,0.015625,1.0,6,0.07954545454545454,28,28,0,352,0.2858340000093449,77.60000000000049,0.035481150793650794,False,0.0,34.0,3.0,0,0,0.0,0.6414093738633462,352,False,True,,2026-07-29T17:20:13.167986+00:00,2026-07-29T17:20:13.454492+00:00,True
large-high-n0.2-ppo-s8-fcaecd34ba24,large,16,high,0.07,0.2,PPO,8,artifacts/final_submission/ppo/best_model.zip,7c54226fc8927d7ef7fcdc7d5f3ff29b11fa8d1463293a9d8e3b6bebad84cc11,disabled,66da6332362cbf876667b08f276bd50b7cdba93a73315a4f2302dc81e40e2eb2,fcaecd34ba24fc85c0533ef795bee93669de5d9381fe564ce806a0f08c274c41,0.05555555555555555,0.01953125,0.0,0,0.10227272727272728,36,36,0,352,0.2861226000241004,73.6000000000005,0.036189705330330335,False,0.0,36.0,4.0,0,0,0.0,0.6472414773849199,352,False,True,,2026-07-29T17:20:13.457430+00:00,2026-07-29T17:20:13.744744+00:00,True
large-high-n0.2-ppo-s9-28f42e79ffc8,large,16,high,0.07,0.2,PPO,9,artifacts/final_submission/ppo/best_model.zip,7c54226fc8927d7ef7fcdc7d5f3ff29b11fa8d1463293a9d8e3b6bebad84cc11,disabled,66da6332362cbf876667b08f276bd50b7cdba93a73315a4f2302dc81e40e2eb2,28f42e79ffc83fb4ff81e9195ec3db07592f1f587c3705f3978bbe4b37b37652,0.05555555555555555,0.00390625,0.0,0,0.11363636363636363,40,40,0,352,0.2984807000029832,70.40000000000046,0.03071117039295393,False,0.0,40.0,0.0,0,0,0.0,0.6734349435646436,352,False,True,,2026-07-29T17:20:13.747711+00:00,2026-07-29T17:20:14.047250+00:00,True
large-high-n0.2-sac-s0-25733ea793a0,large,16,high,0.07,0.2,SAC,0,artifacts/final_submission/sac/best_model.zip,78fe38fcc78df0ba8f98bd07af373848833876e7ec5ddf1486cec9a3cd9ba44c,disabled,66da6332362cbf876667b08f276bd50b7cdba93a73315a4f2302dc81e40e2eb2,25733ea793a02a1d08d91b7baf055e9d339787b20bf82a1fe2d2f4e2e8b3924a,0.2222222222222222,0.11328125,1.0,159,0.056818181818181816,20,24,4,352,0.3263937000010628,236.80000000000013,0.12449051456274333,False,0.0,184.5,49.0,0,0,0.0,0.7501051141761391,352,False,True,,2026-07-29T17:20:14.050246+00:00,2026-07-29T17:20:14.377600+00:00,True
large-high-n0.2-sac-s1-9c9e8972adf2,large,16,high,0.07,0.2,SAC,1,artifacts/final_submission/sac/best_model.zip,78fe38fcc78df0ba8f98bd07af373848833876e7ec5ddf1486cec9a3cd9ba44c,disabled,66da6332362cbf876667b08f276bd50b7cdba93a73315a4f2302dc81e40e2eb2,9c9e8972adf2b404427823355dd5ab712978710ac3cca5bc59911a26dee13630,0.1111111111111111,0.140625,1.0,176,0.17329545454545456,61,61,0,352,0.3146343000116758,303.99999999999983,0.08789244864612511,False,0.0,237.0,116.0,0,0,0.0,0.7184764196856783,352,False,True,,2026-07-29T17:20:14.380609+00:00,2026-07-29T17:20:14.696037+00:00,True
large-high-n0.2-sac-s2-45f8680e887c,large,16,high,0.07,0.2,SAC,2,artifacts/final_submission/sac/best_model.zip,78fe38fcc78df0ba8f98bd07af373848833876e7ec5ddf1486cec9a3cd9ba44c,disabled,66da6332362cbf876667b08f276bd50b7cdba93a73315a4f2302dc81e40e2eb2,45f8680e887c01aca9fadc1f67c24e8afd31fb7931c32f714f6f7ba12416a770,0.05555555555555555,0.02734375,1.0,338,0.0625,22,22,0,352,0.3129058000049554,351.2,0.03125637215297015,False,0.0,360.0,13.0,0,0,0.0,0.7067178986207264,352,False,True,,2026-07-29T17:20:14.699940+00:00,2026-07-29T17:20:15.013117+00:00,True
large-high-n0.2-sac-s3-2eecfd5e4bcd,large,16,high,0.07,0.2,SAC,3,artifacts/final_submission/sac/best_model.zip,78fe38fcc78df0ba8f98bd07af373848833876e7ec5ddf1486cec9a3cd9ba44c,disabled,66da6332362cbf876667b08f276bd50b7cdba93a73315a4f2302dc81e40e2eb2,2eecfd5e4bcdd80371a7059cd4656289efbcdeb98ba30f347c547b6b8bab7b24,0.16666666666666666,0.1015625,1.0,11,0.35795454545454547,126,128,2,352,0.30646160000469536,288.7999999999991,0.09927827380952381,False,0.0,139.0,262.0,0,0,0.0,0.6933184654785278,352,False,True,,2026-07-29T17:20:15.017007+00:00,2026-07-29T17:20:15.324534+00:00,True
large-high-n0.2-sac-s4-c7eb8d33ee6d,large,16,high,0.07,0.2,SAC,4,artifacts/final_submission/sac/best_model.zip,78fe38fcc78df0ba8f98bd07af373848833876e7ec5ddf1486cec9a3cd9ba44c,disabled,66da6332362cbf876667b08f276bd50b7cdba93a73315a4f2302dc81e40e2eb2,c7eb8d33ee6d5c60e86be6f85dbb14147d5458e84d92b81e22160aaeb23dac16,0.3333333333333333,0.18359375,1.0,125,0.10795454545454546,38,38,0,352,0.28545940000913106,271.99999999999955,0.19020786551896207,False,0.0,166.0,127.0,0,0,0.0,0.6380906241412793,352,False,True,,2026-07-29T17:20:15.327445+00:00,2026-07-29T17:20:15.613933+00:00,True
large-high-n0.2-sac-s5-9a83e703655d,large,16,high,0.07,0.2,SAC,5,artifacts/final_submission/sac/best_model.zip,78fe38fcc78df0ba8f98bd07af373848833876e7ec5ddf1486cec9a3cd9ba44c,disabled,66da6332362cbf876667b08f276bd50b7cdba93a73315a4f2302dc81e40e2eb2,9a83e703655d8fc5f76ef7ecebde51ec01340ccbded38d42686fb736af783043,0.16666666666666666,0.046875,1.0,54,0.6704545454545454,236,259,23,352,0.2825837999989744,259.9999999999989,0.08158143939393939,False,0.0,351.0,183.0,0,0,0.0,0.6316715917736556,352,False,True,,2026-07-29T17:20:15.617884+00:00,2026-07-29T17:20:15.900863+00:00,True
large-high-n0.2-sac-s6-6c17b773d2a3,large,16,high,0.07,0.2,SAC,6,artifacts/final_submission/sac/best_model.zip,78fe38fcc78df0ba8f98bd07af373848833876e7ec5ddf1486cec9a3cd9ba44c,disabled,66da6332362cbf876667b08f276bd50b7cdba93a73315a4f2302dc81e40e2eb2,6c17b773d2a3a1a5077a7c8f8fa9f526f3dff2f980831ca74eaa38b08ca8ed19,0.05555555555555555,0.078125,1.0,106,0.12215909090909091,43,43,0,352,0.2833377000060864,202.39999999999802,0.04765972222222223,False,0.0,149.0,59.0,0,0,0.0,0.6239999997474528,352,False,True,,2026-07-29T17:20:15.903865+00:00,2026-07-29T17:20:16.187803+00:00,True
large-high-n0.2-sac-s7-13e06eb3cf6f,large,16,high,0.07,0.2,SAC,7,artifacts/final_submission/sac/best_model.zip,78fe38fcc78df0ba8f98bd07af373848833876e7ec5ddf1486cec9a3cd9ba44c,disabled,66da6332362cbf876667b08f276bd50b7cdba93a73315a4f2302dc81e40e2eb2,13e06eb3cf6f81564137a7ec718636f660b409433348ddfe53b278e5a75f50a3,0.16666666666666666,0.10546875,1.0,44,0.13352272727272727,47,94,47,352,0.2840915000124369,272.8,0.10031398062987736,False,0.0,148.5,209.0,0,0,0.0,0.6282585227381787,352,False,True,,2026-07-29T17:20:16.191749+00:00,2026-07-29T17:20:16.475625+00:00,True
large-high-n0.2-sac-s8-6ce4f6818693,large,16,high,0.07,0.2,SAC,8,artifacts/final_submission/sac/best_model.zip,78fe38fcc78df0ba8f98bd07af373848833876e7ec5ddf1486cec9a3cd9ba44c,disabled,66da6332362cbf876667b08f276bd50b7cdba93a73315a4f2302dc81e40e2eb2,6ce4f6818693cd6bc72e8315aceed31b855ca47920111f37b92325475a2b6c08,0.05555555555555555,0.0390625,1.0,1,0.14772727272727273,52,52,0,352,0.2820466000121087,153.60000000000008,0.03949652777777778,False,0.0,53.0,103.0,0,0,0.0,0.6309877847921929,352,False,True,,2026-07-29T17:20:16.479615+00:00,2026-07-29T17:20:16.761562+00:00,True
large-high-n0.2-sac-s9-ef116689a09b,large,16,high,0.07,0.2,SAC,9,artifacts/final_submission/sac/best_model.zip,78fe38fcc78df0ba8f98bd07af373848833876e7ec5ddf1486cec9a3cd9ba44c,disabled,66da6332362cbf876667b08f276bd50b7cdba93a73315a4f2302dc81e40e2eb2,ef116689a09bdc6f3e6c02588e2e6679ec6da8a9658a2a951f068dc08730868c,0.16666666666666666,0.12890625,1.0,202,0.11931818181818182,42,43,1,352,0.28389610000886023,341.59999999999997,0.10654094647628591,False,0.0,248.5,137.0,0,0,0.0,0.6323767045780021,352,False,True,,2026-07-29T17:20:16.765535+00:00,2026-07-29T17:20:17.050263+00:00,True
large-high-n0.2-riskshield_ppo-s0-54b83b21865a,large,16,high,0.07,0.2,RiskShield-PPO,0,artifacts/final_submission/riskshield_ppo/best_model.zip,d6c91caeb9bb10db866cbfe947ef1cc3db0ea8dc7470d098c9af6298ab75c812,k_step,66da6332362cbf876667b08f276bd50b7cdba93a73315a4f2302dc81e40e2eb2,54b83b21865a0d2e6bd590e98f6b93d15c26d4ffa975103e3eb6dc914cf1dbea,0.2222222222222222,0.03125,0.0,0,0.028409090909090908,10,10,0,352,0.29842049998114817,79.20000000000051,0.12553661616161615,False,0.0,10.0,11.0,21,10,0.0,0.6410838069231514,352,False,True,,2026-07-29T17:20:17.054269+00:00,2026-07-29T17:20:17.352909+00:00,True
large-high-n0.2-riskshield_ppo-s1-db735c5234a0,large,16,high,0.07,0.2,RiskShield-PPO,1,artifacts/final_submission/riskshield_ppo/best_model.zip,d6c91caeb9bb10db866cbfe947ef1cc3db0ea8dc7470d098c9af6298ab75c812,k_step,66da6332362cbf876667b08f276bd50b7cdba93a73315a4f2302dc81e40e2eb2,db735c5234a004cca9bf062776966204f7d0beeca49852fa9868e8e21d4b379a,0.2777777777777778,0.03125,0.0,0,0.07386363636363637,26,26,0,352,0.3022704999893904,76.0000000000005,0.13159722222222223,False,0.0,26.0,7.0,33,26,0.0,0.6432596605505254,352,False,True,,2026-07-29T17:20:17.356781+00:00,2026-07-29T17:20:17.659258+00:00,True
large-high-n0.2-riskshield_ppo-s2-81db88612ffd,large,16,high,0.07,0.2,RiskShield-PPO,2,artifacts/final_submission/riskshield_ppo/best_model.zip,d6c91caeb9bb10db866cbfe947ef1cc3db0ea8dc7470d098c9af6298ab75c812,k_step,66da6332362cbf876667b08f276bd50b7cdba93a73315a4f2302dc81e40e2eb2,81db88612ffd341f8231e41704ac3ae834cec32572dc9d1fc77dd4bbd70f8bee,0.2222222222222222,0.0234375,0.0,0,0.07386363636363637,26,26,0,352,0.3045294000185095,81.60000000000045,0.10703125000000001,False,0.0,26.0,14.0,40,26,0.0,0.6509335221794159,352,False,True,,2026-07-29T17:20:17.663159+00:00,2026-07-29T17:20:17.968370+00:00,True
large-high-n0.2-riskshield_ppo-s3-f2661b2af9ac,large,16,high,0.07,0.2,RiskShield-PPO,3,artifacts/final_submission/riskshield_ppo/best_model.zip,d6c91caeb9bb10db866cbfe947ef1cc3db0ea8dc7470d098c9af6298ab75c812,k_step,66da6332362cbf876667b08f276bd50b7cdba93a73315a4f2302dc81e40e2eb2,f2661b2af9ac1598c3a50ce9e15507066b90cffa134873532c5fffa3f9235151,0.0,0.00390625,0.0,0,0.0,0,0,0,352,0.30422940000426024,70.40000000000046,0.301171875,False,0.0,0.0,0.0,0,0,0.0,0.664240625486524,352,False,True,,2026-07-29T17:20:17.972339+00:00,2026-07-29T17:20:18.276839+00:00,True
large-high-n0.2-riskshield_ppo-s4-b21beb68a0bb,large,16,high,0.07,0.2,RiskShield-PPO,4,artifacts/final_submission/riskshield_ppo/best_model.zip,d6c91caeb9bb10db866cbfe947ef1cc3db0ea8dc7470d098c9af6298ab75c812,k_step,66da6332362cbf876667b08f276bd50b7cdba93a73315a4f2302dc81e40e2eb2,b21beb68a0bb0deb86d7f10bb1151c6fa3a3cf64ef9979eff9393401c9fce7aa,0.0,0.00390625,0.0,0,0.036931818181818184,13,13,0,352,0.3099524000135716,70.40000000000046,0.022600446428571428,False,0.0,13.0,0.0,13,13,0.0,0.6694423299532818,352,False,True,,2026-07-29T17:20:18.279862+00:00,2026-07-29T17:20:18.591119+00:00,True
large-high-n0.2-riskshield_ppo-s5-5fefda0c455d,large,16,high,0.07,0.2,RiskShield-PPO,5,artifacts/final_submission/riskshield_ppo/best_model.zip,d6c91caeb9bb10db866cbfe947ef1cc3db0ea8dc7470d098c9af6298ab75c812,k_step,66da6332362cbf876667b08f276bd50b7cdba93a73315a4f2302dc81e40e2eb2,5fefda0c455d35a84fa8ac3d1a01ca93e3f8557f3022eeece667ad0d4700589b,0.05555555555555555,0.0234375,0.0,0,0.0,0,0,0,352,0.3031263000157196,76.00000000000055,0.32925347222222223,False,0.0,0.0,7.0,7,0,0.0,0.6554789760312733,352,False,True,,2026-07-29T17:20:18.595139+00:00,2026-07-29T17:20:18.899122+00:00,True
large-high-n0.2-riskshield_ppo-s6-11a4d96c5728,large,16,high,0.07,0.2,RiskShield-PPO,6,artifacts/final_submission/riskshield_ppo/best_model.zip,d6c91caeb9bb10db866cbfe947ef1cc3db0ea8dc7470d098c9af6298ab75c812,k_step,66da6332362cbf876667b08f276bd50b7cdba93a73315a4f2302dc81e40e2eb2,11a4d96c5728fbd079e27cf19c545bebe6dd9fb68a1e0246bd88368b91a0adbb,0.05555555555555555,0.03125,0.0,0,0.03409090909090909,12,12,0,352,0.3082464999752119,85.60000000000055,0.0546741452991453,False,0.0,12.0,19.0,31,12,0.0,0.6593477277089154,352,False,True,,2026-07-29T17:20:18.902098+00:00,2026-07-29T17:20:19.210821+00:00,True
large-high-n0.2-riskshield_ppo-s7-43b89b55a1bb,large,16,high,0.07,0.2,RiskShield-PPO,7,artifacts/final_submission/riskshield_ppo/best_model.zip,d6c91caeb9bb10db866cbfe947ef1cc3db0ea8dc7470d098c9af6298ab75c812,k_step,66da6332362cbf876667b08f276bd50b7cdba93a73315a4f2302dc81e40e2eb2,43b89b55a1bb2f6669fdb027ab2a1cac4471e857fe3407cbbb47dd41f27e9a99,0.1111111111111111,0.0078125,0.0,0,0.10511363636363637,37,37,0,352,0.3057342999964021,71.20000000000047,0.054682931286549705,False,0.0,37.0,1.0,38,37,0.0,0.6552670452451408,352,False,True,,2026-07-29T17:20:19.213829+00:00,2026-07-29T17:20:19.520305+00:00,True
large-high-n0.2-riskshield_ppo-s8-eb72cb889752,large,16,high,0.07,0.2,RiskShield-PPO,8,artifacts/final_submission/riskshield_ppo/best_model.zip,d6c91caeb9bb10db866cbfe947ef1cc3db0ea8dc7470d098c9af6298ab75c812,k_step,66da6332362cbf876667b08f276bd50b7cdba93a73315a4f2302dc81e40e2eb2,eb72cb8897527dd2b324071e88d2dce721c5769f6991ecba338b87f768596f86,0.1111111111111111,0.0390625,0.0,0,0.05397727272727273,19,19,0,352,0.30966849997639656,91.20000000000059,0.07116319444444444,False,0.0,19.0,26.0,47,19,0.0,0.666008806133918,352,False,True,,2026-07-29T17:20:19.524209+00:00,2026-07-29T17:20:19.833637+00:00,True
large-high-n0.2-riskshield_ppo-s9-04b52a67a108,large,16,high,0.07,0.2,RiskShield-PPO,9,artifacts/final_submission/riskshield_ppo/best_model.zip,d6c91caeb9bb10db866cbfe947ef1cc3db0ea8dc7470d098c9af6298ab75c812,k_step,66da6332362cbf876667b08f276bd50b7cdba93a73315a4f2302dc81e40e2eb2,04b52a67a108c587a0d0b2bcc68a58867b2e260372ffd75f6db83e88a9436957,0.05555555555555555,0.0078125,0.0,0,0.05113636363636364,18,18,0,352,0.3031310999940615,71.20000000000047,0.04035544590643275,False,0.0,18.0,1.0,19,18,0.0,0.6534670457602426,352,False,True,,2026-07-29T17:20:19.838691+00:00,2026-07-29T17:20:20.141986+00:00,True
