path,file_type,size_bytes,sha256_or_git_blob,review_method,status,issues_found,action_taken,binary_validated,documentation_current,security_reviewed,test_coverage_assessed
.gitattributes,text,142,f3a3a092668e12a377595c7bf82985b1a67d20487ca5de764b98f0abc0d9f822,utf8_content_and_contract_scan,REVIEWED,,audited; no historical content changed,false,assessed,assessed,assessed
.github/workflows/ci.yml,text,1216,238f2816c8ebe7d83598aeab5c58add2c993628005da57e13851c29f52a34300,utf8_content_and_contract_scan,REVIEWED,,audited; no historical content changed,false,assessed,assessed,assessed
.gitignore,text,3985,16fc90fd26798f69ced83ce94dd5a50c1fae93eb4c76214a1d158d6cb125fd26,utf8_content_and_contract_scan,REVIEWED,,audited; no historical content changed,false,assessed,assessed,assessed
.pre-commit-config.yaml,text,158,15cc3cf893245c2d5035a5185aad8bf2522a67861fff7ecc76b17ca85498dcea,utf8_content_and_contract_scan,REVIEWED,,audited; no historical content changed,false,assessed,assessed,assessed
BENCHMARK_CARD.md,text,627,7d46f1ec69964dddd3a4256ad3aaf7d0389993c56cd459607b1b9af2bd51db4f,utf8_content_and_contract_scan,REVIEWED,,audited; no historical content changed,false,assessed,assessed,assessed
CHANGELOG.md,text,533,4bb52d38c6448028c6a70561372cd1e0ad7bb38611b0efffa879dfab77711ddf,utf8_content_and_contract_scan,REVIEWED,,audited; no historical content changed,false,assessed,assessed,assessed
CITATION.cff,text,262,a5a940905a3de21102bb391e68f729603e94e078f66d1cf511f4c6b203067f77,utf8_content_and_contract_scan,REVIEWED,,audited; no historical content changed,false,assessed,assessed,assessed
DATA_CARD.md,text,686,540fe5c0d5c4e5c898255fd1ea8fc2a35c938b11b5230ccf0932a36c49ea817b,utf8_content_and_contract_scan,REVIEWED,,audited; no historical content changed,false,assessed,assessed,assessed
LICENSE,text,672,de6121a786de2429b0b21f471c9451deeb779ff1b3422c340f651a0770eb9099,utf8_content_and_contract_scan,REVIEWED,,audited; no historical content changed,false,assessed,assessed,assessed
MODEL_CARD.md,text,1373,a59b2067dcc5ed439cb9dcac8af66725e2d85f9991db1c9f766c6c697d7c7f7a,utf8_content_and_contract_scan,REVIEWED,,audited; no historical content changed,false,assessed,assessed,assessed
README.md,text,4892,94fd008320786403b84585082fd94d18d8ca18001bf2d7a33bb433dfa36b6f1d,utf8_content_and_contract_scan,REVIEWED,,audited; no historical content changed,false,assessed,assessed,assessed
RELEASE_NOTES.md,text,465,a37172e8e640933e6c6fd7e3ccf0aa68bb1ca53df35a3753e6ffd99ed0476a50,utf8_content_and_contract_scan,REVIEWED,,audited; no historical content changed,false,assessed,assessed,assessed
SECURITY.md,text,483,f482067e63f705bd51155cbb015dca18f9117f7b8455c5aa0ac927a4964f2179,utf8_content_and_contract_scan,REVIEWED,,audited; no historical content changed,false,assessed,assessed,assessed
artifacts/checkpoints/.gitkeep,text,0,e3b0c44298fc1c149afbf4c8996fb92427ae41e4649b934ca495991b7852b855,utf8_content_and_contract_scan,REVIEWED,,audited; no historical content changed,false,assessed,assessed,assessed
artifacts/results/.gitkeep,text,0,e3b0c44298fc1c149afbf4c8996fb92427ae41e4649b934ca495991b7852b855,utf8_content_and_contract_scan,REVIEWED,,audited; no historical content changed,false,assessed,assessed,assessed
artifacts/strong_policy_upgrade/causal_expert_demonstrations/manifest.json,text,7642,953b8c863ce46af99956be096c76b463bb107308485e57a9921904fd40f22141,utf8_content_and_contract_scan,REVIEWED,,audited; no historical content changed,false,assessed,assessed,assessed
artifacts/strong_policy_upgrade/causal_expert_demonstrations_systematic/manifest.json,text,7968,713b2093522b217902e94397a8ec0b3cc68124be81bff5eb891d6b6ee4ffe616,utf8_content_and_contract_scan,REVIEWED,,audited; no historical content changed,false,assessed,assessed,assessed
artifacts/strong_policy_upgrade/expert_demonstrations/manifest.json,text,3518,8bab5d564cbfd079898b4d599a3968ec22a2b0138140f4ae2a159649fb2a18d3,utf8_content_and_contract_scan,REVIEWED,,audited; no historical content changed,false,assessed,assessed,assessed
artifacts/strong_policy_upgrade/hierarchical_demonstrations/manifest.json,text,2575,b207907effaeb74f10d88d64928639b83de54f0639315644906a31e05341a5a1,utf8_content_and_contract_scan,REVIEWED,,audited; no historical content changed,false,assessed,assessed,assessed
artifacts/strong_policy_upgrade/hierarchical_demonstrations_attempt_1/manifest.json,text,2578,48c43f37ae042a1a09831c01df7bf8f80a25d5db1dff3c3f8781ef5b1077f366,utf8_content_and_contract_scan,REVIEWED,,audited; no historical content changed,false,assessed,assessed,assessed
artifacts/strong_policy_upgrade/hierarchical_demonstrations_attempt_2/manifest.json,text,2574,d57b64bc022012c37be288b075fca22904f1131004bd1c82e26fdba7c423a878,utf8_content_and_contract_scan,REVIEWED,,audited; no historical content changed,false,assessed,assessed,assessed
configs/baselines/frontier_exploration.yaml,text,106,1a2183019ecab9dc2797cd95025ab2d1b4399c5d86af7c8ad5cfddff15fe9eaf,utf8_content_and_contract_scan,REVIEWED,,audited; no historical content changed,false,assessed,assessed,assessed
configs/baselines/nearest_risk_revisit.yaml,text,106,b88c3a51032195d680dd2520099e46c2cbba86588645635bea624f63adafe8e4,utf8_content_and_contract_scan,REVIEWED,,audited; no historical content changed,false,assessed,assessed,assessed
configs/baselines/risk_aware_astar.yaml,text,102,ae571e81c9672a87384d70545cfc313321c8806f0dfbaa91438a3b9a486d92e7,utf8_content_and_contract_scan,REVIEWED,,audited; no historical content changed,false,assessed,assessed,assessed
configs/benchmarks/full_matrix.yaml,text,613,7e3d3288eeac97d1f4967b98444b6c5d2d95e41453b112fdffb3bd3f81f2e1ae,utf8_content_and_contract_scan,REVIEWED,,audited; no historical content changed,false,assessed,assessed,assessed
configs/curriculum/safe_viewpoint_radius2.json,text,601774,b981931ff11808b181cbe5ada511457e9ca12fb51899e34092a76f91bbcd59d0,utf8_content_and_contract_scan,REVIEWED,,audited; no historical content changed,false,assessed,assessed,assessed
configs/env/grid.yaml,text,98,1597cc087755063736046f97df7a686336a0277ea1b21105670a3b29bc211536,utf8_content_and_contract_scan,REVIEWED,,audited; no historical content changed,false,assessed,assessed,assessed
configs/grid/site_dynamic.yaml,text,283,afce83aa97f67fb0c70a1e31dd8fe4b2400e4d8082bbff084ad60afab43d4ea4,utf8_content_and_contract_scan,REVIEWED,,audited; no historical content changed,false,assessed,assessed,assessed
configs/grid/site_medium.yaml,text,283,d057c29ae734c96db268c3812c409214e248d257dc771e087dcb11670d090d1d,utf8_content_and_contract_scan,REVIEWED,,audited; no historical content changed,false,assessed,assessed,assessed
configs/grid/site_small.yaml,text,281,389cf0378d321545993c65b3593d2f20d43123e512ae5e2b6ec5d939432f9d05,utf8_content_and_contract_scan,REVIEWED,,audited; no historical content changed,false,assessed,assessed,assessed
configs/perception/class_schema.json,text,6191,9510d76a155639b2573705f34e318361b304d8b26e8afafd915165cca3d14959,utf8_content_and_contract_scan,REVIEWED,,audited; no historical content changed,false,assessed,assessed,assessed
configs/perception/fast_balanced_continuation.json,text,1707,3702618b9b4442b13ad2b0ab94e9254d4d73a24f82be423ce479d6655e66202f,utf8_content_and_contract_scan,REVIEWED,,audited; no historical content changed,false,assessed,assessed,assessed
configs/perception/pilot_training.json,text,1009,3ca0c9ce28a92d3c3e5a0b2b601f877e1c61ba26842161f7bd10890b2cde574f,utf8_content_and_contract_scan,REVIEWED,,audited; no historical content changed,false,assessed,assessed,assessed
configs/perception/ppe_dataset.yaml,text,638,6b2548b23d24d080bead43c0512891902287e6a4176e1459b350b42923f9ef86,utf8_content_and_contract_scan,REVIEWED,,audited; no historical content changed,false,assessed,assessed,assessed
configs/perception/production_candidate_100e.json,text,1581,cf1b58be4b49c0a2c59f949fb475b4e2e6ae9a6c8f3435e9e50478ace4f6c28e,utf8_content_and_contract_scan,REVIEWED,,audited; no historical content changed,false,assessed,assessed,assessed
configs/perception/stage5b_live_perception.json,text,1870,0f3b1dbb83276e700c214a319baa168162503f4dde0828ea56c27a088d028889,utf8_content_and_contract_scan,REVIEWED,,audited; no historical content changed,false,assessed,assessed,assessed
configs/safety/safety_contract_v3.yaml,text,1420,f5c39562b66dc995db53b4e72bfc8d1dd9bb0c08f0dc4e6da75513faf4de6825,utf8_content_and_contract_scan,REVIEWED,,audited; no historical content changed,false,assessed,assessed,assessed
configs/train/ppo.yaml,text,181,7fda3976cf4f1124899ae677fc5167eb7641f4fd61c621b76eb85eeaba0eea18,utf8_content_and_contract_scan,REVIEWED,,audited; no historical content changed,false,assessed,assessed,assessed
configs/training/ppo.yaml,text,360,d888e8d6d502f5a4580a471473ec5113457588d362b9a5b14994edb4c02c44ee,utf8_content_and_contract_scan,REVIEWED,,audited; no historical content changed,false,assessed,assessed,assessed
configs/training/riskshield_hierarchical_hrmppo_mpc_v4.yaml,text,815,efd8ce37fd124c4a257ed0b36c6f4bdd530ecc95d7ebc8e4062b664c5e1596be,utf8_content_and_contract_scan,REVIEWED,,audited; no historical content changed,false,assessed,assessed,assessed
configs/training/riskshield_hrmppo_safe_v3.yaml,text,809,b53feeaca4b7332acd5f22ef85aa54266196dc504a2096cd4d76f5d1089b5e48,utf8_content_and_contract_scan,REVIEWED,,audited; no historical content changed,false,assessed,assessed,assessed
configs/training/riskshield_hrmppo_safe_v3_strategy_a.yaml,text,730,ec44a9d9c66fa2eaeabc5bdcbaccc1640ef408d9b42f9a36ed2e07bcee24e7dc,utf8_content_and_contract_scan,REVIEWED,,audited; no historical content changed,false,assessed,assessed,assessed
configs/training/riskshield_hrmppo_safe_v3_strategy_b.yaml,text,733,fb3de39278e8470b6dc0f63f2d443c1758e760b0e3ec26504249c82c9a68d703,utf8_content_and_contract_scan,REVIEWED,,audited; no historical content changed,false,assessed,assessed,assessed
configs/training/riskshield_hrmppo_safe_v3_strategy_c.yaml,text,734,37c414b020999128912c77eb83cdd177915d1134514e583d7db150516791d929,utf8_content_and_contract_scan,REVIEWED,,audited; no historical content changed,false,assessed,assessed,assessed
configs/training/riskshield_hrmppo_v2.yaml,text,976,2c11b42771e37c5b5c738b1bbae23cb5ee78b46379bfc85b7d6fb65f079c383e,utf8_content_and_contract_scan,REVIEWED,,audited; no historical content changed,false,assessed,assessed,assessed
configs/training/riskshield_ppo.yaml,text,559,b9bdf26bd379f0cd11159024ddf2eedb93875ba0fcc3960a0aeef919b69f9214,utf8_content_and_contract_scan,REVIEWED,,audited; no historical content changed,false,assessed,assessed,assessed
configs/training/sac.yaml,text,406,eb531402ca209661f155145874460361f7c52969159b55edde44567479d4e7a2,utf8_content_and_contract_scan,REVIEWED,,audited; no historical content changed,false,assessed,assessed,assessed
configs/uncertainty/protocol.yaml,text,493,50049365ff0234c64c074f54fb48079cf4ff853d83b7f13cba8dbf40c1583eee,utf8_content_and_contract_scan,REVIEWED,,audited; no historical content changed,false,assessed,assessed,assessed
configs/webots/policy_control.json,text,610,8516f7d344ca88b9310286f85482c8381c3bc1400f1d59ecd9960fba310d8fab,utf8_content_and_contract_scan,REVIEWED,,audited; no historical content changed,false,assessed,assessed,assessed
configs/webots/semantic_perception.json,text,357,7df3cfde1d214d6f3bdb80d3f4af8d2264c2dffd9ed62da9b853750cd27d0553,utf8_content_and_contract_scan,REVIEWED,,audited; no historical content changed,false,assessed,assessed,assessed
configs/webots/site_dynamic.yaml,text,269,86be3afb3c5b5611f05fb681c7d8c28ee813abf49baff23d514ad35be62c1d43,utf8_content_and_contract_scan,REVIEWED,,audited; no historical content changed,false,assessed,assessed,assessed
configs/webots/site_medium.yaml,text,268,eda3e992e37b718237b11d7cd77dfb346c609da08b11caf0aff8ebf8e3b94d1e,utf8_content_and_contract_scan,REVIEWED,,audited; no historical content changed,false,assessed,assessed,assessed
configs/webots/site_small.yaml,text,266,3ba6dee2a9f749b862e09e948668ade4ad56f836068a3447c2a3c00337ffaad1,utf8_content_and_contract_scan,REVIEWED,,audited; no historical content changed,false,assessed,assessed,assessed
configs/webots/stage5a3_closed_loop_route.json,text,1509,dae7218246d081e936ce243c6093420afe0231b13c0785fb472c08f7ea98d3ec,utf8_content_and_contract_scan,REVIEWED,,audited; no historical content changed,false,assessed,assessed,assessed
data/expert/.gitkeep,text,0,e3b0c44298fc1c149afbf4c8996fb92427ae41e4649b934ca495991b7852b855,utf8_content_and_contract_scan,REVIEWED,,audited; no historical content changed,false,assessed,assessed,assessed
data/manifests/ppe_class_counts.csv,text,355,65fe284f8062bd02c5dd7d87ad944ec87303e048cf4557e4c0f82617712f8ec4,utf8_content_and_contract_scan,REVIEWED,,audited; no historical content changed,false,assessed,assessed,assessed
data/manifests/ppe_dataset_audit.json,text,4217,7515f66a0b453ac7aa424d9210f202b4df29917c8a86f30df32b5b9b7b1130b0,utf8_content_and_contract_scan,REVIEWED,,audited; no historical content changed,false,assessed,assessed,assessed
data/manifests/ppe_dataset_integration_validation.json,text,2343,e21ac6899307db5caaef89304b8a71c3bcb9c26f8f6762f8b1bd9369d89dcb73,utf8_content_and_contract_scan,REVIEWED,,audited; no historical content changed,false,assessed,assessed,assessed
data/manifests/ppe_dataset_manifest.json,text,2413,6f9ff266bdeed581ec33481cc6aeef104c594f81e5d21a73e2903df56eb5d273,utf8_content_and_contract_scan,REVIEWED,,audited; no historical content changed,false,assessed,assessed,assessed
data/processed/.gitkeep,text,0,e3b0c44298fc1c149afbf4c8996fb92427ae41e4649b934ca495991b7852b855,utf8_content_and_contract_scan,REVIEWED,,audited; no historical content changed,false,assessed,assessed,assessed
data/raw/.gitkeep,text,0,e3b0c44298fc1c149afbf4c8996fb92427ae41e4649b934ca495991b7852b855,utf8_content_and_contract_scan,REVIEWED,,audited; no historical content changed,false,assessed,assessed,assessed
data/scenarios/README.md,text,657,f53ef46d6f5f60ab0dd0b37d4a8041eeba78fb02c0c0bea9ae61b4b4c1a3fce5,utf8_content_and_contract_scan,REVIEWED,,audited; no historical content changed,false,assessed,assessed,assessed
data/scenarios/manifest.json,text,2942,4ce0e98d2f55aebdf977013ea8030a2fda5ece0d30b876d2a657963d30d07f07,utf8_content_and_contract_scan,REVIEWED,,audited; no historical content changed,false,assessed,assessed,assessed
data/scenarios/stress/stress.jsonl,text,170115,84e2de901d3f49bc63912a56d94b40cb9dbc76ec37f2e278cf64576cdf0b9456,utf8_content_and_contract_scan,REVIEWED,,audited; no historical content changed,false,assessed,assessed,assessed
data/scenarios/test_seen/test_seen.jsonl,text,81157,cfae31e7df769d50776c0654f7f4346513d18c165a6bf590b027cd7291280eb0,utf8_content_and_contract_scan,REVIEWED,,audited; no historical content changed,false,assessed,assessed,assessed
data/scenarios/test_unseen/test_unseen.jsonl,text,101203,ea069639fe24b670ea74b72c83c1cd81311560ede0b502e317f1a940b5787af3,utf8_content_and_contract_scan,REVIEWED,,audited; no historical content changed,false,assessed,assessed,assessed
data/scenarios/train/train.jsonl,text,398046,a37c26497168a377a1bc1d2bbecd172cf2fe22ff6b3566472b2e6b2d90df0bc5,utf8_content_and_contract_scan,REVIEWED,,audited; no historical content changed,false,assessed,assessed,assessed
data/scenarios/validation/validation.jsonl,text,80938,87e02d6379b9f52b0c2725d90997ba79509d35058e351392a69ee5e6e2d873ca,utf8_content_and_contract_scan,REVIEWED,,audited; no historical content changed,false,assessed,assessed,assessed
docs/architecture/final_system_architecture.md,text,642,ec17ecb5d362f70fc1e985fd56e645a31b505ae8ad9f6401012adefb06535474,utf8_content_and_contract_scan,REVIEWED,,audited; no historical content changed,false,assessed,assessed,assessed
docs/assets/stage5b4_final_live_perception.gif,binary,513061,a0da9e68e3e52c84638082383d01285e44ac68551e7536049a20b84c538dd6d7,git_blob_hash_and_size,REVIEWED,,audited; no historical content changed,true,assessed,assessed,assessed
docs/baselines/expert_planners.md,text,1279,736c3daa11dec601a173a6c036062199e0d41b3fc9475557ed6a16d7fdf88691,utf8_content_and_contract_scan,REVIEWED,,audited; no historical content changed,false,assessed,assessed,assessed
docs/benchmarks/full_research_benchmark.md,text,1670,95fe447619911e74df476b68d99ef4523c2c14b5ae48a681a551601f5da85bf0,utf8_content_and_contract_scan,REVIEWED,,audited; no historical content changed,false,assessed,assessed,assessed
docs/benchmarks/grid_environment.md,text,1959,9e02c20d0e66c32cb84413ffe433ac88c35ca6ffab388bb9487967b2128e982d,utf8_content_and_contract_scan,REVIEWED,,audited; no historical content changed,false,assessed,assessed,assessed
docs/experiment_protocol.md,text,510,39017c6cf61253bb44880d2a00c8fb0f8f31e8e6cae5f696be9fe0c53c52829e,utf8_content_and_contract_scan,REVIEWED,,audited; no historical content changed,false,assessed,assessed,assessed
docs/experiments/uncertainty_protocol.md,text,1316,756193cfe780c570b8b6ecda845172e63f4174c2cb919d37caa87e8d001a15b0,utf8_content_and_contract_scan,REVIEWED,,audited; no historical content changed,false,assessed,assessed,assessed
docs/final_demo.md,text,484,11368b2b7dd361f4ab64f808947f9314ebc748b95b4fc11a831cef6350575774,utf8_content_and_contract_scan,REVIEWED,,audited; no historical content changed,false,assessed,assessed,assessed
docs/final_safe_rl_system.md,text,6300,6f643d87d9f533daaf280704e46a3aa9a05b674ea42bd239044bce52fb68c688,utf8_content_and_contract_scan,REVIEWED,,audited; no historical content changed,false,assessed,assessed,assessed
docs/final_stage_completion_matrix.md,text,2101,7d0ec13289d0458aef5f14e6e5ffb4a5d4e640c4cd9a7832a2ed5e2d18d4b2bf,utf8_content_and_contract_scan,REVIEWED,,audited; no historical content changed,false,assessed,assessed,assessed
docs/methods/causal_expert_policy.md,text,1483,38902096f0b1b9c738dbc6b50ee6740eb1e27a82cf4118eaed0d192def02c097,utf8_content_and_contract_scan,REVIEWED,,audited; no historical content changed,false,assessed,assessed,assessed
docs/methods/reward_and_cost_v2.md,text,1384,3f708dcd42bd99d0843e7e1f59fbbb948c05ee0fc9034f75bacfc184143b2258,utf8_content_and_contract_scan,REVIEWED,,audited; no historical content changed,false,assessed,assessed,assessed
docs/methods/riskshield_ppo.md,text,1389,525ae0c11ad022d2511dba3234e7e6410b1132cc6204dbd598c623c3120e3fed,utf8_content_and_contract_scan,REVIEWED,,audited; no historical content changed,false,assessed,assessed,assessed
docs/perception/final_perception_pipeline.md,text,1343,dbb0eb184b7c4502ee02b6c48fc003d42b941e7fbd7cbcc3806d6ba2bf6e8b39,utf8_content_and_contract_scan,REVIEWED,,audited; no historical content changed,false,assessed,assessed,assessed
docs/perception/model_card.md,text,1067,f4f3e6e2e06a45305182b87e26395b9e9d8d620393a4ebb0d8b6d3423a6664c5,utf8_content_and_contract_scan,REVIEWED,,audited; no historical content changed,false,assessed,assessed,assessed
docs/perception_dataset.md,text,1765,c0d97be201b231ab55bf3fa6a1f956c84dcbf480b1cf94dc1a69d952b6ed93d2,utf8_content_and_contract_scan,REVIEWED,,audited; no historical content changed,false,assessed,assessed,assessed
docs/perception_production_training.md,text,1998,cddc64324d694c60812eb0a9e747ff68453be0dd781dee9a9d119b69c6533d1c,utf8_content_and_contract_scan,REVIEWED,,audited; no historical content changed,false,assessed,assessed,assessed
docs/perception_training.md,text,1483,b88aee51313e2ec386e777605e3aa0a7cff87fef6e0bd051308b49409150698f,utf8_content_and_contract_scan,REVIEWED,,audited; no historical content changed,false,assessed,assessed,assessed
docs/problem_formulation.md,text,640,98977ae515ea58e395b7ce1ba45e6805f4a0c832dc6e3982c77743c17a59ba44,utf8_content_and_contract_scan,REVIEWED,,audited; no historical content changed,false,assessed,assessed,assessed
docs/project_completion_plan.md,text,5664,6955a6f8b2c0d553ccd37811f05448cdb4b1b29bc033fc54d5248d52d6b18af3,utf8_content_and_contract_scan,REVIEWED,,audited; no historical content changed,false,assessed,assessed,assessed
docs/reproducibility.md,text,516,26a4bb22cd52f0cdfbb3c9f7b6baec6ba3c6d4a2a2fca99c58e41197a8fc8859,utf8_content_and_contract_scan,REVIEWED,,audited; no historical content changed,false,assessed,assessed,assessed
docs/research_methodology.md,text,625,8fbe300ba3f37691a919ad4522d36e3078f3793a094770a203c2132a6fa70bf3,utf8_content_and_contract_scan,REVIEWED,,audited; no historical content changed,false,assessed,assessed,assessed
docs/safety/predictive_safety_shield.md,text,1415,a705d6adfb4e8aeb7e0d2732a2a3d25c36b08cba783a92dd0ed0e5a9155d7311,utf8_content_and_contract_scan,REVIEWED,,audited; no historical content changed,false,assessed,assessed,assessed
docs/safety/safety_contract_v3.md,text,2736,0055c86b1ca3365beb9ccd495cc1b80ba5020d05160d5a8e4a8d5e40ed3b2bff,utf8_content_and_contract_scan,REVIEWED,,audited; no historical content changed,false,assessed,assessed,assessed
docs/stage_2c_scenario_integration.md,text,1164,c044ac9a721b2cc0fd3221f5ff7845d5fddf3bf7b17f94876adbb47ab04259dd,utf8_content_and_contract_scan,REVIEWED,,audited; no historical content changed,false,assessed,assessed,assessed
docs/stage_2d_training_diagnostics.md,text,1311,5c7a3790f1bcf7bf0f8d6eec2e9461183c4e9b4fabc40a6387c986d74455dd69,utf8_content_and_contract_scan,REVIEWED,,audited; no historical content changed,false,assessed,assessed,assessed
docs/stage_3a_expert_baselines.md,text,1145,1ab197951ce9f0c85e88bc3ceee9af77c252a25d56a402796e0319338e8b655e,utf8_content_and_contract_scan,REVIEWED,,audited; no historical content changed,false,assessed,assessed,assessed
docs/stage_3a_results.md,text,1192,475cd1191349b6f5dff20be4752a2cbffd0fef93cc02eb1e6564500d9f1f8d6b,utf8_content_and_contract_scan,REVIEWED,,audited; no historical content changed,false,assessed,assessed,assessed
docs/stage_3b_results.md,text,1544,aaf57a67d265c2fd1d74a134322091f27c01996ea8307811f8ef2db8c6bd7c65,utf8_content_and_contract_scan,REVIEWED,,audited; no historical content changed,false,assessed,assessed,assessed
docs/stage_3b_safe_viewpoint_inspection.md,text,1475,1ded96ea869b3d60f496545afa2e64db9fdc9ccf1463353b7939af75c03f4846,utf8_content_and_contract_scan,REVIEWED,,audited; no historical content changed,false,assessed,assessed,assessed
docs/stage_3c_results.md,text,2204,4c35fb618de822c63b8a9d6b9819a8ec29b422e36f27755c9a0f4a7c76dada0e,utf8_content_and_contract_scan,REVIEWED,,audited; no historical content changed,false,assessed,assessed,assessed
docs/stage_3c_safe_curriculum_training.md,text,1878,705027d1d4ebc9a35bca14dd41fd8a86d21239aafdeaf930944db83ad8621c87,utf8_content_and_contract_scan,REVIEWED,,audited; no historical content changed,false,assessed,assessed,assessed
docs/stage_3d_maskable_ppo.md,text,1632,b98fb26745bc11f281b6370af100b4c9c1ffdabb127ddc620901e2a8e3aa83c4,utf8_content_and_contract_scan,REVIEWED,,audited; no historical content changed,false,assessed,assessed,assessed
docs/stage_3d_results.md,text,2058,22f521cb706b76834ecc5befab3bf8ed442fbf3b24a3262ca0d136dc29a672ed,utf8_content_and_contract_scan,REVIEWED,,audited; no historical content changed,false,assessed,assessed,assessed
docs/stage_3d_smoke_results.md,text,1696,e865fce25457b80be98ef769bae8065be89088ce86ec60c6147f429c6c39b84c,utf8_content_and_contract_scan,REVIEWED,,audited; no historical content changed,false,assessed,assessed,assessed
docs/stage_3e_a_checkpoint_audit.md,text,2347,46f97aad728194c02dc5011a7d8877ef1c9b841a335bc0462aa3e61b0066d837,utf8_content_and_contract_scan,REVIEWED,,audited; no historical content changed,false,assessed,assessed,assessed
docs/stage_3e_a_deadlock_validation.md,text,1440,bf3bf2011da5fb07bc3ae370f9f9dfa27d20bbbede5cfff56ee5e274d7399773,utf8_content_and_contract_scan,REVIEWED,,audited; no historical content changed,false,assessed,assessed,assessed
docs/stage_3e_a_smoke_results.md,text,1459,ffb54eb9f7849577b0e0399baa01b56c29b69b0f83a1ae09658c19515aac55d0,utf8_content_and_contract_scan,REVIEWED,,audited; no historical content changed,false,assessed,assessed,assessed
docs/stage_3e_semantic_safety_shield.md,text,2413,29745e1d9313b8ef74bceb19bc0ba6ea9e69657d40321943b34863e4dcf7dcbe,utf8_content_and_contract_scan,REVIEWED,,audited; no historical content changed,false,assessed,assessed,assessed
docs/stage_4_webots_integration.md,text,4858,14a416170f27f18f3e68d576d09177bf78114ac23d99ab61fef08079752f2b5c,utf8_content_and_contract_scan,REVIEWED,,audited; no historical content changed,false,assessed,assessed,assessed
docs/stage_4a_runtime_validation.md,text,1739,e8b23d0357a5d4cf0e181a7eedeefe0a6f06c1f565931b4949427ac88156bf99,utf8_content_and_contract_scan,REVIEWED,,audited; no historical content changed,false,assessed,assessed,assessed
docs/stage_4b2_live_webots_sensors.md,text,2177,f7dabba7ba7208eb41f7606fc5e81192c1a124d7cbe55dc5ebe701edcd3d22c9,utf8_content_and_contract_scan,REVIEWED,,audited; no historical content changed,false,assessed,assessed,assessed
docs/stage_4b2_runtime_evidence.md,text,1653,ae0a779e14c667e706ecbd0f95e4f8b47aec5a842cf7f2c6dbbbfe39ca9ddaf5,utf8_content_and_contract_scan,REVIEWED,,audited; no historical content changed,false,assessed,assessed,assessed
docs/stage_4b_observation_action_bridge.md,text,1807,399292bfc9fea53f4fde783911a729c320906455d75e4ddc10323a47ab7bafea,utf8_content_and_contract_scan,REVIEWED,,audited; no historical content changed,false,assessed,assessed,assessed
docs/stage_4c1b_runtime_evidence.md,text,1775,c9d0aaec07efef246fb56b91e99cff17191c95933da60de67ee4f377fa254725,utf8_content_and_contract_scan,REVIEWED,,audited; no historical content changed,false,assessed,assessed,assessed
docs/stage_4c_policy_inference_dry_run.md,text,2451,8c16fda06748698ee56521c209c475f1b41899bca5ced01d5470c6a2c1b2e701,utf8_content_and_contract_scan,REVIEWED,,audited; no historical content changed,false,assessed,assessed,assessed
docs/stage_4d_professional_showcase.md,text,1608,6ecec6152631a79ba4ca7db852ce5bd0ff0dd1c4199cb4c4f62e959e578ce3cf,utf8_content_and_contract_scan,REVIEWED,,audited; no historical content changed,false,assessed,assessed,assessed
docs/stage_5a3_closed_loop_inspection_mission.md,text,5955,c55c286604977adee5c369b2288d0cde0da0fe6b42c7e7221d1b69e1c7d98093,utf8_content_and_contract_scan,REVIEWED,,audited; no historical content changed,false,assessed,assessed,assessed
docs/stage_5a_live_camera_acquisition.md,text,2427,1f2a098d71c6c22b198795e3968ed43869795434ba31e490879f6c0b4ad8bcb0,utf8_content_and_contract_scan,REVIEWED,,audited; no historical content changed,false,assessed,assessed,assessed
docs/stage_5b3_controller_synchronized_perception.md,text,1026,ec63318e656e613bc3e0c935fa50055e631c5230e5a0f842966371e0854e1d0f,utf8_content_and_contract_scan,REVIEWED,,audited; no historical content changed,false,assessed,assessed,assessed
docs/stage_5b4_final_camera_showcase.md,text,1070,c4df568154670b6e838f0fc2ee39366c044a9ee47b6d909eba1a777005127490,utf8_content_and_contract_scan,REVIEWED,,audited; no historical content changed,false,assessed,assessed,assessed
docs/stage_5b_live_perception_integration.md,text,1979,5d7b47587a631dfa89cf035ec77b674a852ad9089f8ca8598adcca611d167c0b,utf8_content_and_contract_scan,REVIEWED,,audited; no historical content changed,false,assessed,assessed,assessed
docs/stage_5c_rl_motor_control.md,text,1144,a6fbcd0bd7d39fc101b5cd9ae8988c03ee0793f1e1f410f694531ba30d50f2cf,utf8_content_and_contract_scan,REVIEWED,,audited; no historical content changed,false,assessed,assessed,assessed
docs/training/ppo_sac_baselines.md,text,1482,863c988865a4e063268d01f8215c8189113afe585882c7cf5fb6ad070df7406e,utf8_content_and_contract_scan,REVIEWED,,audited; no historical content changed,false,assessed,assessed,assessed
docs/troubleshooting.md,text,646,208ffe6f62f1e53de2a28d1010eef5333bde647a22e72ffcdbfbdf6197580e31,utf8_content_and_contract_scan,REVIEWED,,audited; no historical content changed,false,assessed,assessed,assessed
docs/webots/environments.md,text,1538,7a6afc68c9c1c0c5fb5d045a63fe6af3d33abba3e8e220f630e8d21f5cef9915,utf8_content_and_contract_scan,REVIEWED,,audited; no historical content changed,false,assessed,assessed,assessed
paper/README.md,text,414,38874958c61237096dbc049bba85564cc8ad6a00e5d0ecb526b5d3b1dd2fb4fd,utf8_content_and_contract_scan,REVIEWED,,audited; no historical content changed,false,assessed,assessed,assessed
paper/figures/learning_curves.png,binary,61307,5b16df8341327e84f4573686a54c31ad3bbb767f2b80c4b3c8354324c5079b5a,git_blob_hash_and_size,REVIEWED,,audited; no historical content changed,true,assessed,assessed,assessed
paper/figures/safety_cost_curves.png,binary,123898,a58bfb8cc564b71c9d8580736c2e8e056e24a3b7262548a6edb028c8f5df265b,git_blob_hash_and_size,REVIEWED,,audited; no historical content changed,true,assessed,assessed,assessed
paper/figures/safety_performance_pareto.png,binary,61345,5c1020817faa4a7ea52e54f010ed993d5cb330fdd0eadcfb54ba4bf219100d0f,git_blob_hash_and_size,REVIEWED,,audited; no historical content changed,true,assessed,assessed,assessed
paper/figures/uncertainty_degradation.png,binary,57420,3f28d41d13759446c9412f47c7b57f8c220adece722c4817e9426788e1e181a0,git_blob_hash_and_size,REVIEWED,,audited; no historical content changed,true,assessed,assessed,assessed
paper/main.pdf,binary,254829,56df0901e8f194a0672b6fe8c256c8ed1c447218beb44789fd322319a4b83945,git_blob_hash_and_size,REVIEWED,,audited; no historical content changed,true,assessed,assessed,assessed
paper/main.tex,text,13923,457aa926e54f05704585890fa81751c0c4ed075d0423827824965ed8f2d793ba,utf8_content_and_contract_scan,REVIEWED,,audited; no historical content changed,false,assessed,assessed,assessed
paper/references.bib,text,2429,00194520110774ef154192a133677edb4f1c4b3ce77ca1d4305691e3923a9022,utf8_content_and_contract_scan,REVIEWED,,audited; no historical content changed,false,assessed,assessed,assessed
paper/tables/ablation_summary.tex,text,595,b5edaa0d2df7734f9c7e3645c4968b6b07c300a1e7d468dc7498ed3bd3e9cd4c,utf8_content_and_contract_scan,REVIEWED,,audited; no historical content changed,false,assessed,assessed,assessed
paper/tables/algorithm_summary.tex,text,541,019f558f066ec373f6cb7245393f818a503fd6d598bb4429e611a0109ca5e233,utf8_content_and_contract_scan,REVIEWED,,audited; no historical content changed,false,assessed,assessed,assessed
pyproject.toml,text,1100,382c32abd2757bdbac03bdc05a6d27b614de9244a2bb16337afb934d5b38cfc8,utf8_content_and_contract_scan,REVIEWED,,audited; no historical content changed,false,assessed,assessed,assessed
release/README.md,text,513,6d04badbb79595c9127f918e7f008f7a0b6dd88bafe0a806b41370fbe2e1eab3,utf8_content_and_contract_scan,REVIEWED,,audited; no historical content changed,false,assessed,assessed,assessed
release/SHA256SUMS.txt,text,105995,f1a12d44d9cba51c3dd09414b207b4058518688ca6dece8ecf63291a9fe527b1,utf8_content_and_contract_scan,REVIEWED,,audited; no historical content changed,false,assessed,assessed,assessed
release/manifest.json,text,232726,6abd49ee136f65668fe2357c76e2948c807cfe48352266fbf59f91c10ffd4363,utf8_content_and_contract_scan,REVIEWED,,audited; no historical content changed,false,assessed,assessed,assessed
reports/final_project_completion/baseline_audit.json,text,3454,ff08a364d85a1106ad78ec07fdb167f8411c85ff220ae4c69b4e0879d64bf355,utf8_content_and_contract_scan,REVIEWED,,audited; no historical content changed,false,assessed,assessed,assessed
reports/final_project_completion/baseline_audit.md,text,2318,e92d306ef5c8283cd276206cf85cbdc88a0d52761ad0b835958586a853c31bb6,utf8_content_and_contract_scan,REVIEWED,,audited; no historical content changed,false,assessed,assessed,assessed
reports/final_project_completion/execution_log.md,text,9616,67f46a168059ce4f7406177411f8d6ed38f59024f6569c1e918ed1496231a40c,utf8_content_and_contract_scan,REVIEWED,,audited; no historical content changed,false,assessed,assessed,assessed
reports/final_project_completion/final_completion_report.json,text,9161,519392b5e407b7c06df3b0db0b5848d9c86ce61077279a88a24f957bd0d1922c,utf8_content_and_contract_scan,REVIEWED,,audited; no historical content changed,false,assessed,assessed,assessed
reports/final_project_completion/final_completion_report.md,text,3064,f0623bfe6b8d5c4fbeadf18ad2a4c6d80a068d2c58e5527549682dbcf916a50d,utf8_content_and_contract_scan,REVIEWED,,audited; no historical content changed,false,assessed,assessed,assessed
reports/final_project_completion/final_file_inventory.txt,text,13390,526aae9928fd16184dee192a8e72d9ed6b0caba6338a79d7d2861b47593ac6cc,utf8_content_and_contract_scan,REVIEWED,,audited; no historical content changed,false,assessed,assessed,assessed
reports/final_project_completion/final_git_history.txt,text,4958,89988712d0c377c208637b0720906d3eb73e97722ed6aee528f0b3b9b0122bc4,utf8_content_and_contract_scan,REVIEWED,,audited; no historical content changed,false,assessed,assessed,assessed
reports/final_project_completion/final_runtime_summary.json,text,1138,9fa63fa07a9f07354ecd670e10b70f8adecbd2b4ea4a771d431859a219a56df7,utf8_content_and_contract_scan,REVIEWED,,audited; no historical content changed,false,assessed,assessed,assessed
reports/final_project_completion/final_test_results.txt,text,322,9a3cdb86d67b7f6b58af8e0531a36099670da482136a503f60f960d8817489e5,utf8_content_and_contract_scan,REVIEWED,,audited; no historical content changed,false,assessed,assessed,assessed
reports/final_project_completion/stage5b_visual_evidence/final_first_person.png,binary,536103,5e7ef99579cf26c0c17fbb2d5cbe715599379eaf8462d3bf324ecf650c350092,git_blob_hash_and_size,REVIEWED,,audited; no historical content changed,true,assessed,assessed,assessed
reports/final_project_completion/stage5b_visual_evidence/initial_first_person.png,binary,585116,027a98fcdbedcf1323be9bec5bf792a7c8929c278bd652791ec523c1be705b80,git_blob_hash_and_size,REVIEWED,,audited; no historical content changed,true,assessed,assessed,assessed
reports/final_project_completion/stage5b_visual_evidence/left_turn_first_person.png,binary,507004,061504a23cb3ea82f06219184174481a591ce158161393c2c6ce14a0821a778e,git_blob_hash_and_size,REVIEWED,,audited; no historical content changed,true,assessed,assessed,assessed
reports/final_project_completion/stage5b_visual_evidence/middle_first_person.png,binary,661745,40b6b310fbe3eb8782cf3c79b22f27ae722635bcf8898d6822ddbfafdd3544e6,git_blob_hash_and_size,REVIEWED,,audited; no historical content changed,true,assessed,assessed,assessed
reports/final_project_completion/stage5b_visual_evidence/right_turn_first_person.png,binary,917406,c413acabcc985cee29ea5c8db8645679445a01532ae7ce1e3f84a4731a199f60,git_blob_hash_and_size,REVIEWED,,audited; no historical content changed,true,assessed,assessed,assessed
reports/final_project_completion/stage5b_visual_evidence/selected_cv_annotated_frame.png,binary,39521,54aaa763efd9a288f402c286c1336e4842592694a5f5d19dd4e53d2c37de0ef6,git_blob_hash_and_size,REVIEWED,,audited; no historical content changed,true,assessed,assessed,assessed
reports/final_project_completion/stage5b_visual_evidence/stage5b_runtime_summary.json,text,4235,47de05ae5f4a05ad74e204da494f71f07207c2daa9ee360662cdac4b7c118680,utf8_content_and_contract_scan,REVIEWED,,audited; no historical content changed,false,assessed,assessed,assessed
reports/final_project_completion/stages/stage-5b-live-perception-integration/plan.md,text,546,8d048f056de43bc11e694708590cc1826769002d316c58103c964b20b3ea4c27,utf8_content_and_contract_scan,REVIEWED,,audited; no historical content changed,false,assessed,assessed,assessed
reports/final_project_completion/stages/stage-5b-live-perception-integration/result.json,text,924,d60d37d743fd2ea8b1fbf28067619ea68a4cc526655d76f6e2756ea024a4dce0,utf8_content_and_contract_scan,REVIEWED,,audited; no historical content changed,false,assessed,assessed,assessed
reports/final_project_completion/stages/stage-5b-live-perception-integration/result.md,text,1108,9ced48ab8065ba3c24dca87aee28eb5d82f7624a48f08c39628403ac2100b129,utf8_content_and_contract_scan,REVIEWED,,audited; no historical content changed,false,assessed,assessed,assessed
reports/final_project_completion/stages/stage-5c-rl-motor-control/evidence/action_trace.jsonl,text,7596,287086ff1b40e48531518e0ae2675b6f1fb7042ef4522cfe291c05b89d73b970,utf8_content_and_contract_scan,REVIEWED,,audited; no historical content changed,false,assessed,assessed,assessed
reports/final_project_completion/stages/stage-5c-rl-motor-control/evidence/annotated_000.png,binary,58918,ffa6089efa2f0a3c1a8fa5b851fe6a00357a9f7dc5ee2af9ec1e516a6f43d642,git_blob_hash_and_size,REVIEWED,,audited; no historical content changed,true,assessed,assessed,assessed
reports/final_project_completion/stages/stage-5c-rl-motor-control/evidence/first_person_final.png,binary,6242463,753751e7fd348d6ef11f3123f92dd47163866d80032c7f53ad64dfc17554d293,git_blob_hash_and_size,REVIEWED,,audited; no historical content changed,true,assessed,assessed,assessed
reports/final_project_completion/stages/stage-5c-rl-motor-control/evidence/first_person_initial.png,binary,6242463,3c8544e8663ec1150c4f06fde92b31eb3dd7f34b563fde16e9fcbc71104c514a,git_blob_hash_and_size,REVIEWED,,audited; no historical content changed,true,assessed,assessed,assessed
reports/final_project_completion/stages/stage-5c-rl-motor-control/evidence/motor_commands.jsonl,text,47746,60f1e031271c83f3a31939e5f898f119f0db36f9840ad13ac7c3bf0b88b2e0d0,utf8_content_and_contract_scan,REVIEWED,,audited; no historical content changed,false,assessed,assessed,assessed
reports/final_project_completion/stages/stage-5c-rl-motor-control/evidence/stage5c_runtime_summary.json,text,1139,a5a9dcd6e2a028957c358f66eab735f8dab1fad570f468374e0fec743dc95449,utf8_content_and_contract_scan,REVIEWED,,audited; no historical content changed,false,assessed,assessed,assessed
reports/final_project_completion/stages/stage-5c-rl-motor-control/plan.md,text,810,9bf9cd10ca5e7fd3e8933b16b8d8866fb4e0ee0ef5573642c7108d86ee8898f0,utf8_content_and_contract_scan,REVIEWED,,audited; no historical content changed,false,assessed,assessed,assessed
reports/final_project_completion/stages/stage-5c-rl-motor-control/result.json,text,966,5d1750677ce35b50e504e54a3fcde7c9d923c5fd8af5b1794776be6d120672f3,utf8_content_and_contract_scan,REVIEWED,,audited; no historical content changed,false,assessed,assessed,assessed
reports/final_project_completion/stages/stage-5c-rl-motor-control/result.md,text,1177,b2de4967c2ab5de7935487b3572ea80a99ccc851b419b59c4d31cf178f31e9b4,utf8_content_and_contract_scan,REVIEWED,,audited; no historical content changed,false,assessed,assessed,assessed
reports/final_submission/execution_log.md,text,17608,25167d7d6017de2c02db3c9ec396be55b87dafa251281b748f78d10f3d86a94d,utf8_content_and_contract_scan,REVIEWED,stale_not_implemented_text,audited; no historical content changed,false,assessed,assessed,assessed
reports/final_submission/final_artifact_manifest.json,text,1471,8d675e33da5e3fe067b0d216af4c109099291f1aa7ba6e873874e9068c9854b1,utf8_content_and_contract_scan,REVIEWED,,audited; no historical content changed,false,assessed,assessed,assessed
reports/final_submission/final_benchmark_summary.json,text,1282,c87f1b24cf9de26141067f89db1364e2053aa14aa8aebfe1412755d60395f764,utf8_content_and_contract_scan,REVIEWED,,audited; no historical content changed,false,assessed,assessed,assessed
reports/final_submission/final_file_inventory.txt,text,23847,3bd19e810b6dc7c28dd5775904cf7330e19f5af92e0dcd4c671d1f2454114d4f,utf8_content_and_contract_scan,REVIEWED,,audited; no historical content changed,false,assessed,assessed,assessed
reports/final_submission/final_git_history.txt,text,4464,ffd2acdb710aa4baeed896b84710d0f17928d33ee1554a57d9b060c982bdf02e,utf8_content_and_contract_scan,REVIEWED,,audited; no historical content changed,false,assessed,assessed,assessed
reports/final_submission/final_limitations.md,text,673,32a91ef27f941f04cd473f7fb7951a96b621f807d1ebc5363c0bba76fd119910,utf8_content_and_contract_scan,REVIEWED,,audited; no historical content changed,false,assessed,assessed,assessed
reports/final_submission/final_runtime_summary.json,text,1138,91daf2e204b1bf8b869e9ca5793a98e5f6ac08654b1807a88193752535f1ec00,utf8_content_and_contract_scan,REVIEWED,,audited; no historical content changed,false,assessed,assessed,assessed
reports/final_submission/final_submission_report.json,text,4058,0eaf59398695eff3c9b7b12026795adeba1e7132035823cbd48c6775ad063a94,utf8_content_and_contract_scan,REVIEWED,,audited; no historical content changed,false,assessed,assessed,assessed
reports/final_submission/final_submission_report.md,text,754,1682f3e4d100b34c906da796678951f3ab3b4cbc12afeeb0d186aae590907cd0,utf8_content_and_contract_scan,REVIEWED,,audited; no historical content changed,false,assessed,assessed,assessed
reports/final_submission/final_test_results.txt,text,380,91c7cdfc0dd9bf5171868a0dedc3f883a90017eeadc3ea3525d681e00e0ab6fb,utf8_content_and_contract_scan,REVIEWED,,audited; no historical content changed,false,assessed,assessed,assessed
reports/final_submission/interruption_recovery.json,text,3067,a9e51b21f7c81d3971e6656ae79cc01ac08f5daa525e207fc51b08168cd6969d,utf8_content_and_contract_scan,REVIEWED,,audited; no historical content changed,false,assessed,assessed,assessed
reports/final_submission/paper_result.json,text,1120,1ea847ac376275ef876212d5b7fced6f02dce97a7b69d826eb90f0660bd5f927,utf8_content_and_contract_scan,REVIEWED,,audited; no historical content changed,false,assessed,assessed,assessed
reports/final_submission/paper_result.md,text,720,3d2f5e63ed37d2ee9ce8f9e752c7f37e02e593ed48d9a529b1b38d0ec785403b,utf8_content_and_contract_scan,REVIEWED,,audited; no historical content changed,false,assessed,assessed,assessed
reports/final_submission/release_manifest.json,text,232726,6abd49ee136f65668fe2357c76e2948c807cfe48352266fbf59f91c10ffd4363,utf8_content_and_contract_scan,REVIEWED,,audited; no historical content changed,false,assessed,assessed,assessed
reports/final_submission/stage1_grid_environment/validation.json,text,881,43571e8369565a0c00e6cb901474c274b867175442901109bc31b553a722972d,utf8_content_and_contract_scan,REVIEWED,,audited; no historical content changed,false,assessed,assessed,assessed
reports/final_submission/stage2_planner_baselines/raw_results.csv,text,16934,ebaea7aed1e3d3b1d18090624fa4068f80741d004da7838b3ef89015bdf948b2,utf8_content_and_contract_scan,REVIEWED,,audited; no historical content changed,false,assessed,assessed,assessed
reports/final_submission/stage2_planner_baselines/summary.json,text,893,3e195ec92e5d42955add12401e21c36064a41b374756a16e6a64a39ebf935092,utf8_content_and_contract_scan,REVIEWED,,audited; no historical content changed,false,assessed,assessed,assessed
reports/final_submission/stage3_rl_baselines/collisions.png,binary,81929,627ddc5462229bfd6deca23844b24a1de6beec2a56133e3899b341158ded718e,git_blob_hash_and_size,REVIEWED,,audited; no historical content changed,true,assessed,assessed,assessed
reports/final_submission/stage3_rl_baselines/constraint_violations.png,binary,113259,3adfdf301040bca91252bdca750d3d1542b0e74edc7d8e1163d86ad17d6150a7,git_blob_hash_and_size,REVIEWED,,audited; no historical content changed,true,assessed,assessed,assessed
reports/final_submission/stage3_rl_baselines/coverage.png,binary,95966,db2198167036397c105f88efc6399d01a97550adf18f4e6fb76c071b38182fd6,git_blob_hash_and_size,REVIEWED,,audited; no historical content changed,true,assessed,assessed,assessed
reports/final_submission/stage3_rl_baselines/episodic_return.png,binary,103701,314eec7e4dfcb81562842742b72405457086bbc656dab85c2a5e56638ed77821,git_blob_hash_and_size,REVIEWED,,audited; no historical content changed,true,assessed,assessed,assessed
reports/final_submission/stage3_rl_baselines/evaluation_results.csv,text,7921,1298c56468a15c9d719bcd040717f8640cdd725c4fb217c904fb4dfe758208e5,utf8_content_and_contract_scan,REVIEWED,,audited; no historical content changed,false,assessed,assessed,assessed
reports/final_submission/stage3_rl_baselines/hazard_recall.png,binary,103824,264c20ed2a2d14effd6d065f0bb5462dc8a3288b715b8ae6e23dd3db84c1ab63,git_blob_hash_and_size,REVIEWED,,audited; no historical content changed,true,assessed,assessed,assessed
reports/final_submission/stage3_rl_baselines/ppo_checkpoint_metadata.json,text,574,75c68082bac8c423534dd29689f6bf9a509441eafe4cff0a262e17add909fbe7,utf8_content_and_contract_scan,REVIEWED,,audited; no historical content changed,false,assessed,assessed,assessed
reports/final_submission/stage3_rl_baselines/sac_checkpoint_metadata.json,text,655,d387dcd579a981fbc9e38326da8acf3575f02d1293b3fa8fd96435824b6c7f86,utf8_content_and_contract_scan,REVIEWED,,audited; no historical content changed,false,assessed,assessed,assessed
reports/final_submission/stage3_rl_baselines/safety_cost.png,binary,98948,99c868d2dadf05d4774441d5080016de149da693a22a01257504e9e00583a3de,git_blob_hash_and_size,REVIEWED,,audited; no historical content changed,true,assessed,assessed,assessed
reports/final_submission/stage3_rl_baselines/success.png,binary,28621,7fecd35dc180eb9f3299d2b670fb898212c7d103926f49779a3ae5c9fde6e560,git_blob_hash_and_size,REVIEWED,,audited; no historical content changed,true,assessed,assessed,assessed
reports/final_submission/stage3_rl_baselines/summary.json,text,646,c27454dd2b67681b8bfa932a122f4cc0eef9c97ebe607e5c19ecb3860334bf86,utf8_content_and_contract_scan,REVIEWED,,audited; no historical content changed,false,assessed,assessed,assessed
reports/final_submission/stage3_rl_baselines/training_metrics.csv,text,10277,cba38ee8b06db3ebb3737cb6849778127d15ddd25038312fd912a2aedb7efeb4,utf8_content_and_contract_scan,REVIEWED,,audited; no historical content changed,false,assessed,assessed,assessed
reports/final_submission/stage4_riskshield_ppo/checkpoint_metadata.json,text,923,803bf83959f1964bd24cd6f5c7cb3e01da031f2c7b94f25625f6169eceeea24a,utf8_content_and_contract_scan,REVIEWED,,audited; no historical content changed,false,assessed,assessed,assessed
reports/final_submission/stage4_riskshield_ppo/comparison_results.csv,text,17615,b41cd4f297e92d3e584196e530aea849e5274555daece1050886c31fed2bc2db,utf8_content_and_contract_scan,REVIEWED,,audited; no historical content changed,false,assessed,assessed,assessed
reports/final_submission/stage4_riskshield_ppo/comparison_summary.json,text,1229,6b9f1ae9fbf955c7b9f584c2ccdf1aa2be552a712dd2b8278cfa17182eb8a9b8,utf8_content_and_contract_scan,REVIEWED,,audited; no historical content changed,false,assessed,assessed,assessed
reports/final_submission/stage4_riskshield_ppo/constraint_training_metrics.csv,text,5589,8f2c1346371ec7a45cb194ae04dfcb3515ca17f15d97801dc5f5491548dcbe40,utf8_content_and_contract_scan,REVIEWED,,audited; no historical content changed,false,assessed,assessed,assessed
reports/final_submission/stage4_riskshield_ppo/ppo_training_diagnostics.csv,text,5908,685fe3b5996eccdb107cf4cc4c5fa718d1cb605c10c475b8632a0d9cdff41823,utf8_content_and_contract_scan,REVIEWED,,audited; no historical content changed,false,assessed,assessed,assessed
reports/final_submission/stage5_safety_shield/raw_results.csv,text,9540,9171b6ff942069d51d20c8a15cdb457ddc2c4843af4240ae32749c98311ac2c1,utf8_content_and_contract_scan,REVIEWED,,audited; no historical content changed,false,assessed,assessed,assessed
reports/final_submission/stage5_safety_shield/summary.json,text,1236,7fccf81cdfe32d4448dae36039eca0cc4a71a73f62e905b637cc1758fce13f05,utf8_content_and_contract_scan,REVIEWED,,audited; no historical content changed,false,assessed,assessed,assessed
reports/final_submission/stage6_webots/site_dynamic/first_person_final.png,binary,4345,e14c81d4c30b1b811f911cc874e71bc4d413911dbcea4e64a24fafe07ae62471,git_blob_hash_and_size,REVIEWED,,audited; no historical content changed,true,assessed,assessed,assessed
reports/final_submission/stage6_webots/site_dynamic/first_person_initial.png,binary,131364,930c93ed12b0b6fd24911b9d91ab62f0536cd23de5335e3742e11e37c80cb3a0,git_blob_hash_and_size,REVIEWED,,audited; no historical content changed,true,assessed,assessed,assessed
reports/final_submission/stage6_webots/site_dynamic/stage5c_runtime_summary.json,text,1139,5e2c7b6e37dd55cd34e65f736f00d9954a5998e9b5a37a11a13f56592daa9112,utf8_content_and_contract_scan,REVIEWED,,audited; no historical content changed,false,assessed,assessed,assessed
reports/final_submission/stage6_webots/site_dynamic/webots_stderr.log,text,0,e3b0c44298fc1c149afbf4c8996fb92427ae41e4649b934ca495991b7852b855,utf8_content_and_contract_scan,REVIEWED,,audited; no historical content changed,false,assessed,assessed,assessed
reports/final_submission/stage6_webots/site_dynamic/webots_stdout.log,text,0,e3b0c44298fc1c149afbf4c8996fb92427ae41e4649b934ca495991b7852b855,utf8_content_and_contract_scan,REVIEWED,,audited; no historical content changed,false,assessed,assessed,assessed
reports/final_submission/stage6_webots/site_medium/first_person_final.png,binary,4345,005916353f435f58d8ba944a20d7f84979434a59b9a71f46823e9eee57c74799,git_blob_hash_and_size,REVIEWED,,audited; no historical content changed,true,assessed,assessed,assessed
reports/final_submission/stage6_webots/site_medium/first_person_initial.png,binary,131364,e681d6b73cb2e689a6113c0962f47c88808d88208140e7d8313a47da0feccc5d,git_blob_hash_and_size,REVIEWED,,audited; no historical content changed,true,assessed,assessed,assessed
reports/final_submission/stage6_webots/site_medium/stage5c_runtime_summary.json,text,1139,3678c78ae47740984cccbb97aea5268e199c232945aece9ec94452a8704b9e5d,utf8_content_and_contract_scan,REVIEWED,,audited; no historical content changed,false,assessed,assessed,assessed
reports/final_submission/stage6_webots/site_medium/webots_stderr.log,text,0,e3b0c44298fc1c149afbf4c8996fb92427ae41e4649b934ca495991b7852b855,utf8_content_and_contract_scan,REVIEWED,,audited; no historical content changed,false,assessed,assessed,assessed
reports/final_submission/stage6_webots/site_medium/webots_stdout.log,text,0,e3b0c44298fc1c149afbf4c8996fb92427ae41e4649b934ca495991b7852b855,utf8_content_and_contract_scan,REVIEWED,,audited; no historical content changed,false,assessed,assessed,assessed
reports/final_submission/stage6_webots/site_small/first_person_final.png,binary,4345,bc6e352b57027fa3c8ce72eda8547ccdbc14b397547be8e5d6699a2fb3c1887d,git_blob_hash_and_size,REVIEWED,,audited; no historical content changed,true,assessed,assessed,assessed
reports/final_submission/stage6_webots/site_small/first_person_initial.png,binary,131364,92cf6fb6f6ab3720aad797d4a8b5e6ff098cd2a6839775dbcad80417e84fac18,git_blob_hash_and_size,REVIEWED,,audited; no historical content changed,true,assessed,assessed,assessed
reports/final_submission/stage6_webots/site_small/stage5c_runtime_summary.json,text,1139,a478724c7e7a78389eba8679ba09c47723cc0724e0e553cf0faadcd2660d299a,utf8_content_and_contract_scan,REVIEWED,,audited; no historical content changed,false,assessed,assessed,assessed
reports/final_submission/stage6_webots/site_small/webots_stderr.log,text,0,e3b0c44298fc1c149afbf4c8996fb92427ae41e4649b934ca495991b7852b855,utf8_content_and_contract_scan,REVIEWED,,audited; no historical content changed,false,assessed,assessed,assessed
reports/final_submission/stage6_webots/site_small/webots_stdout.log,text,0,e3b0c44298fc1c149afbf4c8996fb92427ae41e4649b934ca495991b7852b855,utf8_content_and_contract_scan,REVIEWED,,audited; no historical content changed,false,assessed,assessed,assessed
reports/final_submission/stage6_webots/visual_validation.json,text,2605,0312f9f28e92162a7062625e0c5b60f884351d3a9d03bdbf4102bebbbc4aa7eb,utf8_content_and_contract_scan,REVIEWED,,audited; no historical content changed,false,assessed,assessed,assessed
reports/final_submission/stage6_webots/world_smoke_summary.json,text,903,3e9fb2cfdd6c51854de822d4232b39e63c13167c0aeb46fdca4f64914fe6a043,utf8_content_and_contract_scan,REVIEWED,,audited; no historical content changed,false,assessed,assessed,assessed
reports/final_submission/stage7_perception/selected_runtime_annotation.png,binary,58918,ffa6089efa2f0a3c1a8fa5b851fe6a00357a9f7dc5ee2af9ec1e516a6f43d642,git_blob_hash_and_size,REVIEWED,,audited; no historical content changed,true,assessed,assessed,assessed
reports/final_submission/stage7_perception/validation.json,text,780,c124d62580c7117276c5d9c15e4b4afece89a5242ebcd9433f05df66da637c9b,utf8_content_and_contract_scan,REVIEWED,,audited; no historical content changed,false,assessed,assessed,assessed
reports/final_submission/stage8_uncertainty/aggregated_results.csv,text,6890,623b016c3e6b797c44e5d958ca413bd1024c57d8912daa5f16c221cbd4f9d56b,utf8_content_and_contract_scan,REVIEWED,,audited; no historical content changed,false,assessed,assessed,assessed
reports/final_submission/stage8_uncertainty/raw_results.csv,text,35289,2a64b86522751eb5e7687f49b4fa4f3353d6624e9d2ef9d70ff9e1a55fd94f70,utf8_content_and_contract_scan,REVIEWED,,audited; no historical content changed,false,assessed,assessed,assessed
reports/final_submission/stage8_uncertainty/summary.json,text,522,e8176145b0d3236c57aca0338a2b6a6e49cd21c674f47572d1182d36b3a0ebbf,utf8_content_and_contract_scan,REVIEWED,,audited; no historical content changed,false,assessed,assessed,assessed
reports/final_submission/stage9_benchmark/ablation_manifest.json,text,2253,3879688a7942e9611e26c07aab592777482076db64d3aa419c39e124b9e18805,utf8_content_and_contract_scan,REVIEWED,,audited; no historical content changed,false,assessed,assessed,assessed
reports/final_submission/stage9_benchmark/ablation_results.csv,text,51705,16cb46764e9a2ba4707ca684588fc541497da7f828943737393271797a8cdeb1,utf8_content_and_contract_scan,REVIEWED,,audited; no historical content changed,false,assessed,assessed,assessed
reports/final_submission/stage9_benchmark/ablation_summary.json,text,4197,9830ca17932d607453eaecf7d10ebccc3db3373d95c6e80f49b9b4a2a6efe0a4,utf8_content_and_contract_scan,REVIEWED,,audited; no historical content changed,false,assessed,assessed,assessed
reports/final_submission/stage9_benchmark/aggregated_results.csv,text,258892,a5dae6bdf1a1513695fa82a4afa6d5a547c0b401b7a46b43ab9284bf1362ba48,utf8_content_and_contract_scan,REVIEWED,,audited; no historical content changed,false,assessed,assessed,assessed
reports/final_submission/stage9_benchmark/benchmark_summary.json,text,1282,c87f1b24cf9de26141067f89db1364e2053aa14aa8aebfe1412755d60395f764,utf8_content_and_contract_scan,REVIEWED,,audited; no historical content changed,false,assessed,assessed,assessed
reports/final_submission/stage9_benchmark/failed_runs.jsonl,text,0,e3b0c44298fc1c149afbf4c8996fb92427ae41e4649b934ca495991b7852b855,utf8_content_and_contract_scan,REVIEWED,,audited; no historical content changed,false,assessed,assessed,assessed
reports/final_submission/stage9_benchmark/figures/collision_comparison.png,binary,45983,9579e1e71c5ca0a6869a8e1294b82222e651ee53c8385384f9bd036e3cae5236,git_blob_hash_and_size,REVIEWED,,audited; no historical content changed,true,assessed,assessed,assessed
reports/final_submission/stage9_benchmark/figures/constraint_violation_comparison.png,binary,46220,6f17d5a6a4415160d76cb66d7b90a8351e15dff1921f2b6ec0f31a3837b73f94,git_blob_hash_and_size,REVIEWED,,audited; no historical content changed,true,assessed,assessed,assessed
reports/final_submission/stage9_benchmark/figures/energy_comparison.png,binary,46175,a19c1daac2386f13433eab3cfe340759a8f286c23583c35817763c1118b40aa8,git_blob_hash_and_size,REVIEWED,,audited; no historical content changed,true,assessed,assessed,assessed
reports/final_submission/stage9_benchmark/figures/hazard_recall_comparison.png,binary,44617,714878bf12cb421bb0187290dbeccf8e86540fa711a8281d38569020688aaa5c,git_blob_hash_and_size,REVIEWED,,audited; no historical content changed,true,assessed,assessed,assessed
reports/final_submission/stage9_benchmark/figures/inspection_coverage_comparison.png,binary,48397,f9aa964450ac9dd6f09d3bf1decfa84ea8eff6a4f5352417817b2d16d716d691,git_blob_hash_and_size,REVIEWED,,audited; no historical content changed,true,assessed,assessed,assessed
reports/final_submission/stage9_benchmark/figures/learning_curves.png,binary,61307,5b16df8341327e84f4573686a54c31ad3bbb767f2b80c4b3c8354324c5079b5a,git_blob_hash_and_size,REVIEWED,,audited; no historical content changed,true,assessed,assessed,assessed
reports/final_submission/stage9_benchmark/figures/robustness_comparison.png,binary,47068,e14f4ee6ba7a6f584a6b9ab1d1db06b985bed3b08c69459610beb73ae17532e1,git_blob_hash_and_size,REVIEWED,,audited; no historical content changed,true,assessed,assessed,assessed
reports/final_submission/stage9_benchmark/figures/safety_cost_curves.png,binary,123898,a58bfb8cc564b71c9d8580736c2e8e056e24a3b7262548a6edb028c8f5df265b,git_blob_hash_and_size,REVIEWED,,audited; no historical content changed,true,assessed,assessed,assessed
reports/final_submission/stage9_benchmark/figures/safety_performance_pareto.png,binary,61345,5c1020817faa4a7ea52e54f010ed993d5cb330fdd0eadcfb54ba4bf219100d0f,git_blob_hash_and_size,REVIEWED,,audited; no historical content changed,true,assessed,assessed,assessed
reports/final_submission/stage9_benchmark/figures/safety_shield_interventions.png,binary,43890,20b9a19568c445649ad5c554f0b6b20f0bb945aeae2c36feba77dff8b049f4f5,git_blob_hash_and_size,REVIEWED,,audited; no historical content changed,true,assessed,assessed,assessed
reports/final_submission/stage9_benchmark/figures/source_data/collision_comparison.csv,text,198,607c0d03f95bc4a5a7f3cf71b1d737cdf901fab0c2c7966e98471aa70c0b75f0,utf8_content_and_contract_scan,REVIEWED,,audited; no historical content changed,false,assessed,assessed,assessed
reports/final_submission/stage9_benchmark/figures/source_data/constraint_violation_comparison.csv,text,278,63a6dd3b05e801fd2aa1f5c3a44569855f5144647eadeebefed4914b0624c084,utf8_content_and_contract_scan,REVIEWED,,audited; no historical content changed,false,assessed,assessed,assessed
reports/final_submission/stage9_benchmark/figures/source_data/energy_comparison.csv,text,269,6172a13273406f1b90abd035d1c1017a9f7e60aeaff9768a755818966c1bcc7b,utf8_content_and_contract_scan,REVIEWED,,audited; no historical content changed,false,assessed,assessed,assessed
reports/final_submission/stage9_benchmark/figures/source_data/hazard_recall_comparison.csv,text,262,09aca64297d42c59f999237dc31bb4fc388866f702c498f1305be88bb906ebc2,utf8_content_and_contract_scan,REVIEWED,,audited; no historical content changed,false,assessed,assessed,assessed
reports/final_submission/stage9_benchmark/figures/source_data/inspection_coverage_comparison.csv,text,298,4f202f7243becb25bed0368b8aec28fdcefb910488b7c3d333afa42becc70d28,utf8_content_and_contract_scan,REVIEWED,,audited; no historical content changed,false,assessed,assessed,assessed
reports/final_submission/stage9_benchmark/figures/source_data/learning_curves.csv,text,5847,1ed5d3db64f09f09d8fb3f8408939e2bce9fc4e64a17207e1afad3a7b257e8de,utf8_content_and_contract_scan,REVIEWED,,audited; no historical content changed,false,assessed,assessed,assessed
reports/final_submission/stage9_benchmark/figures/source_data/robustness_comparison.csv,text,292,38496f65d16966bc02121632860ba00fe05e30d6fae84333637345c9c8f3e85d,utf8_content_and_contract_scan,REVIEWED,,audited; no historical content changed,false,assessed,assessed,assessed
reports/final_submission/stage9_benchmark/figures/source_data/safety_cost_curves.csv,text,3352,462920f9c9a9a82aec2144de53a279d58ed6bbe67b89126b949225c4a0927e4c,utf8_content_and_contract_scan,REVIEWED,,audited; no historical content changed,false,assessed,assessed,assessed
reports/final_submission/stage9_benchmark/figures/source_data/safety_performance_pareto.csv,text,283,3ce69bf81ca3426d15061fb17eb368a68d3eff760c3996183bad0513ed28fc5a,utf8_content_and_contract_scan,REVIEWED,,audited; no historical content changed,false,assessed,assessed,assessed
reports/final_submission/stage9_benchmark/figures/source_data/safety_shield_interventions.csv,text,165,e89833d92f7c0fa7c1b305504be27ec5fcf464404417bfdff1c6d5e815bfb52b,utf8_content_and_contract_scan,REVIEWED,,audited; no historical content changed,false,assessed,assessed,assessed
reports/final_submission/stage9_benchmark/figures/source_data/success_rate_comparison.csv,text,166,bafd3121e57234d7ca9258834835258781817363653b8fd72546607291ec479d,utf8_content_and_contract_scan,REVIEWED,,audited; no historical content changed,false,assessed,assessed,assessed
reports/final_submission/stage9_benchmark/figures/source_data/time_to_inspect_comparison.csv,text,278,1a2430aaec07af78ad573a8baf154bfba1579a6dbc26989d0d4ed871fbcfd3a2,utf8_content_and_contract_scan,REVIEWED,,audited; no historical content changed,false,assessed,assessed,assessed
reports/final_submission/stage9_benchmark/figures/source_data/uncertainty_degradation.csv,text,836,32fb2fae6b2ccc63e36d5765bd1f27f27ef1cf8cc3c18a58649040c36611682c,utf8_content_and_contract_scan,REVIEWED,,audited; no historical content changed,false,assessed,assessed,assessed
reports/final_submission/stage9_benchmark/figures/success_rate_comparison.png,binary,44211,0295e5461d482c530569e0c29399033994f30390a1a44dc1175ea096326fdb0e,git_blob_hash_and_size,REVIEWED,,audited; no historical content changed,true,assessed,assessed,assessed
reports/final_submission/stage9_benchmark/figures/time_to_inspect_comparison.png,binary,45861,7a4ec412d0ab62f2700a5516d027b41545f8d0856b511b101ebc0a7e95a621a8,git_blob_hash_and_size,REVIEWED,,audited; no historical content changed,true,assessed,assessed,assessed
reports/final_submission/stage9_benchmark/figures/uncertainty_degradation.png,binary,57420,3f28d41d13759446c9412f47c7b57f8c220adece722c4817e9426788e1e181a0,git_blob_hash_and_size,REVIEWED,,audited; no historical content changed,true,assessed,assessed,assessed
reports/final_submission/stage9_benchmark/raw_results.csv,text,714031,9ea32f5543aca4e8a5772b71eed1e30a4ad4060a6716fbd200aee539707aa2b3,utf8_content_and_contract_scan,REVIEWED,,audited; no historical content changed,false,assessed,assessed,assessed
reports/final_submission/stage9_benchmark/raw_results.parquet,binary,222937,c16abd6ad13916031e9fa4f5796250eea7446ee4b2d17112eb3c439409f53eb9,git_blob_hash_and_size,REVIEWED,,audited; no historical content changed,true,assessed,assessed,assessed
reports/final_submission/stage9_benchmark/resume_state.json,text,75,1e20374d71c880e5ca95a86966a4a559ad621477d6a351e653a59d383e527460,utf8_content_and_contract_scan,REVIEWED,,audited; no historical content changed,false,assessed,assessed,assessed
reports/final_submission/stage9_benchmark/run_manifest.json,text,862563,2acfa040a53745244fd696945e63504620a9904cc4a5d0a1abbd2edb585fb071,utf8_content_and_contract_scan,REVIEWED,,audited; no historical content changed,false,assessed,assessed,assessed
reports/final_submission/stage9_benchmark/statistical_analysis.json,text,2839,04d9862ce517b41edc760f0e3cc7aea62b95291142a2ddc2c6677424bf87e682,utf8_content_and_contract_scan,REVIEWED,,audited; no historical content changed,false,assessed,assessed,assessed
reports/final_submission/stage9_benchmark/statistical_analysis.md,text,1246,4bf8a1506dd5977beb9b923a80ce69bedc114b928ee08ae26c8a20f9ba9b5da0,utf8_content_and_contract_scan,REVIEWED,,audited; no historical content changed,false,assessed,assessed,assessed
reports/final_submission/stage9_benchmark/tables/ablation_summary.csv,text,645,a5fa1f18b29129548a10c3c7e427654c6b115c9f1387ccd568e6cfc13db7f562,utf8_content_and_contract_scan,REVIEWED,,audited; no historical content changed,false,assessed,assessed,assessed
reports/final_submission/stage9_benchmark/tables/ablation_summary.tex,text,647,e6f6b305f4a1bdf891e6920986d9c4c35e85eb813688503a501aaca26dcb7a9f,utf8_content_and_contract_scan,REVIEWED,,audited; no historical content changed,false,assessed,assessed,assessed
reports/final_submission/stage9_benchmark/tables/algorithm_summary.csv,text,631,ba3487ad61e73a3ca730209d3d6f163c9d3a19b222ea93d49c17af3043927062,utf8_content_and_contract_scan,REVIEWED,,audited; no historical content changed,false,assessed,assessed,assessed
reports/final_submission/stage9_benchmark/tables/algorithm_summary.tex,text,573,79e35b8afc45e44aa36bb1250a31ce7a8748abbd9cc1b2e435ce3b4066a05d35,utf8_content_and_contract_scan,REVIEWED,,audited; no historical content changed,false,assessed,assessed,assessed
reports/final_submission/stage9_benchmark/validation/five_algorithm_gate/aggregated_results.csv,text,7026,1d670685cfa5acc5d3f3f82c18c0ee2b278c95ca9245f82be5ffdc95a0d1a3b2,utf8_content_and_contract_scan,REVIEWED,,audited; no historical content changed,false,assessed,assessed,assessed
reports/final_submission/stage9_benchmark/validation/five_algorithm_gate/benchmark_summary.json,text,1078,3d74314fcba5bc2be318a631f4f6b69c33a51f9987f74288c0d4a7ed78de91d7,utf8_content_and_contract_scan,REVIEWED,,audited; no historical content changed,false,assessed,assessed,assessed
reports/final_submission/stage9_benchmark/validation/five_algorithm_gate/failed_runs.jsonl,text,0,e3b0c44298fc1c149afbf4c8996fb92427ae41e4649b934ca495991b7852b855,utf8_content_and_contract_scan,REVIEWED,,audited; no historical content changed,false,assessed,assessed,assessed
reports/final_submission/stage9_benchmark/validation/five_algorithm_gate/raw_results.csv,text,3191,6d3ecd799857db98bb7ab64eb71f4c7be0e6920449079a2e7383d8c6e8dd5af2,utf8_content_and_contract_scan,REVIEWED,,audited; no historical content changed,false,assessed,assessed,assessed
reports/final_submission/stage9_benchmark/validation/five_algorithm_gate/raw_results.parquet,binary,26507,34d054f88eda531b43ca626abeaff02d05544e66fc51941f5f7b56e8ce18d996,git_blob_hash_and_size,REVIEWED,,audited; no historical content changed,true,assessed,assessed,assessed
reports/final_submission/stage9_benchmark/validation/five_algorithm_gate/resume_state.json,text,69,1614ac35673993204876bfde77f2f11d126a1214847b455da8e2a2b41e3316b7,utf8_content_and_contract_scan,REVIEWED,,audited; no historical content changed,false,assessed,assessed,assessed
reports/final_submission/stage9_benchmark/validation/five_algorithm_gate/statistical_analysis.json,text,3,ca3d163bab055381827226140568f3bef7eaac187cebd76878e0b63e9e442356,utf8_content_and_contract_scan,REVIEWED,,audited; no historical content changed,false,assessed,assessed,assessed
reports/final_submission/stage_audit.json,text,7518,febe0bd8d9d6abd925bc7c7ceb8e554573644d8edf7b51d3f696783241cfeb1a,utf8_content_and_contract_scan,REVIEWED,,audited; no historical content changed,false,assessed,assessed,assessed
reports/final_submission/stage_audit.md,text,3419,aabfa1f1baa4c1f741e90882d11c2b0ad97d1a3c5f6c4dd02ccc8b2d8fe10e72,utf8_content_and_contract_scan,REVIEWED,,audited; no historical content changed,false,assessed,assessed,assessed
reports/perception/pilot_runs/latest_pilot_summary.json,text,9317,4f687111710939829dc64385cad77d8adba1219208ecabbabef6322f8c3cb6ec,utf8_content_and_contract_scan,REVIEWED,,audited; no historical content changed,false,assessed,assessed,assessed
reports/perception/pilot_runs/pilot_summary_20260722_211614.csv,text,1311,06b66eb186e75c381291a1a3e630f9165282c2de57139eed838d8715cde3f5a4,utf8_content_and_contract_scan,REVIEWED,,audited; no historical content changed,false,assessed,assessed,assessed
reports/perception/pilot_runs/pilot_summary_20260722_211614.json,text,9317,4f687111710939829dc64385cad77d8adba1219208ecabbabef6322f8c3cb6ec,utf8_content_and_contract_scan,REVIEWED,,audited; no historical content changed,false,assessed,assessed,assessed
reports/perception/pilot_runs/pilot_viability_decision.json,text,3249,eb0c51448eb00df6111b9624d1ca78033c2850398ac520442621749dec600840,utf8_content_and_contract_scan,REVIEWED,,audited; no historical content changed,false,assessed,assessed,assessed
reports/perception/production_training_optimized/latest_summary.json,text,2246,31e6378724488295aec2099a3ea9f9647426b3f333bcd6d4265b72589bab973d,utf8_content_and_contract_scan,REVIEWED,,audited; no historical content changed,false,assessed,assessed,assessed
reports/perception/production_training_optimized/summary_20260723_003324.json,text,2246,31e6378724488295aec2099a3ea9f9647426b3f333bcd6d4265b72589bab973d,utf8_content_and_contract_scan,REVIEWED,,audited; no historical content changed,false,assessed,assessed,assessed
reports/perception/stage5b/benchmark_20260726/benchmark_stage5b_models.py,text,20224,a447b3d2582aa403ca471c641632ee41c314982520327a68d9603062c1a7e068,utf8_content_and_contract_scan,REVIEWED,,audited; no historical content changed,false,assessed,assessed,assessed
reports/perception/stage5b/benchmark_20260726/stage5b1_console_output.txt,text,5253,e82ff36d0d41df178b2a44b6fcce46c9cd21031e7b0f070bc8082b3048d3974c,utf8_content_and_contract_scan,REVIEWED,,audited; no historical content changed,false,assessed,assessed,assessed
reports/perception/stage5b/benchmark_20260726/stage5b1_model_benchmark.csv,text,2453,c01d8c4d07b9cf590cf5064b4a5d92ef1c9d5b67c508c89b2858df5759571253,utf8_content_and_contract_scan,REVIEWED,,audited; no historical content changed,false,assessed,assessed,assessed
reports/perception/stage5b/benchmark_20260726/stage5b1_model_benchmark.json,text,76519,58285ddf8994be794645883083f5a36f3e92959256e2f2eb512c8334119fe4ad,utf8_content_and_contract_scan,REVIEWED,,audited; no historical content changed,false,assessed,assessed,assessed
reports/perception/stage5b/benchmark_20260726/stage5b1_selected_model.json,text,929,a8a96d1d7b3fd18df4773200b72f1ac337c0e5c121ed4bb0517d94b48daa3c6e,utf8_content_and_contract_scan,REVIEWED,,audited; no historical content changed,false,assessed,assessed,assessed
reports/perception/stage5b/model_selection.json,text,996,7e2403c09c6402e2c8b2c4c5b10762d00e5454e95cba544a8fab701e0c627b67,utf8_content_and_contract_scan,REVIEWED,,audited; no historical content changed,false,assessed,assessed,assessed
reports/perception/stage5b/stage5b3_runtime_validation.json,text,2121,3adb2990f5c339debd31cbff9301117a4155067f86399993a66c49803f0514cc,utf8_content_and_contract_scan,REVIEWED,,audited; no historical content changed,false,assessed,assessed,assessed
reports/perception/stage5b/stage5b4_final_showcase.json,text,1312,31e1737cfc5d457add21fd58a2eb6eac24fb121d1a24b0a56618824b4a843bb8,utf8_content_and_contract_scan,REVIEWED,,audited; no historical content changed,false,assessed,assessed,assessed
reports/perception/training_environment.json,text,3768,ab3a57cbde76bce1978a337bec64a23479869e37ac7300d7158f0c819d67b7ef,utf8_content_and_contract_scan,REVIEWED,,audited; no historical content changed,false,assessed,assessed,assessed
reports/repository_audit/branch_comparison.md,text,386,83da98ff1ed2d8f7d003487138a9ff293dea5f408de3202bc574e7776515c961,utf8_content_and_contract_scan,REVIEWED,,audited; no historical content changed,false,assessed,assessed,assessed
reports/repository_audit/documentation_review.md,text,187,bc7dd3dbc91876f6c5123ac46a63b6f829c16cc56f124b412480846e5edb63a3,utf8_content_and_contract_scan,REVIEWED,,audited; no historical content changed,false,assessed,assessed,assessed
reports/repository_audit/file_coverage.csv,text,211380,d7a7175ad988b076fca4bc4a7112d5893c7cec22ee2157c37487ba8c98a17ba7,utf8_content_and_contract_scan,REVIEWED,,audited; no historical content changed,false,assessed,assessed,assessed
reports/repository_audit/github_tree.json,text,145156,036fff91dbc48c7536b63414bd627816d305936e96dd0f5954e811bc11802b42,utf8_content_and_contract_scan,REVIEWED,,audited; no historical content changed,false,assessed,assessed,assessed
reports/repository_audit/issues.csv,text,30,5c07b02c238072f892a55a280fabfaf507cabd07dde8103aa31fc81a6351eb30,utf8_content_and_contract_scan,REVIEWED,,audited; no historical content changed,false,assessed,assessed,assessed
reports/repository_audit/rendering_root_cause.md,text,301,81cbc0c083740c3e49583a7bcada353d3eca2981819468b0b5a233e92401f7b7,utf8_content_and_contract_scan,REVIEWED,,audited; no historical content changed,false,assessed,assessed,assessed
reports/repository_audit/security_review.md,text,161,305af5faf2dfda7b2856a1e8e1c88bfefbdb8325d24a6dcf85722a2f1a0c5eb2,utf8_content_and_contract_scan,REVIEWED,,audited; no historical content changed,false,assessed,assessed,assessed
reports/repository_audit/summary.json,text,511,7b94cf8daee9b5865fb61032ea49b2ff41f9bd350229731058f12aca92cc9287,utf8_content_and_contract_scan,REVIEWED,,audited; no historical content changed,false,assessed,assessed,assessed
reports/repository_audit/summary.md,text,546,4a19ed002808cba5a345971ee11c7d6b7edfa04b5750b5c40d1eb6c2d76a4ff3,utf8_content_and_contract_scan,REVIEWED,,audited; no historical content changed,false,assessed,assessed,assessed
reports/repository_audit/tracked_files.txt,text,49304,3ccbe5173197a00362640c315a129d701d4c72f87beef845a91b657df9d2550c,utf8_content_and_contract_scan,REVIEWED,,audited; no historical content changed,false,assessed,assessed,assessed
reports/strong_policy_upgrade/ablations_v4/infeasible_variants.json,text,2858,85cd128d3e5cff3ee701a57ba3b470321af3a01a131652958c92fb7bc05ac8cc,utf8_content_and_contract_scan,REVIEWED,,audited; no historical content changed,false,assessed,assessed,assessed
reports/strong_policy_upgrade/ablations_v4/protocol.md,text,189,c74238b4c0f7b20c6b03f170f64d789fadb9f8b07262f7176aa809f2bf6aaa48,utf8_content_and_contract_scan,REVIEWED,,audited; no historical content changed,false,assessed,assessed,assessed
reports/strong_policy_upgrade/ablations_v4/statistics.json,text,96,21a56fce87b4512dbe586668398d1d91a1799a9b2b4f8c311b7ef91aa8ef4d84,utf8_content_and_contract_scan,REVIEWED,,audited; no historical content changed,false,assessed,assessed,assessed
reports/strong_policy_upgrade/ablations_v4/statistics.md,text,171,69f6a832bb7d8328db73f0e452d55f4e4a63ee79e7727e73663f4eb9baf514cb,utf8_content_and_contract_scan,REVIEWED,,audited; no historical content changed,false,assessed,assessed,assessed
reports/strong_policy_upgrade/ablations_v4/summary.csv,text,224,94dd55f63d9f655cd5868e0e353cd221b4d19c3b84c3adbb9d8af242b5a885af,utf8_content_and_contract_scan,REVIEWED,,audited; no historical content changed,false,assessed,assessed,assessed
reports/strong_policy_upgrade/ablations_v4/summary.json,text,3096,588eace07cf764316e95e8f4701b6163513c802e104774df0635d9f8a3e9646e,utf8_content_and_contract_scan,REVIEWED,,audited; no historical content changed,false,assessed,assessed,assessed
reports/strong_policy_upgrade/baseline_manifests/best_recurrent_dagger.json,text,1024,31f8be5513da0b3c2a2781839f1887624c31bbc0035f9eb06de396e35b3fbdce,utf8_content_and_contract_scan,REVIEWED,,audited; no historical content changed,false,assessed,assessed,assessed
reports/strong_policy_upgrade/baseline_manifests/causal_expert.json,text,984,52ff65835c30690df90a432a4c7e8632c24e9efab1bee1badd6e67ab7530932e,utf8_content_and_contract_scan,REVIEWED,,audited; no historical content changed,false,assessed,assessed,assessed
reports/strong_policy_upgrade/baseline_manifests/causal_risk_aware_astar.json,text,816,c01e57ff47b19cbad06558f72d49b41df160b85d4659c620c4935d19f0b97862,utf8_content_and_contract_scan,REVIEWED,,audited; no historical content changed,false,assessed,assessed,assessed
reports/strong_policy_upgrade/baseline_manifests/hrmppo_safe_v3_failed.json,text,1050,e4027487ee105170ee861ed53f10891894b3912ed267bfe192ea0fcf71a66145,utf8_content_and_contract_scan,REVIEWED,,audited; no historical content changed,false,assessed,assessed,assessed
reports/strong_policy_upgrade/baseline_manifests/hrmppo_v2_task_baseline.json,text,1115,a1870004491818860198cdab91fec85732038e978ca1e995fbdf27409bcd962a,utf8_content_and_contract_scan,REVIEWED,,audited; no historical content changed,false,assessed,assessed,assessed
reports/strong_policy_upgrade/baseline_manifests/riskshield_ppo_v1.json,text,844,e639503202a69cf2101ba5ab49a90b78edaca8733299fcd645c8483e8a569749,utf8_content_and_contract_scan,REVIEWED,,audited; no historical content changed,false,assessed,assessed,assessed
reports/strong_policy_upgrade/benchmark_v2/aggregated_results.csv,text,12466,16c184958bd9c009392b0e4ed490ac255d6a89bdda5272a3176050452a167536,utf8_content_and_contract_scan,REVIEWED,,audited; no historical content changed,false,assessed,assessed,assessed
reports/strong_policy_upgrade/benchmark_v2/benchmark_summary.json,text,527,491243d198834f07ad2bef99ad504bf77fe1c9002b7514210778d001500e700f,utf8_content_and_contract_scan,REVIEWED,,audited; no historical content changed,false,assessed,assessed,assessed
reports/strong_policy_upgrade/benchmark_v2/benchmark_summary.md,text,118,bb62ca59be2b170ce1fb1249779394f7ae5989b155b65e76b2c9bebad70bc1cd,utf8_content_and_contract_scan,REVIEWED,,audited; no historical content changed,false,assessed,assessed,assessed
reports/strong_policy_upgrade/benchmark_v2/hierarchical_v4_rows.csv,text,71974,ab4d4c1d96f74da7199d6670fa83bf87da093e59e18e135c183e2f0b63d92c02,utf8_content_and_contract_scan,REVIEWED,,audited; no historical content changed,false,assessed,assessed,assessed
reports/strong_policy_upgrade/benchmark_v2/integrity_report.json,text,527,491243d198834f07ad2bef99ad504bf77fe1c9002b7514210778d001500e700f,utf8_content_and_contract_scan,REVIEWED,,audited; no historical content changed,false,assessed,assessed,assessed
reports/strong_policy_upgrade/benchmark_v2/integrity_report.md,text,127,0711a9e8740851b37d4d740bd4afb469db6a5006cef3230ab3d6ceadf6945c34,utf8_content_and_contract_scan,REVIEWED,,audited; no historical content changed,false,assessed,assessed,assessed
reports/strong_policy_upgrade/benchmark_v2/metric_availability.json,text,811,02f46b794254a4639ee07e8c4342699e2fcf5bbb4346d262f8c79bb2fa624a6b,utf8_content_and_contract_scan,REVIEWED,,audited; no historical content changed,false,assessed,assessed,assessed
reports/strong_policy_upgrade/benchmark_v2/raw_results.csv,text,946548,d5a52376d1e73e533aef2e7bb310b7c790f4e4b83fc47e6964a0112c90b9f529,utf8_content_and_contract_scan,REVIEWED,,audited; no historical content changed,false,assessed,assessed,assessed
reports/strong_policy_upgrade/benchmark_v2/raw_results.parquet,binary,240344,6eaa0d4dab89cefd880ae98dcd1ffdfef049214e88c37f76ea2ee8de1127aaa1,git_blob_hash_and_size,REVIEWED,,audited; no historical content changed,true,assessed,assessed,assessed
reports/strong_policy_upgrade/benchmark_v2/resume_state.json,text,42,4a647bb8f575b76990b743fbfa45c08fdc5ca336532f8220d6d38683b3eaba5a,utf8_content_and_contract_scan,REVIEWED,,audited; no historical content changed,false,assessed,assessed,assessed
reports/strong_policy_upgrade/causal_behavior_cloning/behavior_cloning_results.csv,text,2195,304f80bba9ed05343239be99cd72970615fcf2c332f625ea1c73e013f0041f6a,utf8_content_and_contract_scan,REVIEWED,,audited; no historical content changed,false,assessed,assessed,assessed
reports/strong_policy_upgrade/causal_behavior_cloning/behavior_cloning_summary.json,text,4669,642e6163dd825be2f18d631a843bc9f3a1a2e63a1fedd0d83b4d8c89c9372d35,utf8_content_and_contract_scan,REVIEWED,,audited; no historical content changed,false,assessed,assessed,assessed
reports/strong_policy_upgrade/causal_behavior_cloning/checkpoint_manifest.json,text,1830,b78eee965c08721e3bde4bbee1a0e79a8ac16353acaea6c4fcbe53246481de2e,utf8_content_and_contract_scan,REVIEWED,,audited; no historical content changed,false,assessed,assessed,assessed
reports/strong_policy_upgrade/causal_behavior_cloning/confusion_matrix_seed_20260730.csv,text,173,0b03489e25d3a8fcd95a06a2d435b1c743f85b857de173ef737b1b34c55efc62,utf8_content_and_contract_scan,REVIEWED,,audited; no historical content changed,false,assessed,assessed,assessed
reports/strong_policy_upgrade/causal_behavior_cloning/confusion_matrix_seed_20260731.csv,text,172,233bd9dd9ecf4894954a4349c0e23ead9a92e40c1cc3e378cc01856d6283d262,utf8_content_and_contract_scan,REVIEWED,,audited; no historical content changed,false,assessed,assessed,assessed
reports/strong_policy_upgrade/causal_behavior_cloning/confusion_matrix_seed_20260732.csv,text,173,ed48cb7258a44d3dcb3f397e10f4da7ac2c616002b3f601bbab60515afe5d9a5,utf8_content_and_contract_scan,REVIEWED,,audited; no historical content changed,false,assessed,assessed,assessed
reports/strong_policy_upgrade/causal_behavior_cloning/memory_profile.json,text,1696,72b1e49e3d82d453dfec86d40884b8f88c64c7ff01a383504436ad697525568f,utf8_content_and_contract_scan,REVIEWED,,audited; no historical content changed,false,assessed,assessed,assessed
reports/strong_policy_upgrade/causal_behavior_cloning/memory_smoke_test.json,text,7353,1030e7d288bbf9042cc2bd00a78093b6169a5685cf6cf1577608c7ce4f5b2564,utf8_content_and_contract_scan,REVIEWED,,audited; no historical content changed,false,assessed,assessed,assessed
reports/strong_policy_upgrade/causal_behavior_cloning/mix_summary.json,text,2093,e236c547ad422f0499afaed711348b24bcc1cb916af288f9087f648532f8b9b5,utf8_content_and_contract_scan,REVIEWED,,audited; no historical content changed,false,assessed,assessed,assessed
reports/strong_policy_upgrade/causal_dataset_recovery.json,text,1297,b8c7d242d4ea209b22b794ac8b41bc5787cf65912770a69cc56f35f44b106ce8,utf8_content_and_contract_scan,REVIEWED,,audited; no historical content changed,false,assessed,assessed,assessed
reports/strong_policy_upgrade/causal_expert/evaluation.csv,text,163903,213f9a378d6aa9c81182c933222570e7f45326a2ab7550e8b7f34b789b90d8dd,utf8_content_and_contract_scan,REVIEWED,,audited; no historical content changed,false,assessed,assessed,assessed
reports/strong_policy_upgrade/causal_expert/summary.json,text,8196,f7b39dbc0ceecbc696b5d2cc5c37e8ef1adb29fe96765bdbdddab45daeac5907,utf8_content_and_contract_scan,REVIEWED,,audited; no historical content changed,false,assessed,assessed,assessed
reports/strong_policy_upgrade/causal_expert_dataset/summary.json,text,1300522,9f8bb6a3441ad75e7cecc2f4c65609d28b4ccf34b482810dca7b68ae13696d73,utf8_content_and_contract_scan,REVIEWED,,audited; no historical content changed,false,assessed,assessed,assessed
reports/strong_policy_upgrade/causal_expert_dataset_systematic/summary.json,text,655800,b88658229ddb0639adf284e09678c65f8461576f88b727e1508d7f6d4b084c7a,utf8_content_and_contract_scan,REVIEWED,,audited; no historical content changed,false,assessed,assessed,assessed
reports/strong_policy_upgrade/cv_final_audit/summary.json,text,1158,29b55f6866318d6714108253fbc413010572d5dd3dc5f78d53f2c391faf79c5f,utf8_content_and_contract_scan,REVIEWED,,audited; no historical content changed,false,assessed,assessed,assessed
reports/strong_policy_upgrade/cv_final_audit/summary.md,text,1132,e8b68f44d519c1c8a7a89ab56e35771d501cbb3cccc5407cc8dac3dcdeece3ce,utf8_content_and_contract_scan,REVIEWED,,audited; no historical content changed,false,assessed,assessed,assessed
reports/strong_policy_upgrade/dagger/dagger_iteration_1.json,text,2387,a03f990c5cc1206aebdd49ab7da472335bc4eb7b53e6a90e2b2581d32063807c,utf8_content_and_contract_scan,REVIEWED,,audited; no historical content changed,false,assessed,assessed,assessed
reports/strong_policy_upgrade/dagger/dagger_iteration_2.json,text,2387,9a09622e13c583d268b93d6eff6872fa47ff865dcae1fb0543dbae5659c8f0be,utf8_content_and_contract_scan,REVIEWED,,audited; no historical content changed,false,assessed,assessed,assessed
reports/strong_policy_upgrade/dagger/dagger_iteration_3.json,text,2354,ece2cf248513daa7da31a8474f74d29552e95c32d279174b880b2749458bbccd,utf8_content_and_contract_scan,REVIEWED,,audited; no historical content changed,false,assessed,assessed,assessed
reports/strong_policy_upgrade/dagger/dagger_results.csv,text,521,5af970e1be804c8fbdb379b1998ed5d1ba0111b3ae58c612693dff72307a2346,utf8_content_and_contract_scan,REVIEWED,,audited; no historical content changed,false,assessed,assessed,assessed
reports/strong_policy_upgrade/dagger/dagger_summary.json,text,9029,b45e38cbfe4174e0a3e68511ffd35d64c98d0c759af6db4a7cd5957c59127ee3,utf8_content_and_contract_scan,REVIEWED,,audited; no historical content changed,false,assessed,assessed,assessed
reports/strong_policy_upgrade/dagger/iteration_1_training/behavior_cloning_summary.json,text,5500,6b86aeddc3a777c604722b1277d791a47c188d02d1b15ae784f490ce5193433f,utf8_content_and_contract_scan,REVIEWED,,audited; no historical content changed,false,assessed,assessed,assessed
reports/strong_policy_upgrade/dagger/iteration_1_training/confusion_matrix.csv,text,171,2af1543fbab608ddc5709c0eb1c6df10ec16881014049a55569c4280fab5333c,utf8_content_and_contract_scan,REVIEWED,,audited; no historical content changed,false,assessed,assessed,assessed
reports/strong_policy_upgrade/dagger/iteration_1_training/memory_profile.json,text,1682335,835fe29d66d672e3fe592897263a87df12410eb567689426e8115c2535e9697f,utf8_content_and_contract_scan,REVIEWED,,audited; no historical content changed,false,assessed,assessed,assessed
reports/strong_policy_upgrade/dagger/iteration_2_training/behavior_cloning_summary.json,text,5508,3c2094670ccbd4273c1984d80273d3022237914297a3c5700626622cd1d9000d,utf8_content_and_contract_scan,REVIEWED,,audited; no historical content changed,false,assessed,assessed,assessed
reports/strong_policy_upgrade/dagger/iteration_2_training/confusion_matrix.csv,text,173,a3adf43b68bb19689d393f75829861985aa3795bbd8ea3ddb02033cc062c1ac5,utf8_content_and_contract_scan,REVIEWED,,audited; no historical content changed,false,assessed,assessed,assessed
reports/strong_policy_upgrade/dagger/iteration_2_training/memory_profile.json,text,1778314,264a1d154d33e45bf39526955826f5a88b1a7dd47de4eb7294826018a0442605,utf8_content_and_contract_scan,REVIEWED,,audited; no historical content changed,false,assessed,assessed,assessed
reports/strong_policy_upgrade/dagger/iteration_3_training/behavior_cloning_summary.json,text,5499,574cef3ce8b0615fa137af6521a5a57f6c43bc7409ef1333a9feae218dbf4f93,utf8_content_and_contract_scan,REVIEWED,,audited; no historical content changed,false,assessed,assessed,assessed
reports/strong_policy_upgrade/dagger/iteration_3_training/confusion_matrix.csv,text,173,bcfea8186bb11856c0cb9d42551239b2e17c66c9efaba7a5b1dd919723f60476,utf8_content_and_contract_scan,REVIEWED,,audited; no historical content changed,false,assessed,assessed,assessed
reports/strong_policy_upgrade/dagger/iteration_3_training/memory_profile.json,text,1893262,4f5836957890b23d8caefc7e61ce7eac360dfef25509821621ca87a10e4f16d6,utf8_content_and_contract_scan,REVIEWED,,audited; no historical content changed,false,assessed,assessed,assessed
reports/strong_policy_upgrade/dagger_risk_astar/dagger_iteration_1.json,text,2506,2b21e78f304d2f9a7d59d6570a5e55e0858657ea3543b0e0d30edfd4908ee459,utf8_content_and_contract_scan,REVIEWED,,audited; no historical content changed,false,assessed,assessed,assessed
reports/strong_policy_upgrade/dagger_risk_astar/dagger_iteration_2.json,text,2527,8034c01a46778e412ed046aea15e486b86913be19febe57bc83a0bd7c40056dc,utf8_content_and_contract_scan,REVIEWED,,audited; no historical content changed,false,assessed,assessed,assessed
reports/strong_policy_upgrade/dagger_risk_astar/dagger_iteration_3.json,text,2524,a8045ef318947b706f4b1e5115ba1f16b4478f314609c53081450f26d5a057a4,utf8_content_and_contract_scan,REVIEWED,,audited; no historical content changed,false,assessed,assessed,assessed
reports/strong_policy_upgrade/dagger_risk_astar/dagger_results.csv,text,550,3b0af7ea8c333713d750239a370fdeb6ed8eb1803fe1ef5059cfa39f29bcf5de,utf8_content_and_contract_scan,REVIEWED,,audited; no historical content changed,false,assessed,assessed,assessed
reports/strong_policy_upgrade/dagger_risk_astar/dagger_summary.json,text,9530,1ae47f7f5474d768b6d0cccd6a7ae2b68ea58d70043fe4b6bee7b86cdc26bbd9,utf8_content_and_contract_scan,REVIEWED,,audited; no historical content changed,false,assessed,assessed,assessed
reports/strong_policy_upgrade/diagnosis_planners/raw_results.csv,text,168774,1c96cf7aea8b111b0407299b20077f9758cc91aeed655c8ba68148a059d440fc,utf8_content_and_contract_scan,REVIEWED,,audited; no historical content changed,false,assessed,assessed,assessed
reports/strong_policy_upgrade/diagnosis_planners/summary.json,text,1603,02f89bdce8b3ef26ec84493d9aebe968750d6c1654709a6eb1d2f0972e3fa1b4,utf8_content_and_contract_scan,REVIEWED,,audited; no historical content changed,false,assessed,assessed,assessed
reports/strong_policy_upgrade/execution_log.md,text,2767,711063e03ed2927a8505d605989faf073ab48065e0360413701bbb0f20e3a4d6,utf8_content_and_contract_scan,REVIEWED,,audited; no historical content changed,false,assessed,assessed,assessed
reports/strong_policy_upgrade/expert_dataset_failed_attempt_2.json,text,156481,fe71c1abc813b5a5e631f99dde24a89e022fa41340b3eb0ce1446922588f9b46,utf8_content_and_contract_scan,REVIEWED,,audited; no historical content changed,false,assessed,assessed,assessed
reports/strong_policy_upgrade/expert_dataset_failed_attempt_3.json,text,174805,ac49246ca71df0d0b1800ddadcfdcdee7582fa3efa6561ef9fd2d54ce17bc81b,utf8_content_and_contract_scan,REVIEWED,,audited; no historical content changed,false,assessed,assessed,assessed
reports/strong_policy_upgrade/expert_dataset_summary.json,text,423961,43e8a2f2dffb0cf09fd9c553c4b1cd86c7ec4ca04412bce9b034f951a6ec7f3c,utf8_content_and_contract_scan,REVIEWED,,audited; no historical content changed,false,assessed,assessed,assessed
reports/strong_policy_upgrade/failure_diagnosis.json,text,3389,f86e4669cd24ee2b463b270c302e40d5538cbc58dc720e35718dbed8b334062f,utf8_content_and_contract_scan,REVIEWED,,audited; no historical content changed,false,assessed,assessed,assessed
reports/strong_policy_upgrade/failure_diagnosis.md,text,1903,4872e80727d0923a2a1a6864b01a0c1a4e7b512fb071eeaf33665eb711638b4a,utf8_content_and_contract_scan,REVIEWED,,audited; no historical content changed,false,assessed,assessed,assessed
reports/strong_policy_upgrade/final_acceptance_v2/artifact_manifest.json,text,262,01874b5f759258577196176a48c9446b9bd8bb34c92334da80625c9972b51961,utf8_content_and_contract_scan,REVIEWED,,audited; no historical content changed,false,assessed,assessed,assessed
reports/strong_policy_upgrade/final_acceptance_v2/gates.json,text,478,bc95f1c8e8a984f9bd263bc83b39be1b794106eedd9dea59b76fa4d0b23381fb,utf8_content_and_contract_scan,REVIEWED,,audited; no historical content changed,false,assessed,assessed,assessed
reports/strong_policy_upgrade/final_acceptance_v2/summary.json,text,13141,dc8a5945e18515eaa97c10f7b792453955a6649c28d9ca3ecf071ecc350f9dfa,utf8_content_and_contract_scan,REVIEWED,,audited; no historical content changed,false,assessed,assessed,assessed
reports/strong_policy_upgrade/final_acceptance_v2/summary.md,text,213,cfaacfa0304fabea163b14359b21dc8f9f0f215bec54f7e1f1491f2f74360e0b,utf8_content_and_contract_scan,REVIEWED,,audited; no historical content changed,false,assessed,assessed,assessed
reports/strong_policy_upgrade/final_completion/current_state_audit.json,text,964,7f8f7dfb83bd5b76299b8a89ea347e5d868ceb17a90418935dbf43b6afda3fb6,utf8_content_and_contract_scan,REVIEWED,,audited; no historical content changed,false,assessed,assessed,assessed
reports/strong_policy_upgrade/final_completion/current_state_audit.md,text,854,8a7f892932a409fbdf7607307c54463938a164caebf524c3ff8693e503459337,utf8_content_and_contract_scan,REVIEWED,,audited; no historical content changed,false,assessed,assessed,assessed
reports/strong_policy_upgrade/final_completion/legacy_gate_audit.json,text,2151,d6dccdb7d72f612d9268cf869803caefd22c4e149102bffc007f3ff22c19d2df,utf8_content_and_contract_scan,REVIEWED,,audited; no historical content changed,false,assessed,assessed,assessed
reports/strong_policy_upgrade/final_completion/legacy_gate_audit.md,text,1792,e544a18e03f8e6bc315d186e5114b481b976f89a0a5402af45c05e6376820b6c,utf8_content_and_contract_scan,REVIEWED,,audited; no historical content changed,false,assessed,assessed,assessed
reports/strong_policy_upgrade/final_completion_handoff.json,text,6244,03153dccb087bb264ffbdbcc405c3b78afd112af7de40319cdacd531095eff0e,utf8_content_and_contract_scan,REVIEWED,,audited; no historical content changed,false,assessed,assessed,assessed
reports/strong_policy_upgrade/final_resume_audit.json,text,2573,73e94066af60e6e988847fac90642f3068f4b92f17ab84e4763faa3388bc1bad,utf8_content_and_contract_scan,REVIEWED,,audited; no historical content changed,false,assessed,assessed,assessed
reports/strong_policy_upgrade/final_resume_audit.md,text,2379,eac851f00dcf3a1c4c0f07928ab927fdf1d610323b762940587ce08a825a3d13,utf8_content_and_contract_scan,REVIEWED,,audited; no historical content changed,false,assessed,assessed,assessed
reports/strong_policy_upgrade/forensic_v4_correction/assertion_contract.json,text,679,6ba9ff0b5ef6f7e7ed86d4f101020249423d5c7a39b1f858f7f12bc9df0e85cf,utf8_content_and_contract_scan,REVIEWED,,audited; no historical content changed,false,assessed,assessed,assessed
reports/strong_policy_upgrade/forensic_v4_correction/assertion_contract.md,text,733,18f13d9f578bd93533cd5cd76561ef3ae316baa7cd8b6123d22f428ca1487cf3,utf8_content_and_contract_scan,REVIEWED,,audited; no historical content changed,false,assessed,assessed,assessed
reports/strong_policy_upgrade/forensic_v4_correction/pre_correction_findings.json,text,322,d98d88bdcc8b17b1dc4c35ad8a0adac5b7ac15f70e5734d3655d580595fcc589,utf8_content_and_contract_scan,REVIEWED,,audited; no historical content changed,false,assessed,assessed,assessed
reports/strong_policy_upgrade/forensic_v4_correction/pre_correction_findings.md,text,956,d7c13fb0932750bacc0bbaec40d9e3a20cb628b46d0e79b08e1759748afd9489,utf8_content_and_contract_scan,REVIEWED,,audited; no historical content changed,false,assessed,assessed,assessed
reports/strong_policy_upgrade/github_ci/ci_discovery.json,text,667,539c5dd16edd559e253052a5c9d89d0ccff68acd7b7987b022ceca93bc4609f8,utf8_content_and_contract_scan,REVIEWED,,audited; no historical content changed,false,assessed,assessed,assessed
reports/strong_policy_upgrade/github_ci/ci_discovery.md,text,828,e6a8bb82d69c5ddd141a112216934db2e768ce6051976bdd771805baadf2e52a,utf8_content_and_contract_scan,REVIEWED,,audited; no historical content changed,false,assessed,assessed,assessed
reports/strong_policy_upgrade/github_ci/final_green_run.json,text,257,82ecb562359e1b4c51a74f3f57ff4b90f1b34318408a8bac3646a193b2cd0b88,utf8_content_and_contract_scan,REVIEWED,,audited; no historical content changed,false,assessed,assessed,assessed
reports/strong_policy_upgrade/github_ci/final_green_run.log,text,147,2fe54de03392b252408699e9d584a84c3131337403969c5be2f885e1b6916d66,utf8_content_and_contract_scan,REVIEWED,,audited; no historical content changed,false,assessed,assessed,assessed
reports/strong_policy_upgrade/github_ci/final_green_run.md,text,191,f9159d3dc6cb6b0c3223c55d31172bc180a0c109997c8b707e62980e48aa7726,utf8_content_and_contract_scan,REVIEWED,,audited; no historical content changed,false,assessed,assessed,assessed
reports/strong_policy_upgrade/github_ci/run_31035868066_failed.log,text,429,5816cf5f2cb3ae81ff97298fbbbff481cf224d66ca8590f0f75266065304576b,utf8_content_and_contract_scan,REVIEWED,,audited; no historical content changed,false,assessed,assessed,assessed
reports/strong_policy_upgrade/github_ci/run_31035868066_summary.md,text,970,b8eca2bbba0abaa853e79372821ec3d6a9dd7337fcd28be8f2377764dfe86afc,utf8_content_and_contract_scan,REVIEWED,,audited; no historical content changed,false,assessed,assessed,assessed
reports/strong_policy_upgrade/hierarchical_beta_zero_systematic_final/summary.json,text,9274,a2f7994a4962ee6988ddde0f69bb9c6139d3200a59e129c9b86c95ef840b7229,utf8_content_and_contract_scan,REVIEWED,,audited; no historical content changed,false,assessed,assessed,assessed
reports/strong_policy_upgrade/hierarchical_dagger_accepted/summary.json,text,6216,638a4830ee05e64a656caa7d09d05e7702af6a4c9b4f9ec1fc0b9ede30f1303f,utf8_content_and_contract_scan,REVIEWED,,audited; no historical content changed,false,assessed,assessed,assessed
reports/strong_policy_upgrade/hierarchical_dataset_summary.json,text,639,17f99559200d3ba8484559758823116e2c268cef572cd166c8745d447a3463c8,utf8_content_and_contract_scan,REVIEWED,,audited; no historical content changed,false,assessed,assessed,assessed
reports/strong_policy_upgrade/hierarchical_final_recovery.json,text,1704,f3beebfbea2a2792b861f2460fb4d3777f0d01c87ee21c6889388e388d2cee98,utf8_content_and_contract_scan,REVIEWED,,audited; no historical content changed,false,assessed,assessed,assessed
reports/strong_policy_upgrade/hierarchical_final_recovery.md,text,1473,8d6a2435652dbfc574e770a8ab4192bb7367d5487406217d5fecfa1d4bc278f2,utf8_content_and_contract_scan,REVIEWED,,audited; no historical content changed,false,assessed,assessed,assessed
reports/strong_policy_upgrade/hierarchical_h2_5k_evaluation/summary.json,text,8642,8ad799d519b593f9240b5468a06ea6e6d1721911899d98d72a561312a222610b,utf8_content_and_contract_scan,REVIEWED,,audited; no historical content changed,false,assessed,assessed,assessed
reports/strong_policy_upgrade/hierarchical_h3_5k_evaluation/summary.json,text,9877,970549b11e8c63bf34a47c067c2f8f203b984de7e7c15661cdd10db0b6454191,utf8_content_and_contract_scan,REVIEWED,,audited; no historical content changed,false,assessed,assessed,assessed
reports/strong_policy_upgrade/hierarchical_imitation/confusion_matrix_seed_42.csv,text,177,e65b4067cae6f1d88a89c881c2a83f1090705595b6d2d2c19a11c392f02f90e5,utf8_content_and_contract_scan,REVIEWED,,audited; no historical content changed,false,assessed,assessed,assessed
reports/strong_policy_upgrade/hierarchical_imitation/confusion_matrix_seed_43.csv,text,177,82c7118bb77df74ea18a72e8633f7f89c173084a2514b43c43f42656870d5e4c,utf8_content_and_contract_scan,REVIEWED,,audited; no historical content changed,false,assessed,assessed,assessed
reports/strong_policy_upgrade/hierarchical_imitation/confusion_matrix_seed_44.csv,text,176,060cc824d1ba1ff6f9f9f30151b9360aab135b7a342cce33e61b9b8bf144720c,utf8_content_and_contract_scan,REVIEWED,,audited; no historical content changed,false,assessed,assessed,assessed
reports/strong_policy_upgrade/hierarchical_imitation/summary.json,text,31087,2d6493d51327580bc4316503912ccebfce2e6161276509d2309f52b623784b31,utf8_content_and_contract_scan,REVIEWED,,audited; no historical content changed,false,assessed,assessed,assessed
reports/strong_policy_upgrade/hierarchical_imitation_smoke/confusion_matrix_seed_42.csv,text,183,2ce231538e0e1d99817fb2ee1ead740c2ac8b23f30aefc60b17a278138d7fd92,utf8_content_and_contract_scan,REVIEWED,,audited; no historical content changed,false,assessed,assessed,assessed
reports/strong_policy_upgrade/hierarchical_imitation_smoke/summary.json,text,1651,98b7a1df4051c53d28dd53d970141f95494364739aed8911f17df9300d5aab1d,utf8_content_and_contract_scan,REVIEWED,,audited; no historical content changed,false,assessed,assessed,assessed
reports/strong_policy_upgrade/hierarchical_imitation_smoke_balanced/confusion_matrix_seed_43.csv,text,180,3319455f86b0aa9458701cabb11a4cadd7e41cc4cebe866c2a51e29d626e8867,utf8_content_and_contract_scan,REVIEWED,,audited; no historical content changed,false,assessed,assessed,assessed
reports/strong_policy_upgrade/hierarchical_imitation_smoke_balanced/summary.json,text,4082,8f5be429da7ffb37b009ecefa091e4310dae353daba715fd384ac724c6137201,utf8_content_and_contract_scan,REVIEWED,,audited; no historical content changed,false,assessed,assessed,assessed
reports/strong_policy_upgrade/hierarchical_imitation_smoke_repaired/confusion_matrix_seed_44.csv,text,174,5cb2e66508a4f97f62d3477b25e95b8f28265f2179c301022ba488e4b6fe6321,utf8_content_and_contract_scan,REVIEWED,,audited; no historical content changed,false,assessed,assessed,assessed
reports/strong_policy_upgrade/hierarchical_imitation_smoke_repaired/summary.json,text,7417,3b9e3c2c14a8189a6d8bb880e6b67a368db113952a3172f77a2445415532327b,utf8_content_and_contract_scan,REVIEWED,,audited; no historical content changed,false,assessed,assessed,assessed
reports/strong_policy_upgrade/hierarchical_imitation_systematic_final/confusion_matrix_seed_101.csv,text,171,6029726973062ee28eca6a8f0787028beac78c8d55247b03f8ec6a2a56e406b5,utf8_content_and_contract_scan,REVIEWED,,audited; no historical content changed,false,assessed,assessed,assessed
reports/strong_policy_upgrade/hierarchical_imitation_systematic_final/confusion_matrix_seed_102.csv,text,171,886e7db2a80d9f8666ed9be9504976179b874bf96929b97f7acf93e477038ad8,utf8_content_and_contract_scan,REVIEWED,,audited; no historical content changed,false,assessed,assessed,assessed
reports/strong_policy_upgrade/hierarchical_imitation_systematic_final/confusion_matrix_seed_103.csv,text,171,cffc2581ba2048331a437fc0177f440099900bd074c7d4e650017bf828c3df5b,utf8_content_and_contract_scan,REVIEWED,,audited; no historical content changed,false,assessed,assessed,assessed
reports/strong_policy_upgrade/hierarchical_imitation_systematic_final/summary.json,text,6309,eedf21b689a7f1d1bd7c8424ad0b48fe8d2b3458013d1ff865f9668b33aa06b6,utf8_content_and_contract_scan,REVIEWED,,audited; no historical content changed,false,assessed,assessed,assessed
reports/strong_policy_upgrade/hierarchical_v4_recovery/interruption_recovery.json,text,3240,3a7fe4da661f76cd8e30e782d872e05d56f893d7bc67799598732850b7a26288,utf8_content_and_contract_scan,REVIEWED,,audited; no historical content changed,false,assessed,assessed,assessed
reports/strong_policy_upgrade/hrmppo_safe_v3/clearance_confirmation_5_diagnostic/evaluation.csv,text,3522,2b5a278771f99215d628580b2f7392fcb2707dc1a307379d2517c033b1edb659,utf8_content_and_contract_scan,REVIEWED,,audited; no historical content changed,false,assessed,assessed,assessed
reports/strong_policy_upgrade/hrmppo_safe_v3/clearance_confirmation_5_diagnostic/summary.json,text,2022,65203a99506959f5ad838be9db68ac3fd47990f80a24e873a5ab5a7558623891,utf8_content_and_contract_scan,REVIEWED,,audited; no historical content changed,false,assessed,assessed,assessed
reports/strong_policy_upgrade/hrmppo_safe_v3/clearance_confirmation_diagnostic/evaluation.csv,text,3519,17bdc6a3bfb0ab3da399f5f1b5f89e9b334b62699c6b6db79ef2d4d47351fec4,utf8_content_and_contract_scan,REVIEWED,,audited; no historical content changed,false,assessed,assessed,assessed
reports/strong_policy_upgrade/hrmppo_safe_v3/clearance_confirmation_diagnostic/summary.json,text,2024,b1e67bdbf59967602a4411b23c56df4bf72c0a39f039ae567acd3b391477c1c1,utf8_content_and_contract_scan,REVIEWED,,audited; no historical content changed,false,assessed,assessed,assessed
reports/strong_policy_upgrade/hrmppo_safe_v3/clearance_probability_diagnostic/evaluation.csv,text,3635,1853077ed0434b6749537877b87b103ae1a2ead4ba5b17b70cbf9170abf654e9,utf8_content_and_contract_scan,REVIEWED,,audited; no historical content changed,false,assessed,assessed,assessed
reports/strong_policy_upgrade/hrmppo_safe_v3/clearance_probability_diagnostic/events.jsonl,text,105058,0fa5e875db5baed565a55e091d1902dc33a7115409faa540221b0a262a7181ee,utf8_content_and_contract_scan,REVIEWED,,audited; no historical content changed,false,assessed,assessed,assessed
reports/strong_policy_upgrade/hrmppo_safe_v3/clearance_probability_diagnostic/summary.json,text,2042,24a65412c39872b3a9ab1fde6f7be082197f66252c22d348df923896512b53f1,utf8_content_and_contract_scan,REVIEWED,,audited; no historical content changed,false,assessed,assessed,assessed
reports/strong_policy_upgrade/hrmppo_safe_v3/event_trace_diagnostic/evaluation.csv,text,3522,2b5a278771f99215d628580b2f7392fcb2707dc1a307379d2517c033b1edb659,utf8_content_and_contract_scan,REVIEWED,,audited; no historical content changed,false,assessed,assessed,assessed
reports/strong_policy_upgrade/hrmppo_safe_v3/event_trace_diagnostic/events.jsonl,text,126662,245e5c8d5069b5243e126e6cddefed49f93b5410212c1f2333fb9bf522de6e2f,utf8_content_and_contract_scan,REVIEWED,,audited; no historical content changed,false,assessed,assessed,assessed
reports/strong_policy_upgrade/hrmppo_safe_v3/event_trace_diagnostic/summary.json,text,2022,65203a99506959f5ad838be9db68ac3fd47990f80a24e873a5ab5a7558623891,utf8_content_and_contract_scan,REVIEWED,,audited; no historical content changed,false,assessed,assessed,assessed
reports/strong_policy_upgrade/hrmppo_safe_v3/initialized/training_summary.json,text,729,4c7f62f9c9748d001ec51674f010e1422259e77216675bd2715f2f47d4dee0a2,utf8_content_and_contract_scan,REVIEWED,,audited; no historical content changed,false,assessed,assessed,assessed
reports/strong_policy_upgrade/hrmppo_safe_v3/initialized_evaluation/evaluation.csv,text,12796,b8030b51039e5fde6f3c92a9264faf04fe9bcaa414541aa342af1f5b223a0702,utf8_content_and_contract_scan,REVIEWED,,audited; no historical content changed,false,assessed,assessed,assessed
reports/strong_policy_upgrade/hrmppo_safe_v3/initialized_evaluation/summary.json,text,1674,85f18a79b92d2f715d938c35033ca275ad89bf77de1104d49acae614edd28406,utf8_content_and_contract_scan,REVIEWED,,audited; no historical content changed,false,assessed,assessed,assessed
reports/strong_policy_upgrade/hrmppo_safe_v3/initialized_evaluation_v2/evaluation.csv,text,12609,283767a3d10a6414b920905af896848150113858f4dcd8a9a65f4a0d71129422,utf8_content_and_contract_scan,REVIEWED,,audited; no historical content changed,false,assessed,assessed,assessed
reports/strong_policy_upgrade/hrmppo_safe_v3/initialized_evaluation_v2/summary.json,text,1672,7f387e03dbe450daec2ae225e6f997da5a53afddce68dc0c1aa702571ff9c0dc,utf8_content_and_contract_scan,REVIEWED,,audited; no historical content changed,false,assessed,assessed,assessed
reports/strong_policy_upgrade/hrmppo_safe_v3/safety_dagger_initialized_v2/training_summary.json,text,791,f2c89147b92ea0029638aa624e6b957aba8b3227dcb3ba4d93a92fed879e46e1,utf8_content_and_contract_scan,REVIEWED,,audited; no historical content changed,false,assessed,assessed,assessed
reports/strong_policy_upgrade/hrmppo_safe_v3/safety_dagger_initialized_v2_evaluation/evaluation.csv,text,13574,d954dafe2bce2bce00a6cbd041d09bd45458427161b7c42bd9fb77026588898e,utf8_content_and_contract_scan,REVIEWED,,audited; no historical content changed,false,assessed,assessed,assessed
reports/strong_policy_upgrade/hrmppo_safe_v3/safety_dagger_initialized_v2_evaluation/summary.json,text,1753,0b891bf3e722dce4299c7d968b631ea61b41124923ace8aa6623fe71503d0aaf,utf8_content_and_contract_scan,REVIEWED,,audited; no historical content changed,false,assessed,assessed,assessed
reports/strong_policy_upgrade/hrmppo_safe_v3/safety_dagger_initialized_v3_contract_fix/evaluation.csv,text,13347,6d8bb09e65549cb91a601c829015f7548045f7efc4d1537041bb27365ef9128d,utf8_content_and_contract_scan,REVIEWED,,audited; no historical content changed,false,assessed,assessed,assessed
reports/strong_policy_upgrade/hrmppo_safe_v3/safety_dagger_initialized_v3_contract_fix/summary.json,text,1737,f30f55fe207f651e4ed49cd2e06df958f470191fc37aef85f3171dfc77f3c532,utf8_content_and_contract_scan,REVIEWED,,audited; no historical content changed,false,assessed,assessed,assessed
reports/strong_policy_upgrade/hrmppo_safe_v3/shield_reason_diagnostic/evaluation.csv,text,3360,39f483cdc9722ba8f888db4fc5e6581505a2ca4acff5bb0ad781d36e2d0c29bb,utf8_content_and_contract_scan,REVIEWED,,audited; no historical content changed,false,assessed,assessed,assessed
reports/strong_policy_upgrade/hrmppo_safe_v3/shield_reason_diagnostic/summary.json,text,1988,0e9a10b621418c7cfc4b9765c01e1bcf853c6558dcb03698cf1a95f3a7846fb8,utf8_content_and_contract_scan,REVIEWED,,audited; no historical content changed,false,assessed,assessed,assessed
reports/strong_policy_upgrade/hrmppo_safe_v3/smoke_evaluation/evaluation.csv,text,4107,1defb65c47a670c8e59ac03d42c65b371b611637835f1fd509c2c6e79d03ba35,utf8_content_and_contract_scan,REVIEWED,,audited; no historical content changed,false,assessed,assessed,assessed
reports/strong_policy_upgrade/hrmppo_safe_v3/smoke_evaluation/summary.json,text,1665,07cd0f4d809ac93f402d2ace012c2edfd4bf601a5310ca806674a2255c8c80e6,utf8_content_and_contract_scan,REVIEWED,,audited; no historical content changed,false,assessed,assessed,assessed
reports/strong_policy_upgrade/hrmppo_safe_v3/smoke_resume/training_summary.json,text,2776,8cd03e37a5538d516e50fd9254c739fa43103ced9634e93baa472e5fbee758df,utf8_content_and_contract_scan,REVIEWED,,audited; no historical content changed,false,assessed,assessed,assessed
reports/strong_policy_upgrade/hrmppo_safe_v3/strategy_a_5k/training_summary.json,text,42041,89a047640667788abd47262e6532059b562f147dc56fc3396b10c6e6c72983fe,utf8_content_and_contract_scan,REVIEWED,,audited; no historical content changed,false,assessed,assessed,assessed
reports/strong_policy_upgrade/hrmppo_safe_v3/strategy_a_5k_evaluation/evaluation.csv,text,13491,f5cf57a45052dbc2b614d228fc2a2cff30b15e60295e09a1a503ee039097aa5d,utf8_content_and_contract_scan,REVIEWED,,audited; no historical content changed,false,assessed,assessed,assessed
reports/strong_policy_upgrade/hrmppo_safe_v3/strategy_a_5k_evaluation/summary.json,text,1721,1ceae8f9fd200ab02e097f0189939135dc11197889fd4c800410950ccb501d78,utf8_content_and_contract_scan,REVIEWED,,audited; no historical content changed,false,assessed,assessed,assessed
reports/strong_policy_upgrade/hrmppo_safe_v3/strategy_b_100k/training_summary.json,text,561655,ac049e2df2b3b80bcc6e3d002dd149b19318543ad6d05a04934590b7f4ad3134,utf8_content_and_contract_scan,REVIEWED,,audited; no historical content changed,false,assessed,assessed,assessed
reports/strong_policy_upgrade/hrmppo_safe_v3/strategy_b_100k_evaluation/evaluation.csv,text,32541,093ed5570caab03dfee4152e33bc345667e511c0c4c1f48ead3f05f153630c1f,utf8_content_and_contract_scan,REVIEWED,,audited; no historical content changed,false,assessed,assessed,assessed
reports/strong_policy_upgrade/hrmppo_safe_v3/strategy_b_100k_evaluation/events.jsonl,text,1587937,f916cd5ffa62e2c10ac3d16d3fcad96ec7d83670a448d1da488b94ade7bad61a,utf8_content_and_contract_scan,REVIEWED,,audited; no historical content changed,false,assessed,assessed,assessed
reports/strong_policy_upgrade/hrmppo_safe_v3/strategy_b_100k_evaluation/summary.json,text,2075,503522a7bbf0bc2a6c80d8ebaa2c56a769fc689748b9ddf7ced458115323d6d0,utf8_content_and_contract_scan,REVIEWED,,audited; no historical content changed,false,assessed,assessed,assessed
reports/strong_policy_upgrade/hrmppo_safe_v3/strategy_b_30k/training_summary.json,text,204462,48b4eee321d1c9b1bea183654f7876ebacc64e1ed0e6ddc0efc046cb9585eedb,utf8_content_and_contract_scan,REVIEWED,,audited; no historical content changed,false,assessed,assessed,assessed
reports/strong_policy_upgrade/hrmppo_safe_v3/strategy_b_30k_evaluation/evaluation.csv,text,28423,02daaadc4820a288fc929557aa21d01ac8358817292c3eb2f2ee2d67ea52076c,utf8_content_and_contract_scan,REVIEWED,,audited; no historical content changed,false,assessed,assessed,assessed
reports/strong_policy_upgrade/hrmppo_safe_v3/strategy_b_30k_evaluation/summary.json,text,2017,7be17abd66be98a61c2b16726024a51c512d6db857b8ab6842c2631ab2de547d,utf8_content_and_contract_scan,REVIEWED,,audited; no historical content changed,false,assessed,assessed,assessed
reports/strong_policy_upgrade/hrmppo_safe_v3/strategy_b_5k/training_summary.json,text,42200,ae1790d06dc2c52c20b180ec91696fd5fec12aa7713740ef4af298a0b10474fa,utf8_content_and_contract_scan,REVIEWED,,audited; no historical content changed,false,assessed,assessed,assessed
reports/strong_policy_upgrade/hrmppo_safe_v3/strategy_b_5k_evaluation/evaluation.csv,text,13413,971566e99bcbde6425440b8f25ded250627bf56973db8f10d264971af527a7dd,utf8_content_and_contract_scan,REVIEWED,,audited; no historical content changed,false,assessed,assessed,assessed
reports/strong_policy_upgrade/hrmppo_safe_v3/strategy_b_5k_evaluation/summary.json,text,1719,dbaf0e5f0d82c5f2a381769703c3e3c67399f579e055365d75aed09e602e711d,utf8_content_and_contract_scan,REVIEWED,,audited; no historical content changed,false,assessed,assessed,assessed
reports/strong_policy_upgrade/hrmppo_safe_v3/strategy_b_units_30k/training_summary.json,text,248449,67505a028d6783b84898776d7517fcaf9832c314f3136a3341256c732e6b2bea,utf8_content_and_contract_scan,REVIEWED,,audited; no historical content changed,false,assessed,assessed,assessed
reports/strong_policy_upgrade/hrmppo_safe_v3/strategy_b_units_30k_evaluation/evaluation.csv,text,32360,7828f81f7ae5b703767a161ecfe44ed9c95ad2484fc65ad39dd1a0951bca9d04,utf8_content_and_contract_scan,REVIEWED,,audited; no historical content changed,false,assessed,assessed,assessed
reports/strong_policy_upgrade/hrmppo_safe_v3/strategy_b_units_30k_evaluation/events.jsonl,text,1723483,ad423358f77658a6377ace404802f8baa7c65ac3cafab943a2c77e0b4061c8c4,utf8_content_and_contract_scan,REVIEWED,,audited; no historical content changed,false,assessed,assessed,assessed
reports/strong_policy_upgrade/hrmppo_safe_v3/strategy_b_units_30k_evaluation/summary.json,text,2076,039ad6b00c91df0c06fcbd5c889c859f7dad51c251f16477a9e65da601876980,utf8_content_and_contract_scan,REVIEWED,,audited; no historical content changed,false,assessed,assessed,assessed
reports/strong_policy_upgrade/hrmppo_safe_v3/strategy_c_5k/training_summary.json,text,42005,8174378b2d658b0a08578cebd3f28bf562600cce5bc5d081b5c577a22e3d8b12,utf8_content_and_contract_scan,REVIEWED,,audited; no historical content changed,false,assessed,assessed,assessed
reports/strong_policy_upgrade/hrmppo_safe_v3/strategy_c_5k_evaluation/evaluation.csv,text,13546,6a29dbbc6027478de40bc59361f2514fd723ceb65555b63f4ef444df6965c9a1,utf8_content_and_contract_scan,REVIEWED,,audited; no historical content changed,false,assessed,assessed,assessed
reports/strong_policy_upgrade/hrmppo_safe_v3/strategy_c_5k_evaluation/summary.json,text,1720,4ebf27edd7ca2001057c49d327c80ee55f8a1cf6bf1aec654fe0039d0416e0a7,utf8_content_and_contract_scan,REVIEWED,,audited; no historical content changed,false,assessed,assessed,assessed
reports/strong_policy_upgrade/hrmppo_safe_v3/strategy_executed_30k/training_summary.json,text,248443,524cc89f094ef43dc516e791214db0ece4c8c0b75313b8de9fac70f018f30c36,utf8_content_and_contract_scan,REVIEWED,,audited; no historical content changed,false,assessed,assessed,assessed
reports/strong_policy_upgrade/hrmppo_safe_v3/strategy_executed_30k_evaluation/evaluation.csv,text,32356,753d8d19f60e4b62eba232e996fe74e084f15dabd2fbb80a5b17b43de59cc0a8,utf8_content_and_contract_scan,REVIEWED,,audited; no historical content changed,false,assessed,assessed,assessed
reports/strong_policy_upgrade/hrmppo_safe_v3/strategy_executed_30k_evaluation/events.jsonl,text,1738015,4c151a28a9de9dcc001045be2d629363714db7dd00977486e19dfb48d0dee9a1,utf8_content_and_contract_scan,REVIEWED,,audited; no historical content changed,false,assessed,assessed,assessed
reports/strong_policy_upgrade/hrmppo_safe_v3/strategy_executed_30k_evaluation/summary.json,text,2063,8f25e0fd1dcbfe017d04d4efc4b731f5d077e58803630a0a05a7e211401357e6,utf8_content_and_contract_scan,REVIEWED,,audited; no historical content changed,false,assessed,assessed,assessed
reports/strong_policy_upgrade/hrmppo_safe_v3/worker_memory_diagnostic/evaluation.csv,text,3302,738bbef1d9f7380500e76ce9911aa6c5568863c57eff9349b60c61c5dcd2b513,utf8_content_and_contract_scan,REVIEWED,,audited; no historical content changed,false,assessed,assessed,assessed
reports/strong_policy_upgrade/hrmppo_safe_v3/worker_memory_diagnostic/summary.json,text,1984,b64ec904b966f8013fc583bf24f7a01322a4f67978190bacf2b5a483b220dc39,utf8_content_and_contract_scan,REVIEWED,,audited; no historical content changed,false,assessed,assessed,assessed
reports/strong_policy_upgrade/hrmppo_v2/optimization_summary.json,text,13580,2006c2130eef11b2fd9aeb928fadc4fb1dd773023908cf5da529a9d9fe3096d7,utf8_content_and_contract_scan,REVIEWED,,audited; no historical content changed,false,assessed,assessed,assessed
reports/strong_policy_upgrade/hrmppo_v2/risk_dagger_iteration1_evaluation/evaluation.csv,text,6047,96e48f07aa870c0d764b8e0b15be7b1147c45d804c8bd0a67f04c12f1690cf74,utf8_content_and_contract_scan,REVIEWED,,audited; no historical content changed,false,assessed,assessed,assessed
reports/strong_policy_upgrade/hrmppo_v2/risk_dagger_iteration1_evaluation/summary.json,text,767,b088594b4666d012bbb5b44928c570699d9e8fa5facf6a570d11619fe1374784,utf8_content_and_contract_scan,REVIEWED,,audited; no historical content changed,false,assessed,assessed,assessed
reports/strong_policy_upgrade/hrmppo_v2/search/search_manifest.json,text,901,8ba1425848e75270ba19f556dd73660bbd6e6b024c237343b1b2e1ccd8d0fa20,utf8_content_and_contract_scan,REVIEWED,,audited; no historical content changed,false,assessed,assessed,assessed
reports/strong_policy_upgrade/hrmppo_v2/shield_budget1_dagger_baseline/evaluation.csv,text,5832,d340e6f7a0a005f070df99c1ae5d99d239e47f02f7cb8f9008bd9fc72ff379d0,utf8_content_and_contract_scan,REVIEWED,,audited; no historical content changed,false,assessed,assessed,assessed
reports/strong_policy_upgrade/hrmppo_v2/shield_budget1_dagger_baseline/summary.json,text,766,681ada538d3a2074faa656d82091df27309ed0d6fc18687cfb49be5b94103026,utf8_content_and_contract_scan,REVIEWED,,audited; no historical content changed,false,assessed,assessed,assessed
reports/strong_policy_upgrade/hrmppo_v2/shield_horizon1_dagger_baseline/evaluation.csv,text,6676,0853c1efc73fca22b0a52b9de3e5e431df02ebb0bbc5e6a61c919da41c3e767b,utf8_content_and_contract_scan,REVIEWED,,audited; no historical content changed,false,assessed,assessed,assessed
reports/strong_policy_upgrade/hrmppo_v2/shield_horizon1_dagger_baseline/summary.json,text,788,b35b8661cd306d4b61b815fe3b88fdd2a112cbd492f6988131e0b12e4e583572,utf8_content_and_contract_scan,REVIEWED,,audited; no historical content changed,false,assessed,assessed,assessed
reports/strong_policy_upgrade/imitation_learning/behavior_cloning_failure_analysis_1.json,text,1380,a9016f4366e3d0e19e7a357764dbb29a79f73bdc01b7658dc687aba0b7b42d13,utf8_content_and_contract_scan,REVIEWED,,audited; no historical content changed,false,assessed,assessed,assessed
reports/strong_policy_upgrade/imitation_learning/behavior_cloning_failure_analysis_2.json,text,1017,cd37ab4d994a8f08ea1d8401f961ea0c83a469556918b6136e0716b69047a9ee,utf8_content_and_contract_scan,REVIEWED,,audited; no historical content changed,false,assessed,assessed,assessed
reports/strong_policy_upgrade/imitation_learning/behavior_cloning_failure_analysis_3.json,text,623,f8ad1cce63bc96125a8b9d44689cdff69436701d053bebdf482c6b324c0b2dee,utf8_content_and_contract_scan,REVIEWED,,audited; no historical content changed,false,assessed,assessed,assessed
reports/strong_policy_upgrade/imitation_learning/behavior_cloning_failure_analysis_4.json,text,608,696f2418226cbc56e17c31189dc82dbeac33002c9be0a4f2684da98e08ee2287,utf8_content_and_contract_scan,REVIEWED,,audited; no historical content changed,false,assessed,assessed,assessed
reports/strong_policy_upgrade/imitation_learning/behavior_cloning_failure_analysis_5.json,text,632,4cd99be8048dd23559cd558a54bfae8e29914b98a56b73a2192cc833b42c9844,utf8_content_and_contract_scan,REVIEWED,,audited; no historical content changed,false,assessed,assessed,assessed
reports/strong_policy_upgrade/imitation_learning/behavior_cloning_failure_analysis_6.json,text,1665,41fca1580d366d97caafde53d4fcb416bf6c5ea33e4ca222ffb6aa717f61bba6,utf8_content_and_contract_scan,REVIEWED,,audited; no historical content changed,false,assessed,assessed,assessed
reports/strong_policy_upgrade/imitation_learning/behavior_cloning_failure_analysis_7.json,text,1284,ffb6a78625a2ae6282bb7f3c99a507fbf225ec68f8467c81f11a2529d3f07c8d,utf8_content_and_contract_scan,REVIEWED,,audited; no historical content changed,false,assessed,assessed,assessed
reports/strong_policy_upgrade/imitation_learning/behavior_cloning_summary.json,text,15217,b920b2fd3da7f50015a026b0c8762725f07b2a24650d56fe2cfd62ba8714a9ff,utf8_content_and_contract_scan,REVIEWED,,audited; no historical content changed,false,assessed,assessed,assessed
reports/strong_policy_upgrade/imitation_learning/confusion_matrix.csv,text,175,dab56c6373a045464da638313e137be7e53608b569f7fabb04d4745b74255857,utf8_content_and_contract_scan,REVIEWED,,audited; no historical content changed,false,assessed,assessed,assessed
reports/strong_policy_upgrade/imitation_learning/memory_profile.json,text,632479,08872e5f956722c35f1ddb5da061f3e61b9b30d70598e6fd14ba0d924dbc1c2f,utf8_content_and_contract_scan,REVIEWED,,audited; no historical content changed,false,assessed,assessed,assessed
reports/strong_policy_upgrade/imitation_learning/memory_smoke_test.json,text,7357,2094369415080776c01ef3d080643a7a4c3d6d17fd8fa6ff1b93873282688672,utf8_content_and_contract_scan,REVIEWED,,audited; no historical content changed,false,assessed,assessed,assessed
reports/strong_policy_upgrade/interruption_recovery.json,text,2752,33fb5bb9f6311d678ebea2cfb56d988663b25a5ecc87ff6a3a0abc2f7522c2e8,utf8_content_and_contract_scan,REVIEWED,,audited; no historical content changed,false,assessed,assessed,assessed
reports/strong_policy_upgrade/paper_validation/summary.json,text,475,2fe1a5fa1072ebe39633ec83b37fbb18b9b092f2d1a505dff93c35746b2e68f1,utf8_content_and_contract_scan,REVIEWED,,audited; no historical content changed,false,assessed,assessed,assessed
reports/strong_policy_upgrade/paper_validation/summary.md,text,245,cf9bdb74acddf4ec979f7d39d69cf3e13b1f44bb45cdd51b8b03bae8d4884532,utf8_content_and_contract_scan,REVIEWED,,audited; no historical content changed,false,assessed,assessed,assessed
reports/strong_policy_upgrade/safety_dagger/accepted_strategy.json,text,945,128119a5c3fa83b67a11180e59f2f3b31f5c0c983d27ac5c0cf94e816f7c7228,utf8_content_and_contract_scan,REVIEWED,,audited; no historical content changed,false,assessed,assessed,assessed
reports/strong_policy_upgrade/safety_dagger/failure_analysis.json,text,634,c2c94fd3cfc6abb7cc3628d19c94182a454f206b8fb97591419161301824975c,utf8_content_and_contract_scan,REVIEWED,,audited; no historical content changed,false,assessed,assessed,assessed
reports/strong_policy_upgrade/safety_dagger/failure_analysis.md,text,1365,90850e906761ed4ce07fb9c4a237c77696850c41acd905dafc7796accebbbf25,utf8_content_and_contract_scan,REVIEWED,,audited; no historical content changed,false,assessed,assessed,assessed
reports/strong_policy_upgrade/safety_dagger/iteration_1.json,text,3080,87c411c03269dfbd4d0871f414eef4847853640e9f4453f415a87cdedb40eb86,utf8_content_and_contract_scan,REVIEWED,,audited; no historical content changed,false,assessed,assessed,assessed
reports/strong_policy_upgrade/safety_dagger/iteration_1_training/behavior_cloning_summary.json,text,4016,5fb78ef9b115940e943d55d2ec5567af4561529dc6f19281c0ad48c427173e5d,utf8_content_and_contract_scan,REVIEWED,,audited; no historical content changed,false,assessed,assessed,assessed
reports/strong_policy_upgrade/safety_dagger/iteration_1_training/confusion_matrix.csv,text,173,e2568242837e26aea00aed8284c2fbe007b91ec095358ce9dd7901d4f796f531,utf8_content_and_contract_scan,REVIEWED,,audited; no historical content changed,false,assessed,assessed,assessed
reports/strong_policy_upgrade/safety_dagger/iteration_1_training/memory_profile.json,text,1032630,31d4d1aa459c3bcf20809164ab2396fbf5dbf840bf9c4a0b3eb86d13067690bd,utf8_content_and_contract_scan,REVIEWED,,audited; no historical content changed,false,assessed,assessed,assessed
reports/strong_policy_upgrade/safety_dagger/iteration_2.json,text,3052,048a3429b0034271befbd23d6e1bd8b508bfc346e1ed8b6b63b3ceb20c8c17de,utf8_content_and_contract_scan,REVIEWED,,audited; no historical content changed,false,assessed,assessed,assessed
reports/strong_policy_upgrade/safety_dagger/iteration_2_training/behavior_cloning_summary.json,text,3967,4291a15f3d90a6c5eb8f5066b0e79a252343aaf208c97441af2a52be7aafa2f0,utf8_content_and_contract_scan,REVIEWED,,audited; no historical content changed,false,assessed,assessed,assessed
reports/strong_policy_upgrade/safety_dagger/iteration_2_training/confusion_matrix.csv,text,172,da0585a5c71f5f17fde5ea908d55ddfe6b091e84ce018259cad2f0d1bf908a62,utf8_content_and_contract_scan,REVIEWED,,audited; no historical content changed,false,assessed,assessed,assessed
reports/strong_policy_upgrade/safety_dagger/iteration_2_training/memory_profile.json,text,1119556,3aad71ecc3d7201bd44551a3067709502aead390138b774f3cf58f7d23d8f356,utf8_content_and_contract_scan,REVIEWED,,audited; no historical content changed,false,assessed,assessed,assessed
reports/strong_policy_upgrade/safety_dagger/iteration_3.json,text,3065,566a5b4f458dc6b693d7d648ebcae87ea78bcb0fbdf9017afe4ea8109863ae9f,utf8_content_and_contract_scan,REVIEWED,,audited; no historical content changed,false,assessed,assessed,assessed
reports/strong_policy_upgrade/safety_dagger/iteration_3_training/behavior_cloning_summary.json,text,4032,14bb75c21aa7d4528fe808e5a468d29561abbc5f641129299c6aedb30747f8dd,utf8_content_and_contract_scan,REVIEWED,,audited; no historical content changed,false,assessed,assessed,assessed
reports/strong_policy_upgrade/safety_dagger/iteration_3_training/confusion_matrix.csv,text,173,a3657e5c182cabe48f60cbc0b6fd2a819c4d8c130df6c471a44c4a5da69253a3,utf8_content_and_contract_scan,REVIEWED,,audited; no historical content changed,false,assessed,assessed,assessed
reports/strong_policy_upgrade/safety_dagger/iteration_3_training/memory_profile.json,text,1199983,e8ab4daec072c534e5c81422247cbe5c9067bf48e89d46a3af6c9808182b2375,utf8_content_and_contract_scan,REVIEWED,,audited; no historical content changed,false,assessed,assessed,assessed
reports/strong_policy_upgrade/safety_dagger/summary.json,text,11348,72829b0b9a2f3f1cc10d0fb01f8cd5b509444a329e2f8944c35a0104aed10c63,utf8_content_and_contract_scan,REVIEWED,,audited; no historical content changed,false,assessed,assessed,assessed
reports/strong_policy_upgrade/safety_dagger_repair_1/iteration_1.json,text,3197,758e55c76c492215d7733ca6a0269bfa09d0038fc8b822ef8523c23acc7b30f3,utf8_content_and_contract_scan,REVIEWED,,audited; no historical content changed,false,assessed,assessed,assessed
reports/strong_policy_upgrade/safety_dagger_repair_1/iteration_1_training/behavior_cloning_summary.json,text,3977,9c59a0257e389b679ac1ad9149cb67af803da94de056a9fb1f8c8075fe3c539a,utf8_content_and_contract_scan,REVIEWED,,audited; no historical content changed,false,assessed,assessed,assessed
reports/strong_policy_upgrade/safety_dagger_repair_1/iteration_1_training/confusion_matrix.csv,text,170,5ac344b210a7c4d24acb6b9f27c42295e7cb6a593b4d0a7f7d02bd817e386652,utf8_content_and_contract_scan,REVIEWED,,audited; no historical content changed,false,assessed,assessed,assessed
reports/strong_policy_upgrade/safety_dagger_repair_1/iteration_1_training/memory_profile.json,text,1031545,ca60a268a93235f6d4cd9c9737d20293d5e55a25af81f314a0bf39a82b7de18e,utf8_content_and_contract_scan,REVIEWED,,audited; no historical content changed,false,assessed,assessed,assessed
reports/strong_policy_upgrade/safety_dagger_repair_1/iteration_2.json,text,3226,c13dd9eb53e9a536078093e1afe6295f9b3047d8b19a5b0b4785442cb5f4b206,utf8_content_and_contract_scan,REVIEWED,,audited; no historical content changed,false,assessed,assessed,assessed
reports/strong_policy_upgrade/safety_dagger_repair_1/iteration_2_training/behavior_cloning_summary.json,text,4049,4895d7131b66d9830a6f9437c8870edf5d1d364510419d4ff11f2ece479261ea,utf8_content_and_contract_scan,REVIEWED,,audited; no historical content changed,false,assessed,assessed,assessed
reports/strong_policy_upgrade/safety_dagger_repair_1/iteration_2_training/confusion_matrix.csv,text,171,6d5c0a742c7c42ecfddc5785793f0f24763b6ef924308900c1c6ad37ae2f71d2,utf8_content_and_contract_scan,REVIEWED,,audited; no historical content changed,false,assessed,assessed,assessed
reports/strong_policy_upgrade/safety_dagger_repair_1/iteration_2_training/memory_profile.json,text,1119572,32c250cf03819868d6bb02cb6142af14d92628f05e38212f1cfedb45de6614b5,utf8_content_and_contract_scan,REVIEWED,,audited; no historical content changed,false,assessed,assessed,assessed
reports/strong_policy_upgrade/safety_dagger_repair_2/iteration_1.json,text,3197,8054ecdff8024f2f2ead214df10b6d958b510e379d2ff4d8472ddcdcc12ddf3a,utf8_content_and_contract_scan,REVIEWED,,audited; no historical content changed,false,assessed,assessed,assessed
reports/strong_policy_upgrade/safety_dagger_repair_2/iteration_1_training/behavior_cloning_summary.json,text,3206,4707ae3279d3e751454b067de6d6fadf611f9348213ff90df594adc9b7294c56,utf8_content_and_contract_scan,REVIEWED,,audited; no historical content changed,false,assessed,assessed,assessed
reports/strong_policy_upgrade/safety_dagger_repair_2/iteration_1_training/confusion_matrix.csv,text,171,2a45609a0a9a265140a0c2305ca1e318f764b46c65df3a87fa03e3b25a4bda9a,utf8_content_and_contract_scan,REVIEWED,,audited; no historical content changed,false,assessed,assessed,assessed
reports/strong_policy_upgrade/safety_dagger_repair_2/iteration_1_training/memory_profile.json,text,687236,2bdd33395d605485b63095026502b87659f414bcc1b7e9240fd04fec0bcbe2dd,utf8_content_and_contract_scan,REVIEWED,,audited; no historical content changed,false,assessed,assessed,assessed
reports/strong_policy_upgrade/safety_dagger_repair_2/iteration_2.json,text,3235,7ebcd84ce7ba06dd9baad7a44ef0f55e5d0a828af1ac2c02bfb52fbf9cbc12d3,utf8_content_and_contract_scan,REVIEWED,,audited; no historical content changed,false,assessed,assessed,assessed
reports/strong_policy_upgrade/safety_dagger_repair_2/iteration_2_training/behavior_cloning_summary.json,text,3240,741c95532d015f78535337d0d15d2b408b539f805055211ab947ec6ba636bf61,utf8_content_and_contract_scan,REVIEWED,,audited; no historical content changed,false,assessed,assessed,assessed
reports/strong_policy_upgrade/safety_dagger_repair_2/iteration_2_training/confusion_matrix.csv,text,170,a83a6a8bf9fdf0336381f6244d485c3766e8d9e873e29090069e34cdf799d5d4,utf8_content_and_contract_scan,REVIEWED,,audited; no historical content changed,false,assessed,assessed,assessed
reports/strong_policy_upgrade/safety_dagger_repair_2/iteration_2_training/memory_profile.json,text,743635,0f1623f874b5c24e964c580378e8b108ee8b5f3a79301069cefd4cfdd5307bf3,utf8_content_and_contract_scan,REVIEWED,,audited; no historical content changed,false,assessed,assessed,assessed
reports/strong_policy_upgrade/safety_dagger_repair_2/iteration_3.json,text,3236,04f59403c67b13a1bed14aab92812a5f11e441085e7babf2da0deed8d75b0f57,utf8_content_and_contract_scan,REVIEWED,,audited; no historical content changed,false,assessed,assessed,assessed
reports/strong_policy_upgrade/safety_dagger_repair_2/iteration_3_training/behavior_cloning_summary.json,text,3212,5dc3e162f69403a314d459efae241fc2e599b6ee36c07c5fe46743cda9c86219,utf8_content_and_contract_scan,REVIEWED,,audited; no historical content changed,false,assessed,assessed,assessed
reports/strong_policy_upgrade/safety_dagger_repair_2/iteration_3_training/confusion_matrix.csv,text,170,076c6968dbba84a862c153711321e6ece6e4c1cc4cc065d08def3614d9d4edb1,utf8_content_and_contract_scan,REVIEWED,,audited; no historical content changed,false,assessed,assessed,assessed
reports/strong_policy_upgrade/safety_dagger_repair_2/iteration_3_training/memory_profile.json,text,803280,c5341c7bcb68ea485ea1ecf9a8d59ebfd49247ead5d183fee630045be5fcaafe,utf8_content_and_contract_scan,REVIEWED,,audited; no historical content changed,false,assessed,assessed,assessed
reports/strong_policy_upgrade/safety_dagger_repair_2/summary.json,text,11892,d238745365afd2cc72b9c11c760f25c135348238caa4e57715c9fb1e6c04cfd5,utf8_content_and_contract_scan,REVIEWED,,audited; no historical content changed,false,assessed,assessed,assessed
reports/strong_policy_upgrade/safety_finalization/optimization_failure_analysis.json,text,1272,a6363d3a459d815bcf7bc10272af3729af58c3850dd90d5dedf45463dff49820,utf8_content_and_contract_scan,REVIEWED,,audited; no historical content changed,false,assessed,assessed,assessed
reports/strong_policy_upgrade/safety_finalization/optimization_failure_analysis.md,text,2843,c1f402da6806ed60bc875c078c3491c27ca7f245cbe1b6cadf275dac8ddcf6c1,utf8_content_and_contract_scan,REVIEWED,,audited; no historical content changed,false,assessed,assessed,assessed
reports/strong_policy_upgrade/safety_finalization/violation_audit.csv,text,7500,f27eaada7d2123fd5dc12d2b42c7a6158c02470d26660111981a5357963464b3,utf8_content_and_contract_scan,REVIEWED,,audited; no historical content changed,false,assessed,assessed,assessed
reports/strong_policy_upgrade/safety_finalization/violation_audit.json,text,2356809,537598dd693734e4bb9e21b22fc580704a3585745fd6a467d6cecdee06d88670,utf8_content_and_contract_scan,REVIEWED,,audited; no historical content changed,false,assessed,assessed,assessed
reports/strong_policy_upgrade/safety_finalization/violation_audit.md,text,2520,e65821d39c8bce60368e4e34b26f6fb2bee938e3a55b8565bca0df0016cd9a9b,utf8_content_and_contract_scan,REVIEWED,,audited; no historical content changed,false,assessed,assessed,assessed
reports/strong_policy_upgrade/v1_diagnostic_traces.json,text,54037,663f06ee95ab48fafb6a1b51d8c317393c7535c675d88e5b9cac5cbf41d0fd47,utf8_content_and_contract_scan,REVIEWED,,audited; no historical content changed,false,assessed,assessed,assessed
reports/strong_policy_upgrade/webots_timeout/root_cause.json,text,1378,f2feee7ec9a754d93bd204c837ffab758d31f697cc6f39ee8a9bc303e324419c,utf8_content_and_contract_scan,REVIEWED,,audited; no historical content changed,false,assessed,assessed,assessed
reports/strong_policy_upgrade/webots_timeout/root_cause.md,text,1476,f70658abf9a2f06356791c82d5c4eff3aa52b41b809a7c9eda2acd6b6c3d90d1,utf8_content_and_contract_scan,REVIEWED,,audited; no historical content changed,false,assessed,assessed,assessed
reports/strong_policy_upgrade/webots_v4_final/site_dynamic/checkpoint_manifest.json,text,391,66073d811ce4be3e2acf07063f7212dde709daa027dd344475fe73e0e3761b4c,utf8_content_and_contract_scan,REVIEWED,,audited; no historical content changed,false,assessed,assessed,assessed
reports/strong_policy_upgrade/webots_v4_final/site_dynamic/environment_manifest.json,text,183,1cb21adbaf27b9d1021a3f3907432c8307aa626cb7c8cf94822bb464be104b23,utf8_content_and_contract_scan,REVIEWED,,audited; no historical content changed,false,assessed,assessed,assessed
reports/strong_policy_upgrade/webots_v4_final/site_dynamic/process_manifest.json,text,93,5e4fdad22280a747f5874bfdd8e9006985a4584c645fc2efa74ebbf2a9e2f0d5,utf8_content_and_contract_scan,REVIEWED,,audited; no historical content changed,false,assessed,assessed,assessed
reports/strong_policy_upgrade/webots_v4_final/site_dynamic/schema_manifest.json,text,189,2992b5a9212642d25e09c11407e0cedb8da65c27a9dd67832e1ca7a57fe828b4,utf8_content_and_contract_scan,REVIEWED,,audited; no historical content changed,false,assessed,assessed,assessed
reports/strong_policy_upgrade/webots_v4_final/site_dynamic/summary.json,text,1508,63682d8c731f1248a314baf9948d091ceadf0ef7205ea17ec81ca0893a825fbe,utf8_content_and_contract_scan,REVIEWED,,audited; no historical content changed,false,assessed,assessed,assessed
reports/strong_policy_upgrade/webots_v4_final/site_medium/checkpoint_manifest.json,text,391,66073d811ce4be3e2acf07063f7212dde709daa027dd344475fe73e0e3761b4c,utf8_content_and_contract_scan,REVIEWED,,audited; no historical content changed,false,assessed,assessed,assessed
reports/strong_policy_upgrade/webots_v4_final/site_medium/environment_manifest.json,text,182,48f9480c0eedce305c7c9168f59c0d04fc85baa78e64573657ce708797f7d5a2,utf8_content_and_contract_scan,REVIEWED,,audited; no historical content changed,false,assessed,assessed,assessed
reports/strong_policy_upgrade/webots_v4_final/site_medium/process_manifest.json,text,93,5e4fdad22280a747f5874bfdd8e9006985a4584c645fc2efa74ebbf2a9e2f0d5,utf8_content_and_contract_scan,REVIEWED,,audited; no historical content changed,false,assessed,assessed,assessed
reports/strong_policy_upgrade/webots_v4_final/site_medium/schema_manifest.json,text,189,2992b5a9212642d25e09c11407e0cedb8da65c27a9dd67832e1ca7a57fe828b4,utf8_content_and_contract_scan,REVIEWED,,audited; no historical content changed,false,assessed,assessed,assessed
reports/strong_policy_upgrade/webots_v4_final/site_medium/summary.json,text,1508,63682d8c731f1248a314baf9948d091ceadf0ef7205ea17ec81ca0893a825fbe,utf8_content_and_contract_scan,REVIEWED,,audited; no historical content changed,false,assessed,assessed,assessed
reports/strong_policy_upgrade/webots_v4_final/site_small/checkpoint_manifest.json,text,391,66073d811ce4be3e2acf07063f7212dde709daa027dd344475fe73e0e3761b4c,utf8_content_and_contract_scan,REVIEWED,,audited; no historical content changed,false,assessed,assessed,assessed
reports/strong_policy_upgrade/webots_v4_final/site_small/environment_manifest.json,text,181,a3fb242fac87bb4b34caaa9032adde2de44d24be2c3386fa1f46eafb7a2beb74,utf8_content_and_contract_scan,REVIEWED,,audited; no historical content changed,false,assessed,assessed,assessed
reports/strong_policy_upgrade/webots_v4_final/site_small/process_manifest.json,text,93,5e4fdad22280a747f5874bfdd8e9006985a4584c645fc2efa74ebbf2a9e2f0d5,utf8_content_and_contract_scan,REVIEWED,,audited; no historical content changed,false,assessed,assessed,assessed
reports/strong_policy_upgrade/webots_v4_final/site_small/schema_manifest.json,text,189,2992b5a9212642d25e09c11407e0cedb8da65c27a9dd67832e1ca7a57fe828b4,utf8_content_and_contract_scan,REVIEWED,,audited; no historical content changed,false,assessed,assessed,assessed
reports/strong_policy_upgrade/webots_v4_final/site_small/summary.json,text,1508,63682d8c731f1248a314baf9948d091ceadf0ef7205ea17ec81ca0893a825fbe,utf8_content_and_contract_scan,REVIEWED,,audited; no historical content changed,false,assessed,assessed,assessed
reports/strong_policy_upgrade/webots_v4_final/summary.json,text,7232,5d62aee35526cfebcb718ea1a82f1f9f7df9b80e7025444374a79ffc2443da4c,utf8_content_and_contract_scan,REVIEWED,,audited; no historical content changed,false,assessed,assessed,assessed
reports/strong_policy_upgrade/webots_v4_final/summary.md,text,7232,5d62aee35526cfebcb718ea1a82f1f9f7df9b80e7025444374a79ffc2443da4c,utf8_content_and_contract_scan,REVIEWED,,audited; no historical content changed,false,assessed,assessed,assessed
reports/strong_policy_upgrade/webots_v4_real/site_dynamic/assertion_report.json,text,388,97c0890fd0fccfa25992d88ab2cc4d9c3e3072a3825f1f6b97daa35a234d6ad1,utf8_content_and_contract_scan,REVIEWED,,audited; no historical content changed,false,assessed,assessed,assessed
reports/strong_policy_upgrade/webots_v4_real/site_dynamic/checkpoint_manifest.json,text,391,cfa3a7c125597b63924c24de4961466d61ce7ff1167c6769c30666dd957384e7,utf8_content_and_contract_scan,REVIEWED,,audited; no historical content changed,false,assessed,assessed,assessed
reports/strong_policy_upgrade/webots_v4_real/site_dynamic/environment_manifest.json,text,324,74fc40393c69b4dffe595c94728b8c4d9c00c0e6b7ca9762fd79a18dd30fd8a4,utf8_content_and_contract_scan,REVIEWED,,audited; no historical content changed,false,assessed,assessed,assessed
reports/strong_policy_upgrade/webots_v4_real/site_dynamic/process_manifest.json,text,93,f9ce801580ea4e97bcb2fab53a6418499925ad511b36ec381689d6aa1b7bfa2d,utf8_content_and_contract_scan,REVIEWED,,audited; no historical content changed,false,assessed,assessed,assessed
reports/strong_policy_upgrade/webots_v4_real/site_dynamic/schema_manifest.json,text,194,1425ad5c2086f08b40adc0aa179ffd61f32bdfe1c2404ce885f906579a84ebbe,utf8_content_and_contract_scan,REVIEWED,,audited; no historical content changed,false,assessed,assessed,assessed
reports/strong_policy_upgrade/webots_v4_real/site_dynamic/summary.json,text,1937,1f4917acd8d305bddfe86fdc9230b18525ca5a947d6232e7d4fa943117cdc2ba,utf8_content_and_contract_scan,REVIEWED,,audited; no historical content changed,false,assessed,assessed,assessed
reports/strong_policy_upgrade/webots_v4_real/site_medium/assertion_report.json,text,388,97c0890fd0fccfa25992d88ab2cc4d9c3e3072a3825f1f6b97daa35a234d6ad1,utf8_content_and_contract_scan,REVIEWED,,audited; no historical content changed,false,assessed,assessed,assessed
reports/strong_policy_upgrade/webots_v4_real/site_medium/checkpoint_manifest.json,text,391,cfa3a7c125597b63924c24de4961466d61ce7ff1167c6769c30666dd957384e7,utf8_content_and_contract_scan,REVIEWED,,audited; no historical content changed,false,assessed,assessed,assessed
reports/strong_policy_upgrade/webots_v4_real/site_medium/environment_manifest.json,text,322,608d2828f45ebbec55cb03ce41e353fed348dbd157687322c1c3c1a19b918d38,utf8_content_and_contract_scan,REVIEWED,,audited; no historical content changed,false,assessed,assessed,assessed
reports/strong_policy_upgrade/webots_v4_real/site_medium/process_manifest.json,text,93,f9ce801580ea4e97bcb2fab53a6418499925ad511b36ec381689d6aa1b7bfa2d,utf8_content_and_contract_scan,REVIEWED,,audited; no historical content changed,false,assessed,assessed,assessed
reports/strong_policy_upgrade/webots_v4_real/site_medium/schema_manifest.json,text,194,1425ad5c2086f08b40adc0aa179ffd61f32bdfe1c2404ce885f906579a84ebbe,utf8_content_and_contract_scan,REVIEWED,,audited; no historical content changed,false,assessed,assessed,assessed
reports/strong_policy_upgrade/webots_v4_real/site_medium/summary.json,text,1937,1f4917acd8d305bddfe86fdc9230b18525ca5a947d6232e7d4fa943117cdc2ba,utf8_content_and_contract_scan,REVIEWED,,audited; no historical content changed,false,assessed,assessed,assessed
reports/strong_policy_upgrade/webots_v4_real/site_small/assertion_report.json,text,388,97c0890fd0fccfa25992d88ab2cc4d9c3e3072a3825f1f6b97daa35a234d6ad1,utf8_content_and_contract_scan,REVIEWED,,audited; no historical content changed,false,assessed,assessed,assessed
reports/strong_policy_upgrade/webots_v4_real/site_small/checkpoint_manifest.json,text,391,cfa3a7c125597b63924c24de4961466d61ce7ff1167c6769c30666dd957384e7,utf8_content_and_contract_scan,REVIEWED,,audited; no historical content changed,false,assessed,assessed,assessed
reports/strong_policy_upgrade/webots_v4_real/site_small/environment_manifest.json,text,320,c0f7c017089a10310ce2abf0d82f3f6a287471654c9356503af10a1fa5243be2,utf8_content_and_contract_scan,REVIEWED,,audited; no historical content changed,false,assessed,assessed,assessed
reports/strong_policy_upgrade/webots_v4_real/site_small/process_manifest.json,text,93,f9ce801580ea4e97bcb2fab53a6418499925ad511b36ec381689d6aa1b7bfa2d,utf8_content_and_contract_scan,REVIEWED,,audited; no historical content changed,false,assessed,assessed,assessed
reports/strong_policy_upgrade/webots_v4_real/site_small/schema_manifest.json,text,194,1425ad5c2086f08b40adc0aa179ffd61f32bdfe1c2404ce885f906579a84ebbe,utf8_content_and_contract_scan,REVIEWED,,audited; no historical content changed,false,assessed,assessed,assessed
reports/strong_policy_upgrade/webots_v4_real/site_small/summary.json,text,1937,1f4917acd8d305bddfe86fdc9230b18525ca5a947d6232e7d4fa943117cdc2ba,utf8_content_and_contract_scan,REVIEWED,,audited; no historical content changed,false,assessed,assessed,assessed
reports/strong_policy_upgrade/webots_v4_real/summary.json,text,9344,d3120406d7bbb6fdd703ac3cfa099d0ab9fc1f9fa86aa54807df3dc1cd8f68da,utf8_content_and_contract_scan,REVIEWED,,audited; no historical content changed,false,assessed,assessed,assessed
reports/strong_policy_upgrade/webots_v4_real/summary.md,text,9344,d3120406d7bbb6fdd703ac3cfa099d0ab9fc1f9fa86aa54807df3dc1cd8f68da,utf8_content_and_contract_scan,REVIEWED,,audited; no historical content changed,false,assessed,assessed,assessed
reports/strong_policy_upgrade/webots_v4_visible_demo/summary.json,text,771,330ce615d91d78b35d413249471507cd3c360bbf071b50060ae6a8209db75c4f,utf8_content_and_contract_scan,REVIEWED,,audited; no historical content changed,false,assessed,assessed,assessed
reports/strong_policy_upgrade/webots_v4_visible_demo/visible_demo_attempt.json,text,630,ff790bd195443c793669563cab128418295ddbab21f0dbb277911ebb1a1501d9,utf8_content_and_contract_scan,REVIEWED,,audited; no historical content changed,false,assessed,assessed,assessed
reports/webots/stage5c_rl_motor_readiness.json,text,902,fd506e0f40f241919129c6cdd2dba65d7386a743164b0008451b583276204523,utf8_content_and_contract_scan,REVIEWED,,audited; no historical content changed,false,assessed,assessed,assessed
scripts/__init__.py,text,76,9f72a6b84fc78698d8b6cc1d3ea8ba8142cc60621b8309448b520900c5a9500f,utf8_content_and_contract_scan,REVIEWED,,audited; no historical content changed,false,assessed,assessed,assessed
scripts/audit_github_repository.py,text,6850,2ee025852ca9b694c4aab4f07cf90c052ccfc3a14f6eef7a932bb306406e1e97,utf8_content_and_contract_scan,REVIEWED,stale_not_implemented_text,audited; no historical content changed,false,assessed,assessed,assessed
scripts/audit_hrmppo_v2_violations.py,text,22874,7311c7994b01dda77a765d1d539a22d8dacf2276c30b68b5aef0e87b82cddc16,utf8_content_and_contract_scan,REVIEWED,,audited; no historical content changed,false,assessed,assessed,assessed
scripts/audit_ppe_dataset.py,text,19770,f57a0ca3a5685ae9fe38eb3fe94a684eca98fd703d2990f47d0b5de6566751d0,utf8_content_and_contract_scan,REVIEWED,,audited; no historical content changed,false,assessed,assessed,assessed
scripts/audit_viewpoint_feasibility.py,text,3098,f1ad742c35352c516e57c2aa60ce13aa05078b351a7dca8961cd5f3533fc772d,utf8_content_and_contract_scan,REVIEWED,,audited; no historical content changed,false,assessed,assessed,assessed
scripts/benchmark_predictive_shield.py,text,5064,31da6d1a68b5f0e9d505e358e15da81d10faf05ad36f4baa0650cc540941854f,utf8_content_and_contract_scan,REVIEWED,,audited; no historical content changed,false,assessed,assessed,assessed
scripts/build_benchmark_v2_outputs.py,text,7291,5def0fa0d5d667b40667701e41bc174b99b8f72198acb2ef058a8acd7ddaf4ad,utf8_content_and_contract_scan,REVIEWED,,audited; no historical content changed,false,assessed,assessed,assessed
scripts/build_final_release.ps1,text,2059,077ef885c08082b56007538f7c637bf218fe44ddd4c60b4aea342745b65d4ced,utf8_content_and_contract_scan,REVIEWED,,audited; no historical content changed,false,assessed,assessed,assessed
scripts/build_final_webots_worlds.py,text,3715,be65064369655460a81a8abb97b44988d97c1572c443703a4e845500e80c9216,utf8_content_and_contract_scan,REVIEWED,,audited; no historical content changed,false,assessed,assessed,assessed
scripts/build_safe_curriculum.py,text,2458,403e66ac5af2c1f5d5e62afeb4d5487efa41bff4f36973d7804fd7895aa98abe,utf8_content_and_contract_scan,REVIEWED,,audited; no historical content changed,false,assessed,assessed,assessed
scripts/build_stage4b_live_world.py,text,5243,b6c4e4fad81d4ae8b9bcfd3c8f1e7e3f927b5a6f232bcf7337161a34c126fe2f,utf8_content_and_contract_scan,REVIEWED,,audited; no historical content changed,false,assessed,assessed,assessed
scripts/build_stage4d_showcase.py,text,22411,ed290a174096a7b705edd5840478cb5897b6bba853fd8599b932e99a526748d2,utf8_content_and_contract_scan,REVIEWED,,audited; no historical content changed,false,assessed,assessed,assessed
scripts/build_stage5a3_closed_loop_world.py,text,4797,d747cd0b69d543fecd687e306d69f1d99215c269ad2ac11441cec83db1723712,utf8_content_and_contract_scan,REVIEWED,,audited; no historical content changed,false,assessed,assessed,assessed
scripts/build_stage5a_live_camera_world.py,text,11600,d7730dd56c4ddb9d53c3fcf53f78f432837a342a15fa0d7c362d05d166150289,utf8_content_and_contract_scan,REVIEWED,,audited; no historical content changed,false,assessed,assessed,assessed
scripts/build_stage5c_rl_motor_world.py,text,1467,a0a5b1b40dca72e79ddb8f3ff8228fdac32c62a02317b1a464f56c21c9f3627e,utf8_content_and_contract_scan,REVIEWED,,audited; no historical content changed,false,assessed,assessed,assessed
scripts/build_v4_ablation_report.py,text,3096,c66b83d5eb4999e828fc75ec35f06ccb03f2174ced10f10519922d55a5186524,utf8_content_and_contract_scan,REVIEWED,,audited; no historical content changed,false,assessed,assessed,assessed
scripts/check_env.py,text,926,9f9fb3aeaf87baadb52d4061421538df9b1142ac2b89ceca8a7c1f8bad8eb499,utf8_content_and_contract_scan,REVIEWED,,audited; no historical content changed,false,assessed,assessed,assessed
scripts/check_perception_training_environment.py,text,6157,4f65be7551d403a54800a0568ab51e678cd94ff2ebf50d8b5ed3147d5fde4965,utf8_content_and_contract_scan,REVIEWED,,audited; no historical content changed,false,assessed,assessed,assessed
scripts/configure_ppe_dataset.py,text,5608,21d0a5e4de667e1f7ece388cfc4fe23c1a3d1685f8080fda57cb8361b0fa14ed,utf8_content_and_contract_scan,REVIEWED,,audited; no historical content changed,false,assessed,assessed,assessed
scripts/create_stage5b4_final_showcase.py,text,6040,bb2bd00d2387273ff0d21c5e7379550ec6bc2bcf5dc8180541477b3b080b8277,utf8_content_and_contract_scan,REVIEWED,,audited; no historical content changed,false,assessed,assessed,assessed
scripts/diagnose_policy_v1.py,text,8896,ecc70a067226ca262ab56e75c5bf0d5cfd7768b1ff9a0f04c99cbb5bbd83c28a,utf8_content_and_contract_scan,REVIEWED,,audited; no historical content changed,false,assessed,assessed,assessed
scripts/evaluate_causal_expert.py,text,9845,4204f375f98a164f0d859e20ac665004f32d6c44d91e8bd0e7fdbecf1e44b7b1,utf8_content_and_contract_scan,REVIEWED,,audited; no historical content changed,false,assessed,assessed,assessed
scripts/evaluate_expert_baselines.py,text,3858,9c1687eb9b2f61c637ada7a68ccc0023b4a6f964f23bc7d58e09b51314331427,utf8_content_and_contract_scan,REVIEWED,,audited; no historical content changed,false,assessed,assessed,assessed
scripts/evaluate_model.py,text,1693,8466e8dfba9c22949c03b47411b32ef20ebf6d35ac7d79aee041278fce84c8b7,utf8_content_and_contract_scan,REVIEWED,,audited; no historical content changed,false,assessed,assessed,assessed
scripts/evaluate_planner_baselines.py,text,4818,77295a2c1889ccc467eee76b8e5e63e85930a1c55ab96aacd168dbae42ee804e,utf8_content_and_contract_scan,REVIEWED,,audited; no historical content changed,false,assessed,assessed,assessed
scripts/evaluate_random.py,text,2047,a79dd5737503f3b72e8e700f918a8b79e17015e8cbc47bdd0a5f7e6f2184aad5,utf8_content_and_contract_scan,REVIEWED,,audited; no historical content changed,false,assessed,assessed,assessed
scripts/evaluate_riskshield_hrmppo_safe_v3.py,text,16203,c5fb7290f724bca08723e58c09fcd3f9194f9557f930cab66473b54cd11cebe3,utf8_content_and_contract_scan,REVIEWED,,audited; no historical content changed,false,assessed,assessed,assessed
scripts/evaluate_riskshield_hrmppo_v2.py,text,8344,963767e2c16fbd86121eff2242f33fcb5a465f63152dd522d18160656df7dbc2,utf8_content_and_contract_scan,REVIEWED,,audited; no historical content changed,false,assessed,assessed,assessed
scripts/evaluate_riskshield_ppo.py,text,6499,d9edb99a2bef14366a7df264f72c83e9368d89d98d188c4c5ff484d8783990bb,utf8_content_and_contract_scan,REVIEWED,,audited; no historical content changed,false,assessed,assessed,assessed
scripts/evaluate_rl_baselines.py,text,6304,14b44d127152662a86493c498a9f0e3198f967c95dbd4a7eb35f332a218ad7d5,utf8_content_and_contract_scan,REVIEWED,,audited; no historical content changed,false,assessed,assessed,assessed
scripts/evaluate_scenarios.py,text,3818,64df17a208cd10400e02bc8d3f53b6f38a767a770e6e7eb516cf53c99a066d26,utf8_content_and_contract_scan,REVIEWED,,audited; no historical content changed,false,assessed,assessed,assessed
scripts/fine_tune_ppe_weak_classes.py,text,16877,cf36ae001b1c1d98683533edf6bc635b5e7044bd9527ddff712bc5eed4a85a29,utf8_content_and_contract_scan,REVIEWED,,audited; no historical content changed,false,assessed,assessed,assessed
scripts/generate_causal_expert_demonstrations.py,text,13564,05555a80a642b39fb0df8ad0a6374e866d2a6af3e1f7064549517a30034c2060,utf8_content_and_contract_scan,REVIEWED,,audited; no historical content changed,false,assessed,assessed,assessed
scripts/generate_expert_demonstrations.py,text,13188,6f4a518ff165e038667f28b374c71f88715ad3a8916fa6de522cd096cdf37dd3,utf8_content_and_contract_scan,REVIEWED,,audited; no historical content changed,false,assessed,assessed,assessed
scripts/generate_expert_plans.py,text,2872,42fabd52fee385133471ac121f2e4cf2c9f9cf55cd66db65edadb963c4ef903e,utf8_content_and_contract_scan,REVIEWED,,audited; no historical content changed,false,assessed,assessed,assessed
scripts/generate_final_completion_reports.py,text,9843,b19690a5a2505faac9569793d6cb58736b23c6b9d1c26fa6c3627dacb0902e7d,utf8_content_and_contract_scan,REVIEWED,,audited; no historical content changed,false,assessed,assessed,assessed
scripts/generate_final_figures.py,text,7145,645b522cb69096695dfb011426830ec9a30e9babbe72489cf0f92155f22532e1,utf8_content_and_contract_scan,REVIEWED,,audited; no historical content changed,false,assessed,assessed,assessed
scripts/generate_final_submission_reports.py,text,6818,bc21a49183f0a1655f9060e0788d5d8f123bf98559a9aedde6485c9f502a6829,utf8_content_and_contract_scan,REVIEWED,,audited; no historical content changed,false,assessed,assessed,assessed
scripts/generate_hierarchical_demonstrations.py,text,1357,57eab7e12fbfceb9b57185eaf246f52d76ef6bc582cb7f0c9315375cca9d4a33,utf8_content_and_contract_scan,REVIEWED,,audited; no historical content changed,false,assessed,assessed,assessed
scripts/generate_scenarios.py,text,799,11f4372afd99b0b036e875395f88ba0c5b5551f4e0f61fe4fa6ff6acfc21db10,utf8_content_and_contract_scan,REVIEWED,,audited; no historical content changed,false,assessed,assessed,assessed
scripts/get_final_completion_status.ps1,text,240,6d3164ce2ca76f00dce55a5d3e0d56e61aa7120b8aba420de4fb7eadcb663f72,utf8_content_and_contract_scan,REVIEWED,,audited; no historical content changed,false,assessed,assessed,assessed
scripts/migrate_safety_contract_v3.py,text,3182,95f3f7b053ea76a4d0e76a5f2acb70fa359783f53d74dbda2185f8c687927d75,utf8_content_and_contract_scan,REVIEWED,,audited; no historical content changed,false,assessed,assessed,assessed
scripts/optimize_riskshield_hrmppo_v2.py,text,2068,e242e4158a37eb84dbd293afcd2ce352f30c4c20008c2054aaba8dfedfb3b00d,utf8_content_and_contract_scan,REVIEWED,,audited; no historical content changed,false,assessed,assessed,assessed
scripts/plot_benchmark_results.py,text,1321,09e2b593e333b03c754aef21f91fbede6fcbdf37fe42f55edb3bd0f233bdd21f,utf8_content_and_contract_scan,REVIEWED,,audited; no historical content changed,false,assessed,assessed,assessed
scripts/run_benchmark_v2.ps1,text,899,367018db802d9fb0b1b324ec4692804a30b6fe4f95f90ac2ae2d4ec0c606e7eb,utf8_content_and_contract_scan,REVIEWED,,audited; no historical content changed,false,assessed,assessed,assessed
scripts/run_complete_autonomous_inspection.ps1,text,2778,b80344637217c6d3f1c50164b63b594135bd5cf1c3d06d1944616b3ac39de8b6,utf8_content_and_contract_scan,REVIEWED,,audited; no historical content changed,false,assessed,assessed,assessed
scripts/run_dagger_v2.py,text,20204,8a6698830d377a179fac70bd5353137d05c364e18eb8d239457a572138ab954a,utf8_content_and_contract_scan,REVIEWED,,audited; no historical content changed,false,assessed,assessed,assessed
scripts/run_final_acceptance.ps1,text,3026,b6699ade14cc9115e230c053b99a2b90395b89ae4f3037852b3f90f288fc5ab8,utf8_content_and_contract_scan,REVIEWED,,audited; no historical content changed,false,assessed,assessed,assessed
scripts/run_final_completion_orchestrator.ps1,text,1568,a12b71d3991535098872857e7303dee5081f014151cf06fd18fa22b7daaa1f69,utf8_content_and_contract_scan,REVIEWED,,audited; no historical content changed,false,assessed,assessed,assessed
scripts/run_final_world_smoke.ps1,text,5697,b0021a86af30e5971873fb6631c856ad0068d47da8f2cc65a96954d76d0cd6d5,utf8_content_and_contract_scan,REVIEWED,,audited; no historical content changed,false,assessed,assessed,assessed
scripts/run_full_research_benchmark.ps1,text,2039,4f7d454a5a14a9fbd52ed90b0b99f07f75940fdf147288e12ec595f381550411,utf8_content_and_contract_scan,REVIEWED,,audited; no historical content changed,false,assessed,assessed,assessed
scripts/run_full_research_benchmark.py,text,10644,0dc9254f44990e020020eaa4b9f18bbf97beedc342602c3cf456c0a1e5a5d88d,utf8_content_and_contract_scan,REVIEWED,,audited; no historical content changed,false,assessed,assessed,assessed
scripts/run_hierarchical_benchmark_v2.py,text,8960,896b493bc47474a23eaf422d9b407a325ba8a578874dbab2a9bceb64d17bc3dd,utf8_content_and_contract_scan,REVIEWED,,audited; no historical content changed,false,assessed,assessed,assessed
scripts/run_hierarchical_dagger.py,text,20504,dfd064e13157f3d08596cb6827109d5d421aa1bc7d2eb930b02d34de40f4dd3e,utf8_content_and_contract_scan,REVIEWED,,audited; no historical content changed,false,assessed,assessed,assessed
scripts/run_hierarchical_evaluation.ps1,text,555,fe39d85ddba63e71e79efcd6966cd6e5a723126b5e511f7a3570001d501962bb,utf8_content_and_contract_scan,REVIEWED,,audited; no historical content changed,false,assessed,assessed,assessed
scripts/run_hierarchical_webots_validation.ps1,text,7247,fdccb70cb07aad0c99c056c352c2b9f95f2388c2f1fe63053216e26bf8e01f71,utf8_content_and_contract_scan,REVIEWED,,audited; no historical content changed,false,assessed,assessed,assessed
scripts/run_ppe_detector_pilots.py,text,30344,9c1e654bc99c34fd9265046841d99a81632050a16ffe76ffbbc4c8bbf86e2eaf,utf8_content_and_contract_scan,REVIEWED,,audited; no historical content changed,false,assessed,assessed,assessed
scripts/run_real_v4_webots_demo.ps1,text,11701,b41483fd69ca1e7227a98ecca64d3ec004a9f52c29933016d14440277e95a129,utf8_content_and_contract_scan,REVIEWED,,audited; no historical content changed,false,assessed,assessed,assessed
scripts/run_safety_dagger_v3.py,text,14711,c31700ef181877bbc09273a2d07ca17ef2452b9f1d61f885a6b9f14f17cd2eb1,utf8_content_and_contract_scan,REVIEWED,,audited; no historical content changed,false,assessed,assessed,assessed
scripts/run_stage4b2_runtime.ps1,text,10299,b020e15ceb2d6f474a6633adc11dc48927d9fb9d17bf15e44d6c226393de6760,utf8_content_and_contract_scan,REVIEWED,,audited; no historical content changed,false,assessed,assessed,assessed
scripts/run_stage4c_live_policy_dry_run.ps1,text,9940,0d53fb2d00d2682c91890517b30ac499c1b9f50f4d211ba90e76eb67e6b84149,utf8_content_and_contract_scan,REVIEWED,,audited; no historical content changed,false,assessed,assessed,assessed
scripts/run_stage4d_showcase.ps1,text,6083,4532cf03e53e33c52e4e60215d2ebf6bab507d253d0897c092386067b4f030eb,utf8_content_and_contract_scan,REVIEWED,,audited; no historical content changed,false,assessed,assessed,assessed
scripts/run_stage5a3_closed_loop_mission.ps1,text,787,21453f545a7f14ec468cc68f7be4f186c5d46e66b3090189fd9c39f51bc36a6d,utf8_content_and_contract_scan,REVIEWED,,audited; no historical content changed,false,assessed,assessed,assessed
scripts/run_stage5a3_closed_loop_mission.py,text,9402,cb7374b081468a37bb0dd61978cb2ed86695dd360741f0ca52a137cd5bd25ba4,utf8_content_and_contract_scan,REVIEWED,,audited; no historical content changed,false,assessed,assessed,assessed
scripts/run_stage5a_live_camera.ps1,text,6439,b65750c4ab8986484e44ec128ab00060579f1404ddf1a29c8fa052552201d5f3,utf8_content_and_contract_scan,REVIEWED,,audited; no historical content changed,false,assessed,assessed,assessed
scripts/run_stage5b3_live_perception_mission.ps1,text,6589,5ca8a9734170992ad425b71c6b14ab78440693690667fe989bc305ffc385eee8,utf8_content_and_contract_scan,REVIEWED,,audited; no historical content changed,false,assessed,assessed,assessed
scripts/run_stage5b3_live_perception_sidecar.py,text,3482,0b924a796af4bfacb45d28c41b83ea87b7bf1d5a759bd6cea3afc8cbeb2b1837,utf8_content_and_contract_scan,REVIEWED,,audited; no historical content changed,false,assessed,assessed,assessed
scripts/run_stage5c_rl_motor_runtime.ps1,text,6539,20f33f898e82eb5fab23791d9635a54c54dd15640100f4c54c81d2e7ccb91f8b,utf8_content_and_contract_scan,REVIEWED,,audited; no historical content changed,false,assessed,assessed,assessed
scripts/run_stage9_ablations.py,text,8738,daa6334cc9f945dac88aaf8af9b9748a3b9a3faf3cc53062e1ea5bdbdf0de2b7,utf8_content_and_contract_scan,REVIEWED,,audited; no historical content changed,false,assessed,assessed,assessed
scripts/run_strong_policy_evaluation.ps1,text,380,237093e507ff673b607157905919911a211793656dd49d139f3e965975a46fff,utf8_content_and_contract_scan,REVIEWED,,audited; no historical content changed,false,assessed,assessed,assessed
scripts/run_strong_policy_final_acceptance.ps1,text,5893,5e0e2ca37c2ce2c29f76ebf185ab7c0be25c766e301d904ba035ad322800edb7,utf8_content_and_contract_scan,REVIEWED,,audited; no historical content changed,false,assessed,assessed,assessed
scripts/run_strong_policy_training.ps1,text,489,da8f0fcde46c0dea0141dc826b70eff7592776861a463aaaca7b2c9d54b4f77b,utf8_content_and_contract_scan,REVIEWED,,audited; no historical content changed,false,assessed,assessed,assessed
scripts/run_uncertainty_experiments.py,text,6679,51c00ab5fcff9e629a0400c94bdbc909fd95d51319ed9b367e3322b2808fda7d,utf8_content_and_contract_scan,REVIEWED,,audited; no historical content changed,false,assessed,assessed,assessed
scripts/run_verified_human_first_person_stage5b3.ps1,text,723,89fb2ad4eebef74fc0c527f0f0001763b8acb66bc5505a5424066c4cd284499e,utf8_content_and_contract_scan,REVIEWED,,audited; no historical content changed,false,assessed,assessed,assessed
scripts/stage4c_live_policy_sidecar.py,text,10783,af6a1400e429a6192f6d94b12f727eec3ed3170e7ce175f865a7ca2bdf62725b,utf8_content_and_contract_scan,REVIEWED,,audited; no historical content changed,false,assessed,assessed,assessed
scripts/stop_final_completion_processes.ps1,text,403,42dd94eb07071331dfcfea91760108850e672b0fd2e916f0ab7154deff5ba16c,utf8_content_and_contract_scan,REVIEWED,,audited; no historical content changed,false,assessed,assessed,assessed
scripts/summarize_causal_behavior_cloning.py,text,6633,f87ecef8d8cc561a444b91ffac92c2a5cfbfd991bf6af8cbf6e9225fc4add676,utf8_content_and_contract_scan,REVIEWED,,audited; no historical content changed,false,assessed,assessed,assessed
scripts/summarize_hrmppo_search.py,text,4955,2e3f6390daeca609006f0b4785e4327087e1fc726894363a05bd367ae37c8298,utf8_content_and_contract_scan,REVIEWED,,audited; no historical content changed,false,assessed,assessed,assessed
scripts/summarize_training_run.py,text,6153,08a2b86555a8f28140ef0113a2224771166652c3082edbd60b9bed8d73275ee1,utf8_content_and_contract_scan,REVIEWED,,audited; no historical content changed,false,assessed,assessed,assessed
scripts/train_behavior_cloning_v2.py,text,35693,b6de5340cb9be2b60d69fc70344ec754d47a96a4e35ce4ebf39dec33f27eff51,utf8_content_and_contract_scan,REVIEWED,,audited; no historical content changed,false,assessed,assessed,assessed
scripts/train_curriculum_ppo.py,text,17355,8c4678829fe9d798ba0db3c19b84dc30f2dff525f0b9e0358d9e025f5222cce8,utf8_content_and_contract_scan,REVIEWED,,audited; no historical content changed,false,assessed,assessed,assessed
scripts/train_hierarchical_hrmppo_mpc_v4.py,text,16861,774fbed35543184387579505fc387004575c4aecfaa7a3881252881cc00e9806,utf8_content_and_contract_scan,REVIEWED,,audited; no historical content changed,false,assessed,assessed,assessed
scripts/train_hierarchical_imitation.py,text,13728,8633919b4f386c1776d923aa9a46da2bb51d4ef10d60b63c59a708e20c752109,utf8_content_and_contract_scan,REVIEWED,,audited; no historical content changed,false,assessed,assessed,assessed
scripts/train_ppe_fast_balanced.py,text,9461,a256faebac415b8a5541653bc6710eb7b6bac648d5451b8fd7a9c8e4f6cfe60c,utf8_content_and_contract_scan,REVIEWED,,audited; no historical content changed,false,assessed,assessed,assessed
scripts/train_ppe_targeted_fast_100e.py,text,22779,46a06df87f9e2e885cb9e70194ffa28ca29b54b00f3b8c70a2549e4577b8c78d,utf8_content_and_contract_scan,REVIEWED,,audited; no historical content changed,false,assessed,assessed,assessed
scripts/train_ppe_yolo26s_100e.py,text,26808,411292fda61f22d9b0db5ae2b2b5a42e79535e152bfe95181585ef42c4da8950,utf8_content_and_contract_scan,REVIEWED,,audited; no historical content changed,false,assessed,assessed,assessed
scripts/train_ppe_yolo26s_optimized_100e.py,text,12004,1e542d0e08befdf65179547bb539a393a165f9ced10532b053542bf878d0a9e2,utf8_content_and_contract_scan,REVIEWED,,audited; no historical content changed,false,assessed,assessed,assessed
scripts/train_ppo.py,text,11633,a656097f4e07f2788bd459712abae9dcb3a78a82f418480b36dcf670f49b5b46,utf8_content_and_contract_scan,REVIEWED,,audited; no historical content changed,false,assessed,assessed,assessed
scripts/train_ppo_research.py,text,4195,972590c5488d6da8415ce2f555541837cc0822c3c7db5cfbcadd83f74ceaaeaf,utf8_content_and_contract_scan,REVIEWED,,audited; no historical content changed,false,assessed,assessed,assessed
scripts/train_riskshield_hrmppo_safe_v3.py,text,18904,24b6ff0d4015f62bf5be404d226860c9a84193fb73e5d0a0666c32fd16488a55,utf8_content_and_contract_scan,REVIEWED,,audited; no historical content changed,false,assessed,assessed,assessed
scripts/train_riskshield_hrmppo_v2.py,text,16899,8a3b4cb3a2b7dcc77c2d2d54324e277f8c011563a1a9c5aba890f81da56adfe9,utf8_content_and_contract_scan,REVIEWED,,audited; no historical content changed,false,assessed,assessed,assessed
scripts/train_riskshield_ppo.py,text,5856,5f3a4cbd2cfa7d1f44f038db0ad0d2f56286a5b200b40d9307812532a51bcf86,utf8_content_and_contract_scan,REVIEWED,,audited; no historical content changed,false,assessed,assessed,assessed
scripts/train_sac.py,text,4388,87ee614c956769f122a48f2b0e7b1fba4960334e9a729c59add52a079fd25f4a,utf8_content_and_contract_scan,REVIEWED,,audited; no historical content changed,false,assessed,assessed,assessed
scripts/validate_behavior_cloning_memory.py,text,6451,9dfae70dbe6ccd65ff6c21b4972b144cbfdd38cfd4514d58e0e82438b4d7db03,utf8_content_and_contract_scan,REVIEWED,,audited; no historical content changed,false,assessed,assessed,assessed
scripts/validate_final_evidence.py,text,1648,867aac3ac441ede98588a716ec254fdebe561820a1cb85657286661a7d198452,utf8_content_and_contract_scan,REVIEWED,,audited; no historical content changed,false,assessed,assessed,assessed
scripts/validate_final_perception.py,text,2778,6fb23b152ef287746a6d8206e6fafbffbd518a49f0f0f2e5f3426633291bb378,utf8_content_and_contract_scan,REVIEWED,,audited; no historical content changed,false,assessed,assessed,assessed
scripts/validate_final_world_visuals.py,text,2654,e784b153a787b0f4fcaafd74a7b0426936d3deb7f1a7f8bf35c24a13059e4ccb,utf8_content_and_contract_scan,REVIEWED,,audited; no historical content changed,false,assessed,assessed,assessed
scripts/validate_grid_environment.py,text,2861,a10d3e7ef76b8ee70bc175c4db1ba403e0033de2bac2ead594aeea22df5587d2,utf8_content_and_contract_scan,REVIEWED,,audited; no historical content changed,false,assessed,assessed,assessed
scripts/validate_ppe_dataset_integration.py,text,7713,d075614f959e04e93b042d1f96ad2ecfa1c0c017022dce5998f2e22ab9b56944,utf8_content_and_contract_scan,REVIEWED,,audited; no historical content changed,false,assessed,assessed,assessed
scripts/validate_semantic_shield.py,text,2798,d8aa0a71d1c47baf225eed3c297ae9ded4ce4ca3fb84c9fde22ba0c8880e0693,utf8_content_and_contract_scan,REVIEWED,,audited; no historical content changed,false,assessed,assessed,assessed
scripts/validate_stage4a_runtime.py,text,3293,06034d9bb30076088687f7164ab8c93452179e30e8233b56e7b01d779ca9ad47,utf8_content_and_contract_scan,REVIEWED,,audited; no historical content changed,false,assessed,assessed,assessed
scripts/validate_stage4b2_runtime.py,text,8417,e9f6a339b8ef4d59819b563d0c819f5ba492753f7c0d7f759bfa6c49cb5d6b4b,utf8_content_and_contract_scan,REVIEWED,,audited; no historical content changed,false,assessed,assessed,assessed
scripts/validate_stage4c_live_policy_runtime.py,text,7858,9306cdae14a1d426ab2d9a845d64daf5756c6ce8ece0bc582adb65d758d9a60f,utf8_content_and_contract_scan,REVIEWED,,audited; no historical content changed,false,assessed,assessed,assessed
scripts/validate_stage4c_policy_engine.py,text,4565,ca38674d5d5198a66ac3cc69936fc3d9a10e3f9a7855a9084f053a028af4fdfa,utf8_content_and_contract_scan,REVIEWED,,audited; no historical content changed,false,assessed,assessed,assessed
scripts/validate_stage5a3_closed_loop_mission.py,text,16036,debf0e121c81d6ea4df386b7ccacd92c5fbca3f0a33eb3693d73266b95bdbcaa,utf8_content_and_contract_scan,REVIEWED,,audited; no historical content changed,false,assessed,assessed,assessed
scripts/validate_stage5a_live_camera.py,text,10200,77a0c17c91034106c728cadad73410a8d159290f4e691962f6a91c41b26380a3,utf8_content_and_contract_scan,REVIEWED,,audited; no historical content changed,false,assessed,assessed,assessed
scripts/validate_stage5b3_live_perception_mission.py,text,5938,938426cd19803f1e6aa0a07e91be1572c43b6ea7d35f0dd3263ab415eef4ac8c,utf8_content_and_contract_scan,REVIEWED,,audited; no historical content changed,false,assessed,assessed,assessed
scripts/validate_stage5b_live_perception.py,text,4756,6d86f24c2d9ee2f85f97c1afd57b94bc8f7195b6374b6b665ad7e0e161bd03e4,utf8_content_and_contract_scan,REVIEWED,,audited; no historical content changed,false,assessed,assessed,assessed
scripts/validate_stage5b_visual_evidence.py,text,7348,8c99df5cda9ee2a8192947b9befeadca5d180947fa4bf6d490b3d8173be34b7f,utf8_content_and_contract_scan,REVIEWED,,audited; no historical content changed,false,assessed,assessed,assessed
src/riskaware_saferrl/__init__.py,text,317,2f84c9ee0915f12a1f359b5313812accd01c791465e4955cb6d11d2312e75d5f,utf8_content_and_contract_scan,REVIEWED,,audited; no historical content changed,false,assessed,assessed,assessed
src/riskaware_saferrl/algorithms/__init__.py,text,660,383604f71483ea22a3114e7055e3e2dca37cb03bfcca568ba7cc340059c7cb30,utf8_content_and_contract_scan,REVIEWED,,audited; no historical content changed,false,assessed,assessed,assessed
src/riskaware_saferrl/algorithms/hierarchical_v4/__init__.py,text,203,1961cec79cdd17859303ca7510504714d8d27b155e701296dd8298df13264523,utf8_content_and_contract_scan,REVIEWED,,audited; no historical content changed,false,assessed,assessed,assessed
src/riskaware_saferrl/algorithms/hierarchical_v4/algorithm.py,text,10019,8a23fbc1e42ccd37063d89a7aef8384bdd6f940ec17127ed37ea7001be94c53a,utf8_content_and_contract_scan,REVIEWED,,audited; no historical content changed,false,assessed,assessed,assessed
src/riskaware_saferrl/algorithms/hrmppo_safe_v3/__init__.py,text,490,4b922ca9ebbbffae91fbc1038b3b6418da06edb313c489891fc0673abde81595,utf8_content_and_contract_scan,REVIEWED,,audited; no historical content changed,false,assessed,assessed,assessed
src/riskaware_saferrl/algorithms/hrmppo_safe_v3/algorithm.py,text,11800,829a36fee0c789743a93e6eeedb386ef48e6e7057d09d5ae1356659172b64614,utf8_content_and_contract_scan,REVIEWED,,audited; no historical content changed,false,assessed,assessed,assessed
src/riskaware_saferrl/algorithms/hrmppo_safe_v3/pid.py,text,2333,00f4e9759b3417c867b0e88d28e02934bf16e42ec8ebc0dfe9a24d77d06d26b1,utf8_content_and_contract_scan,REVIEWED,,audited; no historical content changed,false,assessed,assessed,assessed
src/riskaware_saferrl/algorithms/hrmppo_safe_v3/policy.py,text,5644,6ec264e5a593696f6ed9198241fb154bed950ecd52b7da87d5b831fd79df55a4,utf8_content_and_contract_scan,REVIEWED,,audited; no historical content changed,false,assessed,assessed,assessed
src/riskaware_saferrl/algorithms/hrmppo_v2.py,text,9391,faa4b42d55a167abd6b82c4ab07b227f84beade3d28193398eb2e7ff874cbbdb,utf8_content_and_contract_scan,REVIEWED,,audited; no historical content changed,false,assessed,assessed,assessed
src/riskaware_saferrl/algorithms/riskshield_ppo.py,text,4710,8eb41cb9d98bee93b8ac6294df7b61aceb7d3ab44a10493f942cd6d129cd54ef,utf8_content_and_contract_scan,REVIEWED,,audited; no historical content changed,false,assessed,assessed,assessed
src/riskaware_saferrl/baselines/__init__.py,text,470,c164e5b002ca89bc27376579cd87f97276780d3712b4a4828c5dcaafc09d51c5,utf8_content_and_contract_scan,REVIEWED,,audited; no historical content changed,false,assessed,assessed,assessed
src/riskaware_saferrl/baselines/causal_expert.py,text,13970,5272c9a7bd062ba55f9aa5bdff88668e764693f281bec36bb71f0603c28b1f68,utf8_content_and_contract_scan,REVIEWED,,audited; no historical content changed,false,assessed,assessed,assessed
src/riskaware_saferrl/baselines/planners.py,text,9590,b06509f2ad6c484938f6c7fcb297768a7bfdcc3528d9712d116c11d4ed6cd4d1,utf8_content_and_contract_scan,REVIEWED,,audited; no historical content changed,false,assessed,assessed,assessed
src/riskaware_saferrl/benchmarking/__init__.py,text,336,b68da63a62c92eb13d0edaca86e370bec682c3651a09863b14448601ebac5d68,utf8_content_and_contract_scan,REVIEWED,,audited; no historical content changed,false,assessed,assessed,assessed
src/riskaware_saferrl/benchmarking/harness.py,text,18566,1a85fac5b9077692ff7905a437095f16a24bacf3a7986f721afb808b1f745254,utf8_content_and_contract_scan,REVIEWED,,audited; no historical content changed,false,assessed,assessed,assessed
src/riskaware_saferrl/buffers/__init__.py,text,384,dff414a3984544ff44ece6be72b9969193cfbbf785f35545f810e9476140e557,utf8_content_and_contract_scan,REVIEWED,,audited; no historical content changed,false,assessed,assessed,assessed
src/riskaware_saferrl/buffers/recurrent_cost_rollout_buffer.py,text,3575,7b20b9b43e4aa8f972b7fb08c80380662121b102f6f2adececabb3f49d0276ac,utf8_content_and_contract_scan,REVIEWED,,audited; no historical content changed,false,assessed,assessed,assessed
src/riskaware_saferrl/buffers/recurrent_vector_cost_buffer.py,text,4455,8f51e4214de45480fd41d96b595cabbefbc1a3121730d426a6fd2e07db4c3fc1,utf8_content_and_contract_scan,REVIEWED,,audited; no historical content changed,false,assessed,assessed,assessed
src/riskaware_saferrl/callbacks/__init__.py,text,310,607ea853c5e46f602ad49aac3e103c9e3703f9d55bc71500ea9ffef31190493b,utf8_content_and_contract_scan,REVIEWED,,audited; no historical content changed,false,assessed,assessed,assessed
src/riskaware_saferrl/callbacks/action_diagnostics.py,text,8340,a304db462904658da869165682a0aaa64eb8d5824ce540f8f8463cdfef555fa8,utf8_content_and_contract_scan,REVIEWED,,audited; no historical content changed,false,assessed,assessed,assessed
src/riskaware_saferrl/callbacks/curriculum_progress.py,text,3762,405d3577c3df16568d477c518e729560e28cf8068bca1942d27d249f87504dc7,utf8_content_and_contract_scan,REVIEWED,,audited; no historical content changed,false,assessed,assessed,assessed
src/riskaware_saferrl/callbacks/scenario_evaluation.py,text,4221,3d426a8b1f8406d34f93c7fcf797623b7e487153a9c17e124531631cfab3362a,utf8_content_and_contract_scan,REVIEWED,,audited; no historical content changed,false,assessed,assessed,assessed
src/riskaware_saferrl/curriculum.py,text,9000,e123728d9449af9080ddc88132360d93f8d41b1c81d26e7fc13c140f964840ef,utf8_content_and_contract_scan,REVIEWED,,audited; no historical content changed,false,assessed,assessed,assessed
src/riskaware_saferrl/domain_randomization.py,text,1145,31979a84de854ec5136fc520b517f51fcbde3d1b64bc38df45ab4c01a25c787f,utf8_content_and_contract_scan,REVIEWED,,audited; no historical content changed,false,assessed,assessed,assessed
src/riskaware_saferrl/envs/__init__.py,text,509,d32eab3e8ecb8acb488b41fb3d229c68c96067ef5f700fbe5a1c7ea9b53213a6,utf8_content_and_contract_scan,REVIEWED,,audited; no historical content changed,false,assessed,assessed,assessed
src/riskaware_saferrl/envs/construction_env.py,text,16976,7ad03755dd99e0937f049e127d5521b425ba235d235041bca678b6d8df53a8c5,utf8_content_and_contract_scan,REVIEWED,,audited; no historical content changed,false,assessed,assessed,assessed
src/riskaware_saferrl/envs/curriculum_env.py,text,4245,57cfff9d40af9f0999fc5b8f3bf9456c16581ae4bfbb6e96d137a8f1eb07f49b,utf8_content_and_contract_scan,REVIEWED,,audited; no historical content changed,false,assessed,assessed,assessed
src/riskaware_saferrl/envs/research_env.py,text,17967,46fbc5ce518df248570a46f01ed6f64cf6b86701cae74c5db1932ce941d8e34b,utf8_content_and_contract_scan,REVIEWED,,audited; no historical content changed,false,assessed,assessed,assessed
src/riskaware_saferrl/envs/research_env_v2.py,text,11519,479d65d885861c059981784797a4951ec9478220976dc3f3260a584461c88206,utf8_content_and_contract_scan,REVIEWED,,audited; no historical content changed,false,assessed,assessed,assessed
src/riskaware_saferrl/evaluation/__init__.py,text,94,56d5021de62872d54940aa4505fe76be55f55bede6e2a8a039e0be12119bf39f,utf8_content_and_contract_scan,REVIEWED,,audited; no historical content changed,false,assessed,assessed,assessed
src/riskaware_saferrl/evaluation/expert_baselines.py,text,5333,a5c44216194db1c29471615569ab8edf28d6732836361c274136d9146accb0cd,utf8_content_and_contract_scan,REVIEWED,,audited; no historical content changed,false,assessed,assessed,assessed
src/riskaware_saferrl/evaluation/metrics.py,text,281,9ae36bca4151c83aa8d1c2b752f15c57671b64dfea047bda2af862003a46a2fd,utf8_content_and_contract_scan,REVIEWED,,audited; no historical content changed,false,assessed,assessed,assessed
src/riskaware_saferrl/evaluation/reward_audit.py,text,2138,0d6600f8cc48d3568bf5a7d0868f9401aecb7d252f5cb5de9fbf3635dcadf3e6,utf8_content_and_contract_scan,REVIEWED,,audited; no historical content changed,false,assessed,assessed,assessed
src/riskaware_saferrl/evaluation/scenario_evaluator.py,text,6448,aa4a31e3aaa82cb59067b8779a065a370ae255a772e46ace32365a4ddefed148,utf8_content_and_contract_scan,REVIEWED,,audited; no historical content changed,false,assessed,assessed,assessed
src/riskaware_saferrl/hierarchical/__init__.py,text,919,1102f770ba2f7f0b9ff599ac3e8c37092daabb6819b3b78cf43b7236d0e500a1,utf8_content_and_contract_scan,REVIEWED,,audited; no historical content changed,false,assessed,assessed,assessed
src/riskaware_saferrl/hierarchical/controller.py,text,4496,dc526cb00b4f5a6780c60b2dcf6874eeb588ee0f78fcf3156b305daf2486c445,utf8_content_and_contract_scan,REVIEWED,,audited; no historical content changed,false,assessed,assessed,assessed
src/riskaware_saferrl/hierarchical/planner.py,text,14886,0384091ed51363e5bd341d87f8466bc63b603bcf8aa3e9781a690c63ed3596db,utf8_content_and_contract_scan,REVIEWED,,audited; no historical content changed,false,assessed,assessed,assessed
src/riskaware_saferrl/hierarchical/policy.py,text,7738,f5c9e017dc04b20ce2b468ed8733e99ae00f462feb187b65a8590a2cc0c97b9b,utf8_content_and_contract_scan,REVIEWED,,audited; no historical content changed,false,assessed,assessed,assessed
src/riskaware_saferrl/hierarchical/schemas.py,text,3382,0b69cdda72d6e599fe4dfb9c697d5ba7d2f9df6cf2abce2639c39ce9598a0be4,utf8_content_and_contract_scan,REVIEWED,,audited; no historical content changed,false,assessed,assessed,assessed
src/riskaware_saferrl/hierarchical/system.py,text,2942,17ff03df7d690245fca8c7fd64165a13062120d1dd29e7a09149ecee5c8a3d14,utf8_content_and_contract_scan,REVIEWED,,audited; no historical content changed,false,assessed,assessed,assessed
src/riskaware_saferrl/inspection.py,text,3319,a3fa7299d4722220bc2b79cbbfa4a09e87ae84f9d02b4161cd96004745e9319d,utf8_content_and_contract_scan,REVIEWED,,audited; no historical content changed,false,assessed,assessed,assessed
src/riskaware_saferrl/live_perception.py,text,13829,60161f8eb4e3148869a92aded072e565217d46e4e404e5f41579f272ca62589f,utf8_content_and_contract_scan,REVIEWED,,audited; no historical content changed,false,assessed,assessed,assessed
src/riskaware_saferrl/live_perception_sidecar.py,text,10423,06cd7bf7fb7a6983f63ac7eba4aad56aebe049cad75401f02156853df4e287c8,utf8_content_and_contract_scan,REVIEWED,,audited; no historical content changed,false,assessed,assessed,assessed
src/riskaware_saferrl/models/__init__.py,text,113,1ed48d4592673ce151161c6ee069b1dc8a03138598f76bac031717a58da4ed0f,utf8_content_and_contract_scan,REVIEWED,,audited; no historical content changed,false,assessed,assessed,assessed
src/riskaware_saferrl/models/recurrent_policy.py,text,1516,8baa2855a89bd418c669696cd6e87aaad4bb21790581461ac010bd34b05e1b5c,utf8_content_and_contract_scan,REVIEWED,,audited; no historical content changed,false,assessed,assessed,assessed
src/riskaware_saferrl/models/semantic_extractor.py,text,1542,14bc89bf1cc00493b8131b6ace0fd2c338fea036a8ce9de65b898781366b4b73,utf8_content_and_contract_scan,REVIEWED,,audited; no historical content changed,false,assessed,assessed,assessed
src/riskaware_saferrl/perception.py,text,7726,2892de8b4e2ec1907a8f1a9c536d93acf57ad673dd5002062aa65e0523277d98,utf8_content_and_contract_scan,REVIEWED,,audited; no historical content changed,false,assessed,assessed,assessed
src/riskaware_saferrl/perception_dataset.py,text,12303,728e9528187b2cc30476600f262c6c32addc0fa6def07d2e5f63f69ad292a6c5,utf8_content_and_contract_scan,REVIEWED,,audited; no historical content changed,false,assessed,assessed,assessed
src/riskaware_saferrl/perception_mapping.py,text,6684,e08eddac0154d077f7848f471f49fad0b9e26448758e0a523a853107d4f70ff0,utf8_content_and_contract_scan,REVIEWED,,audited; no historical content changed,false,assessed,assessed,assessed
src/riskaware_saferrl/planners/__init__.py,text,479,301624959c364b70c3fc078c255e22edf04be89d5da41c62b36d405d7bfe28e3,utf8_content_and_contract_scan,REVIEWED,,audited; no historical content changed,false,assessed,assessed,assessed
src/riskaware_saferrl/planners/astar.py,text,3276,06208383bf7fb4a4d5d392ca3a675af702255d1381f4a8ae05b103f68acb5dc1,utf8_content_and_contract_scan,REVIEWED,,audited; no historical content changed,false,assessed,assessed,assessed
src/riskaware_saferrl/planners/oracle_inspection.py,text,7513,9e580627f3ee60ce5e767113423d9fda705497fb43043102a5c21c551db8fe2c,utf8_content_and_contract_scan,REVIEWED,,audited; no historical content changed,false,assessed,assessed,assessed
src/riskaware_saferrl/policies/__init__.py,text,165,b6d28fd2be7757f0a8ead137fd41551ce8e1c4fb8ba2f41a07403e5d38e4da0e,utf8_content_and_contract_scan,REVIEWED,,audited; no historical content changed,false,assessed,assessed,assessed
src/riskaware_saferrl/policies/recurrent_masked_policy.py,text,6308,3b843ff9d9da0f4f4e62ec083e66455dd9fc5037c3ea4dbe56b288b50f7af933,utf8_content_and_contract_scan,REVIEWED,,audited; no historical content changed,false,assessed,assessed,assessed
src/riskaware_saferrl/safety/__init__.py,text,1158,3c9bc6c4de82c0423aa2c61713d5156810a570b7e5fd3132bd16358268f4e06c,utf8_content_and_contract_scan,REVIEWED,,audited; no historical content changed,false,assessed,assessed,assessed
src/riskaware_saferrl/safety/lagrangian.py,text,577,a8136be4a3168bde118df135f18a1c06673443ecf2055be55b21984aadcf0c04,utf8_content_and_contract_scan,REVIEWED,,audited; no historical content changed,false,assessed,assessed,assessed
src/riskaware_saferrl/safety/predictive_shield.py,text,6522,7a0b62756a16e88201076ce8b11b7b8f1d46bc3bf6a3d05c7263b8eeb0f58644,utf8_content_and_contract_scan,REVIEWED,,audited; no historical content changed,false,assessed,assessed,assessed
src/riskaware_saferrl/safety/predictive_shield_v3.py,text,14741,16a48b8ea82bca82e58e25f84bd5847e39ea02974fa90af74267a4b7c939cbea,utf8_content_and_contract_scan,REVIEWED,,audited; no historical content changed,false,assessed,assessed,assessed
src/riskaware_saferrl/safety/safety_contract_v3.py,text,10662,2f13a653ca50fedd3341baeca4667ae32428be86e466479a4a6fcf6d5687bb88,utf8_content_and_contract_scan,REVIEWED,,audited; no historical content changed,false,assessed,assessed,assessed
src/riskaware_saferrl/safety/shield.py,text,6156,f7d5abb140cf133d538cd772bae9c409c1a7a4a849c8bf2ec5cc92247fa91f95,utf8_content_and_contract_scan,REVIEWED,,audited; no historical content changed,false,assessed,assessed,assessed
src/riskaware_saferrl/safety/transition_pipeline_v3.py,text,8472,4fc4ad4a2fd09c764cce0553fb14c13bfe572fc4f44fc4aefde659ccb4c512d4,utf8_content_and_contract_scan,REVIEWED,,audited; no historical content changed,false,assessed,assessed,assessed
src/riskaware_saferrl/scenario_dataset.py,text,4225,c30fb527a0ec9188423bfd2244413ae8022fd45ba2a9306d3c80ae2f12067763,utf8_content_and_contract_scan,REVIEWED,,audited; no historical content changed,false,assessed,assessed,assessed
src/riskaware_saferrl/scenarios.py,text,11223,ef1a8f2cb82c4053a9d3b1d85b027a331034f24bd284e3137947cb7f9db5532c,utf8_content_and_contract_scan,REVIEWED,,audited; no historical content changed,false,assessed,assessed,assessed
src/riskaware_saferrl/training/__init__.py,text,533,b37b7e2eff853468d5d3f79e312da3747b5db7827fd209a2aac2e7c6e968d0ba,utf8_content_and_contract_scan,REVIEWED,,audited; no historical content changed,false,assessed,assessed,assessed
src/riskaware_saferrl/training/causal_demonstration_mixer.py,text,11026,d247f70a03cc9d1989f0d954c86ac24d387dfc8e45a90c402e59abb787f63d6d,utf8_content_and_contract_scan,REVIEWED,,audited; no historical content changed,false,assessed,assessed,assessed
src/riskaware_saferrl/training/hierarchical_dataset.py,text,7322,3f0658f6dbc0e5bb62a4223d482b7757f77aa5c16d45bde20e80ac77c1d11ac0,utf8_content_and_contract_scan,REVIEWED,,audited; no historical content changed,false,assessed,assessed,assessed
src/riskaware_saferrl/training/hierarchical_demonstrations.py,text,15632,e86636ebab982507d624e180dc4cdd57b76673572d094d4452a2944cd69f9519,utf8_content_and_contract_scan,REVIEWED,,audited; no historical content changed,false,assessed,assessed,assessed
src/riskaware_saferrl/training/research.py,text,5933,9adf16ba88272e2a57f488388a9f83dbed908eff80c426117bab1175ec040f5c,utf8_content_and_contract_scan,REVIEWED,,audited; no historical content changed,false,assessed,assessed,assessed
src/riskaware_saferrl/training/safety_dagger.py,text,5268,1ba25f084be0cbfd8f0b1a44c0094fda4bdd1f725bcd81ecda3c6c06baf9ca6f,utf8_content_and_contract_scan,REVIEWED,,audited; no historical content changed,false,assessed,assessed,assessed
src/riskaware_saferrl/uncertainty/__init__.py,text,279,759044fb2a7ac7081ef35d959dfff6ab104cefb0cfbf75fdb6a176efa5415fa6,utf8_content_and_contract_scan,REVIEWED,,audited; no historical content changed,false,assessed,assessed,assessed
src/riskaware_saferrl/uncertainty/injection.py,text,2927,0fb949fc1e7fc4d17db0e4b1a80b3363f94cd0235d986d75e996c77787223c81,utf8_content_and_contract_scan,REVIEWED,,audited; no historical content changed,false,assessed,assessed,assessed
src/riskaware_saferrl/webots/__init__.py,text,888,bbb0cdc4819e57577d86b3b9564a7363ef7d4f3b395280c8c36d8b0b9a3e485d,utf8_content_and_contract_scan,REVIEWED,,audited; no historical content changed,false,assessed,assessed,assessed
src/riskaware_saferrl/webots/bridge.py,text,14168,3e2def23ca744acd0b16cf4507ce5d7c8d66b84411094a4592ee94cd3f887ab1,utf8_content_and_contract_scan,REVIEWED,,audited; no historical content changed,false,assessed,assessed,assessed
src/riskaware_saferrl/webots/live_bridge.py,text,8241,7cf9186fe7a3a931e7e7bd8f24e78a15c6169fedb011f78c61d86a132866d75b,utf8_content_and_contract_scan,REVIEWED,,audited; no historical content changed,false,assessed,assessed,assessed
src/riskaware_saferrl/webots/motion_primitives.py,text,2007,5843a917b495bf45e40ad38b01d67913739ca608010a80030dec4920d27baa5e,utf8_content_and_contract_scan,REVIEWED,,audited; no historical content changed,false,assessed,assessed,assessed
src/riskaware_saferrl/webots/policy_dry_run.py,text,11060,1a5697695661da96d6688b2920a93ce1c41bcc0ea4a75ed3a526bb7c25bc063d,utf8_content_and_contract_scan,REVIEWED,,audited; no historical content changed,false,assessed,assessed,assessed
src/riskaware_saferrl/webots/runtime_control.py,text,1822,fbe556c1029697861c95353d0f00d5b4bc334c3ee10f3dbc60ea1e83075f0615,utf8_content_and_contract_scan,REVIEWED,,audited; no historical content changed,false,assessed,assessed,assessed
src/riskaware_saferrl/webots/safe_policy_pipeline.py,text,3773,c2e9651fd7438a28d5bea275e0440bb953d7076dc33c2a8f3ee9ba78487789ee,utf8_content_and_contract_scan,REVIEWED,,audited; no historical content changed,false,assessed,assessed,assessed
tests/algorithms/test_hierarchical_hrmppo_v4.py,text,3797,54b260dc951a6977f6e05bcb6a937042a4a4fc08d91b2c709e16333841e9380d,utf8_content_and_contract_scan,REVIEWED,,audited; no historical content changed,false,assessed,assessed,assessed
tests/algorithms/test_hrmppo_safe_v3.py,text,4708,a2a1772cd2cb387c437b03cfe9f1831c035f2a973a0306fe1d42a31c24bfecc4,utf8_content_and_contract_scan,REVIEWED,,audited; no historical content changed,false,assessed,assessed,assessed
tests/algorithms/test_hrmppo_v2.py,text,2783,687f6e3097cec001c46638231397c4f472f835aef043e9952c94ed5f32a16f79,utf8_content_and_contract_scan,REVIEWED,,audited; no historical content changed,false,assessed,assessed,assessed
tests/algorithms/test_recurrent_cost_rollout_buffer.py,text,1148,d2d5535ec1eb4839d4910fe18db4d6c9b5939c616eaa5882eaf56fb32fd24285,utf8_content_and_contract_scan,REVIEWED,,audited; no historical content changed,false,assessed,assessed,assessed
tests/algorithms/test_riskshield_ppo.py,text,2077,23c21f9540e7524e3e831e853000264afd289b898eee04370216278b116a12fe,utf8_content_and_contract_scan,REVIEWED,,audited; no historical content changed,false,assessed,assessed,assessed
tests/algorithms/test_rl_training_adapters.py,text,1358,6cea17087472e480328d880d0fe3fc39a702b829b606a90060e37156b3ea62ef,utf8_content_and_contract_scan,REVIEWED,,audited; no historical content changed,false,assessed,assessed,assessed
tests/baselines/test_causal_expert.py,text,4380,2aeecfecab3c9ea10426c58f91a20d484708e25830bc3e5b654fbe16569b34ff,utf8_content_and_contract_scan,REVIEWED,,audited; no historical content changed,false,assessed,assessed,assessed
tests/baselines/test_final_planners.py,text,2766,bd43ebbe3b3b3428ab025fc8e4dae396bd338b8c516b5fc388e858ba6e231a86,utf8_content_and_contract_scan,REVIEWED,,audited; no historical content changed,false,assessed,assessed,assessed
tests/benchmarking/test_benchmark_harness.py,text,3847,061d2fccfa9a234edadaa288b00c357b906cd13a727b366a3531eeee037c1c80,utf8_content_and_contract_scan,REVIEWED,,audited; no historical content changed,false,assessed,assessed,assessed
tests/benchmarking/test_stage9_ablations.py,text,655,552a887de319431d9eb7cdc1e013ca18ddb032b18b822a452290f561ce468784,utf8_content_and_contract_scan,REVIEWED,,audited; no historical content changed,false,assessed,assessed,assessed
tests/envs/test_research_grid_environment.py,text,3872,2c1d8868c05bc8cda695208bfed6ceebfcddd08211c6b4b6d3fe0a086429b69d,utf8_content_and_contract_scan,REVIEWED,,audited; no historical content changed,false,assessed,assessed,assessed
tests/envs/test_research_grid_environment_v2.py,text,3476,e0eac6f9d20876e3a3554e16c67ce6f30674a03ff64eb1abb4ac5dca73561836,utf8_content_and_contract_scan,REVIEWED,,audited; no historical content changed,false,assessed,assessed,assessed
tests/hierarchical/test_hierarchical_v4.py,text,7351,6392f7cd78fadbf8cccbd027ecdff44effe1a3d761b2de754424348857908c02,utf8_content_and_contract_scan,REVIEWED,,audited; no historical content changed,false,assessed,assessed,assessed
tests/perception/test_semantic_risk_mapping.py,text,1987,a22a4658dfb5ecc684c32d34aae202e35cad49b4f12710e5348252d09edb4f01,utf8_content_and_contract_scan,REVIEWED,,audited; no historical content changed,false,assessed,assessed,assessed
tests/policies/test_recurrent_masked_policy.py,text,2493,8d0c30050e6d9aa03eef2d5f43fab9debfe80b66a19be7af5b1d55d4c9a0656a,utf8_content_and_contract_scan,REVIEWED,,audited; no historical content changed,false,assessed,assessed,assessed
tests/safety/test_predictive_safety_shield.py,text,2404,c94283f5982fb67f93f8657342bbf26d6394bd0ff1a1d3e03a4105d5684db3a0,utf8_content_and_contract_scan,REVIEWED,,audited; no historical content changed,false,assessed,assessed,assessed
tests/safety/test_predictive_shield_v3.py,text,4709,a79cc39e40481c77bdba9264cdd7dd5ded2cdeb220d80ca360c7afa7064a3615,utf8_content_and_contract_scan,REVIEWED,,audited; no historical content changed,false,assessed,assessed,assessed
tests/safety/test_safety_contract_v3.py,text,3598,ef9bd7193733bf10c12b971b7334352703835ab2ffec6d4e6145901b862d545e,utf8_content_and_contract_scan,REVIEWED,,audited; no historical content changed,false,assessed,assessed,assessed
tests/safety/test_safety_contract_v3_migration.py,text,1184,1710fc3ef201e89757ee1b3eef04e0166e71b4fe46a04a61ed9458442f1c101a,utf8_content_and_contract_scan,REVIEWED,,audited; no historical content changed,false,assessed,assessed,assessed
tests/safety/test_transition_pipeline_v3.py,text,2573,37f03314c5e000de5da618a3059ce6dc08765fade3f532c41614a71fac66aaa9,utf8_content_and_contract_scan,REVIEWED,,audited; no historical content changed,false,assessed,assessed,assessed
tests/test_action_diagnostics.py,text,808,d9ef971f09142d56dc7ab49cc8d2ca4648a0b9a48863bf57e4349ffa17387d97,utf8_content_and_contract_scan,REVIEWED,,audited; no historical content changed,false,assessed,assessed,assessed
tests/test_action_masks.py,text,2696,8ab094b32dacf83eaec686a152edc04a19e7c2383f69fa3b9b60e70aec51c48a,utf8_content_and_contract_scan,REVIEWED,,audited; no historical content changed,false,assessed,assessed,assessed
tests/test_astar_planner.py,text,811,32bf935815fc3a9d962223ef7381f45d6d467c799edd35d0b4784e89d22e1033,utf8_content_and_contract_scan,REVIEWED,,audited; no historical content changed,false,assessed,assessed,assessed
tests/test_baseline_inspection_radius.py,text,1461,bc4fdd4de6d7ddef3eecf51ec227adc0f776d6adb13f9372aa9f7b1409c37161,utf8_content_and_contract_scan,REVIEWED,,audited; no historical content changed,false,assessed,assessed,assessed
tests/test_curriculum.py,text,3309,ff9ff78cbfd74e8f45c7a87a0533a777b6675667226841bd97c427e7c3f6e586,utf8_content_and_contract_scan,REVIEWED,,audited; no historical content changed,false,assessed,assessed,assessed
tests/test_curriculum_env.py,text,1765,82a0a9cef4af3195ccc98937518305e4c86beeb25a78f1edd4114f685f8750cf,utf8_content_and_contract_scan,REVIEWED,,audited; no historical content changed,false,assessed,assessed,assessed
tests/test_curriculum_progress.py,text,1208,e02928109dd7bc92e54ee9006c5269e343eb253b6253edeaf4a636a838bf1385,utf8_content_and_contract_scan,REVIEWED,,audited; no historical content changed,false,assessed,assessed,assessed
tests/test_domain_randomization.py,text,504,051f141dc06e4222e0a1d02e006338bb104a2860749d72ddf544867c2b6409d7,utf8_content_and_contract_scan,REVIEWED,,audited; no historical content changed,false,assessed,assessed,assessed
tests/test_env_api.py,text,1508,217b1b21fef2aa28f65bbfaa9690ecc599d264da77c9768492bc7f2e5e94086d,utf8_content_and_contract_scan,REVIEWED,,audited; no historical content changed,false,assessed,assessed,assessed
tests/test_expert_baseline_costs.py,text,808,ea1facc778e90da63ec71d27c515088e8048397899d521b0f192df91db662bf4,utf8_content_and_contract_scan,REVIEWED,,audited; no historical content changed,false,assessed,assessed,assessed
tests/test_inspection_geometry.py,text,1382,1249c1c9325a8c81673d2a0a5018b78c72ecfb111ec2bb7bcfb5be6bb37b8fbd,utf8_content_and_contract_scan,REVIEWED,,audited; no historical content changed,false,assessed,assessed,assessed
tests/test_lagrangian.py,text,519,77bc81b26ff54620191a18a0ca49711b79f2bd5c9c671fc3da0cf72e51d43910,utf8_content_and_contract_scan,REVIEWED,,audited; no historical content changed,false,assessed,assessed,assessed
tests/test_live_perception.py,text,2774,745eb9867d41a3159855d1b3730a79e332899568be9924225d811bef9add976c,utf8_content_and_contract_scan,REVIEWED,,audited; no historical content changed,false,assessed,assessed,assessed
tests/test_live_perception_sidecar.py,text,5282,8cb97369b55d732b139ad51fb93de075f8d30354dc72883441742deebf394157,utf8_content_and_contract_scan,REVIEWED,,audited; no historical content changed,false,assessed,assessed,assessed
tests/test_maskable_ppo_integration.py,text,1613,68b653a589f677b4cffd7f36665689aa0de79b4835ac1d4c2b8bacd455236286,utf8_content_and_contract_scan,REVIEWED,,audited; no historical content changed,false,assessed,assessed,assessed
tests/test_masked_scenario_evaluation.py,text,1797,81255bab94aa41d764ca6c66d214d98df4adb24763a600f05b66aaf72e10eaf5,utf8_content_and_contract_scan,REVIEWED,,audited; no historical content changed,false,assessed,assessed,assessed
tests/test_oracle_inspection.py,text,1101,f3952e1ad6df15a99921e14ec113a6c7986cee4701f38d8729580a56f9b45a8d,utf8_content_and_contract_scan,REVIEWED,,audited; no historical content changed,false,assessed,assessed,assessed
tests/test_perception.py,text,1614,80b1aad300ff339e83c9ce58ac32320661eb1e3d38ca994eddeef69aa63f8b87,utf8_content_and_contract_scan,REVIEWED,,audited; no historical content changed,false,assessed,assessed,assessed
tests/test_perception_dataset.py,text,2883,6428026d1934551da32c430cd94ed7106dc8e90bdd8d538f61ad64d08003bb0b,utf8_content_and_contract_scan,REVIEWED,,audited; no historical content changed,false,assessed,assessed,assessed
tests/test_perception_pilot_config.py,text,1844,788ffafa82c6a0b5811acb5f26aeae9c93d534a3dc707cf8ce87a440734f9514,utf8_content_and_contract_scan,REVIEWED,,audited; no historical content changed,false,assessed,assessed,assessed
tests/test_perception_production_training_config.py,text,2152,95a4ce451ff2615330ec40f5d790584ceae86da651dc3a319d11f9c80924bba1,utf8_content_and_contract_scan,REVIEWED,,audited; no historical content changed,false,assessed,assessed,assessed
tests/test_recurrent_policy.py,text,1089,89f7baa99d347d39fd7a102a9390ada1d0c88b2f3d7e36995304d3bd34ada4e3,utf8_content_and_contract_scan,REVIEWED,,audited; no historical content changed,false,assessed,assessed,assessed
tests/test_reward_audit.py,text,1827,857455e89702093499d54d5985a51b14083c596f3b33ed078f5aacde25e3e1aa,utf8_content_and_contract_scan,REVIEWED,,audited; no historical content changed,false,assessed,assessed,assessed
tests/test_safety_shield.py,text,686,dc6d32ac4bc7a4578e0ce9923c70c6076a2f51614be2a2081ed69dbbc46731dc,utf8_content_and_contract_scan,REVIEWED,,audited; no historical content changed,false,assessed,assessed,assessed
tests/test_scenario_dataset_integration.py,text,2167,2a688c30149790e68fc1c47119f317c48e4ed48194a505c711a9c6f791644089,utf8_content_and_contract_scan,REVIEWED,,audited; no historical content changed,false,assessed,assessed,assessed
tests/test_scenario_evaluator.py,text,1154,6f5ab9b3ad7b4f3cb28e1689fa186e134efe172508db5a04f949fefe34fe7d4a,utf8_content_and_contract_scan,REVIEWED,,audited; no historical content changed,false,assessed,assessed,assessed
tests/test_scenarios.py,text,1526,4a27b81f2fddd64e08769ce5f0bcffdc69c892390513decb32d4ddc8fac4e8c4,utf8_content_and_contract_scan,REVIEWED,,audited; no historical content changed,false,assessed,assessed,assessed
tests/test_semantic_extractor.py,text,1049,1bd0d6912899c59aa8621173f1b77191d6d87465ca3fc58ea7ae5b63f5a2466c,utf8_content_and_contract_scan,REVIEWED,,audited; no historical content changed,false,assessed,assessed,assessed
tests/test_semantic_safety_shield.py,text,6574,1111860d923470b8956b2ae9134ed8698c822da21f8b39ec2c7bad3709f14aa0,utf8_content_and_contract_scan,REVIEWED,,audited; no historical content changed,false,assessed,assessed,assessed
tests/test_viewpoint_environment.py,text,2189,4c4a4b35106c2eec426218a7bc9f8a17039e66af08af6779fbb4f79acfebc2ae,utf8_content_and_contract_scan,REVIEWED,,audited; no historical content changed,false,assessed,assessed,assessed
tests/test_viewpoint_planner.py,text,1417,7ad7fdfca7a95b45d198c2bb09076cbb1d611d404d2bd9dcb2ab5a9dc15cff76,utf8_content_and_contract_scan,REVIEWED,,audited; no historical content changed,false,assessed,assessed,assessed
tests/test_viewpoint_reward_audit.py,text,940,b18d8ee851754008f39c5b04a8ca3c3c50abe30f38322f36ab299f7dbaf5c3ac,utf8_content_and_contract_scan,REVIEWED,,audited; no historical content changed,false,assessed,assessed,assessed
tests/test_webots_motion_primitives.py,text,1350,911d86ecbca540a408d07122065d1ebef4f45df37e9f0a3f56909e966ff7c068,utf8_content_and_contract_scan,REVIEWED,,audited; no historical content changed,false,assessed,assessed,assessed
tests/training/test_causal_demonstration_mixer.py,text,5268,ebd6dd13f6d7db0c506672487c1f5963a86def4197e5fde007598a94b37d9069,utf8_content_and_contract_scan,REVIEWED,,audited; no historical content changed,false,assessed,assessed,assessed
tests/training/test_causal_expert_demonstrations.py,text,3259,335217e8535bcc84de8f5244f219eac95e6f6382936214fa670b0bb87fc848e2,utf8_content_and_contract_scan,REVIEWED,,audited; no historical content changed,false,assessed,assessed,assessed
tests/training/test_dagger_v2.py,text,2727,b57770df96f434100adf4a923a32b3b1da9519d54120e1042211ab52b0e5298e,utf8_content_and_contract_scan,REVIEWED,,audited; no historical content changed,false,assessed,assessed,assessed
tests/training/test_expert_demonstrations.py,text,1008,5b6dd540e8bcd9d92896fe6ee19611ff96b6273343757d19deddc397243ec26b,utf8_content_and_contract_scan,REVIEWED,,audited; no historical content changed,false,assessed,assessed,assessed
tests/training/test_hierarchical_demonstrations.py,text,6300,e75284e43d0459f7b58c6d2863a4c8dc07e5b19500eefc6e16f8ed6861cdaec4,utf8_content_and_contract_scan,REVIEWED,,audited; no historical content changed,false,assessed,assessed,assessed
tests/training/test_memory_bounded_demonstrations.py,text,6375,2bfdbfcf9567c7c1056f43c6fe998c24a1e3d626cb1d33c7935eea6493f69d49,utf8_content_and_contract_scan,REVIEWED,,audited; no historical content changed,false,assessed,assessed,assessed
tests/training/test_safety_dagger.py,text,3059,93862cdb8bd0d6ff2c5de377cbf82d14c7ea946ab12e42b3c408147102f8f3ca,utf8_content_and_contract_scan,REVIEWED,,audited; no historical content changed,false,assessed,assessed,assessed
tests/uncertainty/test_uncertainty_injection.py,text,2247,ad964fccc5c29bdf9731248e094ee1bb515f32a86c71de550f8c05b9b9ea4eda,utf8_content_and_contract_scan,REVIEWED,,audited; no historical content changed,false,assessed,assessed,assessed
tests/webots/.gitkeep,text,0,e3b0c44298fc1c149afbf4c8996fb92427ae41e4649b934ca495991b7852b855,utf8_content_and_contract_scan,REVIEWED,,audited; no historical content changed,false,assessed,assessed,assessed
tests/webots/test_experimental_controller_contract.py,text,784,114acb1a2700e166283e87065ae0ccf5a713ba17a5354c42cc6e8900161dc9b9,utf8_content_and_contract_scan,REVIEWED,,audited; no historical content changed,false,assessed,assessed,assessed
tests/webots/test_final_worlds.py,text,1781,22d2b6ebd753e173bc18b2b8ba9ecb9f2a39a6130cde3073ad3b1776f5a6c940,utf8_content_and_contract_scan,REVIEWED,,audited; no historical content changed,false,assessed,assessed,assessed
tests/webots/test_safe_policy_pipeline.py,text,1922,a4f457e589540455f3ed5fa84644b6142b8562dbef6b328494e0b3f32082da42,utf8_content_and_contract_scan,REVIEWED,,audited; no historical content changed,false,assessed,assessed,assessed
tests/webots/test_stage4a_assets.py,text,1405,dd90ecccb6424dbb2087050ecf9c69c932c38201d478e9eb3407199c1e63c544,utf8_content_and_contract_scan,REVIEWED,,audited; no historical content changed,false,assessed,assessed,assessed
tests/webots/test_stage4b_bridge.py,text,9168,1d0dec2c06420cba7a7a0c1fcd346d68dd74acbd14791999389f66ed6fd0498e,utf8_content_and_contract_scan,REVIEWED,,audited; no historical content changed,false,assessed,assessed,assessed
tests/webots/test_stage4b_live_assets.py,text,2001,db1f6295ab0e0ba830df968e2d188dce35e22c7ceee4214976d80358b4aad3f8,utf8_content_and_contract_scan,REVIEWED,,audited; no historical content changed,false,assessed,assessed,assessed
tests/webots/test_stage4b_live_telemetry.py,text,3770,e067eec706ff7633e98f72ec1020619cddce6d7ec2108ec3c0ae75530e0f0277,utf8_content_and_contract_scan,REVIEWED,,audited; no historical content changed,false,assessed,assessed,assessed
tests/webots/test_stage4c_live_policy_runtime.py,text,3797,1c688328dc0aacc5fbb6f859b30505ed3c8e6741198b870d4b8da036adfd858d,utf8_content_and_contract_scan,REVIEWED,,audited; no historical content changed,false,assessed,assessed,assessed
tests/webots/test_stage4c_policy_dry_run.py,text,4355,926780600f32b8e7c941e6768087066a0cbc300f254192c666c6ca3a93b8e0af,utf8_content_and_contract_scan,REVIEWED,,audited; no historical content changed,false,assessed,assessed,assessed
tests/webots/test_stage4d_showcase.py,text,3712,0a651ad4e3552e3ac44c0eb20636fd3d6c977f9740c393c85a0ee91bbd99ea7a,utf8_content_and_contract_scan,REVIEWED,,audited; no historical content changed,false,assessed,assessed,assessed
tests/webots/test_stage5a3_closed_loop_mission.py,text,6087,4fc73768af990c6e36ba4ba2be1cdea8529a1dc12b83031a85ae2e305a503c51,utf8_content_and_contract_scan,REVIEWED,,audited; no historical content changed,false,assessed,assessed,assessed
tests/webots/test_stage5a3_launcher.py,text,1323,02d29df7eaa8b20103bbf8b1849aea98ac089459c842c96385d2b3505880eaee,utf8_content_and_contract_scan,REVIEWED,,audited; no historical content changed,false,assessed,assessed,assessed
tests/webots/test_stage5a3_navigation_conventions.py,text,2449,a50e109a626a444907be7b2a3d502f9063f5c1c9071d266c758ce295c613c1a6,utf8_content_and_contract_scan,REVIEWED,,audited; no historical content changed,false,assessed,assessed,assessed
tests/webots/test_stage5a3_physics_camera_view.py,text,2754,5a2e597670bd2762993b5d3b0dc3cd0ea4e58265b090670bd5dfd8beb53d17ef,utf8_content_and_contract_scan,REVIEWED,,audited; no historical content changed,false,assessed,assessed,assessed
tests/webots/test_stage5a3_stability_control.py,text,2073,f36001a8f1995e7811d9401253c603252987b8fa92de39b6316fb8c9b3249a7d,utf8_content_and_contract_scan,REVIEWED,,audited; no historical content changed,false,assessed,assessed,assessed
tests/webots/test_stage5a_live_camera.py,text,4404,cb74920da0943d828a93fb24d0985d47dcb714de8b677f2d5549480685f317be,utf8_content_and_contract_scan,REVIEWED,,audited; no historical content changed,false,assessed,assessed,assessed
tests/webots/test_stage5b3_human_first_person_runtime.py,text,4205,ee4d88321411aafdc876238e240598d255fa5b3b7fc6fe42d1075101527ac512,utf8_content_and_contract_scan,REVIEWED,,audited; no historical content changed,false,assessed,assessed,assessed
tests/webots/test_stage5b3_live_perception_validator.py,text,1965,14f7fed371a21f2e616ba6ca4521d30370e286ddb778fb110ee07f971401591d,utf8_content_and_contract_scan,REVIEWED,,audited; no historical content changed,false,assessed,assessed,assessed
tests/webots/test_stage5b_visual_evidence.py,text,1432,600e5b300ec2f24652c3a9df43dc53126ef872c22779da106a4d15f5bdb3b6c2,utf8_content_and_contract_scan,REVIEWED,,audited; no historical content changed,false,assessed,assessed,assessed
tests/webots/test_stage5c_rl_motor_assets.py,text,1822,8dc04a91629a3262d31888a0b2241c78cb7ebf7ab8a32920b80c8dbdbc03b1db,utf8_content_and_contract_scan,REVIEWED,,audited; no historical content changed,false,assessed,assessed,assessed
tests/webots/test_stage5c_runtime_control.py,text,1544,35836814e374bea0b61138df71eca2cd319aeaa31f6f8dfc494d8d6f555afa69,utf8_content_and_contract_scan,REVIEWED,,audited; no historical content changed,false,assessed,assessed,assessed
tests/webots/test_supervisor_pose_math.py,text,2394,53276b4802085d89beb5031611b2ad02660ed3f8ba1b4656760b459ee72dd678,utf8_content_and_contract_scan,REVIEWED,,audited; no historical content changed,false,assessed,assessed,assessed
webots/assets/.gitkeep,text,0,e3b0c44298fc1c149afbf4c8996fb92427ae41e4649b934ca495991b7852b855,utf8_content_and_contract_scan,REVIEWED,,audited; no historical content changed,false,assessed,assessed,assessed
webots/config/.gitkeep,text,0,e3b0c44298fc1c149afbf4c8996fb92427ae41e4649b934ca495991b7852b855,utf8_content_and_contract_scan,REVIEWED,,audited; no historical content changed,false,assessed,assessed,assessed
webots/config/environment_report.json,text,715,eb4e3457ea2f387b54772e9ab2758272cc480f001ed1009ed0e73fa95671aeb8,utf8_content_and_contract_scan,REVIEWED,,audited; no historical content changed,false,assessed,assessed,assessed
webots/config/stage4a_motion_test.json,text,732,56f5be6544985195e53dd11ac16437d5861e0b663e6931a7c2a733b94358c629,utf8_content_and_contract_scan,REVIEWED,,audited; no historical content changed,false,assessed,assessed,assessed
webots/controllers/README.md,text,93,af9fcc82950c72a88ca695e433ed3284af422ef64ab14110aac58629e1c1dfe7,utf8_content_and_contract_scan,REVIEWED,,audited; no historical content changed,false,assessed,assessed,assessed
webots/controllers/closed_loop_inspection_robot/closed_loop_inspection_robot.py,text,47960,b9f8886c0bbc9878d97af7ea401022645a9868a596da29e8a6415b21b911d848,utf8_content_and_contract_scan,REVIEWED,,audited; no historical content changed,false,assessed,assessed,assessed
webots/controllers/closed_loop_inspection_supervisor/closed_loop_inspection_supervisor.py,text,11500,9856b7ee738baec32ec66675bf8ed05e4db6614113d31703fc8f39617acd4079,utf8_content_and_contract_scan,REVIEWED,,audited; no historical content changed,false,assessed,assessed,assessed
webots/controllers/construction_robot/construction_robot.py,text,1158,de5942ceb894e52a918aafe744d5388343a011b944c917aebb83ba807a2a429d,utf8_content_and_contract_scan,REVIEWED,,audited; no historical content changed,false,assessed,assessed,assessed
webots/controllers/final_dynamic_worker/final_dynamic_worker.py,text,539,f502dfc6c82598fa69d487de3a45955463710ff3a2efe5c4daa0ebafc778fe51,utf8_content_and_contract_scan,REVIEWED,,audited; no historical content changed,false,assessed,assessed,assessed
webots/controllers/hierarchical_experimental_robot/hierarchical_experimental_robot.py,text,22626,5a59648101eec4aeaa87515be464df1578b53322984b832f92a7e8c7c2595da2,utf8_content_and_contract_scan,REVIEWED,,audited; no historical content changed,false,assessed,assessed,assessed
webots/controllers/hierarchical_experimental_supervisor/hierarchical_experimental_supervisor.py,text,2163,8aebe9a800adab57dcc4b4b910d538a64f7cdd0ec4cf472b7d555b21006524b9,utf8_content_and_contract_scan,REVIEWED,,audited; no historical content changed,false,assessed,assessed,assessed
webots/controllers/live_bridge_robot/live_bridge_robot.py,text,9282,77b8c7ff2bfef09c3f77dc3c69c3295d608c548e4664e316f10cf1b439e297e6,utf8_content_and_contract_scan,REVIEWED,,audited; no historical content changed,false,assessed,assessed,assessed
webots/controllers/live_bridge_supervisor/live_bridge_supervisor.py,text,3611,05fe6fb279d2bce86b3bcd67693d18e637894ec453d870c4b637c2e5baa39bad,utf8_content_and_contract_scan,REVIEWED,,audited; no historical content changed,false,assessed,assessed,assessed
webots/controllers/live_camera_robot/live_camera_robot.py,text,16480,11063eee90b9b7b016884fce3cd238a72c558da23adf815151fa02fa7062d2db,utf8_content_and_contract_scan,REVIEWED,,audited; no historical content changed,false,assessed,assessed,assessed
webots/controllers/live_camera_supervisor/live_camera_supervisor.py,text,3046,71118b9b5dc58cf54c18bed0441a11dfa2c67b3d93250e5bb6fae5e0df470169,utf8_content_and_contract_scan,REVIEWED,,audited; no historical content changed,false,assessed,assessed,assessed
webots/controllers/manual_robot_test/manual_robot_test.py,text,6039,8be5697045a5c7243444b06f269db5c178d06d0564c5881d44dd15d6fd32be06,utf8_content_and_contract_scan,REVIEWED,,audited; no historical content changed,false,assessed,assessed,assessed
webots/controllers/rl_autonomous_inspection_robot/rl_autonomous_inspection_robot.py,text,10447,21f595171931cbc3b50f93fa528f7764f341d736e274ddea1136fcb99b9bccfa,utf8_content_and_contract_scan,REVIEWED,,audited; no historical content changed,false,assessed,assessed,assessed
webots/controllers/rl_autonomous_inspection_supervisor/rl_autonomous_inspection_supervisor.py,text,3205,e17c4e4f5817281ab3cdd3211a6601f53c67c4af688eb8126b49799cedf26eee,utf8_content_and_contract_scan,REVIEWED,,audited; no historical content changed,false,assessed,assessed,assessed
webots/controllers/scenario_supervisor/scenario_supervisor.py,text,6831,8d6a877d7075d92c16b7785ebf048b525989bd536636abfaaa8d9aa65493d439,utf8_content_and_contract_scan,REVIEWED,,audited; no historical content changed,false,assessed,assessed,assessed
webots/controllers/showcase_robot/showcase_robot.py,text,2695,0940a94f0bb2bb9ce5a10dfe39b875d022f75e1c232142292835bac7b8466f08,utf8_content_and_contract_scan,REVIEWED,,audited; no historical content changed,false,assessed,assessed,assessed
webots/controllers/showcase_supervisor/showcase_supervisor.py,text,3189,f640c4b69f769b043c75f2f07c4576f5643ae81310d91ecfa830596ceb46af3a,utf8_content_and_contract_scan,REVIEWED,,audited; no historical content changed,false,assessed,assessed,assessed
webots/logs/.gitignore,text,24,a70f8bc33129a62e67da3f139e240e6563a4d273c03d6fb7d5123efc926f36fa,utf8_content_and_contract_scan,REVIEWED,,audited; no historical content changed,false,assessed,assessed,assessed
webots/logs/.gitkeep,text,0,e3b0c44298fc1c149afbf4c8996fb92427ae41e4649b934ca495991b7852b855,utf8_content_and_contract_scan,REVIEWED,,audited; no historical content changed,false,assessed,assessed,assessed
webots/protos/.gitkeep,text,0,e3b0c44298fc1c149afbf4c8996fb92427ae41e4649b934ca495991b7852b855,utf8_content_and_contract_scan,REVIEWED,,audited; no historical content changed,false,assessed,assessed,assessed
webots/protos/README.md,text,98,4e93af950a87b43ca6da2a6f64ea4703de89e7aa53234604140904b0ca1304d0,utf8_content_and_contract_scan,REVIEWED,,audited; no historical content changed,false,assessed,assessed,assessed
webots/worlds/README.md,text,94,d632694a91a0e19a2b3048f06cff59d2c03b7f3ac8751f5dfee774de19ed81e0,utf8_content_and_contract_scan,REVIEWED,,audited; no historical content changed,false,assessed,assessed,assessed
webots/worlds/construction_site_stage4a.wbt,text,7020,eb32abcda00e3194ea33e986c4a2aeec0edf3f63361e17a71fba906a83f18253,utf8_content_and_contract_scan,REVIEWED,,audited; no historical content changed,false,assessed,assessed,assessed
webots/worlds/construction_site_stage4b_live_bridge.wbt,text,7464,d0ca2e4e0e5fc485b1c4ce5a2c0974bc6a47f6dce7154e9d06dc5cede4390881,utf8_content_and_contract_scan,REVIEWED,,audited; no historical content changed,false,assessed,assessed,assessed
webots/worlds/construction_site_stage4d_showcase.wbt,text,70789,4a833ad9a2279c513062e922a7d55d27a3db813097dfd122322ae24f97094f56,utf8_content_and_contract_scan,REVIEWED,,audited; no historical content changed,false,assessed,assessed,assessed
webots/worlds/construction_site_stage5a3_closed_loop_mission.wbt,text,74852,641a9a813bba2559e9c102d2c1b1c352de992b868665e98526070111f5f39dd7,utf8_content_and_contract_scan,REVIEWED,,audited; no historical content changed,false,assessed,assessed,assessed
webots/worlds/construction_site_stage5a_live_camera.wbt,text,72336,a443596badd40dbc3a616bf33637a2d580d0e20d92bae27b287b2a6a9c3e5f08,utf8_content_and_contract_scan,REVIEWED,,audited; no historical content changed,false,assessed,assessed,assessed
webots/worlds/construction_site_stage5c_rl_motor_runtime.wbt,text,72355,3cf845eb235513cf1cfa3b3016679613b979086b6328707bb0f271dec88b88cf,utf8_content_and_contract_scan,REVIEWED,,audited; no historical content changed,false,assessed,assessed,assessed
webots/worlds/site_dynamic.wbt,text,73695,e28b407919bde31b8432abf0240e79fa83d90f5df2348dbaacc61235652f238d,utf8_content_and_contract_scan,REVIEWED,,audited; no historical content changed,false,assessed,assessed,assessed
webots/worlds/site_dynamic_v4_visible_demo.wbt,text,73697,33a174152f23fb459ca7973e233c07867245e52abf98a096b8aaee926c866e68,utf8_content_and_contract_scan,REVIEWED,,audited; no historical content changed,false,assessed,assessed,assessed
webots/worlds/site_medium.wbt,text,73328,9d275ed1f4201af718367bf889fcf11da196c4533a018f99d56e5c1ddc050d7f,utf8_content_and_contract_scan,REVIEWED,,audited; no historical content changed,false,assessed,assessed,assessed
webots/worlds/site_small.wbt,text,72797,4428847b21b5836e4d8828e66278ba041bdcc89a0b33e2136c57e5633dbaee9a,utf8_content_and_contract_scan,REVIEWED,,audited; no historical content changed,false,assessed,assessed,assessed
